
DROP DATABASE jamendo;
CREATE DATABASE jamendo;

\c jamendo

CREATE TABLE juser
(
	id INTEGER PRIMARY KEY,
	idstr TEXT,
	name TEXT,
	url TEXT,
	image TEXT,
	lang TEXT
);
REVOKE ALL on juser from PUBLIC;
GRANT SELECT on juser to PUBLIC;

CREATE TABLE artist
(
	id INTEGER PRIMARY KEY,
	idstr TEXT,
	name TEXT,
	url TEXT,
	image TEXT
);
REVOKE ALL on artist from PUBLIC;
GRANT SELECT on artist to PUBLIC;

CREATE TABLE artist_juser
(
	artist_id INTEGER REFERENCES artist(id),
	juser_id INTEGER REFERENCES juser(id)	
);
REVOKE ALL on artist_juser from PUBLIC;
GRANT SELECT on artist_juser to PUBLIC;

CREATE TABLE album
(
	id INTEGER PRIMARY KEY,
	name TEXT,
	url TEXT,
	image TEXT,
	class TEXT,
	duration INTEGER,
	genre TEXT,
	artist_id INTEGER REFERENCES artist(id)
);
REVOKE ALL on album from PUBLIC;
GRANT SELECT on album to PUBLIC;

CREATE TABLE album_juser
(
	album_id INTEGER REFERENCES album(id),
	juser_id INTEGER REFERENCES juser(id)	
);
REVOKE ALL on album_juser from PUBLIC;
GRANT SELECT on album_juser to PUBLIC;

CREATE TABLE track
(
	id INTEGER PRIMARY KEY,
	name TEXT,
	url TEXT,
	image TEXT,
	lang TEXT,
	duration INTEGER,
	stream TEXT,
	text TEXT,
	album_id INTEGER REFERENCES album(id)	
);
REVOKE ALL on track from PUBLIC;
GRANT SELECT on track to PUBLIC;

CREATE TABLE playlist
(
	id INTEGER PRIMARY KEY,
	name TEXT,
	url TEXT,
	duration INTEGER
);
REVOKE ALL on playlist from PUBLIC;
GRANT SELECT on playlist to PUBLIC;

CREATE TABLE playlist_track
(
	playlist_id INTEGER REFERENCES playlist(id),
	track_id INTEGER REFERENCES track(id)
);
REVOKE ALL on playlist_track from PUBLIC;
GRANT SELECT on playlist_track to PUBLIC;

CREATE TABLE playlist_juser
(
	playlist_id INTEGER REFERENCES playlist(id),
	juser_id INTEGER REFERENCES juser(id)	
);
REVOKE ALL on playlist_juser from PUBLIC;
GRANT SELECT on playlist_juser to PUBLIC;

-- CREATE USER jamendo;
-- ALTER USER jamendo PASSWORD 'jupiter';


INSERT INTO artist VALUES('420766','PremiumMusic','PremiumMusic (Instrumental Version)','http://www.jamendo.com/es/artist/PremiumMusic','http://imgjam.com/artists/P/PremiumMusic.jpg');
INSERT INTO album VALUES('115811',' Experimental Ambient Atmosphere Sad Melancholic Emotional Soul Tears Instrumental Theme Soundtrack Album n°1','http://www.jamendo.com/es/album/115811','http://imgjam.com/albums/s115/115811/covers/1.100.jpg','2','1615');
UPDATE album SET artist_id='420766' WHERE id='115811';
INSERT INTO track VALUES('982884','Experimental Ambient Atmosphere Sad Melancholic Rain Drops Theme Soundtrack','http://www.jamendo.com/es/track/982884','','','97','http://mp3l.jamendo.com/?trackid=982884&format=mp31&u=0');
UPDATE track SET album_id='115811' WHERE id='982884';
UPDATE track SET text='' WHERE id='982884';
INSERT INTO track VALUES('982911','Experimental Ambient Atmosphere Sad Melancholic The Last Guitar Theme Soundtrack 001','http://www.jamendo.com/es/track/982911','','','128','http://mp3l.jamendo.com/?trackid=982911&format=mp31&u=0');
UPDATE track SET album_id='115811' WHERE id='982911';
UPDATE track SET text='' WHERE id='982911';
INSERT INTO track VALUES('982916','Experimental Ambient Atmosphere Sad Melancholic The Last Guitar Theme Soundtrack 002','http://www.jamendo.com/es/track/982916','','','117','http://mp3l.jamendo.com/?trackid=982916&format=mp31&u=0');
UPDATE track SET album_id='115811' WHERE id='982916';
UPDATE track SET text='' WHERE id='982916';
INSERT INTO track VALUES('982932','Experimental Ambient Atmosphere Sad Melancholic The Last Guitar Theme Soundtrack 003','http://www.jamendo.com/es/track/982932','','','115','http://mp3l.jamendo.com/?trackid=982932&format=mp31&u=0');
UPDATE track SET album_id='115811' WHERE id='982932';
UPDATE track SET text='' WHERE id='982932';
INSERT INTO track VALUES('982946','Experimental Ambient Atmosphere Sad Melancholic The Last Guitar Theme Soundtrack 004','http://www.jamendo.com/es/track/982946','','','112','http://mp3l.jamendo.com/?trackid=982946&format=mp31&u=0');
UPDATE track SET album_id='115811' WHERE id='982946';
UPDATE track SET text='' WHERE id='982946';
INSERT INTO track VALUES('982969','Experimental Ambient Atmosphere Sad Melancholic The Last Guitar Theme Soundtrack 005','http://www.jamendo.com/es/track/982969','','','98','http://mp3l.jamendo.com/?trackid=982969&format=mp31&u=0');
UPDATE track SET album_id='115811' WHERE id='982969';
UPDATE track SET text='' WHERE id='982969';
INSERT INTO track VALUES('982975','Experimental Ambient Atmosphere Sad Melancholic The Last Guitar Theme Soundtrack 006','http://www.jamendo.com/es/track/982975','','','101','http://mp3l.jamendo.com/?trackid=982975&format=mp31&u=0');
UPDATE track SET album_id='115811' WHERE id='982975';
UPDATE track SET text='' WHERE id='982975';
INSERT INTO track VALUES('982992','Experimental Ambient Atmosphere Sad Melancholic The Last Guitar Theme Soundtrack 007','http://www.jamendo.com/es/track/982992','','','120','http://mp3l.jamendo.com/?trackid=982992&format=mp31&u=0');
UPDATE track SET album_id='115811' WHERE id='982992';
UPDATE track SET text='' WHERE id='982992';
INSERT INTO track VALUES('983006','Experimental Ambient Atmosphere Sad Melancholic The Last Guitar Theme Soundtrack 008','http://www.jamendo.com/es/track/983006','','','139','http://mp3l.jamendo.com/?trackid=983006&format=mp31&u=0');
UPDATE track SET album_id='115811' WHERE id='983006';
UPDATE track SET text='' WHERE id='983006';
INSERT INTO track VALUES('983027','Experimental Ambient Atmosphere Sad Melancholic Emotional Soul Tears Theme Soundtrack 001','http://www.jamendo.com/es/track/983027','','','140','http://mp3l.jamendo.com/?trackid=983027&format=mp31&u=0');
UPDATE track SET album_id='115811' WHERE id='983027';
UPDATE track SET text='' WHERE id='983027';
INSERT INTO track VALUES('983033','Experimental Ambient Atmosphere Sad Melancholic The Last Guitar Theme Soundtrack 009','http://www.jamendo.com/es/track/983033','','','95','http://mp3l.jamendo.com/?trackid=983033&format=mp31&u=0');
UPDATE track SET album_id='115811' WHERE id='983033';
UPDATE track SET text='' WHERE id='983033';
INSERT INTO track VALUES('983043','Experimental Ambient Atmosphere Sad Melancholic Emotional Soul Tears Theme Soundtrack 002','http://www.jamendo.com/es/track/983043','','','122','http://mp3l.jamendo.com/?trackid=983043&format=mp31&u=0');
UPDATE track SET album_id='115811' WHERE id='983043';
UPDATE track SET text='' WHERE id='983043';
INSERT INTO track VALUES('983059','Experimental Ambient Atmosphere Sad Melancholic Emotional Soul Tears Theme Soundtrack 003','http://www.jamendo.com/es/track/983059','','','101','http://mp3l.jamendo.com/?trackid=983059&format=mp31&u=0');
UPDATE track SET album_id='115811' WHERE id='983059';
UPDATE track SET text='' WHERE id='983059';
INSERT INTO track VALUES('983075','Experimental Ambient Atmosphere Sad Melancholic Emotional Soul Tears Theme Soundtrack 004','http://www.jamendo.com/es/track/983075','','','130','http://mp3l.jamendo.com/?trackid=983075&format=mp31&u=0');
UPDATE track SET album_id='115811' WHERE id='983075';
UPDATE track SET text='' WHERE id='983075';
INSERT INTO juser VALUES('3192866','isidoro laso','Isidoro laso','http://www.jamendo.com/es/user/isidoro%20laso','http://imgjam.com/avatars/jamendo/100/pro.png','es');
INSERT INTO album_juser VALUES('115811','3192866');
INSERT INTO album VALUES('115813',' Cinematic Ambient Atmosphere Sad Melancholic Sentimental Dreampiano Instrumental Theme Album n°2','http://www.jamendo.com/es/album/115813','http://imgjam.com/albums/s115/115813/covers/1.100.jpg','3','909','electronic');
UPDATE album SET artist_id='420766' WHERE id='115813';
INSERT INTO track VALUES('982991','Cinematic Ambient Atmosphere Sad Melancholic Sentimental Dreampiano Theme 008','http://www.jamendo.com/es/track/982991','','','138','http://mp3l.jamendo.com/?trackid=982991&format=mp31&u=0');
UPDATE track SET album_id='115813' WHERE id='982991';
UPDATE track SET text='' WHERE id='982991';
INSERT INTO track VALUES('982934','Cinematic Ambient Atmosphere Sad Melancholic Sentimental Dreampiano Theme 002','http://www.jamendo.com/es/track/982934','','','114','http://mp3l.jamendo.com/?trackid=982934&format=mp31&u=0');
UPDATE track SET album_id='115813' WHERE id='982934';
UPDATE track SET text='' WHERE id='982934';
INSERT INTO track VALUES('983045','Cinematic Ambient Atmosphere Sad Melancholic Sentimental Dreampiano Theme 009','http://www.jamendo.com/es/track/983045','','','95','http://mp3l.jamendo.com/?trackid=983045&format=mp31&u=0');
UPDATE track SET album_id='115813' WHERE id='983045';
UPDATE track SET text='' WHERE id='983045';
INSERT INTO track VALUES('982935','Cinematic Ambient Atmosphere Sad Melancholic Sentimental Dreampiano Theme 005','http://www.jamendo.com/es/track/982935','','','98','http://mp3l.jamendo.com/?trackid=982935&format=mp31&u=0');
UPDATE track SET album_id='115813' WHERE id='982935';
UPDATE track SET text='' WHERE id='982935';
INSERT INTO track VALUES('982926','Cinematic Ambient Atmosphere Sad Melancholic Sentimental Dreampiano Theme 003','http://www.jamendo.com/es/track/982926','','','114','http://mp3l.jamendo.com/?trackid=982926&format=mp31&u=0');
UPDATE track SET album_id='115813' WHERE id='982926';
UPDATE track SET text='' WHERE id='982926';
INSERT INTO track VALUES('983076','Cinematic Ambient Atmosphere Sad Melancholic Sentimental Dreampiano Theme 001','http://www.jamendo.com/es/track/983076','','','128','http://mp3l.jamendo.com/?trackid=983076&format=mp31&u=0');
UPDATE track SET album_id='115813' WHERE id='983076';
UPDATE track SET text='' WHERE id='983076';
INSERT INTO track VALUES('982948','Cinematic Ambient Atmosphere Sad Melancholic Sentimental Dreampiano Theme 006','http://www.jamendo.com/es/track/982948','','','101','http://mp3l.jamendo.com/?trackid=982948&format=mp31&u=0');
UPDATE track SET album_id='115813' WHERE id='982948';
UPDATE track SET text='' WHERE id='982948';
INSERT INTO track VALUES('982958','Cinematic Ambient Atmosphere Sad Melancholic Sentimental Dreampiano Theme 007','http://www.jamendo.com/es/track/982958','','','121','http://mp3l.jamendo.com/?trackid=982958&format=mp31&u=0');
UPDATE track SET album_id='115813' WHERE id='982958';
UPDATE track SET text='' WHERE id='982958';
INSERT INTO album VALUES('116026',' Ambient Atmosphere Futuristic Sad Melancholic Sentimental Uncertain Future Theme Instrumental Soundtrack Album n°3','http://www.jamendo.com/es/album/116026','http://imgjam.com/albums/s116/116026/covers/1.100.jpg','2','3187');
UPDATE album SET artist_id='420766' WHERE id='116026';
INSERT INTO track VALUES('985586','Ambient Atmosphere Sad Melancholic Emotional The Old Piano Theme Soundtrack 005','http://www.jamendo.com/es/track/985586','','','99','http://mp3l.jamendo.com/?trackid=985586&format=mp31&u=0');
UPDATE track SET album_id='116026' WHERE id='985586';
UPDATE track SET text='' WHERE id='985586';
INSERT INTO track VALUES('985585','Ambient Atmosphere Futuristic Sad Melancholic Sentimental Uncertain Future Theme Soundtrack 008','http://www.jamendo.com/es/track/985585','','','118','http://mp3l.jamendo.com/?trackid=985585&format=mp31&u=0');
UPDATE track SET album_id='116026' WHERE id='985585';
UPDATE track SET text='' WHERE id='985585';
INSERT INTO track VALUES('985584','Ambient Atmosphere Sad Melancholic Sentimental Tears Falling Theme Soundtrack 001','http://www.jamendo.com/es/track/985584','','','96','http://mp3l.jamendo.com/?trackid=985584&format=mp31&u=0');
UPDATE track SET album_id='116026' WHERE id='985584';
UPDATE track SET text='' WHERE id='985584';
INSERT INTO track VALUES('985583','Ambient Atmosphere Sad Melancholic Sentimental Tears Falling Theme Soundtrack 010','http://www.jamendo.com/es/track/985583','','','129','http://mp3l.jamendo.com/?trackid=985583&format=mp31&u=0');
UPDATE track SET album_id='116026' WHERE id='985583';
UPDATE track SET text='' WHERE id='985583';
INSERT INTO track VALUES('985582','Ambient Atmosphere Sad Melancholic Sentimental Tears Falling Theme Soundtrack 006','http://www.jamendo.com/es/track/985582','','','98','http://mp3l.jamendo.com/?trackid=985582&format=mp31&u=0');
UPDATE track SET album_id='116026' WHERE id='985582';
UPDATE track SET text='' WHERE id='985582';
INSERT INTO track VALUES('985581','Ambient Atmosphere Futuristic Sad Melancholic Sentimental Uncertain Future Theme Soundtrack 007','http://www.jamendo.com/es/track/985581','','','115','http://mp3l.jamendo.com/?trackid=985581&format=mp31&u=0');
UPDATE track SET album_id='116026' WHERE id='985581';
UPDATE track SET text='' WHERE id='985581';
INSERT INTO track VALUES('985580','Ambient Atmosphere Sad Melancholic Sentimental Tears Falling Theme Soundtrack 005','http://www.jamendo.com/es/track/985580','','','89','http://mp3l.jamendo.com/?trackid=985580&format=mp31&u=0');
UPDATE track SET album_id='116026' WHERE id='985580';
UPDATE track SET text='' WHERE id='985580';
INSERT INTO track VALUES('985579','Ambient Atmosphere Futuristic Sad Melancholic Sentimental Uncertain Future Theme Soundtrack 001','http://www.jamendo.com/es/track/985579','','','96','http://mp3l.jamendo.com/?trackid=985579&format=mp31&u=0');
UPDATE track SET album_id='116026' WHERE id='985579';
UPDATE track SET text='' WHERE id='985579';
INSERT INTO track VALUES('985578','Ambient Atmosphere Sad Melancholic Emotional The Old Piano Theme Soundtrack 009','http://www.jamendo.com/es/track/985578','','','129','http://mp3l.jamendo.com/?trackid=985578&format=mp31&u=0');
UPDATE track SET album_id='116026' WHERE id='985578';
UPDATE track SET text='' WHERE id='985578';
INSERT INTO track VALUES('985577','Ambient Atmosphere Sad Melancholic Sentimental Tears Falling Theme Soundtrack 009','http://www.jamendo.com/es/track/985577','','','118','http://mp3l.jamendo.com/?trackid=985577&format=mp31&u=0');
UPDATE track SET album_id='116026' WHERE id='985577';
UPDATE track SET text='' WHERE id='985577';
INSERT INTO track VALUES('985576','Ambient Atmosphere Futuristic Sad Melancholic Sentimental Uncertain Future Theme Soundtrack 006','http://www.jamendo.com/es/track/985576','','','114','http://mp3l.jamendo.com/?trackid=985576&format=mp31&u=0');
UPDATE track SET album_id='116026' WHERE id='985576';
UPDATE track SET text='' WHERE id='985576';
INSERT INTO track VALUES('985575','Ambient Atmosphere Sad Melancholic Emotional The Old Piano Theme Soundtrack 003','http://www.jamendo.com/es/track/985575','','','121','http://mp3l.jamendo.com/?trackid=985575&format=mp31&u=0');
UPDATE track SET album_id='116026' WHERE id='985575';
UPDATE track SET text='' WHERE id='985575';
INSERT INTO track VALUES('985574','Ambient Atmosphere Sad Melancholic Emotional The Old Piano Theme Soundtrack 008','http://www.jamendo.com/es/track/985574','','','119','http://mp3l.jamendo.com/?trackid=985574&format=mp31&u=0');
UPDATE track SET album_id='116026' WHERE id='985574';
UPDATE track SET text='' WHERE id='985574';
INSERT INTO track VALUES('985573','Ambient Atmosphere Futuristic Sad Melancholic Sentimental Uncertain Future Theme Soundtrack 005','http://www.jamendo.com/es/track/985573','','','98','http://mp3l.jamendo.com/?trackid=985573&format=mp31&u=0');
UPDATE track SET album_id='116026' WHERE id='985573';
UPDATE track SET text='' WHERE id='985573';
INSERT INTO track VALUES('985572','Ambient Atmosphere Sad Melancholic Sentimental Tears Falling Theme Soundtrack 008','http://www.jamendo.com/es/track/985572','','','116','http://mp3l.jamendo.com/?trackid=985572&format=mp31&u=0');
UPDATE track SET album_id='116026' WHERE id='985572';
UPDATE track SET text='' WHERE id='985572';
INSERT INTO track VALUES('985571','Ambient Atmosphere Sad Melancholic Sentimental Tears Falling Theme Soundtrack 004','http://www.jamendo.com/es/track/985571','','','101','http://mp3l.jamendo.com/?trackid=985571&format=mp31&u=0');
UPDATE track SET album_id='116026' WHERE id='985571';
UPDATE track SET text='' WHERE id='985571';
INSERT INTO track VALUES('985570','Ambient Atmosphere Sad Melancholic Emotional The Old Piano Theme Soundtrack 002','http://www.jamendo.com/es/track/985570','','','140','http://mp3l.jamendo.com/?trackid=985570&format=mp31&u=0');
UPDATE track SET album_id='116026' WHERE id='985570';
UPDATE track SET text='' WHERE id='985570';
INSERT INTO track VALUES('985569','Ambient Atmosphere Futuristic Sad Melancholic Sentimental Uncertain Future Theme Soundtrack 004','http://www.jamendo.com/es/track/985569','','','100','http://mp3l.jamendo.com/?trackid=985569&format=mp31&u=0');
UPDATE track SET album_id='116026' WHERE id='985569';
UPDATE track SET text='' WHERE id='985569';
INSERT INTO track VALUES('985568','Ambient Atmosphere Sad Melancholic Sentimental Tears Falling Theme Soundtrack 002','http://www.jamendo.com/es/track/985568','','','139','http://mp3l.jamendo.com/?trackid=985568&format=mp31&u=0');
UPDATE track SET album_id='116026' WHERE id='985568';
UPDATE track SET text='' WHERE id='985568';
INSERT INTO track VALUES('985567','Ambient Atmosphere Sad Melancholic Emotional The Old Piano Theme Soundtrack 007','http://www.jamendo.com/es/track/985567','','','116','http://mp3l.jamendo.com/?trackid=985567&format=mp31&u=0');
UPDATE track SET album_id='116026' WHERE id='985567';
UPDATE track SET text='' WHERE id='985567';
INSERT INTO track VALUES('985566','Ambient Atmosphere Sad Melancholic Sentimental Tears Falling Theme Soundtrack 003','http://www.jamendo.com/es/track/985566','','','121','http://mp3l.jamendo.com/?trackid=985566&format=mp31&u=0');
UPDATE track SET album_id='116026' WHERE id='985566';
UPDATE track SET text='' WHERE id='985566';
INSERT INTO track VALUES('985565','Ambient Atmosphere Futuristic Sad Melancholic Sentimental Uncertain Future Theme Soundtrack 003','http://www.jamendo.com/es/track/985565','','','120','http://mp3l.jamendo.com/?trackid=985565&format=mp31&u=0');
UPDATE track SET album_id='116026' WHERE id='985565';
UPDATE track SET text='' WHERE id='985565';
INSERT INTO track VALUES('985564','Ambient Atmosphere Sad Melancholic Emotional The Old Piano Theme Soundtrack 001','http://www.jamendo.com/es/track/985564','','','96','http://mp3l.jamendo.com/?trackid=985564&format=mp31&u=0');
UPDATE track SET album_id='116026' WHERE id='985564';
UPDATE track SET text='' WHERE id='985564';
INSERT INTO track VALUES('985563','Ambient Atmosphere Sad Melancholic Emotional The Old Piano Theme Soundtrack 006','http://www.jamendo.com/es/track/985563','','','115','http://mp3l.jamendo.com/?trackid=985563&format=mp31&u=0');
UPDATE track SET album_id='116026' WHERE id='985563';
UPDATE track SET text='' WHERE id='985563';
INSERT INTO track VALUES('985562','Ambient Atmosphere Futuristic Sad Melancholic Sentimental Uncertain Future Theme Soundtrack 002','http://www.jamendo.com/es/track/985562','','','139','http://mp3l.jamendo.com/?trackid=985562&format=mp31&u=0');
UPDATE track SET album_id='116026' WHERE id='985562';
UPDATE track SET text='' WHERE id='985562';
INSERT INTO track VALUES('985561','Ambient Atmosphere Futuristic Sad Melancholic Sentimental Uncertain Future Theme Soundtrack 009','http://www.jamendo.com/es/track/985561','','','129','http://mp3l.jamendo.com/?trackid=985561&format=mp31&u=0');
UPDATE track SET album_id='116026' WHERE id='985561';
UPDATE track SET text='' WHERE id='985561';
INSERT INTO track VALUES('985560','Ambient Atmosphere Sad Melancholic Emotional The Old Piano Theme Soundtrack 004','http://www.jamendo.com/es/track/985560','','','101','http://mp3l.jamendo.com/?trackid=985560&format=mp31&u=0');
UPDATE track SET album_id='116026' WHERE id='985560';
UPDATE track SET text='' WHERE id='985560';
INSERT INTO track VALUES('985559','Ambient Atmosphere Sad Melancholic Sentimental Tears Falling Theme Soundtrack 007','http://www.jamendo.com/es/track/985559','','','115','http://mp3l.jamendo.com/?trackid=985559&format=mp31&u=0');
UPDATE track SET album_id='116026' WHERE id='985559';
UPDATE track SET text='' WHERE id='985559';
INSERT INTO album VALUES('116030','New Age Yoga Chillout Relax Meditation Beautiful Bells Atmosphere Theme Soundtrack Album n°4','http://www.jamendo.com/es/album/116030','http://imgjam.com/albums/s116/116030/covers/1.100.jpg','2','2805','electronic');
UPDATE album SET artist_id='420766' WHERE id='116030';
INSERT INTO track VALUES('985619','Ambient Meditation Chillout Relax Wellness Moods Atmosphere Theme 003','http://www.jamendo.com/es/track/985619','','','391','http://mp3l.jamendo.com/?trackid=985619&format=mp31&u=0');
UPDATE track SET album_id='116030' WHERE id='985619';
UPDATE track SET text='' WHERE id='985619';
INSERT INTO track VALUES('985618','Ambient Meditation Chillout Relax Wellness Moods Atmosphere Theme 001','http://www.jamendo.com/es/track/985618','','','386','http://mp3l.jamendo.com/?trackid=985618&format=mp31&u=0');
UPDATE track SET album_id='116030' WHERE id='985618';
UPDATE track SET text='' WHERE id='985618';
INSERT INTO track VALUES('985614','Ambient Electro Lounge Chillout Lost in Space','http://www.jamendo.com/es/track/985614','','','254','http://mp3l.jamendo.com/?trackid=985614&format=mp31&u=0');
UPDATE track SET album_id='116030' WHERE id='985614';
UPDATE track SET text='' WHERE id='985614';
INSERT INTO track VALUES('985613','Ambient Chillout Relax Meditation Beautiful Bells Atmosphere Theme Soundtrack','http://www.jamendo.com/es/track/985613','','','194','http://mp3l.jamendo.com/?trackid=985613&format=mp31&u=0');
UPDATE track SET album_id='116030' WHERE id='985613';
UPDATE track SET text='' WHERE id='985613';
INSERT INTO playlist VALUES('226942','JamendoProRadioZip_zen','http://www.jamendo.com/es/playlist/226942','70776');
INSERT INTO playlist_track VALUES('226942','985613');
INSERT INTO playlist VALUES('227114','JamendoProRadioZip_zen','http://www.jamendo.com/es/playlist/227114','71310');
INSERT INTO playlist_track VALUES('227114','985613');
INSERT INTO playlist VALUES('227292','JamendoProRadioZip_zen','http://www.jamendo.com/es/playlist/227292','69412');
INSERT INTO playlist_track VALUES('227292','985613');
INSERT INTO playlist VALUES('227489','JamendoProRadioZip_zen','http://www.jamendo.com/es/playlist/227489','69190');
INSERT INTO playlist_track VALUES('227489','985613');
INSERT INTO playlist VALUES('227539','JamendoProRadioZip_zen','http://www.jamendo.com/es/playlist/227539','78126');
INSERT INTO playlist_track VALUES('227539','985613');
INSERT INTO playlist VALUES('227781','JamendoProRadioZip_zen','http://www.jamendo.com/es/playlist/227781','78126');
INSERT INTO playlist_track VALUES('227781','985613');
INSERT INTO track VALUES('985612','Ambient Chillout Relax Meditation Beautiful Choir Atmosphere Theme Soundtrack','http://www.jamendo.com/es/track/985612','','','93','http://mp3l.jamendo.com/?trackid=985612&format=mp31&u=0');
UPDATE track SET album_id='116030' WHERE id='985612';
UPDATE track SET text='' WHERE id='985612';
INSERT INTO track VALUES('985601','Ambient Chillout Relax Meditation Beautiful Dreamy Celeste Yoga Sessions','http://www.jamendo.com/es/track/985601','','','95','http://mp3l.jamendo.com/?trackid=985601&format=mp31&u=0');
UPDATE track SET album_id='116030' WHERE id='985601';
UPDATE track SET text='' WHERE id='985601';
INSERT INTO playlist_track VALUES('226942','985601');
INSERT INTO playlist_track VALUES('227114','985601');
INSERT INTO playlist VALUES('192085','Wrongly qualified (mturk users 1147, 1083)','http://www.jamendo.com/es/playlist/192085','6991');
INSERT INTO playlist_track VALUES('192085','985601');
INSERT INTO playlist_track VALUES('227292','985601');
INSERT INTO playlist_track VALUES('227489','985601');
INSERT INTO playlist VALUES('227517','','http://www.jamendo.com/es/playlist/227517','24015');
INSERT INTO playlist_track VALUES('227517','985601');
INSERT INTO playlist_track VALUES('227539','985601');
INSERT INTO playlist_track VALUES('227781','985601');
INSERT INTO track VALUES('985600','Ambient Chillout Relax Meditation Beautiful Dreamy Celeste Yoga Class','http://www.jamendo.com/es/track/985600','','','112','http://mp3l.jamendo.com/?trackid=985600&format=mp31&u=0');
UPDATE track SET album_id='116030' WHERE id='985600';
UPDATE track SET text='' WHERE id='985600';
INSERT INTO playlist_track VALUES('226942','985600');
INSERT INTO playlist_track VALUES('227114','985600');
INSERT INTO playlist_track VALUES('227292','985600');
INSERT INTO playlist_track VALUES('227489','985600');
INSERT INTO playlist_track VALUES('227539','985600');
INSERT INTO playlist_track VALUES('227781','985600');
INSERT INTO track VALUES('985599','Ambient Chillout Relax Meditation Beautiful Dreamy Celeste Yoga Lessons','http://www.jamendo.com/es/track/985599','','','125','http://mp3l.jamendo.com/?trackid=985599&format=mp31&u=0');
UPDATE track SET album_id='116030' WHERE id='985599';
UPDATE track SET text='' WHERE id='985599';
INSERT INTO track VALUES('985598','Ambient Chillout Relax Meditation Beautiful Dreamy Celeste Yoga Inspirations','http://www.jamendo.com/es/track/985598','','','95','http://mp3l.jamendo.com/?trackid=985598&format=mp31&u=0');
UPDATE track SET album_id='116030' WHERE id='985598';
UPDATE track SET text='' WHERE id='985598';
INSERT INTO track VALUES('985597','Ambient Chillout Relax Meditation Beautiful Dreamy Celeste Yoga Students','http://www.jamendo.com/es/track/985597','','','133','http://mp3l.jamendo.com/?trackid=985597&format=mp31&u=0');
UPDATE track SET album_id='116030' WHERE id='985597';
UPDATE track SET text='' WHERE id='985597';
INSERT INTO playlist_track VALUES('192085','985597');
INSERT INTO track VALUES('985596','Ambient Chillout Relax Meditation Beautiful Dreamy Celeste Yoga Moods','http://www.jamendo.com/es/track/985596','','','125','http://mp3l.jamendo.com/?trackid=985596&format=mp31&u=0');
UPDATE track SET album_id='116030' WHERE id='985596';
UPDATE track SET text='' WHERE id='985596';
INSERT INTO playlist_track VALUES('226942','985596');
INSERT INTO playlist_track VALUES('227114','985596');
INSERT INTO playlist_track VALUES('227292','985596');
INSERT INTO playlist_track VALUES('227489','985596');
INSERT INTO playlist_track VALUES('227517','985596');
INSERT INTO playlist_track VALUES('227539','985596');
INSERT INTO playlist_track VALUES('227781','985596');
INSERT INTO track VALUES('985595','Ambient Chillout Relax Meditation Beautiful Dreamy Celeste Yoga Instructions','http://www.jamendo.com/es/track/985595','','','168','http://mp3l.jamendo.com/?trackid=985595&format=mp31&u=0');
UPDATE track SET album_id='116030' WHERE id='985595';
UPDATE track SET text='' WHERE id='985595';
INSERT INTO playlist_track VALUES('226942','985595');
INSERT INTO playlist_track VALUES('227114','985595');
INSERT INTO playlist_track VALUES('227292','985595');
INSERT INTO playlist_track VALUES('227489','985595');
INSERT INTO playlist_track VALUES('227517','985595');
INSERT INTO playlist_track VALUES('227539','985595');
INSERT INTO playlist_track VALUES('227781','985595');
INSERT INTO track VALUES('985594','Ambient Chillout Relax Meditation Beautiful Dreamy Celeste Yoga Experiences','http://www.jamendo.com/es/track/985594','','','242','http://mp3l.jamendo.com/?trackid=985594&format=mp31&u=0');
UPDATE track SET album_id='116030' WHERE id='985594';
UPDATE track SET text='' WHERE id='985594';
INSERT INTO track VALUES('985617','Ambient Meditation Chillout Relax Wellness Moods Atmosphere Theme 002','http://www.jamendo.com/es/track/985617','','','392','http://mp3l.jamendo.com/?trackid=985617&format=mp31&u=0');
UPDATE track SET album_id='116030' WHERE id='985617';
UPDATE track SET text='' WHERE id='985617';
INSERT INTO playlist_track VALUES('226942','985617');
INSERT INTO playlist_track VALUES('227114','985617');
INSERT INTO playlist_track VALUES('227292','985617');
INSERT INTO playlist_track VALUES('227489','985617');
INSERT INTO playlist_track VALUES('227517','985617');
INSERT INTO playlist_track VALUES('227539','985617');
INSERT INTO playlist_track VALUES('227781','985617');
INSERT INTO album VALUES('116033','Futuristic Electro Dance House Minimal Techno Party Producer Collection Album n°5','http://www.jamendo.com/es/album/116033','http://imgjam.com/albums/s116/116033/covers/1.100.jpg','2','2060');
UPDATE album SET artist_id='420766' WHERE id='116033';
INSERT INTO track VALUES('985637','Electro House Futuristic Enter the Matrix','http://www.jamendo.com/es/track/985637','','','132','http://mp3l.jamendo.com/?trackid=985637&format=mp31&u=0');
UPDATE track SET album_id='116033' WHERE id='985637';
UPDATE track SET text='' WHERE id='985637';
INSERT INTO track VALUES('985638','Electro Techno House Matrix Action','http://www.jamendo.com/es/track/985638','','','223','http://mp3l.jamendo.com/?trackid=985638&format=mp31&u=0');
UPDATE track SET album_id='116033' WHERE id='985638';
UPDATE track SET text='' WHERE id='985638';
INSERT INTO track VALUES('985636','Electro Futuristic Dance House Madness','http://www.jamendo.com/es/track/985636','','','296','http://mp3l.jamendo.com/?trackid=985636&format=mp31&u=0');
UPDATE track SET album_id='116033' WHERE id='985636';
UPDATE track SET text='' WHERE id='985636';
INSERT INTO track VALUES('985634','Electro House Dance Motivating Party Tune','http://www.jamendo.com/es/track/985634','','','195','http://mp3l.jamendo.com/?trackid=985634&format=mp31&u=0');
UPDATE track SET album_id='116033' WHERE id='985634';
UPDATE track SET text='' WHERE id='985634';
INSERT INTO track VALUES('985635','Electro House Dance Party Club Hit','http://www.jamendo.com/es/track/985635','','','467','http://mp3l.jamendo.com/?trackid=985635&format=mp31&u=0');
UPDATE track SET album_id='116033' WHERE id='985635';
UPDATE track SET text='' WHERE id='985635';
INSERT INTO track VALUES('985630','Electro House Dance Motivating Summer Party','http://www.jamendo.com/es/track/985630','','','93','http://mp3l.jamendo.com/?trackid=985630&format=mp31&u=0');
UPDATE track SET album_id='116033' WHERE id='985630';
UPDATE track SET text='' WHERE id='985630';
INSERT INTO playlist VALUES('227247','','http://www.jamendo.com/es/playlist/227247','3345');
INSERT INTO playlist_track VALUES('227247','985630');
INSERT INTO track VALUES('985631','Electro House Epic Club Night','http://www.jamendo.com/es/track/985631','','','181','http://mp3l.jamendo.com/?trackid=985631&format=mp31&u=0');
UPDATE track SET album_id='116033' WHERE id='985631';
UPDATE track SET text='' WHERE id='985631';
INSERT INTO playlist_track VALUES('227247','985631');
INSERT INTO track VALUES('985629','Electro House Dance Club Put Your Hands Up','http://www.jamendo.com/es/track/985629','','','473','http://mp3l.jamendo.com/?trackid=985629&format=mp31&u=0');
UPDATE track SET album_id='116033' WHERE id='985629';
UPDATE track SET text='' WHERE id='985629';
INSERT INTO album VALUES('116034','Cinematic Sad Melancholic Sentimental Symphonic Orchestra Dark Nature Instrumental Theme Soundtrack Album n°6','http://www.jamendo.com/es/album/116034','http://imgjam.com/albums/s116/116034/covers/1.100.jpg','3','1006','classical');
UPDATE album SET artist_id='420766' WHERE id='116034';
INSERT INTO track VALUES('985653','Cinematic Sad Melancholic Sentimental Symphonic Orchestra Dramatic Pictures Theme Soundtrack 007','http://www.jamendo.com/es/track/985653','','','195','http://mp3l.jamendo.com/?trackid=985653&format=mp31&u=0');
UPDATE track SET album_id='116034' WHERE id='985653';
UPDATE track SET text='' WHERE id='985653';
INSERT INTO track VALUES('985652','Cinematic Sad Melancholic Sentimental Symphonic Orchestra Dark Nature Theme Soundtrack','http://www.jamendo.com/es/track/985652','','','120','http://mp3l.jamendo.com/?trackid=985652&format=mp31&u=0');
UPDATE track SET album_id='116034' WHERE id='985652';
UPDATE track SET text='' WHERE id='985652';
INSERT INTO track VALUES('985651','Cinematic Sad Melancholic Sentimental Symphonic Orchestra Dramatic Pictures Theme Soundtrack 005','http://www.jamendo.com/es/track/985651','','','96','http://mp3l.jamendo.com/?trackid=985651&format=mp31&u=0');
UPDATE track SET album_id='116034' WHERE id='985651';
UPDATE track SET text='' WHERE id='985651';
INSERT INTO track VALUES('985650','Cinematic Sad Melancholic Sentimental Symphonic Orchestra Dramatic Pictures Theme Soundtrack 003','http://www.jamendo.com/es/track/985650','','','130','http://mp3l.jamendo.com/?trackid=985650&format=mp31&u=0');
UPDATE track SET album_id='116034' WHERE id='985650';
UPDATE track SET text='' WHERE id='985650';
INSERT INTO track VALUES('985649','Cinematic Sad Melancholic Sentimental Symphonic Orchestra Dramatic Pictures Theme Soundtrack 008','http://www.jamendo.com/es/track/985649','','','145','http://mp3l.jamendo.com/?trackid=985649&format=mp31&u=0');
UPDATE track SET album_id='116034' WHERE id='985649';
UPDATE track SET text='' WHERE id='985649';
INSERT INTO track VALUES('985648','Cinematic Sad Melancholic Sentimental Symphonic Orchestra Dramatic Pictures Theme Soundtrack 006','http://www.jamendo.com/es/track/985648','','','90','http://mp3l.jamendo.com/?trackid=985648&format=mp31&u=0');
UPDATE track SET album_id='116034' WHERE id='985648';
UPDATE track SET text='' WHERE id='985648';
INSERT INTO track VALUES('985647','Cinematic Sad Melancholic Sentimental Symphonic Orchestra Dramatic Pictures Theme Soundtrack 004','http://www.jamendo.com/es/track/985647','','','138','http://mp3l.jamendo.com/?trackid=985647&format=mp31&u=0');
UPDATE track SET album_id='116034' WHERE id='985647';
UPDATE track SET text='' WHERE id='985647';
INSERT INTO track VALUES('985646','Cinematic Sad Melancholic Sentimental Symphonic Orchestra Dramatic Pictures Theme Soundtrack 001','http://www.jamendo.com/es/track/985646','','','92','http://mp3l.jamendo.com/?trackid=985646&format=mp31&u=0');
UPDATE track SET album_id='116034' WHERE id='985646';
UPDATE track SET text='' WHERE id='985646';
INSERT INTO album VALUES('116049',' Ambient Atmosphere Future Space Constellation Soundscape Instrumental Theme Album n°7','http://www.jamendo.com/es/album/116049','http://imgjam.com/albums/s116/116049/covers/1.100.jpg','2','2342','electronic');
UPDATE album SET artist_id='420766' WHERE id='116049';
INSERT INTO track VALUES('985930','Ambient Atmosphere Future Space Constellation Soundscape Theme 001','http://www.jamendo.com/es/track/985930','','','153','http://mp3l.jamendo.com/?trackid=985930&format=mp31&u=0');
UPDATE track SET album_id='116049' WHERE id='985930';
UPDATE track SET text='' WHERE id='985930';
INSERT INTO track VALUES('985929','Ambient Atmosphere Future Space Constellation Soundscape Theme 005','http://www.jamendo.com/es/track/985929','','','153','http://mp3l.jamendo.com/?trackid=985929&format=mp31&u=0');
UPDATE track SET album_id='116049' WHERE id='985929';
UPDATE track SET text='' WHERE id='985929';
INSERT INTO track VALUES('985928','Ambient Atmosphere Future Space Planets Soundscape Theme 006','http://www.jamendo.com/es/track/985928','','','138','http://mp3l.jamendo.com/?trackid=985928&format=mp31&u=0');
UPDATE track SET album_id='116049' WHERE id='985928';
UPDATE track SET text='' WHERE id='985928';
INSERT INTO track VALUES('985927','Ambient Atmosphere Future Space Constellation Soundscape Theme 008','http://www.jamendo.com/es/track/985927','','','156','http://mp3l.jamendo.com/?trackid=985927&format=mp31&u=0');
UPDATE track SET album_id='116049' WHERE id='985927';
UPDATE track SET text='' WHERE id='985927';
INSERT INTO track VALUES('985926','Ambient Atmosphere Future Space Planets Soundscape Theme 007','http://www.jamendo.com/es/track/985926','','','150','http://mp3l.jamendo.com/?trackid=985926&format=mp31&u=0');
UPDATE track SET album_id='116049' WHERE id='985926';
UPDATE track SET text='' WHERE id='985926';
INSERT INTO track VALUES('985925','Ambient Atmosphere Future Space Planets Soundscape Theme 003','http://www.jamendo.com/es/track/985925','','','158','http://mp3l.jamendo.com/?trackid=985925&format=mp31&u=0');
UPDATE track SET album_id='116049' WHERE id='985925';
UPDATE track SET text='' WHERE id='985925';
INSERT INTO track VALUES('985924','Ambient Atmosphere Future Space Constellation Soundscape Theme 004','http://www.jamendo.com/es/track/985924','','','155','http://mp3l.jamendo.com/?trackid=985924&format=mp31&u=0');
UPDATE track SET album_id='116049' WHERE id='985924';
UPDATE track SET text='' WHERE id='985924';
INSERT INTO track VALUES('985923','Ambient Atmosphere Future Space Planets Soundscape Theme 002','http://www.jamendo.com/es/track/985923','','','139','http://mp3l.jamendo.com/?trackid=985923&format=mp31&u=0');
UPDATE track SET album_id='116049' WHERE id='985923';
UPDATE track SET text='' WHERE id='985923';
INSERT INTO track VALUES('985922','Ambient Atmosphere Future Space Constellation Soundscape Theme 007','http://www.jamendo.com/es/track/985922','','','140','http://mp3l.jamendo.com/?trackid=985922&format=mp31&u=0');
UPDATE track SET album_id='116049' WHERE id='985922';
UPDATE track SET text='' WHERE id='985922';
INSERT INTO track VALUES('985921','Ambient Atmosphere Future Space Planets Soundscape Theme 005','http://www.jamendo.com/es/track/985921','','','159','http://mp3l.jamendo.com/?trackid=985921&format=mp31&u=0');
UPDATE track SET album_id='116049' WHERE id='985921';
UPDATE track SET text='' WHERE id='985921';
INSERT INTO track VALUES('985920','Ambient Atmosphere Future Space Constellation Soundscape Theme 003','http://www.jamendo.com/es/track/985920','','','93','http://mp3l.jamendo.com/?trackid=985920&format=mp31&u=0');
UPDATE track SET album_id='116049' WHERE id='985920';
UPDATE track SET text='' WHERE id='985920';
INSERT INTO track VALUES('985918','Ambient Atmosphere Future Space Constellation Soundscape Theme 006','http://www.jamendo.com/es/track/985918','','','152','http://mp3l.jamendo.com/?trackid=985918&format=mp31&u=0');
UPDATE track SET album_id='116049' WHERE id='985918';
UPDATE track SET text='' WHERE id='985918';
INSERT INTO track VALUES('985919','Ambient Atmosphere Future Space Planets Soundscape Theme 004','http://www.jamendo.com/es/track/985919','','','153','http://mp3l.jamendo.com/?trackid=985919&format=mp31&u=0');
UPDATE track SET album_id='116049' WHERE id='985919';
UPDATE track SET text='' WHERE id='985919';
INSERT INTO track VALUES('985917','Ambient Atmosphere Future Space Planets Soundscape Theme 008','http://www.jamendo.com/es/track/985917','','','138','http://mp3l.jamendo.com/?trackid=985917&format=mp31&u=0');
UPDATE track SET album_id='116049' WHERE id='985917';
UPDATE track SET text='' WHERE id='985917';
INSERT INTO track VALUES('985916','Ambient Atmosphere Future Space Constellation Soundscape Theme 002','http://www.jamendo.com/es/track/985916','','','156','http://mp3l.jamendo.com/?trackid=985916&format=mp31&u=0');
UPDATE track SET album_id='116049' WHERE id='985916';
UPDATE track SET text='' WHERE id='985916';
INSERT INTO track VALUES('985915','Ambient Atmosphere Future Space Planets Soundscape Theme 001','http://www.jamendo.com/es/track/985915','','','149','http://mp3l.jamendo.com/?trackid=985915&format=mp31&u=0');
UPDATE track SET album_id='116049' WHERE id='985915';
UPDATE track SET text='' WHERE id='985915';
INSERT INTO album VALUES('116051',' Ambient Atmosphere Future Space Station Arrival Soundscape Instrumental Theme Album n°8','http://www.jamendo.com/es/album/116051','http://imgjam.com/albums/s116/116051/covers/1.100.jpg','2','3348','electronic');
UPDATE album SET artist_id='420766' WHERE id='116051';
INSERT INTO track VALUES('985954','Ambient Atmosphere Future Space Station Arrival Soundscape Theme 001','http://www.jamendo.com/es/track/985954','','','158','http://mp3l.jamendo.com/?trackid=985954&format=mp31&u=0');
UPDATE track SET album_id='116051' WHERE id='985954';
UPDATE track SET text='' WHERE id='985954';
INSERT INTO track VALUES('985952','Ambient Atmosphere Future Spacecraft Carrier Soundscape Theme 002','http://www.jamendo.com/es/track/985952','','','141','http://mp3l.jamendo.com/?trackid=985952&format=mp31&u=0');
UPDATE track SET album_id='116051' WHERE id='985952';
UPDATE track SET text='' WHERE id='985952';
INSERT INTO track VALUES('985953','Ambient Atmosphere Future Space Station Arrival Soundscape Theme 003','http://www.jamendo.com/es/track/985953','','','150','http://mp3l.jamendo.com/?trackid=985953&format=mp31&u=0');
UPDATE track SET album_id='116051' WHERE id='985953';
UPDATE track SET text='' WHERE id='985953';
INSERT INTO track VALUES('985951','Ambient Atmosphere Future Spacecraft Carrier Soundscape Theme 009','http://www.jamendo.com/es/track/985951','','','151','http://mp3l.jamendo.com/?trackid=985951&format=mp31&u=0');
UPDATE track SET album_id='116051' WHERE id='985951';
UPDATE track SET text='' WHERE id='985951';
INSERT INTO track VALUES('985950','Ambient Atmosphere Future Space Station Arrival Soundscape Theme 006','http://www.jamendo.com/es/track/985950','','','151','http://mp3l.jamendo.com/?trackid=985950&format=mp31&u=0');
UPDATE track SET album_id='116051' WHERE id='985950';
UPDATE track SET text='' WHERE id='985950';
INSERT INTO track VALUES('985949','Ambient Atmosphere Future Spacecraft Carrier Soundscape Theme 006','http://www.jamendo.com/es/track/985949','','','154','http://mp3l.jamendo.com/?trackid=985949&format=mp31&u=0');
UPDATE track SET album_id='116051' WHERE id='985949';
UPDATE track SET text='' WHERE id='985949';
INSERT INTO track VALUES('985948','Ambient Atmosphere Future Space Station Arrival Soundscape Theme 002','http://www.jamendo.com/es/track/985948','','','148','http://mp3l.jamendo.com/?trackid=985948&format=mp31&u=0');
UPDATE track SET album_id='116051' WHERE id='985948';
UPDATE track SET text='' WHERE id='985948';
INSERT INTO track VALUES('985947','Ambient Atmosphere Future Space Station Arrival Soundscape Theme 009','http://www.jamendo.com/es/track/985947','','','151','http://mp3l.jamendo.com/?trackid=985947&format=mp31&u=0');
UPDATE track SET album_id='116051' WHERE id='985947';
UPDATE track SET text='' WHERE id='985947';
INSERT INTO track VALUES('985946','Ambient Atmosphere Future Spacecraft Carrier Soundscape Theme 011','http://www.jamendo.com/es/track/985946','','','158','http://mp3l.jamendo.com/?trackid=985946&format=mp31&u=0');
UPDATE track SET album_id='116051' WHERE id='985946';
UPDATE track SET text='' WHERE id='985946';
INSERT INTO track VALUES('985945','Ambient Atmosphere Future Spacecraft Carrier Soundscape Theme 007','http://www.jamendo.com/es/track/985945','','','152','http://mp3l.jamendo.com/?trackid=985945&format=mp31&u=0');
UPDATE track SET album_id='116051' WHERE id='985945';
UPDATE track SET text='' WHERE id='985945';
INSERT INTO track VALUES('985944','Ambient Atmosphere Future Space Station Arrival Soundscape Theme 005','http://www.jamendo.com/es/track/985944','','','154','http://mp3l.jamendo.com/?trackid=985944&format=mp31&u=0');
UPDATE track SET album_id='116051' WHERE id='985944';
UPDATE track SET text='' WHERE id='985944';
INSERT INTO track VALUES('985943','Ambient Atmosphere Future Spacecraft Carrier Soundscape Theme 008','http://www.jamendo.com/es/track/985943','','','153','http://mp3l.jamendo.com/?trackid=985943&format=mp31&u=0');
UPDATE track SET album_id='116051' WHERE id='985943';
UPDATE track SET text='' WHERE id='985943';
INSERT INTO track VALUES('985942','Ambient Atmosphere Future Spacecraft Carrier Soundscape Theme 004','http://www.jamendo.com/es/track/985942','','','155','http://mp3l.jamendo.com/?trackid=985942&format=mp31&u=0');
UPDATE track SET album_id='116051' WHERE id='985942';
UPDATE track SET text='' WHERE id='985942';
INSERT INTO track VALUES('985941','Ambient Atmosphere Future Space Station Arrival Soundscape Theme 008','http://www.jamendo.com/es/track/985941','','','159','http://mp3l.jamendo.com/?trackid=985941&format=mp31&u=0');
UPDATE track SET album_id='116051' WHERE id='985941';
UPDATE track SET text='' WHERE id='985941';
INSERT INTO track VALUES('985940','Ambient Atmosphere Future Spacecraft Carrier Soundscape Theme 005','http://www.jamendo.com/es/track/985940','','','151','http://mp3l.jamendo.com/?trackid=985940&format=mp31&u=0');
UPDATE track SET album_id='116051' WHERE id='985940';
UPDATE track SET text='' WHERE id='985940';
INSERT INTO track VALUES('985939','Ambient Atmosphere Future Spacecraft Carrier Soundscape Theme 001','http://www.jamendo.com/es/track/985939','','','150','http://mp3l.jamendo.com/?trackid=985939&format=mp31&u=0');
UPDATE track SET album_id='116051' WHERE id='985939';
UPDATE track SET text='' WHERE id='985939';
INSERT INTO track VALUES('985938','Ambient Atmosphere Future Spacecraft Carrier Soundscape Theme 012','http://www.jamendo.com/es/track/985938','','','153','http://mp3l.jamendo.com/?trackid=985938&format=mp31&u=0');
UPDATE track SET album_id='116051' WHERE id='985938';
UPDATE track SET text='' WHERE id='985938';
INSERT INTO track VALUES('985937','Ambient Atmosphere Future Space Station Arrival Soundscape Theme 004','http://www.jamendo.com/es/track/985937','','','151','http://mp3l.jamendo.com/?trackid=985937&format=mp31&u=0');
UPDATE track SET album_id='116051' WHERE id='985937';
UPDATE track SET text='' WHERE id='985937';
INSERT INTO track VALUES('985936','Ambient Atmosphere Future Spacecraft Carrier Soundscape Theme 010','http://www.jamendo.com/es/track/985936','','','152','http://mp3l.jamendo.com/?trackid=985936&format=mp31&u=0');
UPDATE track SET album_id='116051' WHERE id='985936';
UPDATE track SET text='' WHERE id='985936';
INSERT INTO track VALUES('985935','Ambient Atmosphere Future Space Station Arrival Soundscape Theme 010','http://www.jamendo.com/es/track/985935','','','156','http://mp3l.jamendo.com/?trackid=985935&format=mp31&u=0');
UPDATE track SET album_id='116051' WHERE id='985935';
UPDATE track SET text='' WHERE id='985935';
INSERT INTO track VALUES('985934','Ambient Atmosphere Future Space Station Arrival Soundscape Theme 007','http://www.jamendo.com/es/track/985934','','','151','http://mp3l.jamendo.com/?trackid=985934&format=mp31&u=0');
UPDATE track SET album_id='116051' WHERE id='985934';
UPDATE track SET text='' WHERE id='985934';
INSERT INTO track VALUES('985933','Ambient Atmosphere Future Spacecraft Carrier Soundscape Theme 003','http://www.jamendo.com/es/track/985933','','','149','http://mp3l.jamendo.com/?trackid=985933&format=mp31&u=0');
UPDATE track SET album_id='116051' WHERE id='985933';
UPDATE track SET text='' WHERE id='985933';
INSERT INTO juser VALUES('3222188','Zywa','Zywa','http://www.jamendo.com/es/user/Zywa','http://imgjam.com/avatars/jamendo/100/pro.png','');
INSERT INTO album_juser VALUES('116051','3222188');
INSERT INTO album VALUES('116056',' Ambient Atmospheric Beautiful Slow Motion Pictures Piano Theme Soundtrack Album n°10','http://www.jamendo.com/es/album/116056','http://imgjam.com/albums/s116/116056/covers/1.100.jpg','3','1109','electronic');
UPDATE album SET artist_id='420766' WHERE id='116056';
INSERT INTO track VALUES('985962','Ambient Atmospheric Beautiful Emotional Magical Heartbroken Slow Motion Pictures Theme Soundtrack','http://www.jamendo.com/es/track/985962','','','109','http://mp3l.jamendo.com/?trackid=985962&format=mp31&u=0');
UPDATE track SET album_id='116056' WHERE id='985962';
UPDATE track SET text='' WHERE id='985962';
INSERT INTO track VALUES('985963','Ambient Atmospheric Beautiful Emotional Sentimental Expressive Motion Pictures Theme Soundtrack','http://www.jamendo.com/es/track/985963','','','98','http://mp3l.jamendo.com/?trackid=985963&format=mp31&u=0');
UPDATE track SET album_id='116056' WHERE id='985963';
UPDATE track SET text='' WHERE id='985963';
INSERT INTO track VALUES('985964','Ambient Atmospheric Beautiful Magical Romantic Slow Motion Pictures Theme Soundtrack','http://www.jamendo.com/es/track/985964','','','140','http://mp3l.jamendo.com/?trackid=985964&format=mp31&u=0');
UPDATE track SET album_id='116056' WHERE id='985964';
UPDATE track SET text='' WHERE id='985964';
INSERT INTO track VALUES('985965','Ambient Atmospheric Beautiful Sad Melancholic Emotional Heartbroken Motion Pictures Theme Soundtrack','http://www.jamendo.com/es/track/985965','','','104','http://mp3l.jamendo.com/?trackid=985965&format=mp31&u=0');
UPDATE track SET album_id='116056' WHERE id='985965';
UPDATE track SET text='' WHERE id='985965';
INSERT INTO track VALUES('985966','Ambient Atmospheric Sad Melancholic Sentimental Heartbroken Slow Motion Pictures Theme Soundtrack','http://www.jamendo.com/es/track/985966','','','116','http://mp3l.jamendo.com/?trackid=985966&format=mp31&u=0');
UPDATE track SET album_id='116056' WHERE id='985966';
UPDATE track SET text='' WHERE id='985966';
INSERT INTO track VALUES('985967','Ambient Atmospheric Beautiful Emotional Magical Romantic Slow Motion Pictures Theme Soundtrack','http://www.jamendo.com/es/track/985967','','','105','http://mp3l.jamendo.com/?trackid=985967&format=mp31&u=0');
UPDATE track SET album_id='116056' WHERE id='985967';
UPDATE track SET text='' WHERE id='985967';
INSERT INTO track VALUES('985968','Ambient Atmospheric Beautiful Emotional Sentimental Slow Motion Pictures Theme Soundtrack','http://www.jamendo.com/es/track/985968','','','127','http://mp3l.jamendo.com/?trackid=985968&format=mp31&u=0');
UPDATE track SET album_id='116056' WHERE id='985968';
UPDATE track SET text='' WHERE id='985968';
INSERT INTO track VALUES('985969','Ambient Atmospheric Beautiful Emotional Expressive Slow Motion Pictures Theme Soundtrack','http://www.jamendo.com/es/track/985969','','','97','http://mp3l.jamendo.com/?trackid=985969&format=mp31&u=0');
UPDATE track SET album_id='116056' WHERE id='985969';
UPDATE track SET text='' WHERE id='985969';
INSERT INTO track VALUES('985970','Ambient Atmospheric Beautiful Peaceful Emotional Expressive Motion Pictures Theme Soundtrack','http://www.jamendo.com/es/track/985970','','','110','http://mp3l.jamendo.com/?trackid=985970&format=mp31&u=0');
UPDATE track SET album_id='116056' WHERE id='985970';
UPDATE track SET text='' WHERE id='985970';
INSERT INTO track VALUES('985971','Ambient Atmospheric Exquisite Beautiful Peaceful Sentimental Motion Pictures Theme Soundtrack','http://www.jamendo.com/es/track/985971','','','103','http://mp3l.jamendo.com/?trackid=985971&format=mp31&u=0');
UPDATE track SET album_id='116056' WHERE id='985971';
UPDATE track SET text='' WHERE id='985971';
INSERT INTO album VALUES('116061',' Ambient Yoga Meditation Chillout Relax Wellness Blue Ocean Atmosphere Instrumental Theme Album n°9','http://www.jamendo.com/es/album/116061','http://imgjam.com/albums/s116/116061/covers/1.100.jpg','2','3020','electronic');
UPDATE album SET artist_id='420766' WHERE id='116061';
INSERT INTO track VALUES('986007','Ambient Yoga Meditation Chillout Relax Wellness Blue Ocean Atmosphere Theme 004','http://www.jamendo.com/es/track/986007','','','159','http://mp3l.jamendo.com/?trackid=986007&format=mp31&u=0');
UPDATE track SET album_id='116061' WHERE id='986007';
UPDATE track SET text='' WHERE id='986007';
INSERT INTO playlist_track VALUES('226942','986007');
INSERT INTO playlist_track VALUES('227114','986007');
INSERT INTO playlist_track VALUES('227292','986007');
INSERT INTO playlist_track VALUES('227489','986007');
INSERT INTO playlist_track VALUES('227539','986007');
INSERT INTO playlist_track VALUES('227781','986007');
INSERT INTO track VALUES('986008','Ambient Yoga Meditation Chillout Relax Wellness Moonlights Atmosphere Theme 001','http://www.jamendo.com/es/track/986008','','','150','http://mp3l.jamendo.com/?trackid=986008&format=mp31&u=0');
UPDATE track SET album_id='116061' WHERE id='986008';
UPDATE track SET text='' WHERE id='986008';
INSERT INTO playlist_track VALUES('192085','986008');
INSERT INTO track VALUES('986009','Ambient Yoga Meditation Chillout Relax Wellness Moonlights Atmosphere Theme 005','http://www.jamendo.com/es/track/986009','','','151','http://mp3l.jamendo.com/?trackid=986009&format=mp31&u=0');
UPDATE track SET album_id='116061' WHERE id='986009';
UPDATE track SET text='' WHERE id='986009';
INSERT INTO playlist_track VALUES('226942','986009');
INSERT INTO playlist_track VALUES('227114','986009');
INSERT INTO playlist_track VALUES('227292','986009');
INSERT INTO playlist_track VALUES('227489','986009');
INSERT INTO playlist_track VALUES('227517','986009');
INSERT INTO playlist_track VALUES('227539','986009');
INSERT INTO playlist_track VALUES('227781','986009');
INSERT INTO track VALUES('986010','Ambient Yoga Meditation Chillout Relax Wellness Blue Ocean Atmosphere Theme 008','http://www.jamendo.com/es/track/986010','','','155','http://mp3l.jamendo.com/?trackid=986010&format=mp31&u=0');
UPDATE track SET album_id='116061' WHERE id='986010';
UPDATE track SET text='' WHERE id='986010';
INSERT INTO playlist_track VALUES('226942','986010');
INSERT INTO playlist_track VALUES('227114','986010');
INSERT INTO playlist_track VALUES('192085','986010');
INSERT INTO playlist_track VALUES('227292','986010');
INSERT INTO playlist_track VALUES('227489','986010');
INSERT INTO playlist_track VALUES('227517','986010');
INSERT INTO playlist_track VALUES('227539','986010');
INSERT INTO playlist_track VALUES('227781','986010');
INSERT INTO track VALUES('986011','Ambient Yoga Meditation Chillout Relax Wellness Moonlights Atmosphere Theme 004','http://www.jamendo.com/es/track/986011','','','151','http://mp3l.jamendo.com/?trackid=986011&format=mp31&u=0');
UPDATE track SET album_id='116061' WHERE id='986011';
UPDATE track SET text='' WHERE id='986011';
INSERT INTO playlist_track VALUES('226942','986011');
INSERT INTO playlist_track VALUES('227114','986011');
INSERT INTO playlist_track VALUES('192085','986011');
INSERT INTO playlist_track VALUES('227292','986011');
INSERT INTO playlist_track VALUES('227489','986011');
INSERT INTO playlist_track VALUES('227539','986011');
INSERT INTO playlist_track VALUES('227781','986011');
INSERT INTO track VALUES('986012','Ambient Yoga Meditation Chillout Relax Wellness Moonlights Atmosphere Theme 008','http://www.jamendo.com/es/track/986012','','','156','http://mp3l.jamendo.com/?trackid=986012&format=mp31&u=0');
UPDATE track SET album_id='116061' WHERE id='986012';
UPDATE track SET text='' WHERE id='986012';
INSERT INTO playlist_track VALUES('192085','986012');
INSERT INTO track VALUES('986013','Ambient Yoga Meditation Chillout Relax Wellness Blue Ocean Atmosphere Theme 005','http://www.jamendo.com/es/track/986013','','','153','http://mp3l.jamendo.com/?trackid=986013&format=mp31&u=0');
UPDATE track SET album_id='116061' WHERE id='986013';
UPDATE track SET text='' WHERE id='986013';
INSERT INTO playlist_track VALUES('192085','986013');
INSERT INTO track VALUES('986014','Ambient Yoga Meditation Chillout Relax Wellness Moonlights Atmosphere Theme 007','http://www.jamendo.com/es/track/986014','','','157','http://mp3l.jamendo.com/?trackid=986014&format=mp31&u=0');
UPDATE track SET album_id='116061' WHERE id='986014';
UPDATE track SET text='' WHERE id='986014';
INSERT INTO playlist_track VALUES('192085','986014');
INSERT INTO track VALUES('986015','Ambient Yoga Meditation Chillout Relax Wellness Blue Ocean Atmosphere Theme 009','http://www.jamendo.com/es/track/986015','','','156','http://mp3l.jamendo.com/?trackid=986015&format=mp31&u=0');
UPDATE track SET album_id='116061' WHERE id='986015';
UPDATE track SET text='' WHERE id='986015';
INSERT INTO track VALUES('986016','Ambient Yoga Meditation Chillout Relax Wellness Blue Ocean Atmosphere Theme 002','http://www.jamendo.com/es/track/986016','','','152','http://mp3l.jamendo.com/?trackid=986016&format=mp31&u=0');
UPDATE track SET album_id='116061' WHERE id='986016';
UPDATE track SET text='' WHERE id='986016';
INSERT INTO playlist_track VALUES('227539','986016');
INSERT INTO playlist_track VALUES('227781','986016');
INSERT INTO track VALUES('986017','Ambient Yoga Meditation Chillout Relax Wellness Blue Ocean Atmosphere Theme 006','http://www.jamendo.com/es/track/986017','','','153','http://mp3l.jamendo.com/?trackid=986017&format=mp31&u=0');
UPDATE track SET album_id='116061' WHERE id='986017';
UPDATE track SET text='' WHERE id='986017';
INSERT INTO track VALUES('986018','Ambient Yoga Meditation Chillout Relax Wellness Moonlights Atmosphere Theme 009','http://www.jamendo.com/es/track/986018','','','112','http://mp3l.jamendo.com/?trackid=986018&format=mp31&u=0');
UPDATE track SET album_id='116061' WHERE id='986018';
UPDATE track SET text='' WHERE id='986018';
INSERT INTO track VALUES('986019','Ambient Yoga Meditation Chillout Relax Wellness Moonlights Atmosphere Theme 010','http://www.jamendo.com/es/track/986019','','','160','http://mp3l.jamendo.com/?trackid=986019&format=mp31&u=0');
UPDATE track SET album_id='116061' WHERE id='986019';
UPDATE track SET text='' WHERE id='986019';
INSERT INTO playlist_track VALUES('192085','986019');
INSERT INTO track VALUES('986020','Ambient Yoga Meditation Chillout Relax Wellness Blue Ocean Atmosphere Theme 010','http://www.jamendo.com/es/track/986020','','','150','http://mp3l.jamendo.com/?trackid=986020&format=mp31&u=0');
UPDATE track SET album_id='116061' WHERE id='986020';
UPDATE track SET text='' WHERE id='986020';
INSERT INTO track VALUES('986021','Ambient Yoga Meditation Chillout Relax Wellness Blue Ocean Atmosphere Theme 003','http://www.jamendo.com/es/track/986021','','','150','http://mp3l.jamendo.com/?trackid=986021&format=mp31&u=0');
UPDATE track SET album_id='116061' WHERE id='986021';
UPDATE track SET text='' WHERE id='986021';
INSERT INTO track VALUES('986022','Ambient Yoga Meditation Chillout Relax Wellness Blue Ocean Atmosphere Theme 001','http://www.jamendo.com/es/track/986022','','','150','http://mp3l.jamendo.com/?trackid=986022&format=mp31&u=0');
UPDATE track SET album_id='116061' WHERE id='986022';
UPDATE track SET text='' WHERE id='986022';
INSERT INTO playlist_track VALUES('192085','986022');
INSERT INTO track VALUES('986023','Ambient Yoga Meditation Chillout Relax Wellness Moonlights Atmosphere Theme 003','http://www.jamendo.com/es/track/986023','','','153','http://mp3l.jamendo.com/?trackid=986023&format=mp31&u=0');
UPDATE track SET album_id='116061' WHERE id='986023';
UPDATE track SET text='' WHERE id='986023';
INSERT INTO track VALUES('986024','Ambient Yoga Meditation Chillout Relax Wellness Blue Ocean Atmosphere Theme 007','http://www.jamendo.com/es/track/986024','','','155','http://mp3l.jamendo.com/?trackid=986024&format=mp31&u=0');
UPDATE track SET album_id='116061' WHERE id='986024';
UPDATE track SET text='' WHERE id='986024';
INSERT INTO track VALUES('986025','Ambient Yoga Meditation Chillout Relax Wellness Moonlights Atmosphere Theme 006','http://www.jamendo.com/es/track/986025','','','152','http://mp3l.jamendo.com/?trackid=986025&format=mp31&u=0');
UPDATE track SET album_id='116061' WHERE id='986025';
UPDATE track SET text='' WHERE id='986025';
INSERT INTO playlist_track VALUES('192085','986025');
INSERT INTO track VALUES('986026','Ambient Yoga Meditation Chillout Relax Wellness Moonlights Atmosphere Theme 002','http://www.jamendo.com/es/track/986026','','','145','http://mp3l.jamendo.com/?trackid=986026&format=mp31&u=0');
UPDATE track SET album_id='116061' WHERE id='986026';
UPDATE track SET text='' WHERE id='986026';
INSERT INTO album VALUES('116084',' Ambient Yoga Meditation Chillout Relax Wellness Rain Forrest Atmosphere Instrumental Album n°11','http://www.jamendo.com/es/album/116084','http://imgjam.com/albums/s116/116084/covers/1.100.jpg','2','3309','electronic');
UPDATE album SET artist_id='420766' WHERE id='116084';
INSERT INTO track VALUES('986247','Ambient Yoga Meditation Chillout Relax Wellness Waterfall Atmosphere Theme 001','http://www.jamendo.com/es/track/986247','','','150','http://mp3l.jamendo.com/?trackid=986247&format=mp31&u=0');
UPDATE track SET album_id='116084' WHERE id='986247';
UPDATE track SET text='' WHERE id='986247';
INSERT INTO playlist_track VALUES('192085','986247');
INSERT INTO track VALUES('986248','Ambient Yoga Meditation Chillout Relax Wellness Rain Forrest Atmosphere Theme 007','http://www.jamendo.com/es/track/986248','','','154','http://mp3l.jamendo.com/?trackid=986248&format=mp31&u=0');
UPDATE track SET album_id='116084' WHERE id='986248';
UPDATE track SET text='' WHERE id='986248';
INSERT INTO playlist_track VALUES('227114','986248');
INSERT INTO playlist_track VALUES('192085','986248');
INSERT INTO playlist_track VALUES('227292','986248');
INSERT INTO playlist_track VALUES('227489','986248');
INSERT INTO playlist_track VALUES('227517','986248');
INSERT INTO playlist_track VALUES('227539','986248');
INSERT INTO playlist_track VALUES('227781','986248');
INSERT INTO track VALUES('986249','Ambient Yoga Meditation Chillout Relax Wellness Rain Forrest Atmosphere Theme 010','http://www.jamendo.com/es/track/986249','','','150','http://mp3l.jamendo.com/?trackid=986249&format=mp31&u=0');
UPDATE track SET album_id='116084' WHERE id='986249';
UPDATE track SET text='' WHERE id='986249';
INSERT INTO track VALUES('986250','Ambient Yoga Meditation Chillout Relax Wellness Waterfall Atmosphere Theme 008','http://www.jamendo.com/es/track/986250','','','150','http://mp3l.jamendo.com/?trackid=986250&format=mp31&u=0');
UPDATE track SET album_id='116084' WHERE id='986250';
UPDATE track SET text='' WHERE id='986250';
INSERT INTO track VALUES('986251','Ambient Yoga Meditation Chillout Relax Wellness Rain Forrest Atmosphere Theme 004','http://www.jamendo.com/es/track/986251','','','155','http://mp3l.jamendo.com/?trackid=986251&format=mp31&u=0');
UPDATE track SET album_id='116084' WHERE id='986251';
UPDATE track SET text='' WHERE id='986251';
INSERT INTO track VALUES('986252','Ambient Yoga Meditation Chillout Relax Wellness Waterfall Atmosphere Theme 010','http://www.jamendo.com/es/track/986252','','','149','http://mp3l.jamendo.com/?trackid=986252&format=mp31&u=0');
UPDATE track SET album_id='116084' WHERE id='986252';
UPDATE track SET text='' WHERE id='986252';
INSERT INTO playlist_track VALUES('192085','986252');
INSERT INTO track VALUES('986253','Ambient Yoga Meditation Chillout Relax Wellness Rain Forrest Atmosphere Theme 011','http://www.jamendo.com/es/track/986253','','','154','http://mp3l.jamendo.com/?trackid=986253&format=mp31&u=0');
UPDATE track SET album_id='116084' WHERE id='986253';
UPDATE track SET text='' WHERE id='986253';
INSERT INTO playlist_track VALUES('226942','986253');
INSERT INTO playlist_track VALUES('227114','986253');
INSERT INTO playlist_track VALUES('227292','986253');
INSERT INTO playlist_track VALUES('227489','986253');
INSERT INTO playlist_track VALUES('227517','986253');
INSERT INTO playlist_track VALUES('227539','986253');
INSERT INTO playlist_track VALUES('227781','986253');
INSERT INTO track VALUES('986254','Ambient Yoga Meditation Chillout Relax Wellness Waterfall Atmosphere Theme 003','http://www.jamendo.com/es/track/986254','','','158','http://mp3l.jamendo.com/?trackid=986254&format=mp31&u=0');
UPDATE track SET album_id='116084' WHERE id='986254';
UPDATE track SET text='' WHERE id='986254';
INSERT INTO playlist_track VALUES('192085','986254');
INSERT INTO track VALUES('986255','Ambient Yoga Meditation Chillout Relax Wellness Rain Forrest Atmosphere Theme 008','http://www.jamendo.com/es/track/986255','','','154','http://mp3l.jamendo.com/?trackid=986255&format=mp31&u=0');
UPDATE track SET album_id='116084' WHERE id='986255';
UPDATE track SET text='' WHERE id='986255';
INSERT INTO track VALUES('986256','Ambient Yoga Meditation Chillout Relax Wellness Waterfall Atmosphere Theme 002','http://www.jamendo.com/es/track/986256','','','154','http://mp3l.jamendo.com/?trackid=986256&format=mp31&u=0');
UPDATE track SET album_id='116084' WHERE id='986256';
UPDATE track SET text='' WHERE id='986256';
INSERT INTO track VALUES('986257','Ambient Yoga Meditation Chillout Relax Wellness Waterfall Atmosphere Theme 006','http://www.jamendo.com/es/track/986257','','','118','http://mp3l.jamendo.com/?trackid=986257&format=mp31&u=0');
UPDATE track SET album_id='116084' WHERE id='986257';
UPDATE track SET text='' WHERE id='986257';
INSERT INTO track VALUES('986258','Ambient Yoga Meditation Chillout Relax Wellness Rain Forrest Atmosphere Theme 005','http://www.jamendo.com/es/track/986258','','','158','http://mp3l.jamendo.com/?trackid=986258&format=mp31&u=0');
UPDATE track SET album_id='116084' WHERE id='986258';
UPDATE track SET text='' WHERE id='986258';
INSERT INTO track VALUES('986259','Ambient Yoga Meditation Chillout Relax Wellness Waterfall Atmosphere Theme 005','http://www.jamendo.com/es/track/986259','','','155','http://mp3l.jamendo.com/?trackid=986259&format=mp31&u=0');
UPDATE track SET album_id='116084' WHERE id='986259';
UPDATE track SET text='' WHERE id='986259';
INSERT INTO track VALUES('986260','Ambient Yoga Meditation Chillout Relax Wellness Waterfall Atmosphere Theme 009','http://www.jamendo.com/es/track/986260','','','153','http://mp3l.jamendo.com/?trackid=986260&format=mp31&u=0');
UPDATE track SET album_id='116084' WHERE id='986260';
UPDATE track SET text='' WHERE id='986260';
INSERT INTO track VALUES('986261','Ambient Yoga Meditation Chillout Relax Wellness Rain Forrest Atmosphere Theme 009','http://www.jamendo.com/es/track/986261','','','140','http://mp3l.jamendo.com/?trackid=986261&format=mp31&u=0');
UPDATE track SET album_id='116084' WHERE id='986261';
UPDATE track SET text='' WHERE id='986261';
INSERT INTO playlist_track VALUES('192085','986261');
INSERT INTO track VALUES('986262','Ambient Yoga Meditation Chillout Relax Wellness Rain Forrest Atmosphere Theme 002','http://www.jamendo.com/es/track/986262','','','152','http://mp3l.jamendo.com/?trackid=986262&format=mp31&u=0');
UPDATE track SET album_id='116084' WHERE id='986262';
UPDATE track SET text='' WHERE id='986262';
INSERT INTO playlist_track VALUES('226942','986262');
INSERT INTO playlist_track VALUES('227114','986262');
INSERT INTO playlist_track VALUES('227292','986262');
INSERT INTO playlist_track VALUES('227489','986262');
INSERT INTO playlist_track VALUES('227517','986262');
INSERT INTO track VALUES('986263','Ambient Yoga Meditation Chillout Relax Wellness Waterfall Atmosphere Theme 004','http://www.jamendo.com/es/track/986263','','','155','http://mp3l.jamendo.com/?trackid=986263&format=mp31&u=0');
UPDATE track SET album_id='116084' WHERE id='986263';
UPDATE track SET text='' WHERE id='986263';
INSERT INTO track VALUES('986264','Ambient Yoga Meditation Chillout Relax Wellness Rain Forrest Atmosphere Theme 006','http://www.jamendo.com/es/track/986264','','','152','http://mp3l.jamendo.com/?trackid=986264&format=mp31&u=0');
UPDATE track SET album_id='116084' WHERE id='986264';
UPDATE track SET text='' WHERE id='986264';
INSERT INTO track VALUES('986265','Ambient Yoga Meditation Chillout Relax Wellness Waterfall Atmosphere Theme 007','http://www.jamendo.com/es/track/986265','','','154','http://mp3l.jamendo.com/?trackid=986265&format=mp31&u=0');
UPDATE track SET album_id='116084' WHERE id='986265';
UPDATE track SET text='' WHERE id='986265';
INSERT INTO track VALUES('986266','Ambient Yoga Meditation Chillout Relax Wellness Rain Forrest Atmosphere Theme 012','http://www.jamendo.com/es/track/986266','','','139','http://mp3l.jamendo.com/?trackid=986266&format=mp31&u=0');
UPDATE track SET album_id='116084' WHERE id='986266';
UPDATE track SET text='' WHERE id='986266';
INSERT INTO track VALUES('986267','Ambient Yoga Meditation Chillout Relax Wellness Rain Forrest Atmosphere Theme 003','http://www.jamendo.com/es/track/986267','','','149','http://mp3l.jamendo.com/?trackid=986267&format=mp31&u=0');
UPDATE track SET album_id='116084' WHERE id='986267';
UPDATE track SET text='' WHERE id='986267';
INSERT INTO playlist_track VALUES('192085','986267');
INSERT INTO track VALUES('986268','Ambient Yoga Meditation Chillout Relax Wellness Rain Forrest Atmosphere Theme 001','http://www.jamendo.com/es/track/986268','','','156','http://mp3l.jamendo.com/?trackid=986268&format=mp31&u=0');
UPDATE track SET album_id='116084' WHERE id='986268';
UPDATE track SET text='' WHERE id='986268';
INSERT INTO playlist_track VALUES('192085','986268');
INSERT INTO album VALUES('116089',' Awesome Fall Yoga Meditation Chillout Relax Wellness Instrumental Moods Album n°12','http://www.jamendo.com/es/album/116089','http://imgjam.com/albums/s116/116089/covers/1.100.jpg','2','2620','electronic');
UPDATE album SET artist_id='420766' WHERE id='116089';
INSERT INTO track VALUES('986269','Awesome Fall Yoga Meditation Chillout Relax Wellness Moods 005','http://www.jamendo.com/es/track/986269','','','151','http://mp3l.jamendo.com/?trackid=986269&format=mp31&u=0');
UPDATE track SET album_id='116089' WHERE id='986269';
UPDATE track SET text='' WHERE id='986269';
INSERT INTO playlist_track VALUES('192085','986269');
INSERT INTO track VALUES('986270','Awesome Fall Yoga Meditation Chillout Relax Wellness Moods 001','http://www.jamendo.com/es/track/986270','','','154','http://mp3l.jamendo.com/?trackid=986270&format=mp31&u=0');
UPDATE track SET album_id='116089' WHERE id='986270';
UPDATE track SET text='' WHERE id='986270';
INSERT INTO track VALUES('986271','Awesome Fall Yoga Meditation Chillout Relax Wellness Moods 009','http://www.jamendo.com/es/track/986271','','','154','http://mp3l.jamendo.com/?trackid=986271&format=mp31&u=0');
UPDATE track SET album_id='116089' WHERE id='986271';
UPDATE track SET text='' WHERE id='986271';
INSERT INTO playlist_track VALUES('227539','986271');
INSERT INTO playlist_track VALUES('227781','986271');
INSERT INTO track VALUES('986272','Awesome Fall Yoga Meditation Chillout Relax Wellness Moods 002','http://www.jamendo.com/es/track/986272','','','150','http://mp3l.jamendo.com/?trackid=986272&format=mp31&u=0');
UPDATE track SET album_id='116089' WHERE id='986272';
UPDATE track SET text='' WHERE id='986272';
INSERT INTO track VALUES('986273','Beautiful Autumn Meditation Chillout Relax Wellness Moods 006','http://www.jamendo.com/es/track/986273','','','152','http://mp3l.jamendo.com/?trackid=986273&format=mp31&u=0');
UPDATE track SET album_id='116089' WHERE id='986273';
UPDATE track SET text='' WHERE id='986273';
INSERT INTO playlist_track VALUES('192085','986273');
INSERT INTO playlist_track VALUES('227539','986273');
INSERT INTO playlist_track VALUES('227781','986273');
INSERT INTO track VALUES('986274','Awesome Fall Yoga Meditation Chillout Relax Wellness Moods 006','http://www.jamendo.com/es/track/986274','','','158','http://mp3l.jamendo.com/?trackid=986274&format=mp31&u=0');
UPDATE track SET album_id='116089' WHERE id='986274';
UPDATE track SET text='' WHERE id='986274';
INSERT INTO playlist_track VALUES('226942','986274');
INSERT INTO playlist_track VALUES('227114','986274');
INSERT INTO playlist_track VALUES('192085','986274');
INSERT INTO playlist_track VALUES('227292','986274');
INSERT INTO playlist_track VALUES('227489','986274');
INSERT INTO playlist_track VALUES('227539','986274');
INSERT INTO playlist_track VALUES('227781','986274');
INSERT INTO track VALUES('986275','Beautiful Autumn Meditation Chillout Relax Wellness Moods 002','http://www.jamendo.com/es/track/986275','','','152','http://mp3l.jamendo.com/?trackid=986275&format=mp31&u=0');
UPDATE track SET album_id='116089' WHERE id='986275';
UPDATE track SET text='' WHERE id='986275';
INSERT INTO playlist_track VALUES('226942','986275');
INSERT INTO playlist_track VALUES('227114','986275');
INSERT INTO playlist_track VALUES('227292','986275');
INSERT INTO playlist_track VALUES('227489','986275');
INSERT INTO playlist_track VALUES('227539','986275');
INSERT INTO playlist_track VALUES('227781','986275');
INSERT INTO track VALUES('986276','Awesome Fall Yoga Meditation Chillout Relax Wellness Moods 003','http://www.jamendo.com/es/track/986276','','','151','http://mp3l.jamendo.com/?trackid=986276&format=mp31&u=0');
UPDATE track SET album_id='116089' WHERE id='986276';
UPDATE track SET text='' WHERE id='986276';
INSERT INTO track VALUES('986277','Beautiful Autumn Meditation Chillout Relax Wellness Moods 003','http://www.jamendo.com/es/track/986277','','','158','http://mp3l.jamendo.com/?trackid=986277&format=mp31&u=0');
UPDATE track SET album_id='116089' WHERE id='986277';
UPDATE track SET text='' WHERE id='986277';
INSERT INTO playlist_track VALUES('226942','986277');
INSERT INTO playlist_track VALUES('227114','986277');
INSERT INTO playlist_track VALUES('227292','986277');
INSERT INTO playlist_track VALUES('227489','986277');
INSERT INTO playlist_track VALUES('227539','986277');
INSERT INTO playlist_track VALUES('227781','986277');
INSERT INTO track VALUES('986278','Awesome Fall Yoga Meditation Chillout Relax Wellness Moods 007','http://www.jamendo.com/es/track/986278','','','158','http://mp3l.jamendo.com/?trackid=986278&format=mp31&u=0');
UPDATE track SET album_id='116089' WHERE id='986278';
UPDATE track SET text='' WHERE id='986278';
INSERT INTO track VALUES('986279','Awesome Fall Yoga Meditation Chillout Relax Wellness Moods 010','http://www.jamendo.com/es/track/986279','','','155','http://mp3l.jamendo.com/?trackid=986279&format=mp31&u=0');
UPDATE track SET album_id='116089' WHERE id='986279';
UPDATE track SET text='' WHERE id='986279';
INSERT INTO playlist_track VALUES('192085','986279');
INSERT INTO track VALUES('986280','Awesome Fall Yoga Meditation Chillout Relax Wellness Moods 004','http://www.jamendo.com/es/track/986280','','','158','http://mp3l.jamendo.com/?trackid=986280&format=mp31&u=0');
UPDATE track SET album_id='116089' WHERE id='986280';
UPDATE track SET text='' WHERE id='986280';
INSERT INTO playlist_track VALUES('226942','986280');
INSERT INTO playlist_track VALUES('227114','986280');
INSERT INTO playlist_track VALUES('227292','986280');
INSERT INTO playlist_track VALUES('227489','986280');
INSERT INTO playlist_track VALUES('227539','986280');
INSERT INTO playlist_track VALUES('227781','986280');
INSERT INTO track VALUES('986281','Beautiful Autumn Meditation Chillout Relax Wellness Moods 001','http://www.jamendo.com/es/track/986281','','','151','http://mp3l.jamendo.com/?trackid=986281&format=mp31&u=0');
UPDATE track SET album_id='116089' WHERE id='986281';
UPDATE track SET text='' WHERE id='986281';
INSERT INTO playlist_track VALUES('192085','986281');
INSERT INTO track VALUES('986282','Beautiful Autumn Meditation Chillout Relax Wellness Moods 005','http://www.jamendo.com/es/track/986282','','','154','http://mp3l.jamendo.com/?trackid=986282&format=mp31&u=0');
UPDATE track SET album_id='116089' WHERE id='986282';
UPDATE track SET text='' WHERE id='986282';
INSERT INTO playlist_track VALUES('192085','986282');
INSERT INTO track VALUES('986283','Awesome Fall Yoga Meditation Chillout Relax Wellness Moods 008','http://www.jamendo.com/es/track/986283','','','150','http://mp3l.jamendo.com/?trackid=986283&format=mp31&u=0');
UPDATE track SET album_id='116089' WHERE id='986283';
UPDATE track SET text='' WHERE id='986283';
INSERT INTO track VALUES('986284','Beautiful Autumn Meditation Chillout Relax Wellness Moods 007','http://www.jamendo.com/es/track/986284','','','159','http://mp3l.jamendo.com/?trackid=986284&format=mp31&u=0');
UPDATE track SET album_id='116089' WHERE id='986284';
UPDATE track SET text='' WHERE id='986284';
INSERT INTO playlist_track VALUES('192085','986284');
INSERT INTO playlist_track VALUES('227539','986284');
INSERT INTO playlist_track VALUES('227781','986284');
INSERT INTO track VALUES('986285','Beautiful Autumn Meditation Chillout Relax Wellness Moods 004','http://www.jamendo.com/es/track/986285','','','155','http://mp3l.jamendo.com/?trackid=986285&format=mp31&u=0');
UPDATE track SET album_id='116089' WHERE id='986285';
UPDATE track SET text='' WHERE id='986285';
INSERT INTO playlist_track VALUES('192085','986285');
INSERT INTO album VALUES('116090',' Beautiful Emotional Moving Ambient Instrumental Atmosphere Piano Soundscape Soundtrack Album n°13','http://www.jamendo.com/es/album/116090','http://imgjam.com/albums/s116/116090/covers/1.100.jpg','3','437','electronic');
UPDATE album SET artist_id='420766' WHERE id='116090';
INSERT INTO track VALUES('986339','Beautiful Emotional Moving Ambient Atmosphere Soundtrack 001','http://www.jamendo.com/es/track/986339','','','107','http://mp3l.jamendo.com/?trackid=986339&format=mp31&u=0');
UPDATE track SET album_id='116090' WHERE id='986339';
UPDATE track SET text='' WHERE id='986339';
INSERT INTO playlist_track VALUES('226942','986339');
INSERT INTO playlist_track VALUES('227114','986339');
INSERT INTO playlist_track VALUES('192085','986339');
INSERT INTO playlist_track VALUES('227292','986339');
INSERT INTO playlist_track VALUES('227489','986339');
INSERT INTO playlist_track VALUES('227517','986339');
INSERT INTO playlist_track VALUES('227539','986339');
INSERT INTO playlist_track VALUES('227781','986339');
INSERT INTO track VALUES('986336','Beautiful Emotional Moving Ambient Atmosphere Soundtrack 004','http://www.jamendo.com/es/track/986336','','','134','http://mp3l.jamendo.com/?trackid=986336&format=mp31&u=0');
UPDATE track SET album_id='116090' WHERE id='986336';
UPDATE track SET text='' WHERE id='986336';
INSERT INTO track VALUES('986337','Beautiful Emotional Moving Ambient Atmosphere Soundtrack 007','http://www.jamendo.com/es/track/986337','','','91','http://mp3l.jamendo.com/?trackid=986337&format=mp31&u=0');
UPDATE track SET album_id='116090' WHERE id='986337';
UPDATE track SET text='' WHERE id='986337';
INSERT INTO playlist_track VALUES('226942','986337');
INSERT INTO playlist_track VALUES('227114','986337');
INSERT INTO playlist_track VALUES('192085','986337');
INSERT INTO playlist_track VALUES('227292','986337');
INSERT INTO playlist_track VALUES('227489','986337');
INSERT INTO playlist_track VALUES('227539','986337');
INSERT INTO playlist_track VALUES('227781','986337');
INSERT INTO track VALUES('986338','Beautiful Emotional Moving Ambient Atmosphere Soundtrack 010','http://www.jamendo.com/es/track/986338','','','105','http://mp3l.jamendo.com/?trackid=986338&format=mp31&u=0');
UPDATE track SET album_id='116090' WHERE id='986338';
UPDATE track SET text='' WHERE id='986338';
INSERT INTO playlist_track VALUES('226942','986338');
INSERT INTO playlist_track VALUES('227114','986338');
INSERT INTO playlist_track VALUES('227292','986338');
INSERT INTO playlist_track VALUES('227489','986338');
INSERT INTO playlist_track VALUES('227539','986338');
INSERT INTO playlist_track VALUES('227781','986338');
INSERT INTO album VALUES('116093',' Beautiful Relaxed Calm Slow Grand Piano Bar Lounge Restaurant Nightclub Theme Album n°14','http://www.jamendo.com/es/album/116093','http://imgjam.com/albums/s116/116093/covers/1.100.jpg','2','2290','classical');
UPDATE album SET artist_id='420766' WHERE id='116093';
INSERT INTO track VALUES('986340','Beautiful Relaxed Emotional Grand Piano Bar Lounge Nightclub Theme 002','http://www.jamendo.com/es/track/986340','','','187','http://mp3l.jamendo.com/?trackid=986340&format=mp31&u=0');
UPDATE track SET album_id='116093' WHERE id='986340';
UPDATE track SET text='' WHERE id='986340';
INSERT INTO track VALUES('986341','Beautiful Relaxed Emotional Grand Piano Bar Lounge Nightclub Theme 006','http://www.jamendo.com/es/track/986341','','','144','http://mp3l.jamendo.com/?trackid=986341&format=mp31&u=0');
UPDATE track SET album_id='116093' WHERE id='986341';
UPDATE track SET text='' WHERE id='986341';
INSERT INTO track VALUES('986342','Beautiful Relaxed Calm Slow Grand Piano Bar Lounge Restaurant Nightclub Theme 003','http://www.jamendo.com/es/track/986342','','','146','http://mp3l.jamendo.com/?trackid=986342&format=mp31&u=0');
UPDATE track SET album_id='116093' WHERE id='986342';
UPDATE track SET text='' WHERE id='986342';
INSERT INTO track VALUES('986343','Beautiful Relaxed Emotional Grand Piano Bar Lounge Nightclub Theme 009','http://www.jamendo.com/es/track/986343','','','91','http://mp3l.jamendo.com/?trackid=986343&format=mp31&u=0');
UPDATE track SET album_id='116093' WHERE id='986343';
UPDATE track SET text='' WHERE id='986343';
INSERT INTO track VALUES('986344','Beautiful Relaxed Emotional Grand Piano Bar Lounge Nightclub Theme 003','http://www.jamendo.com/es/track/986344','','','193','http://mp3l.jamendo.com/?trackid=986344&format=mp31&u=0');
UPDATE track SET album_id='116093' WHERE id='986344';
UPDATE track SET text='' WHERE id='986344';
INSERT INTO track VALUES('986345','Beautiful Relaxed Emotional Grand Piano Bar Lounge Nightclub Theme 008','http://www.jamendo.com/es/track/986345','','','163','http://mp3l.jamendo.com/?trackid=986345&format=mp31&u=0');
UPDATE track SET album_id='116093' WHERE id='986345';
UPDATE track SET text='' WHERE id='986345';
INSERT INTO track VALUES('986346','Beautiful Relaxed Calm Slow Grand Piano Bar Lounge Restaurant Nightclub Theme 004','http://www.jamendo.com/es/track/986346','','','208','http://mp3l.jamendo.com/?trackid=986346&format=mp31&u=0');
UPDATE track SET album_id='116093' WHERE id='986346';
UPDATE track SET text='' WHERE id='986346';
INSERT INTO track VALUES('986347','Beautiful Relaxed Emotional Grand Piano Bar Lounge Nightclub Theme 007','http://www.jamendo.com/es/track/986347','','','201','http://mp3l.jamendo.com/?trackid=986347&format=mp31&u=0');
UPDATE track SET album_id='116093' WHERE id='986347';
UPDATE track SET text='' WHERE id='986347';
INSERT INTO track VALUES('986348','Beautiful Relaxed Emotional Grand Piano Bar Lounge Nightclub Theme 004','http://www.jamendo.com/es/track/986348','','','125','http://mp3l.jamendo.com/?trackid=986348&format=mp31&u=0');
UPDATE track SET album_id='116093' WHERE id='986348';
UPDATE track SET text='' WHERE id='986348';
INSERT INTO track VALUES('986349','Beautiful Relaxed Emotional Grand Piano Bar Lounge Nightclub Theme 010','http://www.jamendo.com/es/track/986349','','','167','http://mp3l.jamendo.com/?trackid=986349&format=mp31&u=0');
UPDATE track SET album_id='116093' WHERE id='986349';
UPDATE track SET text='' WHERE id='986349';
INSERT INTO track VALUES('986350','Beautiful Relaxed Emotional Grand Piano Bar Lounge Nightclub Theme 001','http://www.jamendo.com/es/track/986350','','','176','http://mp3l.jamendo.com/?trackid=986350&format=mp31&u=0');
UPDATE track SET album_id='116093' WHERE id='986350';
UPDATE track SET text='' WHERE id='986350';
INSERT INTO track VALUES('986351','Beautiful Relaxed Calm Slow Grand Piano Bar Lounge Restaurant Nightclub Theme 001','http://www.jamendo.com/es/track/986351','','','186','http://mp3l.jamendo.com/?trackid=986351&format=mp31&u=0');
UPDATE track SET album_id='116093' WHERE id='986351';
UPDATE track SET text='' WHERE id='986351';
INSERT INTO track VALUES('986352','Beautiful Relaxed Emotional Grand Piano Bar Lounge Nightclub Theme 005','http://www.jamendo.com/es/track/986352','','','134','http://mp3l.jamendo.com/?trackid=986352&format=mp31&u=0');
UPDATE track SET album_id='116093' WHERE id='986352';
UPDATE track SET text='' WHERE id='986352';
INSERT INTO track VALUES('986353','Beautiful Relaxed Calm Slow Grand Piano Bar Lounge Restaurant Nightclub Theme 002','http://www.jamendo.com/es/track/986353','','','169','http://mp3l.jamendo.com/?trackid=986353&format=mp31&u=0');
UPDATE track SET album_id='116093' WHERE id='986353';
UPDATE track SET text='' WHERE id='986353';
INSERT INTO album VALUES('116095','Yoga Meditation Chillout Relax Wellness Meditative Moods Album n°15','http://www.jamendo.com/es/album/116095','http://imgjam.com/albums/s116/116095/covers/1.100.jpg','2','1674');
UPDATE album SET artist_id='420766' WHERE id='116095';
INSERT INTO track VALUES('986365','Bright Summer Yoga Meditation Chillout Relax Wellness Moods 007','http://www.jamendo.com/es/track/986365','','','156','http://mp3l.jamendo.com/?trackid=986365&format=mp31&u=0');
UPDATE track SET album_id='116095' WHERE id='986365';
UPDATE track SET text='' WHERE id='986365';
INSERT INTO track VALUES('986366','Bright Summer Yoga Meditation Chillout Relax Wellness Moods 009','http://www.jamendo.com/es/track/986366','','','156','http://mp3l.jamendo.com/?trackid=986366&format=mp31&u=0');
UPDATE track SET album_id='116095' WHERE id='986366';
UPDATE track SET text='' WHERE id='986366';
INSERT INTO track VALUES('986367','Bright Summer Yoga Meditation Chillout Relax Wellness Moods 002','http://www.jamendo.com/es/track/986367','','','149','http://mp3l.jamendo.com/?trackid=986367&format=mp31&u=0');
UPDATE track SET album_id='116095' WHERE id='986367';
UPDATE track SET text='' WHERE id='986367';
INSERT INTO playlist_track VALUES('192085','986367');
INSERT INTO track VALUES('986368','Bright Summer Yoga Meditation Chillout Relax Wellness Moods 004','http://www.jamendo.com/es/track/986368','','','153','http://mp3l.jamendo.com/?trackid=986368&format=mp31&u=0');
UPDATE track SET album_id='116095' WHERE id='986368';
UPDATE track SET text='' WHERE id='986368';
INSERT INTO track VALUES('986369','Bright Summer Yoga Meditation Chillout Relax Wellness Moods 006','http://www.jamendo.com/es/track/986369','','','149','http://mp3l.jamendo.com/?trackid=986369&format=mp31&u=0');
UPDATE track SET album_id='116095' WHERE id='986369';
UPDATE track SET text='' WHERE id='986369';
INSERT INTO track VALUES('986370','Bright Summer Yoga Meditation Chillout Relax Wellness Moods 011','http://www.jamendo.com/es/track/986370','','','152','http://mp3l.jamendo.com/?trackid=986370&format=mp31&u=0');
UPDATE track SET album_id='116095' WHERE id='986370';
UPDATE track SET text='' WHERE id='986370';
INSERT INTO track VALUES('986371','Bright Summer Yoga Meditation Chillout Relax Wellness Moods 008','http://www.jamendo.com/es/track/986371','','','149','http://mp3l.jamendo.com/?trackid=986371&format=mp31&u=0');
UPDATE track SET album_id='116095' WHERE id='986371';
UPDATE track SET text='' WHERE id='986371';
INSERT INTO track VALUES('986372','Bright Summer Yoga Meditation Chillout Relax Wellness Moods 010','http://www.jamendo.com/es/track/986372','','','156','http://mp3l.jamendo.com/?trackid=986372&format=mp31&u=0');
UPDATE track SET album_id='116095' WHERE id='986372';
UPDATE track SET text='' WHERE id='986372';
INSERT INTO track VALUES('986373','Bright Summer Yoga Meditation Chillout Relax Wellness Moods 003','http://www.jamendo.com/es/track/986373','','','156','http://mp3l.jamendo.com/?trackid=986373&format=mp31&u=0');
UPDATE track SET album_id='116095' WHERE id='986373';
UPDATE track SET text='' WHERE id='986373';
INSERT INTO track VALUES('986374','Bright Summer Yoga Meditation Chillout Relax Wellness Moods 005','http://www.jamendo.com/es/track/986374','','','149','http://mp3l.jamendo.com/?trackid=986374&format=mp31&u=0');
UPDATE track SET album_id='116095' WHERE id='986374';
UPDATE track SET text='' WHERE id='986374';
INSERT INTO track VALUES('986375','Bright Summer Yoga Meditation Chillout Relax Wellness Moods 001','http://www.jamendo.com/es/track/986375','','','149','http://mp3l.jamendo.com/?trackid=986375&format=mp31&u=0');
UPDATE track SET album_id='116095' WHERE id='986375';
UPDATE track SET text='' WHERE id='986375';
INSERT INTO playlist_track VALUES('226942','986375');
INSERT INTO playlist_track VALUES('227114','986375');
INSERT INTO playlist_track VALUES('227292','986375');
INSERT INTO playlist_track VALUES('227489','986375');
INSERT INTO playlist_track VALUES('227539','986375');
INSERT INTO playlist_track VALUES('227781','986375');
INSERT INTO album VALUES('116099',' Cinematic Ambient Atmosphere Beautiful Emotional Sad Sentimental Expressive Motion Picture Arts Theme Soundtrack Soundscape Album n°16','http://www.jamendo.com/es/album/116099','http://imgjam.com/albums/s116/116099/covers/1.100.jpg','2','1436','electronic');
UPDATE album SET artist_id='420766' WHERE id='116099';
INSERT INTO track VALUES('986403','Cinematic Ambient Atmosphere Beautiful Peaceful Sentimental Lovely Romantic Slow Motion Picture Arts Theme Soundtrack','http://www.jamendo.com/es/track/986403','','','89','http://mp3l.jamendo.com/?trackid=986403&format=mp31&u=0');
UPDATE track SET album_id='116099' WHERE id='986403';
UPDATE track SET text='' WHERE id='986403';
INSERT INTO track VALUES('986404','Cinematic Ambient Atmosphere Beautiful Magical Nights Theme Soundtrack','http://www.jamendo.com/es/track/986404','','','131','http://mp3l.jamendo.com/?trackid=986404&format=mp31&u=0');
UPDATE track SET album_id='116099' WHERE id='986404';
UPDATE track SET text='' WHERE id='986404';
INSERT INTO track VALUES('986405','Cinematic Ambient Atmosphere Beautiful Sentimental Moving Touching Slow Theatrical Works Theme Soundtrack','http://www.jamendo.com/es/track/986405','','','103','http://mp3l.jamendo.com/?trackid=986405&format=mp31&u=0');
UPDATE track SET album_id='116099' WHERE id='986405';
UPDATE track SET text='' WHERE id='986405';
INSERT INTO track VALUES('986406','Cinematic Ambient Atmosphere Beautiful Peaceful Emotional Expressive Theatrical Works Theme Soundtrack','http://www.jamendo.com/es/track/986406','','','94','http://mp3l.jamendo.com/?trackid=986406&format=mp31&u=0');
UPDATE track SET album_id='116099' WHERE id='986406';
UPDATE track SET text='' WHERE id='986406';
INSERT INTO track VALUES('986407','Cinematic Ambient Atmosphere Beautiful Sad Sentimental Moving Touching Slow Theatrical Works Theme Soundtrack','http://www.jamendo.com/es/track/986407','','','105','http://mp3l.jamendo.com/?trackid=986407&format=mp31&u=0');
UPDATE track SET album_id='116099' WHERE id='986407';
UPDATE track SET text='' WHERE id='986407';
INSERT INTO track VALUES('986408','Cinematic Ambient Atmosphere Beautiful Magical Notes Theme Soundtrack','http://www.jamendo.com/es/track/986408','','','117','http://mp3l.jamendo.com/?trackid=986408&format=mp31&u=0');
UPDATE track SET album_id='116099' WHERE id='986408';
UPDATE track SET text='' WHERE id='986408';
INSERT INTO track VALUES('986409','Cinematic Ambient Atmosphere Beautiful Sad Melancholic Heartbroken Motion Picture Arts Theme Soundtrack','http://www.jamendo.com/es/track/986409','','','101','http://mp3l.jamendo.com/?trackid=986409&format=mp31&u=0');
UPDATE track SET album_id='116099' WHERE id='986409';
UPDATE track SET text='' WHERE id='986409';
INSERT INTO track VALUES('986410','Cinematic Ambient Atmosphere Beautiful Peaceful Majestic Lovely Motion Picture Arts Theme Soundtrack','http://www.jamendo.com/es/track/986410','','','108','http://mp3l.jamendo.com/?trackid=986410&format=mp31&u=0');
UPDATE track SET album_id='116099' WHERE id='986410';
UPDATE track SET text='' WHERE id='986410';
INSERT INTO track VALUES('986411','Cinematic Ambient Atmosphere Beautiful Magical Works Theme Soundtrack','http://www.jamendo.com/es/track/986411','','','100','http://mp3l.jamendo.com/?trackid=986411&format=mp31&u=0');
UPDATE track SET album_id='116099' WHERE id='986411';
UPDATE track SET text='' WHERE id='986411';
INSERT INTO track VALUES('986412','Cinematic Ambient Atmosphere Beautiful Emotional Sad Sentimental Expressive Motion Picture Arts Theme Soundtrack','http://www.jamendo.com/es/track/986412','','','103','http://mp3l.jamendo.com/?trackid=986412&format=mp31&u=0');
UPDATE track SET album_id='116099' WHERE id='986412';
UPDATE track SET text='' WHERE id='986412';
INSERT INTO track VALUES('986413','Cinematic Ambient Atmosphere Beautiful Peaceful Majestic Moving Slow Theatrical Works Theme Soundtrack','http://www.jamendo.com/es/track/986413','','','137','http://mp3l.jamendo.com/?trackid=986413&format=mp31&u=0');
UPDATE track SET album_id='116099' WHERE id='986413';
UPDATE track SET text='' WHERE id='986413';
INSERT INTO track VALUES('986414','Cinematic Ambient Atmosphere Beautiful Magical Love Theme Soundtrack','http://www.jamendo.com/es/track/986414','','','92','http://mp3l.jamendo.com/?trackid=986414&format=mp31&u=0');
UPDATE track SET album_id='116099' WHERE id='986414';
UPDATE track SET text='' WHERE id='986414';
INSERT INTO track VALUES('986415','Cinematic Ambient Atmosphere Beautiful Magical Worlds Theme Soundtrack','http://www.jamendo.com/es/track/986415','','','156','http://mp3l.jamendo.com/?trackid=986415&format=mp31&u=0');
UPDATE track SET album_id='116099' WHERE id='986415';
UPDATE track SET text='' WHERE id='986415';
INSERT INTO album VALUES('116186','Beautiful Spring Meditation Chillout Relax Wellness Moods Instrumental Album n°17','http://www.jamendo.com/es/album/116186','http://imgjam.com/albums/s116/116186/covers/1.100.jpg','2','3078','newage');
UPDATE album SET artist_id='420766' WHERE id='116186';
INSERT INTO track VALUES('987122','Beautiful Spring Meditation Chillout Relax Wellness Moods 002','http://www.jamendo.com/es/track/987122','','','266','http://mp3l.jamendo.com/?trackid=987122&format=mp31&u=0');
UPDATE track SET album_id='116186' WHERE id='987122';
UPDATE track SET text='' WHERE id='987122';
INSERT INTO playlist_track VALUES('192085','987122');
INSERT INTO track VALUES('987123','Beautiful Spring Meditation Chillout Relax Wellness Moods 004','http://www.jamendo.com/es/track/987123','','','266','http://mp3l.jamendo.com/?trackid=987123&format=mp31&u=0');
UPDATE track SET album_id='116186' WHERE id='987123';
UPDATE track SET text='' WHERE id='987123';
INSERT INTO playlist_track VALUES('192085','987123');
INSERT INTO track VALUES('987124','Beautiful Spring Meditation Chillout Relax Wellness Moods 006','http://www.jamendo.com/es/track/987124','','','266','http://mp3l.jamendo.com/?trackid=987124&format=mp31&u=0');
UPDATE track SET album_id='116186' WHERE id='987124';
UPDATE track SET text='' WHERE id='987124';
INSERT INTO playlist_track VALUES('192085','987124');
INSERT INTO playlist_track VALUES('227539','987124');
INSERT INTO playlist_track VALUES('227781','987124');
INSERT INTO track VALUES('987125','Beautiful Spring Meditation Chillout Relax Wellness Moods 008','http://www.jamendo.com/es/track/987125','','','266','http://mp3l.jamendo.com/?trackid=987125&format=mp31&u=0');
UPDATE track SET album_id='116186' WHERE id='987125';
UPDATE track SET text='' WHERE id='987125';
INSERT INTO playlist_track VALUES('192085','987125');
INSERT INTO track VALUES('987126','Beautiful Spring Meditation Chillout Relax Wellness Moods 003','http://www.jamendo.com/es/track/987126','','','266','http://mp3l.jamendo.com/?trackid=987126&format=mp31&u=0');
UPDATE track SET album_id='116186' WHERE id='987126';
UPDATE track SET text='' WHERE id='987126';
INSERT INTO playlist_track VALUES('226942','987126');
INSERT INTO playlist_track VALUES('227114','987126');
INSERT INTO playlist_track VALUES('227292','987126');
INSERT INTO playlist_track VALUES('227489','987126');
INSERT INTO playlist_track VALUES('227539','987126');
INSERT INTO playlist_track VALUES('227781','987126');
INSERT INTO track VALUES('987127','Beautiful Spring Meditation Chillout Relax Wellness Moods 005','http://www.jamendo.com/es/track/987127','','','267','http://mp3l.jamendo.com/?trackid=987127&format=mp31&u=0');
UPDATE track SET album_id='116186' WHERE id='987127';
UPDATE track SET text='' WHERE id='987127';
INSERT INTO playlist_track VALUES('226942','987127');
INSERT INTO playlist_track VALUES('227114','987127');
INSERT INTO playlist_track VALUES('192085','987127');
INSERT INTO playlist_track VALUES('227292','987127');
INSERT INTO playlist_track VALUES('227489','987127');
INSERT INTO playlist_track VALUES('227539','987127');
INSERT INTO playlist_track VALUES('227781','987127');
INSERT INTO track VALUES('987128','Beautiful Spring Meditation Chillout Relax Wellness Moods 001','http://www.jamendo.com/es/track/987128','','','266','http://mp3l.jamendo.com/?trackid=987128&format=mp31&u=0');
UPDATE track SET album_id='116186' WHERE id='987128';
UPDATE track SET text='' WHERE id='987128';
INSERT INTO playlist_track VALUES('226942','987128');
INSERT INTO playlist_track VALUES('227114','987128');
INSERT INTO playlist_track VALUES('192085','987128');
INSERT INTO playlist_track VALUES('227292','987128');
INSERT INTO playlist_track VALUES('227489','987128');
INSERT INTO playlist_track VALUES('227539','987128');
INSERT INTO playlist_track VALUES('227781','987128');
INSERT INTO track VALUES('987129','Beautiful Spring Meditation Chillout Relax Wellness Moods 007','http://www.jamendo.com/es/track/987129','','','266','http://mp3l.jamendo.com/?trackid=987129&format=mp31&u=0');
UPDATE track SET album_id='116186' WHERE id='987129';
UPDATE track SET text='' WHERE id='987129';
INSERT INTO playlist_track VALUES('192085','987129');
INSERT INTO track VALUES('987130','Beautiful Spring Meditation Chillout Relax Wellness Moods 009','http://www.jamendo.com/es/track/987130','','','266','http://mp3l.jamendo.com/?trackid=987130&format=mp31&u=0');
UPDATE track SET album_id='116186' WHERE id='987130';
UPDATE track SET text='' WHERE id='987130';
INSERT INTO playlist_track VALUES('192085','987130');
INSERT INTO track VALUES('987131','Beautiful Yoga Chillout Atmosphere Moods','http://www.jamendo.com/es/track/987131','','','683','http://mp3l.jamendo.com/?trackid=987131&format=mp31&u=0');
UPDATE track SET album_id='116186' WHERE id='987131';
UPDATE track SET text='' WHERE id='987131';
INSERT INTO album VALUES('116188','Cinematic Ambient Atmosphere Sad Melancholic Sentimental Sorrowful Romantic Motion Picture Arts Theme Soundtrack Album n°18','http://www.jamendo.com/es/album/116188','http://imgjam.com/albums/s116/116188/covers/1.100.jpg','2','1432');
UPDATE album SET artist_id='420766' WHERE id='116188';
INSERT INTO track VALUES('987132','Cinematic Ambient Atmosphere Sad Melancholic Sentimental Sorrowful Romantic Motion Picture Arts Theme Soundtrack','http://www.jamendo.com/es/track/987132','','','92','http://mp3l.jamendo.com/?trackid=987132&format=mp31&u=0');
UPDATE track SET album_id='116188' WHERE id='987132';
UPDATE track SET text='' WHERE id='987132';
INSERT INTO track VALUES('987133','Cinematic Ambient Atmosphere Stunning Emotional Moving Touching Expressive Impulsive Theatrical Works Theme Soundtrack','http://www.jamendo.com/es/track/987133','','','100','http://mp3l.jamendo.com/?trackid=987133&format=mp31&u=0');
UPDATE track SET album_id='116188' WHERE id='987133';
UPDATE track SET text='' WHERE id='987133';
INSERT INTO track VALUES('987134','Cinematic Ambient Atmosphere Stunning Sad Melancholic Sentimental Touching Expressive Theatrical Works Theme Soundtrack','http://www.jamendo.com/es/track/987134','','','116','http://mp3l.jamendo.com/?trackid=987134&format=mp31&u=0');
UPDATE track SET album_id='116188' WHERE id='987134';
UPDATE track SET text='' WHERE id='987134';
INSERT INTO track VALUES('987135','Cinematic Ambient Atmosphere Stunning Emotional Moving Touching Expressive Theatrical Works Theme Soundtrack','http://www.jamendo.com/es/track/987135','','','91','http://mp3l.jamendo.com/?trackid=987135&format=mp31&u=0');
UPDATE track SET album_id='116188' WHERE id='987135';
UPDATE track SET text='' WHERE id='987135';
INSERT INTO track VALUES('987136','Cinematic Ambient Atmosphere Stunning Beautiful Emotional Sentimental Moving Touching Expressive Theatrical Works Theme Soundtrack','http://www.jamendo.com/es/track/987136','','','89','http://mp3l.jamendo.com/?trackid=987136&format=mp31&u=0');
UPDATE track SET album_id='116188' WHERE id='987136';
UPDATE track SET text='' WHERE id='987136';
INSERT INTO track VALUES('987137','Cinematic Ambient Atmosphere Stunning Emotional Touching Expressive Slow Theatrical Works Theme Soundtrack','http://www.jamendo.com/es/track/987137','','','110','http://mp3l.jamendo.com/?trackid=987137&format=mp31&u=0');
UPDATE track SET album_id='116188' WHERE id='987137';
UPDATE track SET text='' WHERE id='987137';
INSERT INTO track VALUES('987138','Cinematic Ambient Atmosphere Stunning Sad Melancholic Touching Heartbroken Slow Theatrical Works Theme Soundtrack','http://www.jamendo.com/es/track/987138','','','121','http://mp3l.jamendo.com/?trackid=987138&format=mp31&u=0');
UPDATE track SET album_id='116188' WHERE id='987138';
UPDATE track SET text='' WHERE id='987138';
INSERT INTO track VALUES('987139','Cinematic Ambient Atmosphere Stunning Beautiful Emotional Touching Expressive Slow Theatrical Works Theme Soundtrack','http://www.jamendo.com/es/track/987139','','','123','http://mp3l.jamendo.com/?trackid=987139&format=mp31&u=0');
UPDATE track SET album_id='116188' WHERE id='987139';
UPDATE track SET text='' WHERE id='987139';
INSERT INTO track VALUES('987140','Cinematic Ambient Atmosphere Stunning Beautiful Peaceful Lovely Theatrical Works Theme Soundtrack','http://www.jamendo.com/es/track/987140','','','111','http://mp3l.jamendo.com/?trackid=987140&format=mp31&u=0');
UPDATE track SET album_id='116188' WHERE id='987140';
UPDATE track SET text='' WHERE id='987140';
INSERT INTO track VALUES('987141','Cinematic Ambient Atmosphere Stunning Beautiful Peaceful Emotional Touching Expressive Theatrical Works Theme Soundtrack','http://www.jamendo.com/es/track/987141','','','125','http://mp3l.jamendo.com/?trackid=987141&format=mp31&u=0');
UPDATE track SET album_id='116188' WHERE id='987141';
UPDATE track SET text='' WHERE id='987141';
INSERT INTO track VALUES('987142','Cinematic Ambient Atmosphere Stunning Beautiful Peaceful Emotional Romantic Slow Theatrical Works Theme Soundtrack','http://www.jamendo.com/es/track/987142','','','124','http://mp3l.jamendo.com/?trackid=987142&format=mp31&u=0');
UPDATE track SET album_id='116188' WHERE id='987142';
UPDATE track SET text='' WHERE id='987142';
INSERT INTO track VALUES('987143','Cinematic Ambient Atmosphere Stunning Sad Melancholic Heartbroken Expressive Theatrical Works Theme Soundtrack','http://www.jamendo.com/es/track/987143','','','132','http://mp3l.jamendo.com/?trackid=987143&format=mp31&u=0');
UPDATE track SET album_id='116188' WHERE id='987143';
UPDATE track SET text='' WHERE id='987143';
INSERT INTO track VALUES('987144','Cinematic Ambient Atmosphere Stunning Emotional Sad Sentimental Moving Touching Slow Theatrical Works Theme Soundtrack','http://www.jamendo.com/es/track/987144','','','98','http://mp3l.jamendo.com/?trackid=987144&format=mp31&u=0');
UPDATE track SET album_id='116188' WHERE id='987144';
UPDATE track SET text='' WHERE id='987144';
INSERT INTO album VALUES('116190','Big Beat Ambient Futuristic Lounge Instrumental Theme Album n°19','http://www.jamendo.com/es/album/116190','http://imgjam.com/albums/s116/116190/covers/1.100.jpg','2','1604','ambient');
UPDATE album SET artist_id='420766' WHERE id='116190';
INSERT INTO track VALUES('987186','Big Beat Lounge Ambient Moods 002','http://www.jamendo.com/es/track/987186','','','116','http://mp3l.jamendo.com/?trackid=987186&format=mp31&u=0');
UPDATE track SET album_id='116190' WHERE id='987186';
UPDATE track SET text='' WHERE id='987186';
INSERT INTO track VALUES('987187','Big Beat Lounge Cool Chillout Vibes','http://www.jamendo.com/es/track/987187','','','143','http://mp3l.jamendo.com/?trackid=987187&format=mp31&u=0');
UPDATE track SET album_id='116190' WHERE id='987187';
UPDATE track SET text='' WHERE id='987187';
INSERT INTO track VALUES('987188','Big Beat Ambient Lounge Successful Business','http://www.jamendo.com/es/track/987188','','','114','http://mp3l.jamendo.com/?trackid=987188&format=mp31&u=0');
UPDATE track SET album_id='116190' WHERE id='987188';
UPDATE track SET text='' WHERE id='987188';
INSERT INTO track VALUES('987189','Big Beat Lounge Ambient Chillout Moods 002','http://www.jamendo.com/es/track/987189','','','231','http://mp3l.jamendo.com/?trackid=987189&format=mp31&u=0');
UPDATE track SET album_id='116190' WHERE id='987189';
UPDATE track SET text='' WHERE id='987189';
INSERT INTO track VALUES('987190','Big Beat Lounge Ambient Moods 001','http://www.jamendo.com/es/track/987190','','','101','http://mp3l.jamendo.com/?trackid=987190&format=mp31&u=0');
UPDATE track SET album_id='116190' WHERE id='987190';
UPDATE track SET text='' WHERE id='987190';
INSERT INTO track VALUES('987191','Big Beat Lounge Epic Chillout Track','http://www.jamendo.com/es/track/987191','','','152','http://mp3l.jamendo.com/?trackid=987191&format=mp31&u=0');
UPDATE track SET album_id='116190' WHERE id='987191';
UPDATE track SET text='' WHERE id='987191';
INSERT INTO track VALUES('987192','Big Beat Lounge Chillout Atmosphere Theme','http://www.jamendo.com/es/track/987192','','','219','http://mp3l.jamendo.com/?trackid=987192&format=mp31&u=0');
UPDATE track SET album_id='116190' WHERE id='987192';
UPDATE track SET text='' WHERE id='987192';
INSERT INTO track VALUES('987193','Big Beat Lounge Epic Business Song','http://www.jamendo.com/es/track/987193','','','105','http://mp3l.jamendo.com/?trackid=987193&format=mp31&u=0');
UPDATE track SET album_id='116190' WHERE id='987193';
UPDATE track SET text='' WHERE id='987193';
INSERT INTO track VALUES('987194','Big Beat Lounge Ambient Chillout Moods 001','http://www.jamendo.com/es/track/987194','','','118','http://mp3l.jamendo.com/?trackid=987194&format=mp31&u=0');
UPDATE track SET album_id='116190' WHERE id='987194';
UPDATE track SET text='' WHERE id='987194';
INSERT INTO track VALUES('987195','Big Beat Lounge Ambient Chillout Moods 003','http://www.jamendo.com/es/track/987195','','','90','http://mp3l.jamendo.com/?trackid=987195&format=mp31&u=0');
UPDATE track SET album_id='116190' WHERE id='987195';
UPDATE track SET text='' WHERE id='987195';
INSERT INTO track VALUES('987196','Big Beat Ambient Futuristic Lounge Theme','http://www.jamendo.com/es/track/987196','','','215','http://mp3l.jamendo.com/?trackid=987196&format=mp31&u=0');
UPDATE track SET album_id='116190' WHERE id='987196';
UPDATE track SET text='' WHERE id='987196';
INSERT INTO album VALUES('116192','Ambient Minimal Electronic Futuristic Technology Business Customer Theme Album n°20','http://www.jamendo.com/es/album/116192','http://imgjam.com/albums/s116/116192/covers/1.100.jpg','3','778','electronic');
UPDATE album SET artist_id='420766' WHERE id='116192';
INSERT INTO track VALUES('987206','Ambient Minimal Electronic Futuristic Technology Business Customer Theme','http://www.jamendo.com/es/track/987206','','','213','http://mp3l.jamendo.com/?trackid=987206&format=mp31&u=0');
UPDATE track SET album_id='116192' WHERE id='987206';
UPDATE track SET text='' WHERE id='987206';
INSERT INTO track VALUES('987203','Ambient Minimal Electronic Futuristic Technology Business Intelligence Theme','http://www.jamendo.com/es/track/987203','','','187','http://mp3l.jamendo.com/?trackid=987203&format=mp31&u=0');
UPDATE track SET album_id='116192' WHERE id='987203';
UPDATE track SET text='' WHERE id='987203';
INSERT INTO track VALUES('987204','Ambient Minimal Electronic Futuristic Technology Business Marketing Theme','http://www.jamendo.com/es/track/987204','','','252','http://mp3l.jamendo.com/?trackid=987204&format=mp31&u=0');
UPDATE track SET album_id='116192' WHERE id='987204';
UPDATE track SET text='' WHERE id='987204';
INSERT INTO track VALUES('987205','Ambient Minimal Electronic Futuristic Technology Business Skills Theme','http://www.jamendo.com/es/track/987205','','','126','http://mp3l.jamendo.com/?trackid=987205&format=mp31&u=0');
UPDATE track SET album_id='116192' WHERE id='987205';
UPDATE track SET text='' WHERE id='987205';
INSERT INTO album VALUES('116195','Cinematic Atmospheric Mysterious Dark Fantasy Choirs Soundscape Theme Soundtrack Album n°21','http://www.jamendo.com/es/album/116195','http://imgjam.com/albums/s116/116195/covers/1.100.jpg','3','377','classical');
UPDATE album SET artist_id='420766' WHERE id='116195';
INSERT INTO track VALUES('987207','Cinematic Atmospheric Mysterious Dark Fantasy Choirs Soundscape Theme Soundtrack','http://www.jamendo.com/es/track/987207','','','134','http://mp3l.jamendo.com/?trackid=987207&format=mp31&u=0');
UPDATE track SET album_id='116195' WHERE id='987207';
UPDATE track SET text='' WHERE id='987207';
INSERT INTO track VALUES('987208','Cinematic Atmospheric Mysterious Dark Fantasy Epic Choirs Soundscape Theme Soundtrack','http://www.jamendo.com/es/track/987208','','','96','http://mp3l.jamendo.com/?trackid=987208&format=mp31&u=0');
UPDATE track SET album_id='116195' WHERE id='987208';
UPDATE track SET text='' WHERE id='987208';
INSERT INTO track VALUES('987209','Cinematic Atmospheric Mysterious Magic Choirs Soundscape Theme Soundtrack','http://www.jamendo.com/es/track/987209','','','147','http://mp3l.jamendo.com/?trackid=987209&format=mp31&u=0');
UPDATE track SET album_id='116195' WHERE id='987209';
UPDATE track SET text='' WHERE id='987209';
INSERT INTO album VALUES('116196','Cinematic Beautiful Emotional Classical Piano Theme Soundtrack Instrumental Album n°22','http://www.jamendo.com/es/album/116196','http://imgjam.com/albums/s116/116196/covers/1.100.jpg','3','849','classical');
UPDATE album SET artist_id='420766' WHERE id='116196';
INSERT INTO track VALUES('987230','Cinematic Beautiful Emotional Expressive Impulsive Concert Grand Piano Masterpieces Theme Soundtrack','http://www.jamendo.com/es/track/987230','','','89','http://mp3l.jamendo.com/?trackid=987230&format=mp31&u=0');
UPDATE track SET album_id='116196' WHERE id='987230';
UPDATE track SET text='' WHERE id='987230';
INSERT INTO track VALUES('987210','Cinematic Beautiful Emotional Classical Piano Theme Soundtrack 011','http://www.jamendo.com/es/track/987210','','','95','http://mp3l.jamendo.com/?trackid=987210&format=mp31&u=0');
UPDATE track SET album_id='116196' WHERE id='987210';
UPDATE track SET text='' WHERE id='987210';
INSERT INTO track VALUES('987211','Cinematic Beautiful Emotional Classical Piano Theme Soundtrack 014','http://www.jamendo.com/es/track/987211','','','124','http://mp3l.jamendo.com/?trackid=987211&format=mp31&u=0');
UPDATE track SET album_id='116196' WHERE id='987211';
UPDATE track SET text='' WHERE id='987211';
INSERT INTO track VALUES('987212','Cinematic Beautiful Emotional Classical Piano Theme Soundtrack 017','http://www.jamendo.com/es/track/987212','','','112','http://mp3l.jamendo.com/?trackid=987212&format=mp31&u=0');
UPDATE track SET album_id='116196' WHERE id='987212';
UPDATE track SET text='' WHERE id='987212';
INSERT INTO track VALUES('987213','Cinematic Beautiful Emotional Classical Piano Theme Soundtrack 012','http://www.jamendo.com/es/track/987213','','','96','http://mp3l.jamendo.com/?trackid=987213&format=mp31&u=0');
UPDATE track SET album_id='116196' WHERE id='987213';
UPDATE track SET text='' WHERE id='987213';
INSERT INTO track VALUES('987214','Cinematic Beautiful Emotional Classical Piano Theme Soundtrack 016','http://www.jamendo.com/es/track/987214','','','98','http://mp3l.jamendo.com/?trackid=987214&format=mp31&u=0');
UPDATE track SET album_id='116196' WHERE id='987214';
UPDATE track SET text='' WHERE id='987214';
INSERT INTO track VALUES('987215','Cinematic Beautiful Emotional Classical Piano Theme Soundtrack 002','http://www.jamendo.com/es/track/987215','','','125','http://mp3l.jamendo.com/?trackid=987215&format=mp31&u=0');
UPDATE track SET album_id='116196' WHERE id='987215';
UPDATE track SET text='' WHERE id='987215';
INSERT INTO playlist_track VALUES('192085','987215');
INSERT INTO track VALUES('987216','Cinematic Beautiful Emotional Expressive Grand Piano Masterpieces Theme Soundtrack','http://www.jamendo.com/es/track/987216','','','110','http://mp3l.jamendo.com/?trackid=987216&format=mp31&u=0');
UPDATE track SET album_id='116196' WHERE id='987216';
UPDATE track SET text='' WHERE id='987216';
INSERT INTO album VALUES('116197','Cinematic Beautiful Emotional Hopeful Symphonic Orchestra Impressive Pictures Theme Soundtrack Instrumental Album n°23','http://www.jamendo.com/es/album/116197','http://imgjam.com/albums/s116/116197/covers/1.100.jpg','3','668');
UPDATE album SET artist_id='420766' WHERE id='116197';
INSERT INTO track VALUES('987234','Cinematic Beautiful Emotional Hopeful Symphonic Orchestra Impressive Pictures Theme Soundtrack 001','http://www.jamendo.com/es/track/987234','','','211','http://mp3l.jamendo.com/?trackid=987234&format=mp31&u=0');
UPDATE track SET album_id='116197' WHERE id='987234';
UPDATE track SET text='' WHERE id='987234';
INSERT INTO track VALUES('987231','Cinematic Beautiful Emotional Hopeful Symphonic Orchestra Impressive Pictures Theme Soundtrack 002','http://www.jamendo.com/es/track/987231','','','118','http://mp3l.jamendo.com/?trackid=987231&format=mp31&u=0');
UPDATE track SET album_id='116197' WHERE id='987231';
UPDATE track SET text='' WHERE id='987231';
INSERT INTO track VALUES('987232','Cinematic Beautiful Emotional Hopeful Symphonic Orchestra Impressive Pictures Theme Soundtrack 003','http://www.jamendo.com/es/track/987232','','','118','http://mp3l.jamendo.com/?trackid=987232&format=mp31&u=0');
UPDATE track SET album_id='116197' WHERE id='987232';
UPDATE track SET text='' WHERE id='987232';
INSERT INTO track VALUES('987233','Cinematic Beautiful Emotional Hopeful Symphonic Orchestra Impressive Pictures Theme Soundtrack 005','http://www.jamendo.com/es/track/987233','','','97','http://mp3l.jamendo.com/?trackid=987233&format=mp31&u=0');
UPDATE track SET album_id='116197' WHERE id='987233';
UPDATE track SET text='' WHERE id='987233';
INSERT INTO track VALUES('987235','Cinematic Beautiful Emotional Hopeful Symphonic Orchestra Impressive Pictures Theme Soundtrack 006','http://www.jamendo.com/es/track/987235','','','124','http://mp3l.jamendo.com/?trackid=987235&format=mp31&u=0');
UPDATE track SET album_id='116197' WHERE id='987235';
UPDATE track SET text='' WHERE id='987235';
INSERT INTO album VALUES('116200','Cinematic Beautiful Emotional Sentimental Expressive Concert Grand Piano Masterpieces Theme Soundtrack Instrumental Album n°24','http://www.jamendo.com/es/album/116200','http://imgjam.com/albums/s116/116200/covers/1.100.jpg','3','1049','classical');
UPDATE album SET artist_id='420766' WHERE id='116200';
INSERT INTO track VALUES('987236','Cinematic Beautiful Emotional Impressive The Grand Piano Theme Soundtrack','http://www.jamendo.com/es/track/987236','','','149','http://mp3l.jamendo.com/?trackid=987236&format=mp31&u=0');
UPDATE track SET album_id='116200' WHERE id='987236';
UPDATE track SET text='' WHERE id='987236';
INSERT INTO track VALUES('987237','Cinematic Beautiful Emotional Powerful The Grand Piano Theme Soundtrack','http://www.jamendo.com/es/track/987237','','','105','http://mp3l.jamendo.com/?trackid=987237&format=mp31&u=0');
UPDATE track SET album_id='116200' WHERE id='987237';
UPDATE track SET text='' WHERE id='987237';
INSERT INTO track VALUES('987238','Cinematic Beautiful Emotional Sentimental Expressive Concert Grand Piano Masterpieces Theme Soundtrack','http://www.jamendo.com/es/track/987238','','','114','http://mp3l.jamendo.com/?trackid=987238&format=mp31&u=0');
UPDATE track SET album_id='116200' WHERE id='987238';
UPDATE track SET text='' WHERE id='987238';
INSERT INTO track VALUES('987239','Cinematic Beautiful Emotional Hopeful The Grand Piano Theme Soundtrack','http://www.jamendo.com/es/track/987239','','','116','http://mp3l.jamendo.com/?trackid=987239&format=mp31&u=0');
UPDATE track SET album_id='116200' WHERE id='987239';
UPDATE track SET text='' WHERE id='987239';
INSERT INTO track VALUES('987240','Cinematic Beautiful Emotional Sentimental The Grand Piano Theme Soundtrack','http://www.jamendo.com/es/track/987240','','','96','http://mp3l.jamendo.com/?trackid=987240&format=mp31&u=0');
UPDATE track SET album_id='116200' WHERE id='987240';
UPDATE track SET text='' WHERE id='987240';
INSERT INTO track VALUES('987241','Cinematic Beautiful Emotional Sentimental Expressive Slow Concert Grand Piano Masterpieces Theme Soundtrack','http://www.jamendo.com/es/track/987241','','','107','http://mp3l.jamendo.com/?trackid=987241&format=mp31&u=0');
UPDATE track SET album_id='116200' WHERE id='987241';
UPDATE track SET text='' WHERE id='987241';
INSERT INTO track VALUES('987247','Cinematic Beautiful Emotional Powerful Concert Grand Piano Theme Soundtrack','http://www.jamendo.com/es/track/987247','','','92','http://mp3l.jamendo.com/?trackid=987247&format=mp31&u=0');
UPDATE track SET album_id='116200' WHERE id='987247';
UPDATE track SET text='' WHERE id='987247';
INSERT INTO track VALUES('987248','Cinematic Beautiful Emotional Slow Grand Piano Masterpieces Theme Soundtrack','http://www.jamendo.com/es/track/987248','','','90','http://mp3l.jamendo.com/?trackid=987248&format=mp31&u=0');
UPDATE track SET album_id='116200' WHERE id='987248';
UPDATE track SET text='' WHERE id='987248';
INSERT INTO track VALUES('987249','Cinematic Beautiful Emotional Peaceful Slow Concert Grand Piano Theme Soundtrack','http://www.jamendo.com/es/track/987249','','','90','http://mp3l.jamendo.com/?trackid=987249&format=mp31&u=0');
UPDATE track SET album_id='116200' WHERE id='987249';
UPDATE track SET text='' WHERE id='987249';
INSERT INTO track VALUES('987250','Cinematic Beautiful Emotional Sentimental Slow Grand Piano Masterpieces Theme Soundtrack','http://www.jamendo.com/es/track/987250','','','90','http://mp3l.jamendo.com/?trackid=987250&format=mp31&u=0');
UPDATE track SET album_id='116200' WHERE id='987250';
UPDATE track SET text='' WHERE id='987250';
INSERT INTO album VALUES('116214','Cinematic Atmospheric Magical Expressive Dreampiano Theme Soundtrack Instrumental Album n°25','http://www.jamendo.com/es/album/116214','http://imgjam.com/albums/s116/116214/covers/1.100.jpg','2','1313');
UPDATE album SET artist_id='420766' WHERE id='116214';
INSERT INTO track VALUES('987325','Cinematic Atmospheric Magical Expressive Dreampiano Theme Soundtrack 002','http://www.jamendo.com/es/track/987325','','','97','http://mp3l.jamendo.com/?trackid=987325&format=mp31&u=0');
UPDATE track SET album_id='116214' WHERE id='987325';
UPDATE track SET text='' WHERE id='987325';
INSERT INTO track VALUES('987326','Cinematic Atmospheric Magical Expressive Dreampiano Theme Soundtrack 004','http://www.jamendo.com/es/track/987326','','','126','http://mp3l.jamendo.com/?trackid=987326&format=mp31&u=0');
UPDATE track SET album_id='116214' WHERE id='987326';
UPDATE track SET text='' WHERE id='987326';
INSERT INTO track VALUES('987327','Cinematic Atmospheric Magical Expressive Dreampiano Theme Soundtrack 006','http://www.jamendo.com/es/track/987327','','','134','http://mp3l.jamendo.com/?trackid=987327&format=mp31&u=0');
UPDATE track SET album_id='116214' WHERE id='987327';
UPDATE track SET text='' WHERE id='987327';
INSERT INTO track VALUES('987328','Cinematic Atmospheric Magical Expressive Dreampiano Theme Soundtrack 008','http://www.jamendo.com/es/track/987328','','','185','http://mp3l.jamendo.com/?trackid=987328&format=mp31&u=0');
UPDATE track SET album_id='116214' WHERE id='987328';
UPDATE track SET text='' WHERE id='987328';
INSERT INTO track VALUES('987329','Cinematic Atmospheric Magical Expressive Dreampiano Theme Soundtrack 010','http://www.jamendo.com/es/track/987329','','','242','http://mp3l.jamendo.com/?trackid=987329&format=mp31&u=0');
UPDATE track SET album_id='116214' WHERE id='987329';
UPDATE track SET text='' WHERE id='987329';
INSERT INTO track VALUES('987330','Cinematic Atmospheric Magical Expressive Dreampiano Theme Soundtrack 003','http://www.jamendo.com/es/track/987330','','','98','http://mp3l.jamendo.com/?trackid=987330&format=mp31&u=0');
UPDATE track SET album_id='116214' WHERE id='987330';
UPDATE track SET text='' WHERE id='987330';
INSERT INTO track VALUES('987331','Cinematic Atmospheric Magical Expressive Dreampiano Theme Soundtrack 005','http://www.jamendo.com/es/track/987331','','','101','http://mp3l.jamendo.com/?trackid=987331&format=mp31&u=0');
UPDATE track SET album_id='116214' WHERE id='987331';
UPDATE track SET text='' WHERE id='987331';
INSERT INTO track VALUES('987332','Cinematic Atmospheric Magical Expressive Dreampiano Theme Soundtrack 001','http://www.jamendo.com/es/track/987332','','','127','http://mp3l.jamendo.com/?trackid=987332&format=mp31&u=0');
UPDATE track SET album_id='116214' WHERE id='987332';
UPDATE track SET text='' WHERE id='987332';
INSERT INTO track VALUES('987333','Cinematic Atmospheric Magical Expressive Dreampiano Theme Soundtrack 007','http://www.jamendo.com/es/track/987333','','','90','http://mp3l.jamendo.com/?trackid=987333&format=mp31&u=0');
UPDATE track SET album_id='116214' WHERE id='987333';
UPDATE track SET text='' WHERE id='987333';
INSERT INTO track VALUES('987334','Cinematic Atmospheric Magical Expressive Dreampiano Theme Soundtrack 009','http://www.jamendo.com/es/track/987334','','','113','http://mp3l.jamendo.com/?trackid=987334&format=mp31&u=0');
UPDATE track SET album_id='116214' WHERE id='987334';
UPDATE track SET text='' WHERE id='987334';
INSERT INTO album VALUES('116215','Cinematic Beautiful Emotional Slow Magical Castle Chimes Theme Soundtrack Instrumental Album n°26','http://www.jamendo.com/es/album/116215','http://imgjam.com/albums/s116/116215/covers/1.100.jpg','2','2107','newage');
UPDATE album SET artist_id='420766' WHERE id='116215';
INSERT INTO track VALUES('987351','Cinematic Beautiful Emotional Slow Magical Castle Chimes Theme Soundtrack 001','http://www.jamendo.com/es/track/987351','','','90','http://mp3l.jamendo.com/?trackid=987351&format=mp31&u=0');
UPDATE track SET album_id='116215' WHERE id='987351';
UPDATE track SET text='' WHERE id='987351';
INSERT INTO track VALUES('987345','Cinematic Beautiful Emotional Slow Magical Castle Chimes Theme Soundtrack 002','http://www.jamendo.com/es/track/987345','','','100','http://mp3l.jamendo.com/?trackid=987345&format=mp31&u=0');
UPDATE track SET album_id='116215' WHERE id='987345';
UPDATE track SET text='' WHERE id='987345';
INSERT INTO track VALUES('987350','Cinematic Beautiful Emotional Slow Magical Castle Chimes Theme Soundtrack 003','http://www.jamendo.com/es/track/987350','','','105','http://mp3l.jamendo.com/?trackid=987350&format=mp31&u=0');
UPDATE track SET album_id='116215' WHERE id='987350';
UPDATE track SET text='' WHERE id='987350';
INSERT INTO track VALUES('987336','Cinematic Beautiful Emotional Slow Magical Castle Chimes Theme Soundtrack 004','http://www.jamendo.com/es/track/987336','','','107','http://mp3l.jamendo.com/?trackid=987336&format=mp31&u=0');
UPDATE track SET album_id='116215' WHERE id='987336';
UPDATE track SET text='' WHERE id='987336';
INSERT INTO track VALUES('987342','Cinematic Beautiful Emotional Slow Magical Castle Chimes Theme Soundtrack 005','http://www.jamendo.com/es/track/987342','','','122','http://mp3l.jamendo.com/?trackid=987342&format=mp31&u=0');
UPDATE track SET album_id='116215' WHERE id='987342';
UPDATE track SET text='' WHERE id='987342';
INSERT INTO track VALUES('987346','Cinematic Beautiful Emotional Slow Magical Castle Chimes Theme Soundtrack 006','http://www.jamendo.com/es/track/987346','','','101','http://mp3l.jamendo.com/?trackid=987346&format=mp31&u=0');
UPDATE track SET album_id='116215' WHERE id='987346';
UPDATE track SET text='' WHERE id='987346';
INSERT INTO track VALUES('987353','Cinematic Beautiful Emotional Slow Magical Castle Chimes Theme Soundtrack 007','http://www.jamendo.com/es/track/987353','','','99','http://mp3l.jamendo.com/?trackid=987353&format=mp31&u=0');
UPDATE track SET album_id='116215' WHERE id='987353';
UPDATE track SET text='' WHERE id='987353';
INSERT INTO track VALUES('987339','Cinematic Beautiful Emotional Slow Magical Castle Chimes Theme Soundtrack 008','http://www.jamendo.com/es/track/987339','','','106','http://mp3l.jamendo.com/?trackid=987339&format=mp31&u=0');
UPDATE track SET album_id='116215' WHERE id='987339';
UPDATE track SET text='' WHERE id='987339';
INSERT INTO track VALUES('987344','Cinematic Beautiful Emotional Slow Magical Castle Chimes Theme Soundtrack 009','http://www.jamendo.com/es/track/987344','','','128','http://mp3l.jamendo.com/?trackid=987344&format=mp31&u=0');
UPDATE track SET album_id='116215' WHERE id='987344';
UPDATE track SET text='' WHERE id='987344';
INSERT INTO track VALUES('987349','Cinematic Beautiful Emotional Slow Magical Castle Chimes Theme Soundtrack 010','http://www.jamendo.com/es/track/987349','','','126','http://mp3l.jamendo.com/?trackid=987349&format=mp31&u=0');
UPDATE track SET album_id='116215' WHERE id='987349';
UPDATE track SET text='' WHERE id='987349';
INSERT INTO track VALUES('987337','Cinematic Beautiful Expressive Magical Wizard Chimes Theme Soundtrack 001','http://www.jamendo.com/es/track/987337','','','109','http://mp3l.jamendo.com/?trackid=987337&format=mp31&u=0');
UPDATE track SET album_id='116215' WHERE id='987337';
UPDATE track SET text='' WHERE id='987337';
INSERT INTO track VALUES('987355','Cinematic Beautiful Expressive Magical Wizard Chimes Theme Soundtrack 002','http://www.jamendo.com/es/track/987355','','','97','http://mp3l.jamendo.com/?trackid=987355&format=mp31&u=0');
UPDATE track SET album_id='116215' WHERE id='987355';
UPDATE track SET text='' WHERE id='987355';
INSERT INTO track VALUES('987352','Cinematic Beautiful Expressive Magical Wizard Chimes Theme Soundtrack 003','http://www.jamendo.com/es/track/987352','','','95','http://mp3l.jamendo.com/?trackid=987352&format=mp31&u=0');
UPDATE track SET album_id='116215' WHERE id='987352';
UPDATE track SET text='' WHERE id='987352';
INSERT INTO track VALUES('987340','Cinematic Beautiful Expressive Magical Wizard Chimes Theme Soundtrack 004','http://www.jamendo.com/es/track/987340','','','105','http://mp3l.jamendo.com/?trackid=987340&format=mp31&u=0');
UPDATE track SET album_id='116215' WHERE id='987340';
UPDATE track SET text='' WHERE id='987340';
INSERT INTO track VALUES('987338','Cinematic Beautiful Expressive Magical Wizard Chimes Theme Soundtrack 005','http://www.jamendo.com/es/track/987338','','','107','http://mp3l.jamendo.com/?trackid=987338&format=mp31&u=0');
UPDATE track SET album_id='116215' WHERE id='987338';
UPDATE track SET text='' WHERE id='987338';
INSERT INTO track VALUES('987354','Cinematic Beautiful Expressive Magical Wizard Chimes Theme Soundtrack 006','http://www.jamendo.com/es/track/987354','','','108','http://mp3l.jamendo.com/?trackid=987354&format=mp31&u=0');
UPDATE track SET album_id='116215' WHERE id='987354';
UPDATE track SET text='' WHERE id='987354';
INSERT INTO track VALUES('987343','Cinematic Beautiful Expressive Magical Wizard Chimes Theme Soundtrack 007','http://www.jamendo.com/es/track/987343','','','90','http://mp3l.jamendo.com/?trackid=987343&format=mp31&u=0');
UPDATE track SET album_id='116215' WHERE id='987343';
UPDATE track SET text='' WHERE id='987343';
INSERT INTO track VALUES('987341','Cinematic Beautiful Expressive Magical Wizard Chimes Theme Soundtrack 008','http://www.jamendo.com/es/track/987341','','','90','http://mp3l.jamendo.com/?trackid=987341&format=mp31&u=0');
UPDATE track SET album_id='116215' WHERE id='987341';
UPDATE track SET text='' WHERE id='987341';
INSERT INTO track VALUES('987347','Cinematic Beautiful Expressive Magical Wizard Chimes Theme Soundtrack 009','http://www.jamendo.com/es/track/987347','','','116','http://mp3l.jamendo.com/?trackid=987347&format=mp31&u=0');
UPDATE track SET album_id='116215' WHERE id='987347';
UPDATE track SET text='' WHERE id='987347';
INSERT INTO track VALUES('987348','Cinematic Beautiful Expressive Magical Wizard Chimes Theme Soundtrack 010','http://www.jamendo.com/es/track/987348','','','106','http://mp3l.jamendo.com/?trackid=987348&format=mp31&u=0');
UPDATE track SET album_id='116215' WHERE id='987348';
UPDATE track SET text='' WHERE id='987348';
INSERT INTO album VALUES('116217','Cinematic Beautiful Expressive The Grand Piano Player Theme Soundtrack Instrumental Album n°27','http://www.jamendo.com/es/album/116217','http://imgjam.com/albums/s116/116217/covers/1.100.jpg','2','1385','classical');
UPDATE album SET artist_id='420766' WHERE id='116217';
INSERT INTO track VALUES('987367','Cinematic Beautiful Expressive The Grand Piano Player Theme Soundtrack 001','http://www.jamendo.com/es/track/987367','','','95','http://mp3l.jamendo.com/?trackid=987367&format=mp31&u=0');
UPDATE track SET album_id='116217' WHERE id='987367';
UPDATE track SET text='' WHERE id='987367';
INSERT INTO track VALUES('987360','Cinematic Beautiful Expressive The Grand Piano Player Theme Soundtrack 002','http://www.jamendo.com/es/track/987360','','','96','http://mp3l.jamendo.com/?trackid=987360&format=mp31&u=0');
UPDATE track SET album_id='116217' WHERE id='987360';
UPDATE track SET text='' WHERE id='987360';
INSERT INTO track VALUES('987365','Cinematic Beautiful Expressive The Grand Piano Player Theme Soundtrack 003','http://www.jamendo.com/es/track/987365','','','147','http://mp3l.jamendo.com/?trackid=987365&format=mp31&u=0');
UPDATE track SET album_id='116217' WHERE id='987365';
UPDATE track SET text='' WHERE id='987365';
INSERT INTO track VALUES('987361','Cinematic Beautiful Expressive The Grand Piano Player Theme Soundtrack 004','http://www.jamendo.com/es/track/987361','','','99','http://mp3l.jamendo.com/?trackid=987361&format=mp31&u=0');
UPDATE track SET album_id='116217' WHERE id='987361';
UPDATE track SET text='' WHERE id='987361';
INSERT INTO track VALUES('987366','Cinematic Beautiful Expressive The Grand Piano Player Theme Soundtrack 005','http://www.jamendo.com/es/track/987366','','','133','http://mp3l.jamendo.com/?trackid=987366&format=mp31&u=0');
UPDATE track SET album_id='116217' WHERE id='987366';
UPDATE track SET text='' WHERE id='987366';
INSERT INTO track VALUES('987362','Cinematic Beautiful Expressive The Grand Piano Player Theme Soundtrack 006','http://www.jamendo.com/es/track/987362','','','126','http://mp3l.jamendo.com/?trackid=987362&format=mp31&u=0');
UPDATE track SET album_id='116217' WHERE id='987362';
UPDATE track SET text='' WHERE id='987362';
INSERT INTO track VALUES('987368','Cinematic Beautiful Expressive The Grand Piano Player Theme Soundtrack 007','http://www.jamendo.com/es/track/987368','','','182','http://mp3l.jamendo.com/?trackid=987368&format=mp31&u=0');
UPDATE track SET album_id='116217' WHERE id='987368';
UPDATE track SET text='' WHERE id='987368';
INSERT INTO track VALUES('987363','Cinematic Beautiful Expressive The Grand Piano Player Theme Soundtrack 008','http://www.jamendo.com/es/track/987363','','','118','http://mp3l.jamendo.com/?trackid=987363&format=mp31&u=0');
UPDATE track SET album_id='116217' WHERE id='987363';
UPDATE track SET text='' WHERE id='987363';
INSERT INTO track VALUES('987369','Cinematic Beautiful Expressive The Grand Piano Player Theme Soundtrack 009','http://www.jamendo.com/es/track/987369','','','242','http://mp3l.jamendo.com/?trackid=987369&format=mp31&u=0');
UPDATE track SET album_id='116217' WHERE id='987369';
UPDATE track SET text='' WHERE id='987369';
INSERT INTO track VALUES('987364','Cinematic Beautiful Expressive The Grand Piano Player Theme Soundtrack 010','http://www.jamendo.com/es/track/987364','','','147','http://mp3l.jamendo.com/?trackid=987364&format=mp31&u=0');
UPDATE track SET album_id='116217' WHERE id='987364';
UPDATE track SET text='' WHERE id='987364';
INSERT INTO album VALUES('116220','Cinematic Classical Majestic Baroque Symphonic Orchestra Cinema Works Theme Soundtrack Album n°29 part 1','http://www.jamendo.com/es/album/116220','http://imgjam.com/albums/s116/116220/covers/1.100.jpg','2','2873','classical');
UPDATE album SET artist_id='420766' WHERE id='116220';
INSERT INTO track VALUES('987389','Cinematic Classical Majestic Baroque Symphonic Orchestra Cinema Works Theme Soundtrack 001','http://www.jamendo.com/es/track/987389','','','88','http://mp3l.jamendo.com/?trackid=987389&format=mp31&u=0');
UPDATE track SET album_id='116220' WHERE id='987389';
UPDATE track SET text='' WHERE id='987389';
INSERT INTO track VALUES('987372','Cinematic Classical Majestic Baroque Symphonic Orchestra Cinema Works Theme Soundtrack 002','http://www.jamendo.com/es/track/987372','','','135','http://mp3l.jamendo.com/?trackid=987372&format=mp31&u=0');
UPDATE track SET album_id='116220' WHERE id='987372';
UPDATE track SET text='' WHERE id='987372';
INSERT INTO track VALUES('987375','Cinematic Classical Majestic Baroque Symphonic Orchestra Cinema Works Theme Soundtrack 003','http://www.jamendo.com/es/track/987375','','','91','http://mp3l.jamendo.com/?trackid=987375&format=mp31&u=0');
UPDATE track SET album_id='116220' WHERE id='987375';
UPDATE track SET text='' WHERE id='987375';
INSERT INTO track VALUES('987379','Cinematic Classical Majestic Baroque Symphonic Orchestra Cinema Works Theme Soundtrack 004','http://www.jamendo.com/es/track/987379','','','99','http://mp3l.jamendo.com/?trackid=987379&format=mp31&u=0');
UPDATE track SET album_id='116220' WHERE id='987379';
UPDATE track SET text='' WHERE id='987379';
INSERT INTO track VALUES('987383','Cinematic Classical Majestic Baroque Symphonic Orchestra Cinema Works Theme Soundtrack 005','http://www.jamendo.com/es/track/987383','','','89','http://mp3l.jamendo.com/?trackid=987383&format=mp31&u=0');
UPDATE track SET album_id='116220' WHERE id='987383';
UPDATE track SET text='' WHERE id='987383';
INSERT INTO track VALUES('987386','Cinematic Classical Majestic Baroque Symphonic Orchestra Cinema Works Theme Soundtrack 006','http://www.jamendo.com/es/track/987386','','','107','http://mp3l.jamendo.com/?trackid=987386&format=mp31&u=0');
UPDATE track SET album_id='116220' WHERE id='987386';
UPDATE track SET text='' WHERE id='987386';
INSERT INTO track VALUES('987391','Cinematic Classical Majestic Baroque Symphonic Orchestra Cinema Works Theme Soundtrack 007','http://www.jamendo.com/es/track/987391','','','119','http://mp3l.jamendo.com/?trackid=987391&format=mp31&u=0');
UPDATE track SET album_id='116220' WHERE id='987391';
UPDATE track SET text='' WHERE id='987391';
INSERT INTO track VALUES('987394','Cinematic Classical Majestic Baroque Symphonic Orchestra Cinema Works Theme Soundtrack 008','http://www.jamendo.com/es/track/987394','','','105','http://mp3l.jamendo.com/?trackid=987394&format=mp31&u=0');
UPDATE track SET album_id='116220' WHERE id='987394';
UPDATE track SET text='' WHERE id='987394';
INSERT INTO track VALUES('987371','Cinematic Classical Majestic Baroque Symphonic Orchestra Cinema Works Theme Soundtrack 009','http://www.jamendo.com/es/track/987371','','','92','http://mp3l.jamendo.com/?trackid=987371&format=mp31&u=0');
UPDATE track SET album_id='116220' WHERE id='987371';
UPDATE track SET text='' WHERE id='987371';
INSERT INTO track VALUES('987374','Cinematic Classical Majestic Baroque Symphonic Orchestra Cinema Works Theme Soundtrack 010','http://www.jamendo.com/es/track/987374','','','103','http://mp3l.jamendo.com/?trackid=987374&format=mp31&u=0');
UPDATE track SET album_id='116220' WHERE id='987374';
UPDATE track SET text='' WHERE id='987374';
INSERT INTO track VALUES('987380','Cinematic Classical Majestic Baroque Symphonic Orchestra Film Production Theme Soundtrack 001','http://www.jamendo.com/es/track/987380','','','103','http://mp3l.jamendo.com/?trackid=987380&format=mp31&u=0');
UPDATE track SET album_id='116220' WHERE id='987380';
UPDATE track SET text='' WHERE id='987380';
INSERT INTO track VALUES('987385','Cinematic Classical Majestic Baroque Symphonic Orchestra Film Production Theme Soundtrack 002','http://www.jamendo.com/es/track/987385','','','109','http://mp3l.jamendo.com/?trackid=987385&format=mp31&u=0');
UPDATE track SET album_id='116220' WHERE id='987385';
UPDATE track SET text='' WHERE id='987385';
INSERT INTO track VALUES('987370','Cinematic Classical Majestic Baroque Symphonic Orchestra Film Production Theme Soundtrack 003','http://www.jamendo.com/es/track/987370','','','102','http://mp3l.jamendo.com/?trackid=987370&format=mp31&u=0');
UPDATE track SET album_id='116220' WHERE id='987370';
UPDATE track SET text='' WHERE id='987370';
INSERT INTO track VALUES('987395','Cinematic Classical Majestic Baroque Symphonic Orchestra Film Production Theme Soundtrack 004','http://www.jamendo.com/es/track/987395','','','103','http://mp3l.jamendo.com/?trackid=987395&format=mp31&u=0');
UPDATE track SET album_id='116220' WHERE id='987395';
UPDATE track SET text='' WHERE id='987395';
INSERT INTO track VALUES('987373','Cinematic Classical Majestic Baroque Symphonic Orchestra Film Production Theme Soundtrack 005','http://www.jamendo.com/es/track/987373','','','92','http://mp3l.jamendo.com/?trackid=987373&format=mp31&u=0');
UPDATE track SET album_id='116220' WHERE id='987373';
UPDATE track SET text='' WHERE id='987373';
INSERT INTO track VALUES('987377','Cinematic Classical Majestic Baroque Symphonic Orchestra Film Production Theme Soundtrack 006','http://www.jamendo.com/es/track/987377','','','100','http://mp3l.jamendo.com/?trackid=987377&format=mp31&u=0');
UPDATE track SET album_id='116220' WHERE id='987377';
UPDATE track SET text='' WHERE id='987377';
INSERT INTO track VALUES('987384','Cinematic Classical Majestic Baroque Symphonic Orchestra Film Production Theme Soundtrack 007','http://www.jamendo.com/es/track/987384','','','96','http://mp3l.jamendo.com/?trackid=987384&format=mp31&u=0');
UPDATE track SET album_id='116220' WHERE id='987384';
UPDATE track SET text='' WHERE id='987384';
INSERT INTO track VALUES('987388','Cinematic Classical Majestic Baroque Symphonic Orchestra Film Production Theme Soundtrack 008','http://www.jamendo.com/es/track/987388','','','107','http://mp3l.jamendo.com/?trackid=987388&format=mp31&u=0');
UPDATE track SET album_id='116220' WHERE id='987388';
UPDATE track SET text='' WHERE id='987388';
INSERT INTO track VALUES('987393','Cinematic Classical Majestic Baroque Symphonic Orchestra Film Production Theme Soundtrack 009','http://www.jamendo.com/es/track/987393','','','104','http://mp3l.jamendo.com/?trackid=987393&format=mp31&u=0');
UPDATE track SET album_id='116220' WHERE id='987393';
UPDATE track SET text='' WHERE id='987393';
INSERT INTO track VALUES('987378','Cinematic Classical Majestic Baroque Symphonic Orchestra Film Production Theme Soundtrack 010','http://www.jamendo.com/es/track/987378','','','139','http://mp3l.jamendo.com/?trackid=987378&format=mp31&u=0');
UPDATE track SET album_id='116220' WHERE id='987378';
UPDATE track SET text='' WHERE id='987378';
INSERT INTO track VALUES('987376','Cinematic Classical Majestic Baroque Symphonic Orchestra Theatrical Production Theme Soundtrack 001','http://www.jamendo.com/es/track/987376','','','105','http://mp3l.jamendo.com/?trackid=987376&format=mp31&u=0');
UPDATE track SET album_id='116220' WHERE id='987376';
UPDATE track SET text='' WHERE id='987376';
INSERT INTO track VALUES('987381','Cinematic Classical Majestic Baroque Symphonic Orchestra Theatrical Production Theme Soundtrack 002','http://www.jamendo.com/es/track/987381','','','99','http://mp3l.jamendo.com/?trackid=987381&format=mp31&u=0');
UPDATE track SET album_id='116220' WHERE id='987381';
UPDATE track SET text='' WHERE id='987381';
INSERT INTO track VALUES('987390','Cinematic Classical Majestic Baroque Symphonic Orchestra Theatrical Production Theme Soundtrack 003','http://www.jamendo.com/es/track/987390','','','97','http://mp3l.jamendo.com/?trackid=987390&format=mp31&u=0');
UPDATE track SET album_id='116220' WHERE id='987390';
UPDATE track SET text='' WHERE id='987390';
INSERT INTO track VALUES('987392','Cinematic Classical Majestic Baroque Symphonic Orchestra Theatrical Production Theme Soundtrack 004','http://www.jamendo.com/es/track/987392','','','129','http://mp3l.jamendo.com/?trackid=987392&format=mp31&u=0');
UPDATE track SET album_id='116220' WHERE id='987392';
UPDATE track SET text='' WHERE id='987392';
INSERT INTO track VALUES('987396','Cinematic Classical Majestic Baroque Symphonic Orchestra Theatrical Production Theme Soundtrack 005','http://www.jamendo.com/es/track/987396','','','142','http://mp3l.jamendo.com/?trackid=987396&format=mp31&u=0');
UPDATE track SET album_id='116220' WHERE id='987396';
UPDATE track SET text='' WHERE id='987396';
INSERT INTO track VALUES('987382','Cinematic Classical Majestic Baroque Symphonic Orchestra Theatrical Production Theme Soundtrack 006','http://www.jamendo.com/es/track/987382','','','111','http://mp3l.jamendo.com/?trackid=987382&format=mp31&u=0');
UPDATE track SET album_id='116220' WHERE id='987382';
UPDATE track SET text='' WHERE id='987382';
INSERT INTO track VALUES('987387','Cinematic Classical Majestic Baroque Symphonic Orchestra Theatrical Production Theme Soundtrack 007','http://www.jamendo.com/es/track/987387','','','107','http://mp3l.jamendo.com/?trackid=987387&format=mp31&u=0');
UPDATE track SET album_id='116220' WHERE id='987387';
UPDATE track SET text='' WHERE id='987387';
INSERT INTO album VALUES('116223','Cinematic Classical Majestic Baroque Symphonic Orchestra Cinema Works Theme Soundtrack Album n°29 part 2','http://www.jamendo.com/es/album/116223','http://imgjam.com/albums/s116/116223/covers/1.100.jpg','2','3284','classical');
UPDATE album SET artist_id='420766' WHERE id='116223';
INSERT INTO track VALUES('987407','Cinematic Classical Majestic Exquisite Symphonic Orchestra 20th Century Theme Soundtrack 004','http://www.jamendo.com/es/track/987407','','','129','http://mp3l.jamendo.com/?trackid=987407&format=mp31&u=0');
UPDATE track SET album_id='116223' WHERE id='987407';
UPDATE track SET text='' WHERE id='987407';
INSERT INTO track VALUES('987408','Cinematic Classical Majestic Royal Symphonic Orchestra Cinema Pictures Theme Soundtrack 006','http://www.jamendo.com/es/track/987408','','','90','http://mp3l.jamendo.com/?trackid=987408&format=mp31&u=0');
UPDATE track SET album_id='116223' WHERE id='987408';
UPDATE track SET text='' WHERE id='987408';
INSERT INTO track VALUES('987409','Cinematic Classical Majestic Exquisite Symphonic Orchestra 20th Century Theme Soundtrack 003','http://www.jamendo.com/es/track/987409','','','97','http://mp3l.jamendo.com/?trackid=987409&format=mp31&u=0');
UPDATE track SET album_id='116223' WHERE id='987409';
UPDATE track SET text='' WHERE id='987409';
INSERT INTO track VALUES('987410','Cinematic Classical Majestic Beautiful Symphonic Orchestra Cinema Production Theme Soundtrack 009','http://www.jamendo.com/es/track/987410','','','92','http://mp3l.jamendo.com/?trackid=987410&format=mp31&u=0');
UPDATE track SET album_id='116223' WHERE id='987410';
UPDATE track SET text='' WHERE id='987410';
INSERT INTO track VALUES('987411','Cinematic Classical Majestic Beautiful Symphonic Orchestra Cinema Production Theme Soundtrack 002','http://www.jamendo.com/es/track/987411','','','122','http://mp3l.jamendo.com/?trackid=987411&format=mp31&u=0');
UPDATE track SET album_id='116223' WHERE id='987411';
UPDATE track SET text='' WHERE id='987411';
INSERT INTO track VALUES('987412','Cinematic Classical Majestic Exquisite Symphonic Orchestra 20th Century Theme Soundtrack 005','http://www.jamendo.com/es/track/987412','','','142','http://mp3l.jamendo.com/?trackid=987412&format=mp31&u=0');
UPDATE track SET album_id='116223' WHERE id='987412';
UPDATE track SET text='' WHERE id='987412';
INSERT INTO track VALUES('987413','Cinematic Classical Majestic Royal Symphonic Orchestra Cinema Pictures Theme Soundtrack 010','http://www.jamendo.com/es/track/987413','','','112','http://mp3l.jamendo.com/?trackid=987413&format=mp31&u=0');
UPDATE track SET album_id='116223' WHERE id='987413';
UPDATE track SET text='' WHERE id='987413';
INSERT INTO track VALUES('987414','Cinematic Classical Majestic Royal Symphonic Orchestra Cinema Pictures Theme Soundtrack 001','http://www.jamendo.com/es/track/987414','','','88','http://mp3l.jamendo.com/?trackid=987414&format=mp31&u=0');
UPDATE track SET album_id='116223' WHERE id='987414';
UPDATE track SET text='' WHERE id='987414';
INSERT INTO playlist VALUES('227682','CMA Update 092014','http://www.jamendo.com/es/playlist/227682','11503');
INSERT INTO playlist_track VALUES('227682','987414');
INSERT INTO track VALUES('987415','Cinematic Classical Majestic Beautiful Symphonic Orchestra Cinema Production Theme Soundtrack 003','http://www.jamendo.com/es/track/987415','','','127','http://mp3l.jamendo.com/?trackid=987415&format=mp31&u=0');
UPDATE track SET album_id='116223' WHERE id='987415';
UPDATE track SET text='' WHERE id='987415';
INSERT INTO track VALUES('987416','Cinematic Classical Majestic Royal Symphonic Orchestra Cinema Pictures Theme Soundtrack 002','http://www.jamendo.com/es/track/987416','','','136','http://mp3l.jamendo.com/?trackid=987416&format=mp31&u=0');
UPDATE track SET album_id='116223' WHERE id='987416';
UPDATE track SET text='' WHERE id='987416';
INSERT INTO track VALUES('987417','Cinematic Classical Majestic Beautiful Symphonic Orchestra Cinema Production Theme Soundtrack 010','http://www.jamendo.com/es/track/987417','','','121','http://mp3l.jamendo.com/?trackid=987417&format=mp31&u=0');
UPDATE track SET album_id='116223' WHERE id='987417';
UPDATE track SET text='' WHERE id='987417';
INSERT INTO track VALUES('987418','Cinematic Classical Majestic Beautiful Symphonic Orchestra Cinema Production Theme Soundtrack 004','http://www.jamendo.com/es/track/987418','','','124','http://mp3l.jamendo.com/?trackid=987418&format=mp31&u=0');
UPDATE track SET album_id='116223' WHERE id='987418';
UPDATE track SET text='' WHERE id='987418';
INSERT INTO track VALUES('987419','Cinematic Classical Majestic Exquisite Symphonic Orchestra 20th Century Theme Soundtrack 001','http://www.jamendo.com/es/track/987419','','','106','http://mp3l.jamendo.com/?trackid=987419&format=mp31&u=0');
UPDATE track SET album_id='116223' WHERE id='987419';
UPDATE track SET text='' WHERE id='987419';
INSERT INTO track VALUES('987420','Cinematic Classical Majestic Exquisite Symphonic Orchestra 20th Century Theme Soundtrack 006','http://www.jamendo.com/es/track/987420','','','110','http://mp3l.jamendo.com/?trackid=987420&format=mp31&u=0');
UPDATE track SET album_id='116223' WHERE id='987420';
UPDATE track SET text='' WHERE id='987420';
INSERT INTO track VALUES('987421','Cinematic Classical Majestic Royal Symphonic Orchestra Cinema Pictures Theme Soundtrack 007','http://www.jamendo.com/es/track/987421','','','94','http://mp3l.jamendo.com/?trackid=987421&format=mp31&u=0');
UPDATE track SET album_id='116223' WHERE id='987421';
UPDATE track SET text='' WHERE id='987421';
INSERT INTO track VALUES('987422','Cinematic Classical Majestic Beautiful Symphonic Orchestra Cinema Production Theme Soundtrack 005','http://www.jamendo.com/es/track/987422','','','91','http://mp3l.jamendo.com/?trackid=987422&format=mp31&u=0');
UPDATE track SET album_id='116223' WHERE id='987422';
UPDATE track SET text='' WHERE id='987422';
INSERT INTO track VALUES('987423','Cinematic Classical Majestic Exquisite Symphonic Orchestra 20th Century Theme Soundtrack 007','http://www.jamendo.com/es/track/987423','','','106','http://mp3l.jamendo.com/?trackid=987423&format=mp31&u=0');
UPDATE track SET album_id='116223' WHERE id='987423';
UPDATE track SET text='' WHERE id='987423';
INSERT INTO track VALUES('987424','Cinematic Classical Majestic Exquisite Symphonic Orchestra 20th Century Theme Soundtrack 002','http://www.jamendo.com/es/track/987424','','','98','http://mp3l.jamendo.com/?trackid=987424&format=mp31&u=0');
UPDATE track SET album_id='116223' WHERE id='987424';
UPDATE track SET text='' WHERE id='987424';
INSERT INTO track VALUES('987425','Cinematic Classical Majestic Beautiful Symphonic Orchestra Cinema Production Theme Soundtrack 006','http://www.jamendo.com/es/track/987425','','','125','http://mp3l.jamendo.com/?trackid=987425&format=mp31&u=0');
UPDATE track SET album_id='116223' WHERE id='987425';
UPDATE track SET text='' WHERE id='987425';
INSERT INTO track VALUES('987426','Cinematic Classical Majestic Royal Symphonic Orchestra Cinema Pictures Theme Soundtrack 008','http://www.jamendo.com/es/track/987426','','','106','http://mp3l.jamendo.com/?trackid=987426&format=mp31&u=0');
UPDATE track SET album_id='116223' WHERE id='987426';
UPDATE track SET text='' WHERE id='987426';
INSERT INTO track VALUES('987427','Cinematic Classical Majestic Exquisite Symphonic Orchestra 20th Century Theme Soundtrack 008','http://www.jamendo.com/es/track/987427','','','116','http://mp3l.jamendo.com/?trackid=987427&format=mp31&u=0');
UPDATE track SET album_id='116223' WHERE id='987427';
UPDATE track SET text='' WHERE id='987427';
INSERT INTO track VALUES('987428','Cinematic Classical Majestic Royal Symphonic Orchestra Cinema Pictures Theme Soundtrack 003','http://www.jamendo.com/es/track/987428','','','106','http://mp3l.jamendo.com/?trackid=987428&format=mp31&u=0');
UPDATE track SET album_id='116223' WHERE id='987428';
UPDATE track SET text='' WHERE id='987428';
INSERT INTO track VALUES('987429','Cinematic Classical Majestic Beautiful Symphonic Orchestra Cinema Production Theme Soundtrack 001','http://www.jamendo.com/es/track/987429','','','133','http://mp3l.jamendo.com/?trackid=987429&format=mp31&u=0');
UPDATE track SET album_id='116223' WHERE id='987429';
UPDATE track SET text='' WHERE id='987429';
INSERT INTO track VALUES('987430','Cinematic Classical Majestic Royal Symphonic Orchestra Cinema Pictures Theme Soundtrack 004','http://www.jamendo.com/es/track/987430','','','105','http://mp3l.jamendo.com/?trackid=987430&format=mp31&u=0');
UPDATE track SET album_id='116223' WHERE id='987430';
UPDATE track SET text='' WHERE id='987430';
INSERT INTO track VALUES('987431','Cinematic Classical Majestic Beautiful Symphonic Orchestra Cinema Production Theme Soundtrack 007','http://www.jamendo.com/es/track/987431','','','109','http://mp3l.jamendo.com/?trackid=987431&format=mp31&u=0');
UPDATE track SET album_id='116223' WHERE id='987431';
UPDATE track SET text='' WHERE id='987431';
INSERT INTO track VALUES('987432','Cinematic Classical Majestic Royal Symphonic Orchestra Cinema Pictures Theme Soundtrack 005','http://www.jamendo.com/es/track/987432','','','102','http://mp3l.jamendo.com/?trackid=987432&format=mp31&u=0');
UPDATE track SET album_id='116223' WHERE id='987432';
UPDATE track SET text='' WHERE id='987432';
INSERT INTO track VALUES('987433','Cinematic Classical Majestic Royal Symphonic Orchestra Cinema Pictures Theme Soundtrack 009','http://www.jamendo.com/es/track/987433','','','155','http://mp3l.jamendo.com/?trackid=987433&format=mp31&u=0');
UPDATE track SET album_id='116223' WHERE id='987433';
UPDATE track SET text='' WHERE id='987433';
INSERT INTO track VALUES('987434','Cinematic Classical Majestic Exquisite Symphonic Orchestra 20th Century Theme Soundtrack 009','http://www.jamendo.com/es/track/987434','','','110','http://mp3l.jamendo.com/?trackid=987434&format=mp31&u=0');
UPDATE track SET album_id='116223' WHERE id='987434';
UPDATE track SET text='' WHERE id='987434';
INSERT INTO track VALUES('987435','Cinematic Classical Majestic Beautiful Symphonic Orchestra Cinema Production Theme Soundtrack 008','http://www.jamendo.com/es/track/987435','','','132','http://mp3l.jamendo.com/?trackid=987435&format=mp31&u=0');
UPDATE track SET album_id='116223' WHERE id='987435';
UPDATE track SET text='' WHERE id='987435';
INSERT INTO album VALUES('116229','Cinematic Beautiful Slow Dreamy Magical Woods Chimes Theme Soundtrack Album n°31','http://www.jamendo.com/es/album/116229','http://imgjam.com/albums/s116/116229/covers/1.100.jpg','3','936','newage');
UPDATE album SET artist_id='420766' WHERE id='116229';
INSERT INTO track VALUES('987476','Cinematic Beautiful Slow Dreamy Magical Woods Chimes Theme Soundtrack 007','http://www.jamendo.com/es/track/987476','','','116','http://mp3l.jamendo.com/?trackid=987476&format=mp31&u=0');
UPDATE track SET album_id='116229' WHERE id='987476';
UPDATE track SET text='' WHERE id='987476';
INSERT INTO track VALUES('987453','Cinematic Beautiful Slow Dreamy Magical Woods Chimes Theme Soundtrack 002','http://www.jamendo.com/es/track/987453','','','108','http://mp3l.jamendo.com/?trackid=987453&format=mp31&u=0');
UPDATE track SET album_id='116229' WHERE id='987453';
UPDATE track SET text='' WHERE id='987453';
INSERT INTO track VALUES('987454','Cinematic Beautiful Slow Dreamy Magical Woods Chimes Theme Soundtrack 004','http://www.jamendo.com/es/track/987454','','','89','http://mp3l.jamendo.com/?trackid=987454&format=mp31&u=0');
UPDATE track SET album_id='116229' WHERE id='987454';
UPDATE track SET text='' WHERE id='987454';
INSERT INTO track VALUES('987455','Cinematic Beautiful Slow Dreamy Magical Woods Chimes Theme Soundtrack 006','http://www.jamendo.com/es/track/987455','','','143','http://mp3l.jamendo.com/?trackid=987455&format=mp31&u=0');
UPDATE track SET album_id='116229' WHERE id='987455';
UPDATE track SET text='' WHERE id='987455';
INSERT INTO track VALUES('987456','Cinematic Beautiful Slow Dreamy Magical Woods Chimes Theme Soundtrack 008','http://www.jamendo.com/es/track/987456','','','119','http://mp3l.jamendo.com/?trackid=987456&format=mp31&u=0');
UPDATE track SET album_id='116229' WHERE id='987456';
UPDATE track SET text='' WHERE id='987456';
INSERT INTO track VALUES('987457','Cinematic Beautiful Slow Dreamy Magical Woods Chimes Theme Soundtrack 003','http://www.jamendo.com/es/track/987457','','','111','http://mp3l.jamendo.com/?trackid=987457&format=mp31&u=0');
UPDATE track SET album_id='116229' WHERE id='987457';
UPDATE track SET text='' WHERE id='987457';
INSERT INTO track VALUES('987458','Cinematic Beautiful Slow Dreamy Magical Woods Chimes Theme Soundtrack 005','http://www.jamendo.com/es/track/987458','','','108','http://mp3l.jamendo.com/?trackid=987458&format=mp31&u=0');
UPDATE track SET album_id='116229' WHERE id='987458';
UPDATE track SET text='' WHERE id='987458';
INSERT INTO track VALUES('987475','Cinematic Beautiful Slow Dreamy Magical Woods Chimes Theme Soundtrack 001','http://www.jamendo.com/es/track/987475','','','142','http://mp3l.jamendo.com/?trackid=987475&format=mp31&u=0');
UPDATE track SET album_id='116229' WHERE id='987475';
UPDATE track SET text='' WHERE id='987475';
INSERT INTO album VALUES('116247','Cinematic Classical Baroque Exquisite Symphonic Orchestra Theatrical Works Theme Soundtrack Instrumental Album n°31','http://www.jamendo.com/es/album/116247','http://imgjam.com/albums/s116/116247/covers/1.100.jpg','3','735','classical');
UPDATE album SET artist_id='420766' WHERE id='116247';
INSERT INTO track VALUES('987599','Cinematic Classical Baroque Exquisite Symphonic Orchestra Theatrical Works Theme Soundtrack 002','http://www.jamendo.com/es/track/987599','','','111','http://mp3l.jamendo.com/?trackid=987599&format=mp31&u=0');
UPDATE track SET album_id='116247' WHERE id='987599';
UPDATE track SET text='' WHERE id='987599';
INSERT INTO track VALUES('987600','Cinematic Classical Baroque Exquisite Symphonic Orchestra Theatrical Works Theme Soundtrack 004','http://www.jamendo.com/es/track/987600','','','110','http://mp3l.jamendo.com/?trackid=987600&format=mp31&u=0');
UPDATE track SET album_id='116247' WHERE id='987600';
UPDATE track SET text='' WHERE id='987600';
INSERT INTO track VALUES('987601','Cinematic Classical Baroque Exquisite Symphonic Orchestra Theatrical Works Theme Soundtrack 006','http://www.jamendo.com/es/track/987601','','','104','http://mp3l.jamendo.com/?trackid=987601&format=mp31&u=0');
UPDATE track SET album_id='116247' WHERE id='987601';
UPDATE track SET text='' WHERE id='987601';
INSERT INTO track VALUES('987602','Cinematic Classical Baroque Exquisite Symphonic Orchestra Theatrical Works Theme Soundtrack 003','http://www.jamendo.com/es/track/987602','','','102','http://mp3l.jamendo.com/?trackid=987602&format=mp31&u=0');
UPDATE track SET album_id='116247' WHERE id='987602';
UPDATE track SET text='' WHERE id='987602';
INSERT INTO track VALUES('987603','Cinematic Classical Baroque Exquisite Symphonic Orchestra Theatrical Works Theme Soundtrack 005','http://www.jamendo.com/es/track/987603','','','102','http://mp3l.jamendo.com/?trackid=987603&format=mp31&u=0');
UPDATE track SET album_id='116247' WHERE id='987603';
UPDATE track SET text='' WHERE id='987603';
INSERT INTO track VALUES('987604','Cinematic Classical Baroque Exquisite Symphonic Orchestra Theatrical Works Theme Soundtrack 001','http://www.jamendo.com/es/track/987604','','','117','http://mp3l.jamendo.com/?trackid=987604&format=mp31&u=0');
UPDATE track SET album_id='116247' WHERE id='987604';
UPDATE track SET text='' WHERE id='987604';
INSERT INTO track VALUES('987605','Cinematic Classical Baroque Exquisite Symphonic Orchestra Theatrical Works Theme Soundtrack 007','http://www.jamendo.com/es/track/987605','','','89','http://mp3l.jamendo.com/?trackid=987605&format=mp31&u=0');
UPDATE track SET album_id='116247' WHERE id='987605';
UPDATE track SET text='' WHERE id='987605';
INSERT INTO album VALUES('116248','Cinematic Futuristic Sad Melancholic Sentimental Theatre Pictures Atmosphere Instrumental Album n°31','http://www.jamendo.com/es/album/116248','http://imgjam.com/albums/s116/116248/covers/1.100.jpg','3','1034','electronic');
UPDATE album SET artist_id='420766' WHERE id='116248';
INSERT INTO track VALUES('987606','Cinematic Futuristic Sad Melancholic Sentimental Theatre Pictures Atmosphere 002','http://www.jamendo.com/es/track/987606','','','118','http://mp3l.jamendo.com/?trackid=987606&format=mp31&u=0');
UPDATE track SET album_id='116248' WHERE id='987606';
UPDATE track SET text='' WHERE id='987606';
INSERT INTO track VALUES('987607','Cinematic Futuristic Sad Melancholic Sentimental Theatre Pictures Atmosphere 004','http://www.jamendo.com/es/track/987607','','','115','http://mp3l.jamendo.com/?trackid=987607&format=mp31&u=0');
UPDATE track SET album_id='116248' WHERE id='987607';
UPDATE track SET text='' WHERE id='987607';
INSERT INTO track VALUES('987608','Cinematic Futuristic Sad Melancholic Sentimental Theatre Pictures Atmosphere 006','http://www.jamendo.com/es/track/987608','','','101','http://mp3l.jamendo.com/?trackid=987608&format=mp31&u=0');
UPDATE track SET album_id='116248' WHERE id='987608';
UPDATE track SET text='' WHERE id='987608';
INSERT INTO track VALUES('987609','Cinematic Futuristic Sad Melancholic Sentimental Theatre Pictures Atmosphere 008','http://www.jamendo.com/es/track/987609','','','140','http://mp3l.jamendo.com/?trackid=987609&format=mp31&u=0');
UPDATE track SET album_id='116248' WHERE id='987609';
UPDATE track SET text='' WHERE id='987609';
INSERT INTO track VALUES('987610','Cinematic Futuristic Sad Melancholic Sentimental Theatre Pictures Atmosphere 003','http://www.jamendo.com/es/track/987610','','','116','http://mp3l.jamendo.com/?trackid=987610&format=mp31&u=0');
UPDATE track SET album_id='116248' WHERE id='987610';
UPDATE track SET text='' WHERE id='987610';
INSERT INTO track VALUES('987611','Cinematic Futuristic Sad Melancholic Sentimental Theatre Pictures Atmosphere 005','http://www.jamendo.com/es/track/987611','','','99','http://mp3l.jamendo.com/?trackid=987611&format=mp31&u=0');
UPDATE track SET album_id='116248' WHERE id='987611';
UPDATE track SET text='' WHERE id='987611';
INSERT INTO track VALUES('987612','Cinematic Futuristic Sad Melancholic Sentimental Theatre Pictures Atmosphere 001','http://www.jamendo.com/es/track/987612','','','129','http://mp3l.jamendo.com/?trackid=987612&format=mp31&u=0');
UPDATE track SET album_id='116248' WHERE id='987612';
UPDATE track SET text='' WHERE id='987612';
INSERT INTO track VALUES('987613','Cinematic Futuristic Sad Melancholic Sentimental Theatre Pictures Atmosphere 007','http://www.jamendo.com/es/track/987613','','','120','http://mp3l.jamendo.com/?trackid=987613&format=mp31&u=0');
UPDATE track SET album_id='116248' WHERE id='987613';
UPDATE track SET text='' WHERE id='987613';
INSERT INTO track VALUES('987614','Cinematic Futuristic Sad Melancholic Sentimental Theatre Pictures Atmosphere 009','http://www.jamendo.com/es/track/987614','','','96','http://mp3l.jamendo.com/?trackid=987614&format=mp31&u=0');
UPDATE track SET album_id='116248' WHERE id='987614';
UPDATE track SET text='' WHERE id='987614';
INSERT INTO album_juser VALUES('116248','3222188');
INSERT INTO album VALUES('116252','Cinematic Magical Dreamy Beautiful Chimes Works Theme Soundtrack Instrumental Album n°32','http://www.jamendo.com/es/album/116252','http://imgjam.com/albums/s116/116252/covers/1.100.jpg','2','4001');
UPDATE album SET artist_id='420766' WHERE id='116252';
INSERT INTO track VALUES('987615','Cinematic Magical Dreamy Expressive Chimes Theatrical Works Theme Soundtrack 001','http://www.jamendo.com/es/track/987615','','','118','http://mp3l.jamendo.com/?trackid=987615&format=mp31&u=0');
UPDATE track SET album_id='116252' WHERE id='987615';
UPDATE track SET text='' WHERE id='987615';
INSERT INTO track VALUES('987616','Cinematic Magical Dreamy Beautiful Chimes Works Theme Soundtrack 001','http://www.jamendo.com/es/track/987616','','','109','http://mp3l.jamendo.com/?trackid=987616&format=mp31&u=0');
UPDATE track SET album_id='116252' WHERE id='987616';
UPDATE track SET text='' WHERE id='987616';
INSERT INTO track VALUES('987617','Cinematic Magical Dreamy Beautiful Resonant Chimes Theme Soundtrack 005','http://www.jamendo.com/es/track/987617','','','103','http://mp3l.jamendo.com/?trackid=987617&format=mp31&u=0');
UPDATE track SET album_id='116252' WHERE id='987617';
UPDATE track SET text='' WHERE id='987617';
INSERT INTO track VALUES('987618','Cinematic Magical Dreamy Beautiful Chimes Works Theme Soundtrack 007','http://www.jamendo.com/es/track/987618','','','135','http://mp3l.jamendo.com/?trackid=987618&format=mp31&u=0');
UPDATE track SET album_id='116252' WHERE id='987618';
UPDATE track SET text='' WHERE id='987618';
INSERT INTO track VALUES('987619','Cinematic Magical Dreamy Expressive Chimes Theatrical Works Theme Soundtrack 007','http://www.jamendo.com/es/track/987619','','','108','http://mp3l.jamendo.com/?trackid=987619&format=mp31&u=0');
UPDATE track SET album_id='116252' WHERE id='987619';
UPDATE track SET text='' WHERE id='987619';
INSERT INTO track VALUES('987620','Cinematic Magical Dreamy Sad Melancholic Chimes Works Theme Soundtrack 003','http://www.jamendo.com/es/track/987620','','','102','http://mp3l.jamendo.com/?trackid=987620&format=mp31&u=0');
UPDATE track SET album_id='116252' WHERE id='987620';
UPDATE track SET text='' WHERE id='987620';
INSERT INTO track VALUES('987621','Cinematic Magical Dreamy Expressive Chimes Theatrical Works Theme Soundtrack 002','http://www.jamendo.com/es/track/987621','','','163','http://mp3l.jamendo.com/?trackid=987621&format=mp31&u=0');
UPDATE track SET album_id='116252' WHERE id='987621';
UPDATE track SET text='' WHERE id='987621';
INSERT INTO track VALUES('987622','Cinematic Magical Dreamy Beautiful Chimes Works Theme Soundtrack 006','http://www.jamendo.com/es/track/987622','','','126','http://mp3l.jamendo.com/?trackid=987622&format=mp31&u=0');
UPDATE track SET album_id='116252' WHERE id='987622';
UPDATE track SET text='' WHERE id='987622';
INSERT INTO track VALUES('987623','Cinematic Magical Dreamy Beautiful Chimes Works Theme Soundtrack 008','http://www.jamendo.com/es/track/987623','','','111','http://mp3l.jamendo.com/?trackid=987623&format=mp31&u=0');
UPDATE track SET album_id='116252' WHERE id='987623';
UPDATE track SET text='' WHERE id='987623';
INSERT INTO track VALUES('987624','Cinematic Magical Dreamy Sad Melancholic Chimes Works Theme Soundtrack 008','http://www.jamendo.com/es/track/987624','','','120','http://mp3l.jamendo.com/?trackid=987624&format=mp31&u=0');
UPDATE track SET album_id='116252' WHERE id='987624';
UPDATE track SET text='' WHERE id='987624';
INSERT INTO track VALUES('987625','Cinematic Magical Dreamy Beautiful Resonant Chimes Theme Soundtrack 006','http://www.jamendo.com/es/track/987625','','','135','http://mp3l.jamendo.com/?trackid=987625&format=mp31&u=0');
UPDATE track SET album_id='116252' WHERE id='987625';
UPDATE track SET text='' WHERE id='987625';
INSERT INTO track VALUES('987626','Cinematic Magical Dreamy Expressive Chimes Theatrical Works Theme Soundtrack 008','http://www.jamendo.com/es/track/987626','','','112','http://mp3l.jamendo.com/?trackid=987626&format=mp31&u=0');
UPDATE track SET album_id='116252' WHERE id='987626';
UPDATE track SET text='' WHERE id='987626';
INSERT INTO track VALUES('987628','Cinematic Magical Dreamy Beautiful Resonant Chimes Theme Soundtrack 001','http://www.jamendo.com/es/track/987628','','','131','http://mp3l.jamendo.com/?trackid=987628&format=mp31&u=0');
UPDATE track SET album_id='116252' WHERE id='987628';
UPDATE track SET text='' WHERE id='987628';
INSERT INTO track VALUES('987629','Cinematic Magical Dreamy Beautiful Chimes Works Theme Soundtrack 002','http://www.jamendo.com/es/track/987629','','','116','http://mp3l.jamendo.com/?trackid=987629&format=mp31&u=0');
UPDATE track SET album_id='116252' WHERE id='987629';
UPDATE track SET text='' WHERE id='987629';
INSERT INTO track VALUES('987630','Cinematic Magical Dreamy Sad Melancholic Chimes Works Theme Soundtrack 009','http://www.jamendo.com/es/track/987630','','','129','http://mp3l.jamendo.com/?trackid=987630&format=mp31&u=0');
UPDATE track SET album_id='116252' WHERE id='987630';
UPDATE track SET text='' WHERE id='987630';
INSERT INTO track VALUES('987631','Cinematic Magical Dreamy Beautiful Resonant Chimes Theme Soundtrack 007','http://www.jamendo.com/es/track/987631','','','90','http://mp3l.jamendo.com/?trackid=987631&format=mp31&u=0');
UPDATE track SET album_id='116252' WHERE id='987631';
UPDATE track SET text='' WHERE id='987631';
INSERT INTO track VALUES('987632','Cinematic Magical Dreamy Beautiful Resonant Chimes Theme Soundtrack 002','http://www.jamendo.com/es/track/987632','','','98','http://mp3l.jamendo.com/?trackid=987632&format=mp31&u=0');
UPDATE track SET album_id='116252' WHERE id='987632';
UPDATE track SET text='' WHERE id='987632';
INSERT INTO track VALUES('987633','Cinematic Magical Dreamy Beautiful Chimes Works Theme Soundtrack 003','http://www.jamendo.com/es/track/987633','','','118','http://mp3l.jamendo.com/?trackid=987633&format=mp31&u=0');
UPDATE track SET album_id='116252' WHERE id='987633';
UPDATE track SET text='' WHERE id='987633';
INSERT INTO track VALUES('987634','Cinematic Magical Dreamy Expressive Chimes Theatrical Works Theme Soundtrack 004','http://www.jamendo.com/es/track/987634','','','116','http://mp3l.jamendo.com/?trackid=987634&format=mp31&u=0');
UPDATE track SET album_id='116252' WHERE id='987634';
UPDATE track SET text='' WHERE id='987634';
INSERT INTO track VALUES('987635','Cinematic Magical Dreamy Beautiful Resonant Chimes Theme Soundtrack 008','http://www.jamendo.com/es/track/987635','','','188','http://mp3l.jamendo.com/?trackid=987635&format=mp31&u=0');
UPDATE track SET album_id='116252' WHERE id='987635';
UPDATE track SET text='' WHERE id='987635';
INSERT INTO track VALUES('987636','Cinematic Magical Dreamy Expressive Chimes Theatrical Works Theme Soundtrack 003','http://www.jamendo.com/es/track/987636','','','100','http://mp3l.jamendo.com/?trackid=987636&format=mp31&u=0');
UPDATE track SET album_id='116252' WHERE id='987636';
UPDATE track SET text='' WHERE id='987636';
INSERT INTO track VALUES('987637','Cinematic Magical Dreamy Beautiful Chimes Works Theme Soundtrack 004','http://www.jamendo.com/es/track/987637','','','99','http://mp3l.jamendo.com/?trackid=987637&format=mp31&u=0');
UPDATE track SET album_id='116252' WHERE id='987637';
UPDATE track SET text='' WHERE id='987637';
INSERT INTO track VALUES('987638','Cinematic Magical Dreamy Sad Melancholic Chimes Works Theme Soundtrack 005','http://www.jamendo.com/es/track/987638','','','101','http://mp3l.jamendo.com/?trackid=987638&format=mp31&u=0');
UPDATE track SET album_id='116252' WHERE id='987638';
UPDATE track SET text='' WHERE id='987638';
INSERT INTO track VALUES('987639','Cinematic Magical Dreamy Beautiful Resonant Chimes Theme Soundtrack 003','http://www.jamendo.com/es/track/987639','','','99','http://mp3l.jamendo.com/?trackid=987639&format=mp31&u=0');
UPDATE track SET album_id='116252' WHERE id='987639';
UPDATE track SET text='' WHERE id='987639';
INSERT INTO track VALUES('987640','Cinematic Magical Dreamy Sad Melancholic Chimes Works Theme Soundtrack 006','http://www.jamendo.com/es/track/987640','','','116','http://mp3l.jamendo.com/?trackid=987640&format=mp31&u=0');
UPDATE track SET album_id='116252' WHERE id='987640';
UPDATE track SET text='' WHERE id='987640';
INSERT INTO track VALUES('987641','Cinematic Magical Dreamy Expressive Chimes Theatrical Works Theme Soundtrack 005','http://www.jamendo.com/es/track/987641','','','126','http://mp3l.jamendo.com/?trackid=987641&format=mp31&u=0');
UPDATE track SET album_id='116252' WHERE id='987641';
UPDATE track SET text='' WHERE id='987641';
INSERT INTO track VALUES('987642','Cinematic Magical Dreamy Sad Melancholic Chimes Works Theme Soundtrack 001','http://www.jamendo.com/es/track/987642','','','140','http://mp3l.jamendo.com/?trackid=987642&format=mp31&u=0');
UPDATE track SET album_id='116252' WHERE id='987642';
UPDATE track SET text='' WHERE id='987642';
INSERT INTO track VALUES('987643','Cinematic Magical Dreamy Beautiful Chimes Works Theme Soundtrack 005','http://www.jamendo.com/es/track/987643','','','132','http://mp3l.jamendo.com/?trackid=987643&format=mp31&u=0');
UPDATE track SET album_id='116252' WHERE id='987643';
UPDATE track SET text='' WHERE id='987643';
INSERT INTO track VALUES('987644','Cinematic Magical Dreamy Beautiful Resonant Chimes Theme Soundtrack 009','http://www.jamendo.com/es/track/987644','','','116','http://mp3l.jamendo.com/?trackid=987644&format=mp31&u=0');
UPDATE track SET album_id='116252' WHERE id='987644';
UPDATE track SET text='' WHERE id='987644';
INSERT INTO track VALUES('987645','Cinematic Magical Dreamy Beautiful Resonant Chimes Theme Soundtrack 004','http://www.jamendo.com/es/track/987645','','','127','http://mp3l.jamendo.com/?trackid=987645&format=mp31&u=0');
UPDATE track SET album_id='116252' WHERE id='987645';
UPDATE track SET text='' WHERE id='987645';
INSERT INTO track VALUES('987646','Cinematic Magical Dreamy Sad Melancholic Chimes Works Theme Soundtrack 007','http://www.jamendo.com/es/track/987646','','','118','http://mp3l.jamendo.com/?trackid=987646&format=mp31&u=0');
UPDATE track SET album_id='116252' WHERE id='987646';
UPDATE track SET text='' WHERE id='987646';
INSERT INTO track VALUES('987647','Cinematic Magical Dreamy Expressive Chimes Theatrical Works Theme Soundtrack 006','http://www.jamendo.com/es/track/987647','','','88','http://mp3l.jamendo.com/?trackid=987647&format=mp31&u=0');
UPDATE track SET album_id='116252' WHERE id='987647';
UPDATE track SET text='' WHERE id='987647';
INSERT INTO track VALUES('987648','Cinematic Magical Dreamy Sad Melancholic Chimes Works Theme Soundtrack 002','http://www.jamendo.com/es/track/987648','','','121','http://mp3l.jamendo.com/?trackid=987648&format=mp31&u=0');
UPDATE track SET album_id='116252' WHERE id='987648';
UPDATE track SET text='' WHERE id='987648';
INSERT INTO track VALUES('987663','Cinematic Magical Dreamy Sad Melancholic Chimes Works Theme Soundtrack 004','http://www.jamendo.com/es/track/987663','','','90','http://mp3l.jamendo.com/?trackid=987663&format=mp31&u=0');
UPDATE track SET album_id='116252' WHERE id='987663';
UPDATE track SET text='' WHERE id='987663';
INSERT INTO album VALUES('116255','Cinematic Horror Dangerous Tension Hell Atmosphere Theme Soundtrack Album n°33','http://www.jamendo.com/es/album/116255','http://imgjam.com/albums/s116/116255/covers/1.100.jpg','2','5732');
UPDATE album SET artist_id='420766' WHERE id='116255';
INSERT INTO track VALUES('987714','Cinematic Horror Dangerous Tension Hell Atmosphere Theme Soundtrack 006','http://www.jamendo.com/es/track/987714','','','115','http://mp3l.jamendo.com/?trackid=987714&format=mp31&u=0');
UPDATE track SET album_id='116255' WHERE id='987714';
UPDATE track SET text='' WHERE id='987714';
INSERT INTO track VALUES('987665','Cinematic Horror Sci-Fi Suspense Tension Dark Woods Atmosphere Theme Soundtrack 025','http://www.jamendo.com/es/track/987665','','','179','http://mp3l.jamendo.com/?trackid=987665&format=mp31&u=0');
UPDATE track SET album_id='116255' WHERE id='987665';
UPDATE track SET text='' WHERE id='987665';
INSERT INTO track VALUES('987666','Cinematic Horror Sci-Fi Suspense Dark Apocalypse Atmosphere Theme Soundtrack 008','http://www.jamendo.com/es/track/987666','','','118','http://mp3l.jamendo.com/?trackid=987666&format=mp31&u=0');
UPDATE track SET album_id='116255' WHERE id='987666';
UPDATE track SET text='' WHERE id='987666';
INSERT INTO track VALUES('987667','Cinematic Horror Sci-Fi Suspense Tension Dark Woods Atmosphere Theme Soundtrack 016','http://www.jamendo.com/es/track/987667','','','139','http://mp3l.jamendo.com/?trackid=987667&format=mp31&u=0');
UPDATE track SET album_id='116255' WHERE id='987667';
UPDATE track SET text='' WHERE id='987667';
INSERT INTO track VALUES('987668','Cinematic Horror Sci-Fi Suspense Tension Dark Woods Atmosphere Theme Soundtrack 042','http://www.jamendo.com/es/track/987668','','','108','http://mp3l.jamendo.com/?trackid=987668&format=mp31&u=0');
UPDATE track SET album_id='116255' WHERE id='987668';
UPDATE track SET text='' WHERE id='987668';
INSERT INTO track VALUES('987669','Cinematic Horror Sci-Fi Suspense Tension Dark Woods Atmosphere Theme Soundtrack 010','http://www.jamendo.com/es/track/987669','','','115','http://mp3l.jamendo.com/?trackid=987669&format=mp31&u=0');
UPDATE track SET album_id='116255' WHERE id='987669';
UPDATE track SET text='' WHERE id='987669';
INSERT INTO track VALUES('987670','Cinematic Horror Sci-Fi Suspense Tension Dark Woods Atmosphere Theme Soundtrack 034','http://www.jamendo.com/es/track/987670','','','105','http://mp3l.jamendo.com/?trackid=987670&format=mp31&u=0');
UPDATE track SET album_id='116255' WHERE id='987670';
UPDATE track SET text='' WHERE id='987670';
INSERT INTO track VALUES('987671','Cinematic Horror Sci-Fi Suspense Tension Dark Woods Atmosphere Theme Soundtrack 039','http://www.jamendo.com/es/track/987671','','','134','http://mp3l.jamendo.com/?trackid=987671&format=mp31&u=0');
UPDATE track SET album_id='116255' WHERE id='987671';
UPDATE track SET text='' WHERE id='987671';
INSERT INTO track VALUES('987672','Cinematic Horror Sci-Fi Suspense Dark Apocalypse Atmosphere Theme Soundtrack 009','http://www.jamendo.com/es/track/987672','','','167','http://mp3l.jamendo.com/?trackid=987672&format=mp31&u=0');
UPDATE track SET album_id='116255' WHERE id='987672';
UPDATE track SET text='' WHERE id='987672';
INSERT INTO track VALUES('987673','Cinematic Horror Sci-Fi Suspense Tension Dark Woods Atmosphere Theme Soundtrack 027','http://www.jamendo.com/es/track/987673','','','91','http://mp3l.jamendo.com/?trackid=987673&format=mp31&u=0');
UPDATE track SET album_id='116255' WHERE id='987673';
UPDATE track SET text='' WHERE id='987673';
INSERT INTO track VALUES('987674','Cinematic Horror Sci-Fi Suspense Tension Dark Woods Atmosphere Theme Soundtrack 017','http://www.jamendo.com/es/track/987674','','','112','http://mp3l.jamendo.com/?trackid=987674&format=mp31&u=0');
UPDATE track SET album_id='116255' WHERE id='987674';
UPDATE track SET text='' WHERE id='987674';
INSERT INTO track VALUES('987675','Cinematic Horror Sci-Fi Suspense Dark Apocalypse Atmosphere Theme Soundtrack 001','http://www.jamendo.com/es/track/987675','','','107','http://mp3l.jamendo.com/?trackid=987675&format=mp31&u=0');
UPDATE track SET album_id='116255' WHERE id='987675';
UPDATE track SET text='' WHERE id='987675';
INSERT INTO track VALUES('987676','Cinematic Horror Sci-Fi Suspense Tension Dark Woods Atmosphere Theme Soundtrack 022','http://www.jamendo.com/es/track/987676','','','175','http://mp3l.jamendo.com/?trackid=987676&format=mp31&u=0');
UPDATE track SET album_id='116255' WHERE id='987676';
UPDATE track SET text='' WHERE id='987676';
INSERT INTO track VALUES('987677','Cinematic Horror Sci-Fi Suspense Dark Apocalypse Atmosphere Theme Soundtrack 010','http://www.jamendo.com/es/track/987677','','','118','http://mp3l.jamendo.com/?trackid=987677&format=mp31&u=0');
UPDATE track SET album_id='116255' WHERE id='987677';
UPDATE track SET text='' WHERE id='987677';
INSERT INTO track VALUES('987678','Cinematic Horror Sci-Fi Suspense Tension Dark Woods Atmosphere Theme Soundtrack 040','http://www.jamendo.com/es/track/987678','','','193','http://mp3l.jamendo.com/?trackid=987678&format=mp31&u=0');
UPDATE track SET album_id='116255' WHERE id='987678';
UPDATE track SET text='' WHERE id='987678';
INSERT INTO track VALUES('987679','Cinematic Horror Sci-Fi Suspense Tension Dark Woods Atmosphere Theme Soundtrack 023','http://www.jamendo.com/es/track/987679','','','177','http://mp3l.jamendo.com/?trackid=987679&format=mp31&u=0');
UPDATE track SET album_id='116255' WHERE id='987679';
UPDATE track SET text='' WHERE id='987679';
INSERT INTO track VALUES('987680','Cinematic Horror Sci-Fi Suspense Tension Dark Woods Atmosphere Theme Soundtrack 028','http://www.jamendo.com/es/track/987680','','','141','http://mp3l.jamendo.com/?trackid=987680&format=mp31&u=0');
UPDATE track SET album_id='116255' WHERE id='987680';
UPDATE track SET text='' WHERE id='987680';
INSERT INTO track VALUES('987681','Cinematic Horror Sci-Fi Suspense Tension Dark Woods Atmosphere Theme Soundtrack 018','http://www.jamendo.com/es/track/987681','','','97','http://mp3l.jamendo.com/?trackid=987681&format=mp31&u=0');
UPDATE track SET album_id='116255' WHERE id='987681';
UPDATE track SET text='' WHERE id='987681';
INSERT INTO track VALUES('987682','Cinematic Horror Sci-Fi Suspense Tension Dark Woods Atmosphere Theme Soundtrack 035','http://www.jamendo.com/es/track/987682','','','89','http://mp3l.jamendo.com/?trackid=987682&format=mp31&u=0');
UPDATE track SET album_id='116255' WHERE id='987682';
UPDATE track SET text='' WHERE id='987682';
INSERT INTO track VALUES('987683','Cinematic Horror Sci-Fi Suspense Tension Dark Woods Atmosphere Theme Soundtrack 001','http://www.jamendo.com/es/track/987683','','','108','http://mp3l.jamendo.com/?trackid=987683&format=mp31&u=0');
UPDATE track SET album_id='116255' WHERE id='987683';
UPDATE track SET text='' WHERE id='987683';
INSERT INTO track VALUES('987684','Cinematic Horror Sci-Fi Suspense Tension Dark Woods Atmosphere Theme Soundtrack 013','http://www.jamendo.com/es/track/987684','','','188','http://mp3l.jamendo.com/?trackid=987684&format=mp31&u=0');
UPDATE track SET album_id='116255' WHERE id='987684';
UPDATE track SET text='' WHERE id='987684';
INSERT INTO track VALUES('987685','Cinematic Horror Sci-Fi Suspense Tension Dark Woods Atmosphere Theme Soundtrack 041','http://www.jamendo.com/es/track/987685','','','218','http://mp3l.jamendo.com/?trackid=987685&format=mp31&u=0');
UPDATE track SET album_id='116255' WHERE id='987685';
UPDATE track SET text='' WHERE id='987685';
INSERT INTO track VALUES('987686','Cinematic Horror Sci-Fi Suspense Tension Dark Woods Atmosphere Theme Soundtrack 024','http://www.jamendo.com/es/track/987686','','','168','http://mp3l.jamendo.com/?trackid=987686&format=mp31&u=0');
UPDATE track SET album_id='116255' WHERE id='987686';
UPDATE track SET text='' WHERE id='987686';
INSERT INTO track VALUES('987687','Cinematic Horror Sci-Fi Suspense Tension Dark Woods Atmosphere Theme Soundtrack 012','http://www.jamendo.com/es/track/987687','','','127','http://mp3l.jamendo.com/?trackid=987687&format=mp31&u=0');
UPDATE track SET album_id='116255' WHERE id='987687';
UPDATE track SET text='' WHERE id='987687';
INSERT INTO track VALUES('987688','Cinematic Horror Sci-Fi Suspense Tension Dark Woods Atmosphere Theme Soundtrack 005','http://www.jamendo.com/es/track/987688','','','97','http://mp3l.jamendo.com/?trackid=987688&format=mp31&u=0');
UPDATE track SET album_id='116255' WHERE id='987688';
UPDATE track SET text='' WHERE id='987688';
INSERT INTO track VALUES('987689','Cinematic Horror Sci-Fi Suspense Dark Apocalypse Atmosphere Theme Soundtrack 004','http://www.jamendo.com/es/track/987689','','','141','http://mp3l.jamendo.com/?trackid=987689&format=mp31&u=0');
UPDATE track SET album_id='116255' WHERE id='987689';
UPDATE track SET text='' WHERE id='987689';
INSERT INTO track VALUES('987690','Cinematic Horror Sci-Fi Suspense Tension Dark Woods Atmosphere Theme Soundtrack 037','http://www.jamendo.com/es/track/987690','','','161','http://mp3l.jamendo.com/?trackid=987690&format=mp31&u=0');
UPDATE track SET album_id='116255' WHERE id='987690';
UPDATE track SET text='' WHERE id='987690';
INSERT INTO track VALUES('987691','Cinematic Horror Sci-Fi Suspense Tension Dark Woods Atmosphere Theme Soundtrack 014','http://www.jamendo.com/es/track/987691','','','113','http://mp3l.jamendo.com/?trackid=987691&format=mp31&u=0');
UPDATE track SET album_id='116255' WHERE id='987691';
UPDATE track SET text='' WHERE id='987691';
INSERT INTO track VALUES('987692','Cinematic Horror Sci-Fi Suspense Tension Dark Woods Atmosphere Theme Soundtrack 029','http://www.jamendo.com/es/track/987692','','','135','http://mp3l.jamendo.com/?trackid=987692&format=mp31&u=0');
UPDATE track SET album_id='116255' WHERE id='987692';
UPDATE track SET text='' WHERE id='987692';
INSERT INTO track VALUES('987693','Cinematic Horror Sci-Fi Suspense Tension Dark Woods Atmosphere Theme Soundtrack 006','http://www.jamendo.com/es/track/987693','','','89','http://mp3l.jamendo.com/?trackid=987693&format=mp31&u=0');
UPDATE track SET album_id='116255' WHERE id='987693';
UPDATE track SET text='' WHERE id='987693';
INSERT INTO track VALUES('987694','Cinematic Horror Sci-Fi Suspense Dark Apocalypse Atmosphere Theme Soundtrack 006','http://www.jamendo.com/es/track/987694','','','120','http://mp3l.jamendo.com/?trackid=987694&format=mp31&u=0');
UPDATE track SET album_id='116255' WHERE id='987694';
UPDATE track SET text='' WHERE id='987694';
INSERT INTO track VALUES('987695','Cinematic Horror Sci-Fi Suspense Tension Dark Woods Atmosphere Theme Soundtrack 020','http://www.jamendo.com/es/track/987695','','','163','http://mp3l.jamendo.com/?trackid=987695&format=mp31&u=0');
UPDATE track SET album_id='116255' WHERE id='987695';
UPDATE track SET text='' WHERE id='987695';
INSERT INTO track VALUES('987696','Cinematic Horror Sci-Fi Suspense Tension Dark Woods Atmosphere Theme Soundtrack 038','http://www.jamendo.com/es/track/987696','','','228','http://mp3l.jamendo.com/?trackid=987696&format=mp31&u=0');
UPDATE track SET album_id='116255' WHERE id='987696';
UPDATE track SET text='' WHERE id='987696';
INSERT INTO track VALUES('987697','Cinematic Horror Sci-Fi Suspense Tension Dark Woods Atmosphere Theme Soundtrack 015','http://www.jamendo.com/es/track/987697','','','115','http://mp3l.jamendo.com/?trackid=987697&format=mp31&u=0');
UPDATE track SET album_id='116255' WHERE id='987697';
UPDATE track SET text='' WHERE id='987697';
INSERT INTO track VALUES('987698','Cinematic Horror Sci-Fi Suspense Tension Dark Woods Atmosphere Theme Soundtrack 019','http://www.jamendo.com/es/track/987698','','','129','http://mp3l.jamendo.com/?trackid=987698&format=mp31&u=0');
UPDATE track SET album_id='116255' WHERE id='987698';
UPDATE track SET text='' WHERE id='987698';
INSERT INTO track VALUES('987699','Cinematic Horror Sci-Fi Suspense Dark Apocalypse Atmosphere Theme Soundtrack 007','http://www.jamendo.com/es/track/987699','','','176','http://mp3l.jamendo.com/?trackid=987699&format=mp31&u=0');
UPDATE track SET album_id='116255' WHERE id='987699';
UPDATE track SET text='' WHERE id='987699';
INSERT INTO track VALUES('987700','Cinematic Horror Sci-Fi Suspense Tension Dark Woods Atmosphere Theme Soundtrack 030','http://www.jamendo.com/es/track/987700','','','120','http://mp3l.jamendo.com/?trackid=987700&format=mp31&u=0');
UPDATE track SET album_id='116255' WHERE id='987700';
UPDATE track SET text='' WHERE id='987700';
INSERT INTO track VALUES('987701','Cinematic Horror Sci-Fi Suspense Tension Dark Woods Atmosphere Theme Soundtrack 009','http://www.jamendo.com/es/track/987701','','','108','http://mp3l.jamendo.com/?trackid=987701&format=mp31&u=0');
UPDATE track SET album_id='116255' WHERE id='987701';
UPDATE track SET text='' WHERE id='987701';
INSERT INTO track VALUES('987702','Cinematic Horror Sci-Fi Suspense Tension Dark Woods Atmosphere Theme Soundtrack 033','http://www.jamendo.com/es/track/987702','','','88','http://mp3l.jamendo.com/?trackid=987702&format=mp31&u=0');
UPDATE track SET album_id='116255' WHERE id='987702';
UPDATE track SET text='' WHERE id='987702';
INSERT INTO track VALUES('987703','Cinematic Horror Sci-Fi Suspense Tension Dark Woods Atmosphere Theme Soundtrack 021','http://www.jamendo.com/es/track/987703','','','312','http://mp3l.jamendo.com/?trackid=987703&format=mp31&u=0');
UPDATE track SET album_id='116255' WHERE id='987703';
UPDATE track SET text='' WHERE id='987703';
INSERT INTO track VALUES('987715','Cinematic Horror Suspense Tension Space After Life','http://www.jamendo.com/es/track/987715','','','148','http://mp3l.jamendo.com/?trackid=987715&format=mp31&u=0');
UPDATE track SET album_id='116255' WHERE id='987715';
UPDATE track SET text='' WHERE id='987715';
INSERT INTO album VALUES('116260','Cinematic Beautiful Sad Emotional Grand Piano Documentary Soundtrack Instrumental Album n°34','http://www.jamendo.com/es/album/116260','http://imgjam.com/albums/s116/116260/covers/1.100.jpg','2','2031','classical');
UPDATE album SET artist_id='420766' WHERE id='116260';
INSERT INTO track VALUES('987731','Cinematic Beautiful Sentimental Impressive Calm The Grand Piano Theme Soundtrack','http://www.jamendo.com/es/track/987731','','','147','http://mp3l.jamendo.com/?trackid=987731&format=mp31&u=0');
UPDATE track SET album_id='116260' WHERE id='987731';
UPDATE track SET text='' WHERE id='987731';
INSERT INTO track VALUES('987717','Cinematic Beautiful Piano Emotions Theme Soundtrack 001','http://www.jamendo.com/es/track/987717','','','97','http://mp3l.jamendo.com/?trackid=987717&format=mp31&u=0');
UPDATE track SET album_id='116260' WHERE id='987717';
UPDATE track SET text='' WHERE id='987717';
INSERT INTO track VALUES('987718','Cinematic Beautiful Piano Emotions Theme Soundtrack 002','http://www.jamendo.com/es/track/987718','','','237','http://mp3l.jamendo.com/?trackid=987718&format=mp31&u=0');
UPDATE track SET album_id='116260' WHERE id='987718';
UPDATE track SET text='' WHERE id='987718';
INSERT INTO track VALUES('987719','Cinematic Beautiful Piano Theme Soundtrack','http://www.jamendo.com/es/track/987719','','','156','http://mp3l.jamendo.com/?trackid=987719&format=mp31&u=0');
UPDATE track SET album_id='116260' WHERE id='987719';
UPDATE track SET text='' WHERE id='987719';
INSERT INTO track VALUES('987720','Cinematic Beautiful Piano Documentary Soundtrack','http://www.jamendo.com/es/track/987720','','','381','http://mp3l.jamendo.com/?trackid=987720&format=mp31&u=0');
UPDATE track SET album_id='116260' WHERE id='987720';
UPDATE track SET text='' WHERE id='987720';
INSERT INTO track VALUES('987721','Cinematic Beautiful Romantic Ivory Grand Piano Theme Soundtrack','http://www.jamendo.com/es/track/987721','','','183','http://mp3l.jamendo.com/?trackid=987721&format=mp31&u=0');
UPDATE track SET album_id='116260' WHERE id='987721';
UPDATE track SET text='' WHERE id='987721';
INSERT INTO track VALUES('987725','Cinematic Beautiful Sad Heartbroken The Grand Piano Theme Soundtrack','http://www.jamendo.com/es/track/987725','','','144','http://mp3l.jamendo.com/?trackid=987725&format=mp31&u=0');
UPDATE track SET album_id='116260' WHERE id='987725';
UPDATE track SET text='' WHERE id='987725';
INSERT INTO track VALUES('987726','Cinematic Beautiful Sad Melancholic Slow Grand Piano Lounge Theme Soundtrack','http://www.jamendo.com/es/track/987726','','','207','http://mp3l.jamendo.com/?trackid=987726&format=mp31&u=0');
UPDATE track SET album_id='116260' WHERE id='987726';
UPDATE track SET text='' WHERE id='987726';
INSERT INTO track VALUES('987727','Cinematic Beautiful Sad Melancholic Slow Grand Piano Room Theme Soundtrack','http://www.jamendo.com/es/track/987727','','','187','http://mp3l.jamendo.com/?trackid=987727&format=mp31&u=0');
UPDATE track SET album_id='116260' WHERE id='987727';
UPDATE track SET text='' WHERE id='987727';
INSERT INTO track VALUES('987728','Cinematic Beautiful Sad Emotional Heartbroken The Grand Piano Theme Soundtrack','http://www.jamendo.com/es/track/987728','','','181','http://mp3l.jamendo.com/?trackid=987728&format=mp31&u=0');
UPDATE track SET album_id='116260' WHERE id='987728';
UPDATE track SET text='' WHERE id='987728';
INSERT INTO track VALUES('987729','Cinematic Beautiful Sentimental Calm The Grand Piano Theme Soundtrack','http://www.jamendo.com/es/track/987729','','','111','http://mp3l.jamendo.com/?trackid=987729&format=mp31&u=0');
UPDATE track SET album_id='116260' WHERE id='987729';
UPDATE track SET text='' WHERE id='987729';
INSERT INTO album VALUES('116261','Cinematic Beautiful Peaceful Patriotic Symphonic Orchestra 1st Airborne Division Theme Soundtrack Album','http://www.jamendo.com/es/album/116261','http://imgjam.com/albums/s116/116261/covers/1.100.jpg','3','771','classical');
UPDATE album SET artist_id='420766' WHERE id='116261';
INSERT INTO track VALUES('987734','Cinematic Beautiful Peaceful Patriotic Symphonic Orchestra 1st Airborne Division Theme Soundtrack 001','http://www.jamendo.com/es/track/987734','','','212','http://mp3l.jamendo.com/?trackid=987734&format=mp31&u=0');
UPDATE track SET album_id='116261' WHERE id='987734';
UPDATE track SET text='' WHERE id='987734';
INSERT INTO track VALUES('987735','Cinematic Beautiful Peaceful Patriotic Symphonic Orchestra 1st Airborne Division Theme Soundtrack 003','http://www.jamendo.com/es/track/987735','','','130','http://mp3l.jamendo.com/?trackid=987735&format=mp31&u=0');
UPDATE track SET album_id='116261' WHERE id='987735';
UPDATE track SET text='' WHERE id='987735';
INSERT INTO track VALUES('987737','Cinematic Beautiful Peaceful Patriotic Symphonic Orchestra 1st Airborne Division Theme Soundtrack 007','http://www.jamendo.com/es/track/987737','','','96','http://mp3l.jamendo.com/?trackid=987737&format=mp31&u=0');
UPDATE track SET album_id='116261' WHERE id='987737';
UPDATE track SET text='' WHERE id='987737';
INSERT INTO track VALUES('987740','Cinematic Beautiful Peaceful Patriotic Symphonic Orchestra 1st Airborne Division Theme Soundtrack 006','http://www.jamendo.com/es/track/987740','','','97','http://mp3l.jamendo.com/?trackid=987740&format=mp31&u=0');
UPDATE track SET album_id='116261' WHERE id='987740';
UPDATE track SET text='' WHERE id='987740';
INSERT INTO track VALUES('987741','Cinematic Beautiful Peaceful Patriotic Symphonic Orchestra 1st Airborne Division Theme Soundtrack 002','http://www.jamendo.com/es/track/987741','','','118','http://mp3l.jamendo.com/?trackid=987741&format=mp31&u=0');
UPDATE track SET album_id='116261' WHERE id='987741';
UPDATE track SET text='' WHERE id='987741';
INSERT INTO track VALUES('987742','Cinematic Beautiful Peaceful Patriotic Symphonic Orchestra 1st Airborne Division Theme Soundtrack 004','http://www.jamendo.com/es/track/987742','','','118','http://mp3l.jamendo.com/?trackid=987742&format=mp31&u=0');
UPDATE track SET album_id='116261' WHERE id='987742';
UPDATE track SET text='' WHERE id='987742';
INSERT INTO album VALUES('116262','Cinematic Classical Grand Piano Masterpieces Theme Soundtrack Instrumental Album n°36','http://www.jamendo.com/es/album/116262','http://imgjam.com/albums/s116/116262/covers/1.100.jpg','3','969','classical');
UPDATE album SET artist_id='420766' WHERE id='116262';
INSERT INTO track VALUES('987744','Cinematic Classical Grand Piano Masterpieces Theme Soundtrack 004','http://www.jamendo.com/es/track/987744','','','90','http://mp3l.jamendo.com/?trackid=987744&format=mp31&u=0');
UPDATE track SET album_id='116262' WHERE id='987744';
UPDATE track SET text='' WHERE id='987744';
INSERT INTO track VALUES('987745','Cinematic Classical Grand Piano Masterpieces Theme Soundtrack 008','http://www.jamendo.com/es/track/987745','','','134','http://mp3l.jamendo.com/?trackid=987745&format=mp31&u=0');
UPDATE track SET album_id='116262' WHERE id='987745';
UPDATE track SET text='' WHERE id='987745';
INSERT INTO playlist_track VALUES('192085','987745');
INSERT INTO track VALUES('987746','Cinematic Classical Grand Piano Masterpieces Theme Soundtrack 014','http://www.jamendo.com/es/track/987746','','','96','http://mp3l.jamendo.com/?trackid=987746&format=mp31&u=0');
UPDATE track SET album_id='116262' WHERE id='987746';
UPDATE track SET text='' WHERE id='987746';
INSERT INTO track VALUES('987747','Cinematic Classical Grand Piano Masterpieces Theme Soundtrack 026','http://www.jamendo.com/es/track/987747','','','99','http://mp3l.jamendo.com/?trackid=987747&format=mp31&u=0');
UPDATE track SET album_id='116262' WHERE id='987747';
UPDATE track SET text='' WHERE id='987747';
INSERT INTO track VALUES('987748','Cinematic Classical Grand Piano Masterpieces Theme Soundtrack 005','http://www.jamendo.com/es/track/987748','','','93','http://mp3l.jamendo.com/?trackid=987748&format=mp31&u=0');
UPDATE track SET album_id='116262' WHERE id='987748';
UPDATE track SET text='' WHERE id='987748';
INSERT INTO track VALUES('987749','Cinematic Classical Grand Piano Masterpieces Theme Soundtrack 012','http://www.jamendo.com/es/track/987749','','','134','http://mp3l.jamendo.com/?trackid=987749&format=mp31&u=0');
UPDATE track SET album_id='116262' WHERE id='987749';
UPDATE track SET text='' WHERE id='987749';
INSERT INTO track VALUES('987750','Cinematic Classical Grand Piano Masterpieces Theme Soundtrack 002','http://www.jamendo.com/es/track/987750','','','120','http://mp3l.jamendo.com/?trackid=987750&format=mp31&u=0');
UPDATE track SET album_id='116262' WHERE id='987750';
UPDATE track SET text='' WHERE id='987750';
INSERT INTO track VALUES('987751','Cinematic Classical Grand Piano Masterpieces Theme Soundtrack 019','http://www.jamendo.com/es/track/987751','','','114','http://mp3l.jamendo.com/?trackid=987751&format=mp31&u=0');
UPDATE track SET album_id='116262' WHERE id='987751';
UPDATE track SET text='' WHERE id='987751';
INSERT INTO track VALUES('987752','Cinematic Classical Grand Piano Masterpieces Theme Soundtrack 028','http://www.jamendo.com/es/track/987752','','','89','http://mp3l.jamendo.com/?trackid=987752&format=mp31&u=0');
UPDATE track SET album_id='116262' WHERE id='987752';
UPDATE track SET text='' WHERE id='987752';
INSERT INTO album VALUES('116280','Cinematic Beautiful Ambient Grand Piano Notes Atmosphere Theme Soundtrack Instrumental Album n°36','http://www.jamendo.com/es/album/116280','http://imgjam.com/albums/s116/116280/covers/1.100.jpg','3','915','electronic');
UPDATE album SET artist_id='420766' WHERE id='116280';
INSERT INTO track VALUES('988037','Cinematic Beautiful Ambient Grand Piano Notes Atmosphere Theme Soundtrack 001','http://www.jamendo.com/es/track/988037','','','104','http://mp3l.jamendo.com/?trackid=988037&format=mp31&u=0');
UPDATE track SET album_id='116280' WHERE id='988037';
UPDATE track SET text='' WHERE id='988037';
INSERT INTO track VALUES('988032','Cinematic Beautiful Ambient Grand Piano Notes Atmosphere Theme Soundtrack 002','http://www.jamendo.com/es/track/988032','','','92','http://mp3l.jamendo.com/?trackid=988032&format=mp31&u=0');
UPDATE track SET album_id='116280' WHERE id='988032';
UPDATE track SET text='' WHERE id='988032';
INSERT INTO track VALUES('988035','Cinematic Beautiful Ambient Grand Piano Notes Atmosphere Theme Soundtrack 003','http://www.jamendo.com/es/track/988035','','','164','http://mp3l.jamendo.com/?trackid=988035&format=mp31&u=0');
UPDATE track SET album_id='116280' WHERE id='988035';
UPDATE track SET text='' WHERE id='988035';
INSERT INTO track VALUES('988033','Cinematic Beautiful Ambient Grand Piano Notes Atmosphere Theme Soundtrack 004','http://www.jamendo.com/es/track/988033','','','142','http://mp3l.jamendo.com/?trackid=988033&format=mp31&u=0');
UPDATE track SET album_id='116280' WHERE id='988033';
UPDATE track SET text='' WHERE id='988033';
INSERT INTO playlist_track VALUES('192085','988033');
INSERT INTO track VALUES('988036','Cinematic Beautiful Ambient Grand Piano Notes Atmosphere Theme Soundtrack 006','http://www.jamendo.com/es/track/988036','','','153','http://mp3l.jamendo.com/?trackid=988036&format=mp31&u=0');
UPDATE track SET album_id='116280' WHERE id='988036';
UPDATE track SET text='' WHERE id='988036';
INSERT INTO track VALUES('988034','Cinematic Beautiful Ambient Grand Piano Notes Atmosphere Theme Soundtrack 007','http://www.jamendo.com/es/track/988034','','','136','http://mp3l.jamendo.com/?trackid=988034&format=mp31&u=0');
UPDATE track SET album_id='116280' WHERE id='988034';
UPDATE track SET text='' WHERE id='988034';
INSERT INTO playlist_track VALUES('192085','988034');
INSERT INTO track VALUES('988038','Cinematic Beautiful Ambient Grand Piano Notes Atmosphere Theme Soundtrack 008','http://www.jamendo.com/es/track/988038','','','124','http://mp3l.jamendo.com/?trackid=988038&format=mp31&u=0');
UPDATE track SET album_id='116280' WHERE id='988038';
UPDATE track SET text='' WHERE id='988038';
INSERT INTO playlist_track VALUES('192085','988038');
INSERT INTO album VALUES('116281','Cinematic Beautiful Lovely Calm The Grand Piano Theme Soundtrack Instrumental Album n°37','http://www.jamendo.com/es/album/116281','http://imgjam.com/albums/s116/116281/covers/1.100.jpg','3','660','classical');
UPDATE album SET artist_id='420766' WHERE id='116281';
INSERT INTO track VALUES('988043','Cinematic Beautiful Lovely Calm The Grand Piano Theme Soundtrack','http://www.jamendo.com/es/track/988043','','','138','http://mp3l.jamendo.com/?trackid=988043&format=mp31&u=0');
UPDATE track SET album_id='116281' WHERE id='988043';
UPDATE track SET text='' WHERE id='988043';
INSERT INTO track VALUES('988040','Cinematic Beautiful Lovely Happy Calm The Grand Piano Theme Soundtrack','http://www.jamendo.com/es/track/988040','','','129','http://mp3l.jamendo.com/?trackid=988040&format=mp31&u=0');
UPDATE track SET album_id='116281' WHERE id='988040';
UPDATE track SET text='' WHERE id='988040';
INSERT INTO track VALUES('988041','Cinematic Beautiful Lovely Peaceful The Grand Piano Theme Soundtrack','http://www.jamendo.com/es/track/988041','','','121','http://mp3l.jamendo.com/?trackid=988041&format=mp31&u=0');
UPDATE track SET album_id='116281' WHERE id='988041';
UPDATE track SET text='' WHERE id='988041';
INSERT INTO track VALUES('988059','Cinematic Beautiful Lovely Slow Grand Piano Masterpieces Theme Soundtrack','http://www.jamendo.com/es/track/988059','','','98','http://mp3l.jamendo.com/?trackid=988059&format=mp31&u=0');
UPDATE track SET album_id='116281' WHERE id='988059';
UPDATE track SET text='' WHERE id='988059';
INSERT INTO track VALUES('988042','Cinematic Beautiful Minimalistic Calm The Grand Piano Theme Soundtrack','http://www.jamendo.com/es/track/988042','','','174','http://mp3l.jamendo.com/?trackid=988042&format=mp31&u=0');
UPDATE track SET album_id='116281' WHERE id='988042';
UPDATE track SET text='' WHERE id='988042';
INSERT INTO playlist_track VALUES('192085','988042');
INSERT INTO album VALUES('116284','Cinematic Dark Tension Horror Apocalypse Atmosphere Theme Soundtrack Instrumental Album n°39','http://www.jamendo.com/es/album/116284','http://imgjam.com/albums/s116/116284/covers/1.100.jpg','2','1326');
UPDATE album SET artist_id='420766' WHERE id='116284';
INSERT INTO track VALUES('988080','Cinematic Dark Tension Horror Apocalypse Atmosphere Theme Soundtrack 001','http://www.jamendo.com/es/track/988080','','','105','http://mp3l.jamendo.com/?trackid=988080&format=mp31&u=0');
UPDATE track SET album_id='116284' WHERE id='988080';
UPDATE track SET text='' WHERE id='988080';
INSERT INTO track VALUES('988074','Cinematic Dark Tension Horror Apocalypse Atmosphere Theme Soundtrack 002','http://www.jamendo.com/es/track/988074','','','176','http://mp3l.jamendo.com/?trackid=988074&format=mp31&u=0');
UPDATE track SET album_id='116284' WHERE id='988074';
UPDATE track SET text='' WHERE id='988074';
INSERT INTO track VALUES('988078','Cinematic Dark Tension Horror Apocalypse Atmosphere Theme Soundtrack 003','http://www.jamendo.com/es/track/988078','','','156','http://mp3l.jamendo.com/?trackid=988078&format=mp31&u=0');
UPDATE track SET album_id='116284' WHERE id='988078';
UPDATE track SET text='' WHERE id='988078';
INSERT INTO track VALUES('988075','Cinematic Dark Tension Horror Apocalypse Atmosphere Theme Soundtrack 004','http://www.jamendo.com/es/track/988075','','','168','http://mp3l.jamendo.com/?trackid=988075&format=mp31&u=0');
UPDATE track SET album_id='116284' WHERE id='988075';
UPDATE track SET text='' WHERE id='988075';
INSERT INTO track VALUES('988079','Cinematic Dark Tension Horror Apocalypse Atmosphere Theme Soundtrack 005','http://www.jamendo.com/es/track/988079','','','142','http://mp3l.jamendo.com/?trackid=988079&format=mp31&u=0');
UPDATE track SET album_id='116284' WHERE id='988079';
UPDATE track SET text='' WHERE id='988079';
INSERT INTO track VALUES('988076','Cinematic Dark Tension Horror Apocalypse Atmosphere Theme Soundtrack 006','http://www.jamendo.com/es/track/988076','','','140','http://mp3l.jamendo.com/?trackid=988076&format=mp31&u=0');
UPDATE track SET album_id='116284' WHERE id='988076';
UPDATE track SET text='' WHERE id='988076';
INSERT INTO track VALUES('988081','Cinematic Dark Tension Horror Apocalypse Atmosphere Theme Soundtrack 007','http://www.jamendo.com/es/track/988081','','','145','http://mp3l.jamendo.com/?trackid=988081&format=mp31&u=0');
UPDATE track SET album_id='116284' WHERE id='988081';
UPDATE track SET text='' WHERE id='988081';
INSERT INTO track VALUES('988077','Cinematic Dark Tension Horror Apocalypse Atmosphere Theme Soundtrack 008','http://www.jamendo.com/es/track/988077','','','147','http://mp3l.jamendo.com/?trackid=988077&format=mp31&u=0');
UPDATE track SET album_id='116284' WHERE id='988077';
UPDATE track SET text='' WHERE id='988077';
INSERT INTO track VALUES('988082','Cinematic Dark Tension Horror Apocalypse Atmosphere Theme Soundtrack 009','http://www.jamendo.com/es/track/988082','','','147','http://mp3l.jamendo.com/?trackid=988082&format=mp31&u=0');
UPDATE track SET album_id='116284' WHERE id='988082';
UPDATE track SET text='' WHERE id='988082';
INSERT INTO album VALUES('116286','Cinematic Most Beautiful Majestic Classical Slow Grand Piano Theme Soundtrack Instrumental Album n°39','http://www.jamendo.com/es/album/116286','http://imgjam.com/albums/s116/116286/covers/1.100.jpg','3','1171','classical');
UPDATE album SET artist_id='420766' WHERE id='116286';
INSERT INTO track VALUES('988139','Cinematic Most Beautiful Majestic Classical Slow Grand Piano Theme Soundtrack','http://www.jamendo.com/es/track/988139','','','125','http://mp3l.jamendo.com/?trackid=988139&format=mp31&u=0');
UPDATE track SET album_id='116286' WHERE id='988139';
UPDATE track SET text='' WHERE id='988139';
INSERT INTO track VALUES('988132','Cinematic Most Beautiful Peaceful Lovely Concert Grand Piano Theme Soundtrack','http://www.jamendo.com/es/track/988132','','','90','http://mp3l.jamendo.com/?trackid=988132&format=mp31&u=0');
UPDATE track SET album_id='116286' WHERE id='988132';
UPDATE track SET text='' WHERE id='988132';
INSERT INTO track VALUES('988137','Cinematic Most Beautiful Peaceful Slow Solo Grand Piano Works Theme Soundtrack','http://www.jamendo.com/es/track/988137','','','109','http://mp3l.jamendo.com/?trackid=988137&format=mp31&u=0');
UPDATE track SET album_id='116286' WHERE id='988137';
UPDATE track SET text='' WHERE id='988137';
INSERT INTO track VALUES('988133','Cinematic Most Beautiful Romantic Sensitive Slow Grand Piano Theme Soundtrack','http://www.jamendo.com/es/track/988133','','','101','http://mp3l.jamendo.com/?trackid=988133&format=mp31&u=0');
UPDATE track SET album_id='116286' WHERE id='988133';
UPDATE track SET text='' WHERE id='988133';
INSERT INTO track VALUES('988138','Cinematic Most Beautiful Sad Emotional Concert Grand Piano Theme Soundtrack','http://www.jamendo.com/es/track/988138','','','126','http://mp3l.jamendo.com/?trackid=988138&format=mp31&u=0');
UPDATE track SET album_id='116286' WHERE id='988138';
UPDATE track SET text='' WHERE id='988138';
INSERT INTO track VALUES('988134','Cinematic Most Beautiful Sad Emotional Slow Grand Piano Theme Soundtrack','http://www.jamendo.com/es/track/988134','','','121','http://mp3l.jamendo.com/?trackid=988134&format=mp31&u=0');
UPDATE track SET album_id='116286' WHERE id='988134';
UPDATE track SET text='' WHERE id='988134';
INSERT INTO track VALUES('988140','Cinematic Most Beautiful Sad Emotional Solo Grand Piano Theme Soundtrack','http://www.jamendo.com/es/track/988140','','','110','http://mp3l.jamendo.com/?trackid=988140&format=mp31&u=0');
UPDATE track SET album_id='116286' WHERE id='988140';
UPDATE track SET text='' WHERE id='988140';
INSERT INTO track VALUES('988135','Cinematic Most Beautiful Sad Sentimental Concert Grand Piano Theme Soundtrack','http://www.jamendo.com/es/track/988135','','','133','http://mp3l.jamendo.com/?trackid=988135&format=mp31&u=0');
UPDATE track SET album_id='116286' WHERE id='988135';
UPDATE track SET text='' WHERE id='988135';
INSERT INTO track VALUES('988141','Cinematic Most Beautiful Sad Sentimental Solo Grand Piano Theme Soundtrack','http://www.jamendo.com/es/track/988141','','','132','http://mp3l.jamendo.com/?trackid=988141&format=mp31&u=0');
UPDATE track SET album_id='116286' WHERE id='988141';
UPDATE track SET text='' WHERE id='988141';
INSERT INTO track VALUES('988136','Cinematic Most Beautiful Slow Concert Grand Piano Theme Soundtrack','http://www.jamendo.com/es/track/988136','','','124','http://mp3l.jamendo.com/?trackid=988136&format=mp31&u=0');
UPDATE track SET album_id='116286' WHERE id='988136';
UPDATE track SET text='' WHERE id='988136';
INSERT INTO album VALUES('116287','Cinematic Beautiful Grand Piano Masterpieces Theme Soundtrack Instrumental Album n°40','http://www.jamendo.com/es/album/116287','http://imgjam.com/albums/s116/116287/covers/1.100.jpg','3','539','Classical');
UPDATE album SET artist_id='420766' WHERE id='116287';
INSERT INTO track VALUES('988154','Cinematic Piano Masterpieces Theme Soundtrack 001','http://www.jamendo.com/es/track/988154','','','150','http://mp3l.jamendo.com/?trackid=988154&format=mp31&u=0');
UPDATE track SET album_id='116287' WHERE id='988154';
UPDATE track SET text='' WHERE id='988154';
INSERT INTO track VALUES('988151','Cinematic Piano Masterpieces Theme Soundtrack 004','http://www.jamendo.com/es/track/988151','','','101','http://mp3l.jamendo.com/?trackid=988151&format=mp31&u=0');
UPDATE track SET album_id='116287' WHERE id='988151';
UPDATE track SET text='' WHERE id='988151';
INSERT INTO track VALUES('988152','Cinematic Piano Masterpieces Theme Soundtrack 005','http://www.jamendo.com/es/track/988152','','','107','http://mp3l.jamendo.com/?trackid=988152&format=mp31&u=0');
UPDATE track SET album_id='116287' WHERE id='988152';
UPDATE track SET text='' WHERE id='988152';
INSERT INTO track VALUES('988153','Cinematic Piano Masterpieces Theme Soundtrack 006','http://www.jamendo.com/es/track/988153','','','90','http://mp3l.jamendo.com/?trackid=988153&format=mp31&u=0');
UPDATE track SET album_id='116287' WHERE id='988153';
UPDATE track SET text='' WHERE id='988153';
INSERT INTO track VALUES('988155','Cinematic Piano Masterpieces Theme Soundtrack 007','http://www.jamendo.com/es/track/988155','','','91','http://mp3l.jamendo.com/?trackid=988155&format=mp31&u=0');
UPDATE track SET album_id='116287' WHERE id='988155';
UPDATE track SET text='' WHERE id='988155';
INSERT INTO album VALUES('116288','Cinematic Sad Sentimental Heartbroken Grand Piano Soundtrack Album n°41','http://www.jamendo.com/es/album/116288','http://imgjam.com/albums/s116/116288/covers/1.100.jpg','2','3145','Classical');
UPDATE album SET artist_id='420766' WHERE id='116288';
INSERT INTO track VALUES('988181','Cinematic Sad Sentimental Heartbroken The Grand Piano Theme Soundtrack','http://www.jamendo.com/es/track/988181','','','129','http://mp3l.jamendo.com/?trackid=988181&format=mp31&u=0');
UPDATE track SET album_id='116288' WHERE id='988181';
UPDATE track SET text='' WHERE id='988181';
INSERT INTO track VALUES('988182','Cinematic Sad Sentimental Hopeful The Grand Piano Theme Soundtrack','http://www.jamendo.com/es/track/988182','','','177','http://mp3l.jamendo.com/?trackid=988182&format=mp31&u=0');
UPDATE track SET album_id='116288' WHERE id='988182';
UPDATE track SET text='' WHERE id='988182';
INSERT INTO track VALUES('988162','Cinematic Sad Sentimental Piano Lovestory Theme Soundtrack 002','http://www.jamendo.com/es/track/988162','','','104','http://mp3l.jamendo.com/?trackid=988162&format=mp31&u=0');
UPDATE track SET album_id='116288' WHERE id='988162';
UPDATE track SET text='' WHERE id='988162';
INSERT INTO track VALUES('988179','Cinematic Sad Sentimental Piano Lovestory Theme Soundtrack 003','http://www.jamendo.com/es/track/988179','','','92','http://mp3l.jamendo.com/?trackid=988179&format=mp31&u=0');
UPDATE track SET album_id='116288' WHERE id='988179';
UPDATE track SET text='' WHERE id='988179';
INSERT INTO track VALUES('988160','Cinematic Sad Sentimental Piano Lovestory Theme Soundtrack 006','http://www.jamendo.com/es/track/988160','','','102','http://mp3l.jamendo.com/?trackid=988160&format=mp31&u=0');
UPDATE track SET album_id='116288' WHERE id='988160';
UPDATE track SET text='' WHERE id='988160';
INSERT INTO track VALUES('988167','Cinematic Sadly Emotional Ivory Grand Piano Theme Soundtrack','http://www.jamendo.com/es/track/988167','','','133','http://mp3l.jamendo.com/?trackid=988167&format=mp31&u=0');
UPDATE track SET album_id='116288' WHERE id='988167';
UPDATE track SET text='' WHERE id='988167';
INSERT INTO track VALUES('988175','Cinematic Sadly Melancholic Classical Piano Theme Soundtrack 004','http://www.jamendo.com/es/track/988175','','','94','http://mp3l.jamendo.com/?trackid=988175&format=mp31&u=0');
UPDATE track SET album_id='116288' WHERE id='988175';
UPDATE track SET text='' WHERE id='988175';
INSERT INTO track VALUES('988156','Cinematic Sadly Melancholic Emotional Piano Theme Soundtrack 002','http://www.jamendo.com/es/track/988156','','','127','http://mp3l.jamendo.com/?trackid=988156&format=mp31&u=0');
UPDATE track SET album_id='116288' WHERE id='988156';
UPDATE track SET text='' WHERE id='988156';
INSERT INTO track VALUES('988164','Cinematic Sadly Melancholic Emotional Piano Theme Soundtrack 003','http://www.jamendo.com/es/track/988164','','','117','http://mp3l.jamendo.com/?trackid=988164&format=mp31&u=0');
UPDATE track SET album_id='116288' WHERE id='988164';
UPDATE track SET text='' WHERE id='988164';
INSERT INTO track VALUES('988171','Cinematic Sadly Melancholic Emotional Piano Theme Soundtrack 004','http://www.jamendo.com/es/track/988171','','','114','http://mp3l.jamendo.com/?trackid=988171&format=mp31&u=0');
UPDATE track SET album_id='116288' WHERE id='988171';
UPDATE track SET text='' WHERE id='988171';
INSERT INTO track VALUES('988178','Cinematic Sadly Melancholic Emotional Piano Theme Soundtrack 005','http://www.jamendo.com/es/track/988178','','','113','http://mp3l.jamendo.com/?trackid=988178&format=mp31&u=0');
UPDATE track SET album_id='116288' WHERE id='988178';
UPDATE track SET text='' WHERE id='988178';
INSERT INTO track VALUES('988159','Cinematic Sadly Melancholic Emotional Piano Theme Soundtrack 016','http://www.jamendo.com/es/track/988159','','','96','http://mp3l.jamendo.com/?trackid=988159&format=mp31&u=0');
UPDATE track SET album_id='116288' WHERE id='988159';
UPDATE track SET text='' WHERE id='988159';
INSERT INTO track VALUES('988169','Cinematic Sadly Melancholic Emotional Piano Theme Soundtrack 020','http://www.jamendo.com/es/track/988169','','','99','http://mp3l.jamendo.com/?trackid=988169&format=mp31&u=0');
UPDATE track SET album_id='116288' WHERE id='988169';
UPDATE track SET text='' WHERE id='988169';
INSERT INTO track VALUES('988166','Cinematic Sadly Melancholic Emotional Piano Theme Soundtrack 021','http://www.jamendo.com/es/track/988166','','','119','http://mp3l.jamendo.com/?trackid=988166&format=mp31&u=0');
UPDATE track SET album_id='116288' WHERE id='988166';
UPDATE track SET text='' WHERE id='988166';
INSERT INTO track VALUES('988163','Cinematic Sadly Melancholic Emotional Piano Theme Soundtrack 023','http://www.jamendo.com/es/track/988163','','','150','http://mp3l.jamendo.com/?trackid=988163&format=mp31&u=0');
UPDATE track SET album_id='116288' WHERE id='988163';
UPDATE track SET text='' WHERE id='988163';
INSERT INTO track VALUES('988173','Cinematic Sadly Melancholy Piano Masterpieces 001','http://www.jamendo.com/es/track/988173','','','113','http://mp3l.jamendo.com/?trackid=988173&format=mp31&u=0');
UPDATE track SET album_id='116288' WHERE id='988173';
UPDATE track SET text='' WHERE id='988173';
INSERT INTO track VALUES('988170','Cinematic Sadly Melancholy Piano Masterpieces 003','http://www.jamendo.com/es/track/988170','','','101','http://mp3l.jamendo.com/?trackid=988170&format=mp31&u=0');
UPDATE track SET album_id='116288' WHERE id='988170';
UPDATE track SET text='' WHERE id='988170';
INSERT INTO track VALUES('988165','Cinematic Sadly Melancholy Piano Masterpieces 004','http://www.jamendo.com/es/track/988165','','','134','http://mp3l.jamendo.com/?trackid=988165&format=mp31&u=0');
UPDATE track SET album_id='116288' WHERE id='988165';
UPDATE track SET text='' WHERE id='988165';
INSERT INTO track VALUES('988176','Cinematic Sadly Melancholy Piano Masterpieces 005','http://www.jamendo.com/es/track/988176','','','143','http://mp3l.jamendo.com/?trackid=988176&format=mp31&u=0');
UPDATE track SET album_id='116288' WHERE id='988176';
UPDATE track SET text='' WHERE id='988176';
INSERT INTO track VALUES('988174','Cinematic Sadly Melancholy Piano Masterpieces 006','http://www.jamendo.com/es/track/988174','','','113','http://mp3l.jamendo.com/?trackid=988174&format=mp31&u=0');
UPDATE track SET album_id='116288' WHERE id='988174';
UPDATE track SET text='' WHERE id='988174';
INSERT INTO track VALUES('988157','Cinematic Sadly Melancholy Piano Masterpieces 007','http://www.jamendo.com/es/track/988157','','','111','http://mp3l.jamendo.com/?trackid=988157&format=mp31&u=0');
UPDATE track SET album_id='116288' WHERE id='988157';
UPDATE track SET text='' WHERE id='988157';
INSERT INTO track VALUES('988158','Cinematic Sadly Melancholy Piano Masterpieces 009','http://www.jamendo.com/es/track/988158','','','119','http://mp3l.jamendo.com/?trackid=988158&format=mp31&u=0');
UPDATE track SET album_id='116288' WHERE id='988158';
UPDATE track SET text='' WHERE id='988158';
INSERT INTO track VALUES('988177','Cinematic Sadly Melancholy Piano Masterpieces 011','http://www.jamendo.com/es/track/988177','','','111','http://mp3l.jamendo.com/?trackid=988177&format=mp31&u=0');
UPDATE track SET album_id='116288' WHERE id='988177';
UPDATE track SET text='' WHERE id='988177';
INSERT INTO track VALUES('988168','Cinematic Sensitive Classical Slow Concert Grand Piano Theme Soundtrack','http://www.jamendo.com/es/track/988168','','','104','http://mp3l.jamendo.com/?trackid=988168&format=mp31&u=0');
UPDATE track SET album_id='116288' WHERE id='988168';
UPDATE track SET text='' WHERE id='988168';
INSERT INTO track VALUES('988161','Cinematic Sensitive Romantic Classical Slow Grand Piano Theme Soundtrack','http://www.jamendo.com/es/track/988161','','','124','http://mp3l.jamendo.com/?trackid=988161&format=mp31&u=0');
UPDATE track SET album_id='116288' WHERE id='988161';
UPDATE track SET text='' WHERE id='988161';
INSERT INTO track VALUES('988180','Cinematic Sentimental Emotional Motion Pictures Piano Theme Soundtrack','http://www.jamendo.com/es/track/988180','','','102','http://mp3l.jamendo.com/?trackid=988180&format=mp31&u=0');
UPDATE track SET album_id='116288' WHERE id='988180';
UPDATE track SET text='' WHERE id='988180';
INSERT INTO track VALUES('988172','Cinematic Sentimental Motion Pictures Grand Piano Theme Soundtrack','http://www.jamendo.com/es/track/988172','','','104','http://mp3l.jamendo.com/?trackid=988172&format=mp31&u=0');
UPDATE track SET album_id='116288' WHERE id='988172';
UPDATE track SET text='' WHERE id='988172';
INSERT INTO album VALUES('116289','Cinematic Sentimental Touching Moving Symphonic Orchestra Military Pride Theme Soundtrack Album n°42','http://www.jamendo.com/es/album/116289','http://imgjam.com/albums/s116/116289/covers/1.100.jpg','3','354','classical');
UPDATE album SET artist_id='420766' WHERE id='116289';
INSERT INTO track VALUES('988183','Cinematic Sentimental Touching Moving Symphonic Orchestra Military Pride Theme Soundtrack 001','http://www.jamendo.com/es/track/988183','','','113','http://mp3l.jamendo.com/?trackid=988183&format=mp31&u=0');
UPDATE track SET album_id='116289' WHERE id='988183';
UPDATE track SET text='' WHERE id='988183';
INSERT INTO track VALUES('988184','Cinematic Sentimental Touching Moving Symphonic Orchestra Military Pride Theme Soundtrack 002','http://www.jamendo.com/es/track/988184','','','107','http://mp3l.jamendo.com/?trackid=988184&format=mp31&u=0');
UPDATE track SET album_id='116289' WHERE id='988184';
UPDATE track SET text='' WHERE id='988184';
INSERT INTO track VALUES('988185','Cinematic Sentimental Touching Moving Symphonic Orchestra Military Pride Theme Soundtrack 003','http://www.jamendo.com/es/track/988185','','','134','http://mp3l.jamendo.com/?trackid=988185&format=mp31&u=0');
UPDATE track SET album_id='116289' WHERE id='988185';
UPDATE track SET text='' WHERE id='988185';
INSERT INTO juser VALUES('3215116','fernando garc�a','Fernando garc�a','http://www.jamendo.com/es/user/fernando%20garc%EDa','','es');
INSERT INTO album_juser VALUES('116289','3215116');
INSERT INTO album VALUES('116291','Cinematic Classical Orchestra Majestic Symphonic Choirs Instrumental Soundtrack Album n°43','http://www.jamendo.com/es/album/116291','http://imgjam.com/albums/s116/116291/covers/1.100.jpg','2','3904','classical');
UPDATE album SET artist_id='420766' WHERE id='116291';
INSERT INTO track VALUES('988201','Classical Majestic Symphonic Choirs Theme Soundtrack 001','http://www.jamendo.com/es/track/988201','','','196','http://mp3l.jamendo.com/?trackid=988201&format=mp31&u=0');
UPDATE track SET album_id='116291' WHERE id='988201';
UPDATE track SET text='' WHERE id='988201';
INSERT INTO track VALUES('988195','Classical Majestic Symphonic Choirs Theme Soundtrack 002','http://www.jamendo.com/es/track/988195','','','197','http://mp3l.jamendo.com/?trackid=988195&format=mp31&u=0');
UPDATE track SET album_id='116291' WHERE id='988195';
UPDATE track SET text='' WHERE id='988195';
INSERT INTO track VALUES('988200','Classical Majestic Symphonic Choirs Theme Soundtrack 003','http://www.jamendo.com/es/track/988200','','','197','http://mp3l.jamendo.com/?trackid=988200&format=mp31&u=0');
UPDATE track SET album_id='116291' WHERE id='988200';
UPDATE track SET text='' WHERE id='988200';
INSERT INTO track VALUES('988186','Classical Majestic Symphonic Choirs Theme Soundtrack 004','http://www.jamendo.com/es/track/988186','','','194','http://mp3l.jamendo.com/?trackid=988186&format=mp31&u=0');
UPDATE track SET album_id='116291' WHERE id='988186';
UPDATE track SET text='' WHERE id='988186';
INSERT INTO track VALUES('988192','Classical Majestic Symphonic Choirs Theme Soundtrack 005','http://www.jamendo.com/es/track/988192','','','197','http://mp3l.jamendo.com/?trackid=988192&format=mp31&u=0');
UPDATE track SET album_id='116291' WHERE id='988192';
UPDATE track SET text='' WHERE id='988192';
INSERT INTO track VALUES('988196','Classical Majestic Symphonic Choirs Theme Soundtrack 006','http://www.jamendo.com/es/track/988196','','','194','http://mp3l.jamendo.com/?trackid=988196&format=mp31&u=0');
UPDATE track SET album_id='116291' WHERE id='988196';
UPDATE track SET text='' WHERE id='988196';
INSERT INTO track VALUES('988203','Classical Majestic Symphonic Choirs Theme Soundtrack 007','http://www.jamendo.com/es/track/988203','','','193','http://mp3l.jamendo.com/?trackid=988203&format=mp31&u=0');
UPDATE track SET album_id='116291' WHERE id='988203';
UPDATE track SET text='' WHERE id='988203';
INSERT INTO track VALUES('988189','Classical Majestic Symphonic Choirs Theme Soundtrack 008','http://www.jamendo.com/es/track/988189','','','197','http://mp3l.jamendo.com/?trackid=988189&format=mp31&u=0');
UPDATE track SET album_id='116291' WHERE id='988189';
UPDATE track SET text='' WHERE id='988189';
INSERT INTO track VALUES('988194','Classical Majestic Symphonic Choirs Theme Soundtrack 009','http://www.jamendo.com/es/track/988194','','','197','http://mp3l.jamendo.com/?trackid=988194&format=mp31&u=0');
UPDATE track SET album_id='116291' WHERE id='988194';
UPDATE track SET text='' WHERE id='988194';
INSERT INTO track VALUES('988199','Classical Majestic Symphonic Choirs Theme Soundtrack 010','http://www.jamendo.com/es/track/988199','','','196','http://mp3l.jamendo.com/?trackid=988199&format=mp31&u=0');
UPDATE track SET album_id='116291' WHERE id='988199';
UPDATE track SET text='' WHERE id='988199';
INSERT INTO track VALUES('988187','Classical Majestic Symphonic Choirs Theme Soundtrack 011','http://www.jamendo.com/es/track/988187','','','196','http://mp3l.jamendo.com/?trackid=988187&format=mp31&u=0');
UPDATE track SET album_id='116291' WHERE id='988187';
UPDATE track SET text='' WHERE id='988187';
INSERT INTO track VALUES('988205','Classical Majestic Symphonic Choirs Theme Soundtrack 012','http://www.jamendo.com/es/track/988205','','','196','http://mp3l.jamendo.com/?trackid=988205&format=mp31&u=0');
UPDATE track SET album_id='116291' WHERE id='988205';
UPDATE track SET text='' WHERE id='988205';
INSERT INTO track VALUES('988202','Classical Majestic Symphonic Choirs Theme Soundtrack 013','http://www.jamendo.com/es/track/988202','','','195','http://mp3l.jamendo.com/?trackid=988202&format=mp31&u=0');
UPDATE track SET album_id='116291' WHERE id='988202';
UPDATE track SET text='' WHERE id='988202';
INSERT INTO track VALUES('988190','Classical Majestic Symphonic Choirs Theme Soundtrack 014','http://www.jamendo.com/es/track/988190','','','194','http://mp3l.jamendo.com/?trackid=988190&format=mp31&u=0');
UPDATE track SET album_id='116291' WHERE id='988190';
UPDATE track SET text='' WHERE id='988190';
INSERT INTO track VALUES('988188','Classical Majestic Symphonic Choirs Theme Soundtrack 015','http://www.jamendo.com/es/track/988188','','','194','http://mp3l.jamendo.com/?trackid=988188&format=mp31&u=0');
UPDATE track SET album_id='116291' WHERE id='988188';
UPDATE track SET text='' WHERE id='988188';
INSERT INTO track VALUES('988204','Classical Majestic Symphonic Choirs Theme Soundtrack 016','http://www.jamendo.com/es/track/988204','','','194','http://mp3l.jamendo.com/?trackid=988204&format=mp31&u=0');
UPDATE track SET album_id='116291' WHERE id='988204';
UPDATE track SET text='' WHERE id='988204';
INSERT INTO track VALUES('988193','Classical Majestic Symphonic Choirs Theme Soundtrack 017','http://www.jamendo.com/es/track/988193','','','194','http://mp3l.jamendo.com/?trackid=988193&format=mp31&u=0');
UPDATE track SET album_id='116291' WHERE id='988193';
UPDATE track SET text='' WHERE id='988193';
INSERT INTO track VALUES('988191','Classical Majestic Symphonic Choirs Theme Soundtrack 018','http://www.jamendo.com/es/track/988191','','','194','http://mp3l.jamendo.com/?trackid=988191&format=mp31&u=0');
UPDATE track SET album_id='116291' WHERE id='988191';
UPDATE track SET text='' WHERE id='988191';
INSERT INTO track VALUES('988197','Classical Majestic Symphonic Choirs Theme Soundtrack 019','http://www.jamendo.com/es/track/988197','','','195','http://mp3l.jamendo.com/?trackid=988197&format=mp31&u=0');
UPDATE track SET album_id='116291' WHERE id='988197';
UPDATE track SET text='' WHERE id='988197';
INSERT INTO track VALUES('988198','Classical Majestic Symphonic Choirs Theme Soundtrack 020','http://www.jamendo.com/es/track/988198','','','194','http://mp3l.jamendo.com/?trackid=988198&format=mp31&u=0');
UPDATE track SET album_id='116291' WHERE id='988198';
UPDATE track SET text='' WHERE id='988198';
INSERT INTO album VALUES('116325','Classical Masterpieces Greatest Classical Music Composers Album n°44 part 1','http://www.jamendo.com/es/album/116325','http://imgjam.com/albums/s116/116325/covers/1.100.jpg','2','3849','classical');
UPDATE album SET artist_id='420766' WHERE id='116325';
INSERT INTO track VALUES('988589','Classical Masterpieces Afterwards by J. W. Mullen 1885','http://www.jamendo.com/es/track/988589','','','202','http://mp3l.jamendo.com/?trackid=988589&format=mp31&u=0');
UPDATE track SET album_id='116325' WHERE id='988589';
UPDATE track SET text='' WHERE id='988589';
INSERT INTO playlist_track VALUES('192085','988589');
INSERT INTO track VALUES('988590','Classical Masterpieces 2. Intermezzo by J. Brahms (1833–1897)','http://www.jamendo.com/es/track/988590','','','312','http://mp3l.jamendo.com/?trackid=988590&format=mp31&u=0');
UPDATE track SET album_id='116325' WHERE id='988590';
UPDATE track SET text='' WHERE id='988590';
INSERT INTO track VALUES('988591','Classical Masterpieces Après un Rêve by G. Fauré (1845–1924)','http://www.jamendo.com/es/track/988591','','','127','http://mp3l.jamendo.com/?trackid=988591&format=mp31&u=0');
UPDATE track SET album_id='116325' WHERE id='988591';
UPDATE track SET text='' WHERE id='988591';
INSERT INTO track VALUES('988592','Classical Masterpieces 3. Satz aus der Sonate in G-Dur by J. A. Benda (1722–1795)','http://www.jamendo.com/es/track/988592','','','106','http://mp3l.jamendo.com/?trackid=988592&format=mp31&u=0');
UPDATE track SET album_id='116325' WHERE id='988592';
UPDATE track SET text='' WHERE id='988592';
INSERT INTO track VALUES('988593','Classical Masterpieces Concerto in E major for violin and strings violin2-2','http://www.jamendo.com/es/track/988593','','','150','http://mp3l.jamendo.com/?trackid=988593&format=mp31&u=0');
UPDATE track SET album_id='116325' WHERE id='988593';
UPDATE track SET text='' WHERE id='988593';
INSERT INTO track VALUES('988594','Classical Masterpieces Allegro by G. F. Handel (1685–1759)','http://www.jamendo.com/es/track/988594','','','132','http://mp3l.jamendo.com/?trackid=988594&format=mp31&u=0');
UPDATE track SET album_id='116325' WHERE id='988594';
UPDATE track SET text='' WHERE id='988594';
INSERT INTO track VALUES('988595','Classical Masterpieces Bethena by S. Joplin (1868–1917)','http://www.jamendo.com/es/track/988595','','','544','http://mp3l.jamendo.com/?trackid=988595&format=mp31&u=0');
UPDATE track SET album_id='116325' WHERE id='988595';
UPDATE track SET text='' WHERE id='988595';
INSERT INTO playlist_track VALUES('192085','988595');
INSERT INTO track VALUES('988596','Classical Masterpieces A Breeze From Alabama by S. Joplin (1868–1917)','http://www.jamendo.com/es/track/988596','','','290','http://mp3l.jamendo.com/?trackid=988596&format=mp31&u=0');
UPDATE track SET album_id='116325' WHERE id='988596';
UPDATE track SET text='' WHERE id='988596';
INSERT INTO playlist_track VALUES('192085','988596');
INSERT INTO track VALUES('988597','Classical Masterpieces Britain''s Favored Isle by J. Major 1860','http://www.jamendo.com/es/track/988597','','','265','http://mp3l.jamendo.com/?trackid=988597&format=mp31&u=0');
UPDATE track SET album_id='116325' WHERE id='988597';
UPDATE track SET text='' WHERE id='988597';
INSERT INTO track VALUES('988598','Classical Masterpieces Amaryllis by A. H. Pease (1838–1882)','http://www.jamendo.com/es/track/988598','','','147','http://mp3l.jamendo.com/?trackid=988598&format=mp31&u=0');
UPDATE track SET album_id='116325' WHERE id='988598';
UPDATE track SET text='' WHERE id='988598';
INSERT INTO playlist_track VALUES('192085','988598');
INSERT INTO track VALUES('988599','Classical Masterpieces Ases Tod by E. Grieg (1843–1907)','http://www.jamendo.com/es/track/988599','','','149','http://mp3l.jamendo.com/?trackid=988599&format=mp31&u=0');
UPDATE track SET album_id='116325' WHERE id='988599';
UPDATE track SET text='' WHERE id='988599';
INSERT INTO track VALUES('988600','Classical Masterpieces Abendempfindung by W. A. Mozart (1756–1791)','http://www.jamendo.com/es/track/988600','','','359','http://mp3l.jamendo.com/?trackid=988600&format=mp31&u=0');
UPDATE track SET album_id='116325' WHERE id='988600';
UPDATE track SET text='' WHERE id='988600';
INSERT INTO track VALUES('988601','Classical Masterpieces Ballade number 4 by F. F. Chopin (1810–1849)','http://www.jamendo.com/es/track/988601','','','592','http://mp3l.jamendo.com/?trackid=988601&format=mp31&u=0');
UPDATE track SET album_id='116325' WHERE id='988601';
UPDATE track SET text='' WHERE id='988601';
INSERT INTO playlist_track VALUES('192085','988601');
INSERT INTO track VALUES('988602','Classical Masterpieces Concerto by G. F. Handel (1685–1759)','http://www.jamendo.com/es/track/988602','','','134','http://mp3l.jamendo.com/?trackid=988602&format=mp31&u=0');
UPDATE track SET album_id='116325' WHERE id='988602';
UPDATE track SET text='' WHERE id='988602';
INSERT INTO playlist_track VALUES('192085','988602');
INSERT INTO track VALUES('988603','Classical Masterpieces An den Mond by F. Schubert (1797–1828)','http://www.jamendo.com/es/track/988603','','','139','http://mp3l.jamendo.com/?trackid=988603&format=mp31&u=0');
UPDATE track SET album_id='116325' WHERE id='988603';
UPDATE track SET text='' WHERE id='988603';
INSERT INTO track VALUES('988604','Classical Masterpieces Consolation by J. F. F. Burgmüller (1806–1874)','http://www.jamendo.com/es/track/988604','','','91','http://mp3l.jamendo.com/?trackid=988604&format=mp31&u=0');
UPDATE track SET album_id='116325' WHERE id='988604';
UPDATE track SET text='' WHERE id='988604';
INSERT INTO playlist_track VALUES('192085','988604');
INSERT INTO track VALUES('988605','Classical Masterpieces Caro Mio Ben (Come Once Again) by G. Giordano (1748–1798)','http://www.jamendo.com/es/track/988605','','','110','http://mp3l.jamendo.com/?trackid=988605&format=mp31&u=0');
UPDATE track SET album_id='116325' WHERE id='988605';
UPDATE track SET text='' WHERE id='988605';
INSERT INTO album VALUES('116331','Classical Masterpieces Greatest Classical Music Composers Album n°44 part 2','http://www.jamendo.com/es/album/116331','http://imgjam.com/albums/s116/116331/covers/1.100.jpg','2','4075','classical');
UPDATE album SET artist_id='420766' WHERE id='116331';
INSERT INTO track VALUES('988715','Classical Masterpieces Das Wohltemperierte Clavier I, Fuga I by J. S. Bach (1685–1750)','http://www.jamendo.com/es/track/988715','','','93','http://mp3l.jamendo.com/?trackid=988715&format=mp31&u=0');
UPDATE track SET album_id='116331' WHERE id='988715';
UPDATE track SET text='' WHERE id='988715';
INSERT INTO playlist_track VALUES('192085','988715');
INSERT INTO track VALUES('988607','Classical Masterpieces Das Wohltemperierte Clavier I, Fuga III by J. S. Bach (1685–1750)','http://www.jamendo.com/es/track/988607','','','184','http://mp3l.jamendo.com/?trackid=988607&format=mp31&u=0');
UPDATE track SET album_id='116331' WHERE id='988607';
UPDATE track SET text='' WHERE id='988607';
INSERT INTO track VALUES('988610','Classical Masterpieces Das Wohltemperierte Clavier I, Fuga IV by J. S. Bach (1685–1750)','http://www.jamendo.com/es/track/988610','','','376','http://mp3l.jamendo.com/?trackid=988610&format=mp31&u=0');
UPDATE track SET album_id='116331' WHERE id='988610';
UPDATE track SET text='' WHERE id='988610';
INSERT INTO track VALUES('988614','Classical Masterpieces Das Wohltemperierte Clavier I, Fuga VI by J. S. Bach (1685–1750)','http://www.jamendo.com/es/track/988614','','','112','http://mp3l.jamendo.com/?trackid=988614&format=mp31&u=0');
UPDATE track SET album_id='116331' WHERE id='988614';
UPDATE track SET text='' WHERE id='988614';
INSERT INTO track VALUES('988645','Classical Masterpieces Das Wohltemperierte Clavier I, Fuga VIII by J. S. Bach (1685–1750)','http://www.jamendo.com/es/track/988645','','','288','http://mp3l.jamendo.com/?trackid=988645&format=mp31&u=0');
UPDATE track SET album_id='116331' WHERE id='988645';
UPDATE track SET text='' WHERE id='988645';
INSERT INTO track VALUES('988716','Classical Masterpieces Das Wohltemperierte Clavier I, Fuga X by J. S. Bach (1685–1750)','http://www.jamendo.com/es/track/988716','','','110','http://mp3l.jamendo.com/?trackid=988716&format=mp31&u=0');
UPDATE track SET album_id='116331' WHERE id='988716';
UPDATE track SET text='' WHERE id='988716';
INSERT INTO playlist_track VALUES('192085','988716');
INSERT INTO track VALUES('988690','Classical Masterpieces Das Wohltemperierte Clavier I, Fuga XI by J. S. Bach (1685–1750)','http://www.jamendo.com/es/track/988690','','','98','http://mp3l.jamendo.com/?trackid=988690&format=mp31&u=0');
UPDATE track SET album_id='116331' WHERE id='988690';
UPDATE track SET text='' WHERE id='988690';
INSERT INTO playlist_track VALUES('192085','988690');
INSERT INTO track VALUES('988717','Classical Masterpieces Das Wohltemperierte Clavier I, Fuga XV by J. S. Bach (1685–1750)','http://www.jamendo.com/es/track/988717','','','214','http://mp3l.jamendo.com/?trackid=988717&format=mp31&u=0');
UPDATE track SET album_id='116331' WHERE id='988717';
UPDATE track SET text='' WHERE id='988717';
INSERT INTO playlist_track VALUES('192085','988717');
INSERT INTO track VALUES('988718','Classical Masterpieces Das Wohltemperierte Clavier I, Fuga XVI by J. S. Bach (1685–1750)','http://www.jamendo.com/es/track/988718','','','116','http://mp3l.jamendo.com/?trackid=988718&format=mp31&u=0');
UPDATE track SET album_id='116331' WHERE id='988718';
UPDATE track SET text='' WHERE id='988718';
INSERT INTO track VALUES('988609','Classical Masterpieces Das Wohltemperierte Clavier I, Fuga XVII by J. S. Bach (1685–1750)','http://www.jamendo.com/es/track/988609','','','124','http://mp3l.jamendo.com/?trackid=988609&format=mp31&u=0');
UPDATE track SET album_id='116331' WHERE id='988609';
UPDATE track SET text='' WHERE id='988609';
INSERT INTO playlist_track VALUES('192085','988609');
INSERT INTO track VALUES('988615','Classical Masterpieces Das Wohltemperierte Clavier I, Fuga XX by J. S. Bach (1685–1750)','http://www.jamendo.com/es/track/988615','','','287','http://mp3l.jamendo.com/?trackid=988615&format=mp31&u=0');
UPDATE track SET album_id='116331' WHERE id='988615';
UPDATE track SET text='' WHERE id='988615';
INSERT INTO playlist_track VALUES('192085','988615');
INSERT INTO track VALUES('988688','Classical Masterpieces Das Wohltemperierte Clavier I, Fuga XXIV by J. S. Bach (1685–1750)','http://www.jamendo.com/es/track/988688','','','252','http://mp3l.jamendo.com/?trackid=988688&format=mp31&u=0');
UPDATE track SET album_id='116331' WHERE id='988688';
UPDATE track SET text='' WHERE id='988688';
INSERT INTO track VALUES('988719','Classical Masterpieces Das Wohltemperierte Clavier I, Praeludium I by J. S. Bach (1685–1750)','http://www.jamendo.com/es/track/988719','','','121','http://mp3l.jamendo.com/?trackid=988719&format=mp31&u=0');
UPDATE track SET album_id='116331' WHERE id='988719';
UPDATE track SET text='' WHERE id='988719';
INSERT INTO playlist_track VALUES('192085','988719');
INSERT INTO track VALUES('988644','Classical Masterpieces Das Wohltemperierte Clavier I, Praeludium II by J. S. Bach (1685–1750)','http://www.jamendo.com/es/track/988644','','','129','http://mp3l.jamendo.com/?trackid=988644&format=mp31&u=0');
UPDATE track SET album_id='116331' WHERE id='988644';
UPDATE track SET text='' WHERE id='988644';
INSERT INTO track VALUES('988608','Classical Masterpieces Das Wohltemperierte Clavier I, Praeludium III by J. S. Bach (1685–1750)','http://www.jamendo.com/es/track/988608','','','138','http://mp3l.jamendo.com/?trackid=988608&format=mp31&u=0');
UPDATE track SET album_id='116331' WHERE id='988608';
UPDATE track SET text='' WHERE id='988608';
INSERT INTO track VALUES('988612','Classical Masterpieces Das Wohltemperierte Clavier I, Praeludium IV by J. S. Bach (1685–1750)','http://www.jamendo.com/es/track/988612','','','196','http://mp3l.jamendo.com/?trackid=988612&format=mp31&u=0');
UPDATE track SET album_id='116331' WHERE id='988612';
UPDATE track SET text='' WHERE id='988612';
INSERT INTO track VALUES('988720','Classical Masterpieces Das Wohltemperierte Clavier I, Praeludium V by J. S. Bach (1685–1750)','http://www.jamendo.com/es/track/988720','','','118','http://mp3l.jamendo.com/?trackid=988720&format=mp31&u=0');
UPDATE track SET album_id='116331' WHERE id='988720';
UPDATE track SET text='' WHERE id='988720';
INSERT INTO playlist_track VALUES('192085','988720');
INSERT INTO track VALUES('988702','Classical Masterpieces Das Wohltemperierte Clavier I, Praeludium VI by J. S. Bach (1685–1750)','http://www.jamendo.com/es/track/988702','','','94','http://mp3l.jamendo.com/?trackid=988702&format=mp31&u=0');
UPDATE track SET album_id='116331' WHERE id='988702';
UPDATE track SET text='' WHERE id='988702';
INSERT INTO playlist_track VALUES('192085','988702');
INSERT INTO track VALUES('988689','Classical Masterpieces Das Wohltemperierte Clavier I, Praeludium VIII by J. S. Bach (1685–1750)','http://www.jamendo.com/es/track/988689','','','200','http://mp3l.jamendo.com/?trackid=988689&format=mp31&u=0');
UPDATE track SET album_id='116331' WHERE id='988689';
UPDATE track SET text='' WHERE id='988689';
INSERT INTO playlist_track VALUES('192085','988689');
INSERT INTO track VALUES('988613','Classical Masterpieces Das Wohltemperierte Clavier I, Praeludium X by J. S. Bach (1685–1750)','http://www.jamendo.com/es/track/988613','','','145','http://mp3l.jamendo.com/?trackid=988613&format=mp31&u=0');
UPDATE track SET album_id='116331' WHERE id='988613';
UPDATE track SET text='' WHERE id='988613';
INSERT INTO track VALUES('988611','Classical Masterpieces Das Wohltemperierte Clavier I, Praeludium XI by J. S. Bach (1685–1750)','http://www.jamendo.com/es/track/988611','','','98','http://mp3l.jamendo.com/?trackid=988611&format=mp31&u=0');
UPDATE track SET album_id='116331' WHERE id='988611';
UPDATE track SET text='' WHERE id='988611';
INSERT INTO track VALUES('988616','Classical Masterpieces Das Wohltemperierte Clavier I, Praeludium XVII by J. S. Bach (1685–1750)','http://www.jamendo.com/es/track/988616','','','115','http://mp3l.jamendo.com/?trackid=988616&format=mp31&u=0');
UPDATE track SET album_id='116331' WHERE id='988616';
UPDATE track SET text='' WHERE id='988616';
INSERT INTO track VALUES('988721','Classical Masterpieces Das Wohltemperierte Clavier I, Praeludium XX by J. S. Bach (1685–1750)','http://www.jamendo.com/es/track/988721','','','108','http://mp3l.jamendo.com/?trackid=988721&format=mp31&u=0');
UPDATE track SET album_id='116331' WHERE id='988721';
UPDATE track SET text='' WHERE id='988721';
INSERT INTO track VALUES('988722','Classical Masterpieces Das Wohltemperierte Clavier II, Fuga II by J. S. Bach (1685–1750)','http://www.jamendo.com/es/track/988722','','','100','http://mp3l.jamendo.com/?trackid=988722&format=mp31&u=0');
UPDATE track SET album_id='116331' WHERE id='988722';
UPDATE track SET text='' WHERE id='988722';
INSERT INTO track VALUES('988713','Classical Masterpieces Das Wohltemperierte Clavier II, Praeludium II by J. S. Bach (1685–1750)','http://www.jamendo.com/es/track/988713','','','101','http://mp3l.jamendo.com/?trackid=988713&format=mp31&u=0');
UPDATE track SET album_id='116331' WHERE id='988713';
UPDATE track SET text='' WHERE id='988713';
INSERT INTO track VALUES('988714','Classical Masterpieces Das Wohltemperierte Clavier II, Praeludium VI by J. S. Bach (1685–1750)','http://www.jamendo.com/es/track/988714','','','158','http://mp3l.jamendo.com/?trackid=988714&format=mp31&u=0');
UPDATE track SET album_id='116331' WHERE id='988714';
UPDATE track SET text='' WHERE id='988714';
INSERT INTO album VALUES('116332','Classical Masterpieces Greatest Classical Music Composers Album n°44 part 3','http://www.jamendo.com/es/album/116332','http://imgjam.com/albums/s116/116332/covers/1.100.jpg','2','5152','classical');
UPDATE album SET artist_id='420766' WHERE id='116332';
INSERT INTO track VALUES('988747','Classical Masterpieces Der Musensohn by F. Schubert (1797–1828)','http://www.jamendo.com/es/track/988747','','','290','http://mp3l.jamendo.com/?trackid=988747&format=mp31&u=0');
UPDATE track SET album_id='116332' WHERE id='988747';
UPDATE track SET text='' WHERE id='988747';
INSERT INTO track VALUES('988744','Classical Masterpieces Der Tod und das Mädchen by F. Schubert (1797–1828)','http://www.jamendo.com/es/track/988744','','','149','http://mp3l.jamendo.com/?trackid=988744&format=mp31&u=0');
UPDATE track SET album_id='116332' WHERE id='988744';
UPDATE track SET text='' WHERE id='988744';
INSERT INTO track VALUES('988754','Classical Masterpieces Die Kunst der Fuge, Contrapunctus I by J. S. Bach (1685–1750)','http://www.jamendo.com/es/track/988754','','','259','http://mp3l.jamendo.com/?trackid=988754&format=mp31&u=0');
UPDATE track SET album_id='116332' WHERE id='988754';
UPDATE track SET text='' WHERE id='988754';
INSERT INTO track VALUES('988740','Classical Masterpieces Die Kunst der Fuge, Contrapunctus XIV - Canon alla Decima by J. S. Bach (1685–1750)','http://www.jamendo.com/es/track/988740','','','401','http://mp3l.jamendo.com/?trackid=988740&format=mp31&u=0');
UPDATE track SET album_id='116332' WHERE id='988740';
UPDATE track SET text='' WHERE id='988740';
INSERT INTO track VALUES('988755','Classical Masterpieces Die Kunst der Fuge, Contrapunctus XV - Canon Motu by J. S. Bach (1685–1750)','http://www.jamendo.com/es/track/988755','','','358','http://mp3l.jamendo.com/?trackid=988755&format=mp31&u=0');
UPDATE track SET album_id='116332' WHERE id='988755';
UPDATE track SET text='' WHERE id='988755';
INSERT INTO track VALUES('988741','Classical Masterpieces Du bist die Ruh by F. Schubert (1797–1828)','http://www.jamendo.com/es/track/988741','','','112','http://mp3l.jamendo.com/?trackid=988741&format=mp31&u=0');
UPDATE track SET album_id='116332' WHERE id='988741';
UPDATE track SET text='' WHERE id='988741';
INSERT INTO track VALUES('988757','Classical Masterpieces Duetto II (from the Clavierübung Part III) by J. S. Bach (1685–1750)','http://www.jamendo.com/es/track/988757','','','247','http://mp3l.jamendo.com/?trackid=988757&format=mp31&u=0');
UPDATE track SET album_id='116332' WHERE id='988757';
UPDATE track SET text='' WHERE id='988757';
INSERT INTO playlist_track VALUES('192085','988757');
INSERT INTO track VALUES('988743','Classical Masterpieces Ein Ton by P. Cornelius (1824–1874)','http://www.jamendo.com/es/track/988743','','','106','http://mp3l.jamendo.com/?trackid=988743&format=mp31&u=0');
UPDATE track SET album_id='116332' WHERE id='988743';
UPDATE track SET text='' WHERE id='988743';
INSERT INTO playlist_track VALUES('192085','988743');
INSERT INTO track VALUES('988758','Classical Masterpieces El Capitan by J. P. Sousa (1854–1932)','http://www.jamendo.com/es/track/988758','','','398','http://mp3l.jamendo.com/?trackid=988758&format=mp31&u=0');
UPDATE track SET album_id='116332' WHERE id='988758';
UPDATE track SET text='' WHERE id='988758';
INSERT INTO playlist_track VALUES('192085','988758');
INSERT INTO track VALUES('988746','Classical Masterpieces Elite Syncopations by S. Joplin (1868–1917)','http://www.jamendo.com/es/track/988746','','','247','http://mp3l.jamendo.com/?trackid=988746&format=mp31&u=0');
UPDATE track SET album_id='116332' WHERE id='988746';
UPDATE track SET text='' WHERE id='988746';
INSERT INTO track VALUES('988761','Classical Masterpieces English Suite I Bourree I by J. S. Bach (1685–1750)','http://www.jamendo.com/es/track/988761','','','174','http://mp3l.jamendo.com/?trackid=988761&format=mp31&u=0');
UPDATE track SET album_id='116332' WHERE id='988761';
UPDATE track SET text='' WHERE id='988761';
INSERT INTO track VALUES('988750','Classical Masterpieces English Suite I Bourree II by J. S. Bach (1685–1750)','http://www.jamendo.com/es/track/988750','','','127','http://mp3l.jamendo.com/?trackid=988750&format=mp31&u=0');
UPDATE track SET album_id='116332' WHERE id='988750';
UPDATE track SET text='' WHERE id='988750';
INSERT INTO track VALUES('988749','Classical Masterpieces English Suite II Gigue by J. S. Bach (1685–1750)','http://www.jamendo.com/es/track/988749','','','195','http://mp3l.jamendo.com/?trackid=988749&format=mp31&u=0');
UPDATE track SET album_id='116332' WHERE id='988749';
UPDATE track SET text='' WHERE id='988749';
INSERT INTO track VALUES('988738','Classical Masterpieces English Suite II Bourree I by J. S. Bach (1685–1750)','http://www.jamendo.com/es/track/988738','','','195','http://mp3l.jamendo.com/?trackid=988738&format=mp31&u=0');
UPDATE track SET album_id='116332' WHERE id='988738';
UPDATE track SET text='' WHERE id='988738';
INSERT INTO track VALUES('988753','Classical Masterpieces English Suite II Bourree II by J. S. Bach (1685–1750)','http://www.jamendo.com/es/track/988753','','','90','http://mp3l.jamendo.com/?trackid=988753&format=mp31&u=0');
UPDATE track SET album_id='116332' WHERE id='988753';
UPDATE track SET text='' WHERE id='988753';
INSERT INTO track VALUES('988759','Classical Masterpieces Etüde a-moll by F. F. Chopin (1810–1849)','http://www.jamendo.com/es/track/988759','','','178','http://mp3l.jamendo.com/?trackid=988759&format=mp31&u=0');
UPDATE track SET album_id='116332' WHERE id='988759';
UPDATE track SET text='' WHERE id='988759';
INSERT INTO track VALUES('988745','Classical Masterpieces Etude by A. Scriabin (1872–1915)','http://www.jamendo.com/es/track/988745','','','124','http://mp3l.jamendo.com/?trackid=988745&format=mp31&u=0');
UPDATE track SET album_id='116332' WHERE id='988745';
UPDATE track SET text='' WHERE id='988745';
INSERT INTO playlist_track VALUES('192085','988745');
INSERT INTO track VALUES('988762','Classical Masterpieces Etüde C-Dur by F. F. Chopin (1810–1849)','http://www.jamendo.com/es/track/988762','','','286','http://mp3l.jamendo.com/?trackid=988762&format=mp31&u=0');
UPDATE track SET album_id='116332' WHERE id='988762';
UPDATE track SET text='' WHERE id='988762';
INSERT INTO track VALUES('988748','Classical Masterpieces Etüde f-moll by F. F. Chopin (1810–1849)','http://www.jamendo.com/es/track/988748','','','245','http://mp3l.jamendo.com/?trackid=988748&format=mp31&u=0');
UPDATE track SET album_id='116332' WHERE id='988748';
UPDATE track SET text='' WHERE id='988748';
INSERT INTO track VALUES('988737','Classical Masterpieces French Suite no. 3 in B minor by J. S. Bach (1685–1750)-allemande','http://www.jamendo.com/es/track/988737','','','91','http://mp3l.jamendo.com/?trackid=988737&format=mp31&u=0');
UPDATE track SET album_id='116332' WHERE id='988737';
UPDATE track SET text='' WHERE id='988737';
INSERT INTO playlist_track VALUES('192085','988737');
INSERT INTO track VALUES('988752','Classical Masterpieces French Suite no. 3 in B minor by J. S. Bach (1685–1750)b-courante','http://www.jamendo.com/es/track/988752','','','147','http://mp3l.jamendo.com/?trackid=988752&format=mp31&u=0');
UPDATE track SET album_id='116332' WHERE id='988752';
UPDATE track SET text='' WHERE id='988752';
INSERT INTO track VALUES('988739','Classical Masterpieces French Suite no. 5 in G major by J. S. Bach (1685–1750)-allemande','http://www.jamendo.com/es/track/988739','','','90','http://mp3l.jamendo.com/?trackid=988739&format=mp31&u=0');
UPDATE track SET album_id='116332' WHERE id='988739';
UPDATE track SET text='' WHERE id='988739';
INSERT INTO track VALUES('988756','Classical Masterpieces French Suite no. 5 in G major by J. S. Bach (1685–1750)-bourree','http://www.jamendo.com/es/track/988756','','','109','http://mp3l.jamendo.com/?trackid=988756&format=mp31&u=0');
UPDATE track SET album_id='116332' WHERE id='988756';
UPDATE track SET text='' WHERE id='988756';
INSERT INTO playlist_track VALUES('192085','988756');
INSERT INTO track VALUES('988751','Classical Masterpieces French Suite no. 5 in G major by J. S. Bach (1685–1750)-courante','http://www.jamendo.com/es/track/988751','','','91','http://mp3l.jamendo.com/?trackid=988751&format=mp31&u=0');
UPDATE track SET album_id='116332' WHERE id='988751';
UPDATE track SET text='' WHERE id='988751';
INSERT INTO track VALUES('988764','Classical Masterpieces French Suite no. 5 in G major by J. S. Bach (1685–1750)-gavotte','http://www.jamendo.com/es/track/988764','','','91','http://mp3l.jamendo.com/?trackid=988764&format=mp31&u=0');
UPDATE track SET album_id='116332' WHERE id='988764';
UPDATE track SET text='' WHERE id='988764';
INSERT INTO track VALUES('988760','Classical Masterpieces French Suite no. 5 in G major by J. S. Bach (1685–1750)-gigue','http://www.jamendo.com/es/track/988760','','','151','http://mp3l.jamendo.com/?trackid=988760&format=mp31&u=0');
UPDATE track SET album_id='116332' WHERE id='988760';
UPDATE track SET text='' WHERE id='988760';
INSERT INTO track VALUES('988742','Classical Masterpieces French Suite no. 5 in G major by J. S. Bach (1685–1750)-loure','http://www.jamendo.com/es/track/988742','','','90','http://mp3l.jamendo.com/?trackid=988742&format=mp31&u=0');
UPDATE track SET album_id='116332' WHERE id='988742';
UPDATE track SET text='' WHERE id='988742';
INSERT INTO track VALUES('988763','Classical Masterpieces French Suite no. 5 in G major by J. S. Bach (1685–1750)-sarabande','http://www.jamendo.com/es/track/988763','','','111','http://mp3l.jamendo.com/?trackid=988763&format=mp31&u=0');
UPDATE track SET album_id='116332' WHERE id='988763';
UPDATE track SET text='' WHERE id='988763';
INSERT INTO album VALUES('116425','Classical Masterpieces Greatest Classical Music Composers Album n°44 part 4','http://www.jamendo.com/es/album/116425','http://imgjam.com/albums/s116/116425/covers/1.100.jpg','2','6050','classical');
UPDATE album SET artist_id='420766' WHERE id='116425';
INSERT INTO track VALUES('988807','Classical Masterpieces Fugue fragment Anh. 41 (375g) by W. A. Mozart (1756–1791)','http://www.jamendo.com/es/track/988807','','','100','http://mp3l.jamendo.com/?trackid=988807&format=mp31&u=0');
UPDATE track SET album_id='116425' WHERE id='988807';
UPDATE track SET text='' WHERE id='988807';
INSERT INTO track VALUES('988832','Classical Masterpieces Fugue in C major by J. S. Bach (1685–1750)','http://www.jamendo.com/es/track/988832','','','128','http://mp3l.jamendo.com/?trackid=988832&format=mp31&u=0');
UPDATE track SET album_id='116425' WHERE id='988832';
UPDATE track SET text='' WHERE id='988832';
INSERT INTO track VALUES('989538','Classical Masterpieces Fugue in E-flat Major KV 153 - 375f by W. A. Mozart (1756–1791)','http://www.jamendo.com/es/track/989538','','','241','http://mp3l.jamendo.com/?trackid=989538&format=mp31&u=0');
UPDATE track SET album_id='116425' WHERE id='989538';
UPDATE track SET text='' WHERE id='989538';
INSERT INTO track VALUES('989521','Classical Masterpieces Fugue in G Minor KV 154-385k by W. A. Mozart (1756–1791)','http://www.jamendo.com/es/track/989521','','','191','http://mp3l.jamendo.com/?trackid=989521&format=mp31&u=0');
UPDATE track SET album_id='116425' WHERE id='989521';
UPDATE track SET text='' WHERE id='989521';
INSERT INTO track VALUES('989524','Classical Masterpieces Fugue in G Minor KV 401-375e by W. A. Mozart (1756–1791)k401-four-hands','http://www.jamendo.com/es/track/989524','','','353','http://mp3l.jamendo.com/?trackid=989524&format=mp31&u=0');
UPDATE track SET album_id='116425' WHERE id='989524';
UPDATE track SET text='' WHERE id='989524';
INSERT INTO track VALUES('989528','Classical Masterpieces Fugue in G Minor KV 401-375e by W. A. Mozart (1756–1791)k401-four-hands1','http://www.jamendo.com/es/track/989528','','','353','http://mp3l.jamendo.com/?trackid=989528&format=mp31&u=0');
UPDATE track SET album_id='116425' WHERE id='989528';
UPDATE track SET text='' WHERE id='989528';
INSERT INTO track VALUES('989532','Classical Masterpieces Fugue in G Minor KV 401-375e by W. A. Mozart (1756–1791)k401-four-hands2','http://www.jamendo.com/es/track/989532','','','335','http://mp3l.jamendo.com/?trackid=989532&format=mp31&u=0');
UPDATE track SET album_id='116425' WHERE id='989532';
UPDATE track SET text='' WHERE id='989532';
INSERT INTO track VALUES('989535','Classical Masterpieces Fugue in G Minor KV 401-375e by W. A. Mozart (1756–1791)k401-two-hands','http://www.jamendo.com/es/track/989535','','','353','http://mp3l.jamendo.com/?trackid=989535&format=mp31&u=0');
UPDATE track SET album_id='116425' WHERE id='989535';
UPDATE track SET text='' WHERE id='989535';
INSERT INTO track VALUES('989540','Classical Masterpieces Fugue sur le nom de Bach by N. Rimsky-Korsakov (1844–1908)','http://www.jamendo.com/es/track/989540','','','258','http://mp3l.jamendo.com/?trackid=989540&format=mp31&u=0');
UPDATE track SET album_id='116425' WHERE id='989540';
UPDATE track SET text='' WHERE id='989540';
INSERT INTO track VALUES('989543','Classical Masterpieces Für Elise by L. V. Beethoven (1770–1827)','http://www.jamendo.com/es/track/989543','','','147','http://mp3l.jamendo.com/?trackid=989543&format=mp31&u=0');
UPDATE track SET album_id='116425' WHERE id='989543';
UPDATE track SET text='' WHERE id='989543';
INSERT INTO track VALUES('989520','Classical Masterpieces Gigue in G Major by W. A. Mozart (1756–1791)','http://www.jamendo.com/es/track/989520','','','96','http://mp3l.jamendo.com/?trackid=989520&format=mp31&u=0');
UPDATE track SET album_id='116425' WHERE id='989520';
UPDATE track SET text='' WHERE id='989520';
INSERT INTO track VALUES('988806','Classical Masterpieces Gondellied by D. Pejacsevich (1885–1923)','http://www.jamendo.com/es/track/988806','','','228','http://mp3l.jamendo.com/?trackid=988806&format=mp31&u=0');
UPDATE track SET album_id='116425' WHERE id='988806';
UPDATE track SET text='' WHERE id='988806';
INSERT INTO track VALUES('989523','Classical Masterpieces Greensleeves Traditional','http://www.jamendo.com/es/track/989523','','','90','http://mp3l.jamendo.com/?trackid=989523&format=mp31&u=0');
UPDATE track SET album_id='116425' WHERE id='989523';
UPDATE track SET text='' WHERE id='989523';
INSERT INTO track VALUES('989529','Classical Masterpieces Gymnopédie No. 1 by E. Satie (1866–1925)','http://www.jamendo.com/es/track/989529','','','112','http://mp3l.jamendo.com/?trackid=989529&format=mp31&u=0');
UPDATE track SET album_id='116425' WHERE id='989529';
UPDATE track SET text='' WHERE id='989529';
INSERT INTO track VALUES('989534','Classical Masterpieces Gymnopédie No. 2 by E. Satie (1866–1925)','http://www.jamendo.com/es/track/989534','','','153','http://mp3l.jamendo.com/?trackid=989534&format=mp31&u=0');
UPDATE track SET album_id='116425' WHERE id='989534';
UPDATE track SET text='' WHERE id='989534';
INSERT INTO track VALUES('989519','Classical Masterpieces Gymnopédie No. 3 by E. Satie (1866–1925)','http://www.jamendo.com/es/track/989519','','','139','http://mp3l.jamendo.com/?trackid=989519&format=mp31&u=0');
UPDATE track SET album_id='116425' WHERE id='989519';
UPDATE track SET text='' WHERE id='989519';
INSERT INTO track VALUES('989544','Classical Masterpieces Hands across the Sea by J. P. Sousa (1854–1932)','http://www.jamendo.com/es/track/989544','','','358','http://mp3l.jamendo.com/?trackid=989544&format=mp31&u=0');
UPDATE track SET album_id='116425' WHERE id='989544';
UPDATE track SET text='' WHERE id='989544';
INSERT INTO track VALUES('989522','Classical Masterpieces Hard Times Come Again No More by S. C. Foster (1826–1864)-1','http://www.jamendo.com/es/track/989522','','','94','http://mp3l.jamendo.com/?trackid=989522&format=mp31&u=0');
UPDATE track SET album_id='116425' WHERE id='989522';
UPDATE track SET text='' WHERE id='989522';
INSERT INTO track VALUES('988811','Classical Masterpieces Ich Grolle Nicht by R. Schumann (1810–1856)','http://www.jamendo.com/es/track/988811','','','115','http://mp3l.jamendo.com/?trackid=988811&format=mp31&u=0');
UPDATE track SET album_id='116425' WHERE id='988811';
UPDATE track SET text='' WHERE id='988811';
INSERT INTO track VALUES('989526','Classical Masterpieces If Ye Love Me by T. Tallis (1510–1585)-1','http://www.jamendo.com/es/track/989526','','','97','http://mp3l.jamendo.com/?trackid=989526&format=mp31&u=0');
UPDATE track SET album_id='116425' WHERE id='989526';
UPDATE track SET text='' WHERE id='989526';
INSERT INTO track VALUES('989533','Classical Masterpieces If Ye Love Me by T. Tallis (1510–1585)-2','http://www.jamendo.com/es/track/989533','','','98','http://mp3l.jamendo.com/?trackid=989533&format=mp31&u=0');
UPDATE track SET album_id='116425' WHERE id='989533';
UPDATE track SET text='' WHERE id='989533';
INSERT INTO track VALUES('989537','Classical Masterpieces Im Volkston by E. Hildach (1849–1924)','http://www.jamendo.com/es/track/989537','','','90','http://mp3l.jamendo.com/?trackid=989537&format=mp31&u=0');
UPDATE track SET album_id='116425' WHERE id='989537';
UPDATE track SET text='' WHERE id='989537';
INSERT INTO track VALUES('989542','Classical Masterpieces Impromptu in As-dur by F. Schubert (1797–1828)','http://www.jamendo.com/es/track/989542','','','640','http://mp3l.jamendo.com/?trackid=989542&format=mp31&u=0');
UPDATE track SET album_id='116425' WHERE id='989542';
UPDATE track SET text='' WHERE id='989542';
INSERT INTO track VALUES('989527','Classical Masterpieces Inquiétude by F. Mendelssohn-Bartholdy (1809–1847)','http://www.jamendo.com/es/track/989527','','','457','http://mp3l.jamendo.com/?trackid=989527&format=mp31&u=0');
UPDATE track SET album_id='116425' WHERE id='989527';
UPDATE track SET text='' WHERE id='989527';
INSERT INTO track VALUES('989545','Classical Masterpieces Invention 10 by J. S. Bach (1685–1750)','http://www.jamendo.com/es/track/989545','','','133','http://mp3l.jamendo.com/?trackid=989545&format=mp31&u=0');
UPDATE track SET album_id='116425' WHERE id='989545';
UPDATE track SET text='' WHERE id='989545';
INSERT INTO track VALUES('989531','Classical Masterpieces Invention 11 by J. S. Bach (1685–1750)','http://www.jamendo.com/es/track/989531','','','90','http://mp3l.jamendo.com/?trackid=989531&format=mp31&u=0');
UPDATE track SET album_id='116425' WHERE id='989531';
UPDATE track SET text='' WHERE id='989531';
INSERT INTO track VALUES('989536','Classical Masterpieces Invention 13 by J. S. Bach (1685–1750)','http://www.jamendo.com/es/track/989536','','','100','http://mp3l.jamendo.com/?trackid=989536&format=mp31&u=0');
UPDATE track SET album_id='116425' WHERE id='989536';
UPDATE track SET text='' WHERE id='989536';
INSERT INTO track VALUES('989525','Classical Masterpieces Invention 2 by J. S. Bach (1685–1750)','http://www.jamendo.com/es/track/989525','','','102','http://mp3l.jamendo.com/?trackid=989525&format=mp31&u=0');
UPDATE track SET album_id='116425' WHERE id='989525';
UPDATE track SET text='' WHERE id='989525';
INSERT INTO track VALUES('989530','Classical Masterpieces Invention 3 by J. S. Bach (1685–1750)','http://www.jamendo.com/es/track/989530','','','89','http://mp3l.jamendo.com/?trackid=989530&format=mp31&u=0');
UPDATE track SET album_id='116425' WHERE id='989530';
UPDATE track SET text='' WHERE id='989530';
INSERT INTO track VALUES('988812','Classical Masterpieces Invention 5 by J. S. Bach (1685–1750)','http://www.jamendo.com/es/track/988812','','','121','http://mp3l.jamendo.com/?trackid=988812&format=mp31&u=0');
UPDATE track SET album_id='116425' WHERE id='988812';
UPDATE track SET text='' WHERE id='988812';
INSERT INTO track VALUES('989539','Classical Masterpieces Invention 7 by J. S. Bach (1685–1750)','http://www.jamendo.com/es/track/989539','','','90','http://mp3l.jamendo.com/?trackid=989539&format=mp31&u=0');
UPDATE track SET album_id='116425' WHERE id='989539';
UPDATE track SET text='' WHERE id='989539';
INSERT INTO track VALUES('989541','Classical Masterpieces Invention 8 by J. S. Bach (1685–1750)','http://www.jamendo.com/es/track/989541','','','99','http://mp3l.jamendo.com/?trackid=989541&format=mp31&u=0');
UPDATE track SET album_id='116425' WHERE id='989541';
UPDATE track SET text='' WHERE id='989541';
INSERT INTO album VALUES('116426','Classical Masterpieces Greatest Classical Music Composers Album n°44 part 5','http://www.jamendo.com/es/album/116426','http://imgjam.com/albums/s116/116426/covers/1.100.jpg','2','5554','classical');
UPDATE album SET artist_id='420766' WHERE id='116426';
INSERT INTO track VALUES('989562','Classical Masterpieces Keyboard partita in A minor by J. S. Bach (1685–1750) BWV-827','http://www.jamendo.com/es/track/989562','','','158','http://mp3l.jamendo.com/?trackid=989562&format=mp31&u=0');
UPDATE track SET album_id='116426' WHERE id='989562';
UPDATE track SET text='' WHERE id='989562';
INSERT INTO track VALUES('989550','Classical Masterpieces Keyboard partita in A minor by J. S. Bach (1685–1750) BWV-827-2','http://www.jamendo.com/es/track/989550','','','149','http://mp3l.jamendo.com/?trackid=989550&format=mp31&u=0');
UPDATE track SET album_id='116426' WHERE id='989550';
UPDATE track SET text='' WHERE id='989550';
INSERT INTO track VALUES('989566','Classical Masterpieces Keyboard partita in A minor by J. S. Bach (1685–1750) BWV-827-4','http://www.jamendo.com/es/track/989566','','','115','http://mp3l.jamendo.com/?trackid=989566&format=mp31&u=0');
UPDATE track SET album_id='116426' WHERE id='989566';
UPDATE track SET text='' WHERE id='989566';
INSERT INTO track VALUES('989548','Classical Masterpieces Keyboard partita in A minor by J. S. Bach (1685–1750) BWV-827-5','http://www.jamendo.com/es/track/989548','','','265','http://mp3l.jamendo.com/?trackid=989548&format=mp31&u=0');
UPDATE track SET album_id='116426' WHERE id='989548';
UPDATE track SET text='' WHERE id='989548';
INSERT INTO track VALUES('989555','Classical Masterpieces Keyboard partita in A minor by J. S. Bach (1685–1750) BWV-827-6','http://www.jamendo.com/es/track/989555','','','265','http://mp3l.jamendo.com/?trackid=989555&format=mp31&u=0');
UPDATE track SET album_id='116426' WHERE id='989555';
UPDATE track SET text='' WHERE id='989555';
INSERT INTO track VALUES('989565','Classical Masterpieces Keyboard partita in E minor by J. S. Bach (1685–1750) BWV-830','http://www.jamendo.com/es/track/989565','','','368','http://mp3l.jamendo.com/?trackid=989565&format=mp31&u=0');
UPDATE track SET album_id='116426' WHERE id='989565';
UPDATE track SET text='' WHERE id='989565';
INSERT INTO track VALUES('989568','Classical Masterpieces Keyboard partita in E minor by J. S. Bach (1685–1750) BWV-830-2','http://www.jamendo.com/es/track/989568','','','160','http://mp3l.jamendo.com/?trackid=989568&format=mp31&u=0');
UPDATE track SET album_id='116426' WHERE id='989568';
UPDATE track SET text='' WHERE id='989568';
INSERT INTO track VALUES('989552','Classical Masterpieces Keyboard partita in E minor by J. S. Bach (1685–1750) BWV-830-5','http://www.jamendo.com/es/track/989552','','','185','http://mp3l.jamendo.com/?trackid=989552&format=mp31&u=0');
UPDATE track SET album_id='116426' WHERE id='989552';
UPDATE track SET text='' WHERE id='989552';
INSERT INTO track VALUES('989559','Classical Masterpieces Keyboard partita in E minor by J. S. Bach (1685–1750) BWV-830-6','http://www.jamendo.com/es/track/989559','','','185','http://mp3l.jamendo.com/?trackid=989559&format=mp31&u=0');
UPDATE track SET album_id='116426' WHERE id='989559';
UPDATE track SET text='' WHERE id='989559';
INSERT INTO track VALUES('989547','Classical Masterpieces Kinderscenen - Traümerei by R. Schumann (1810–1856)','http://www.jamendo.com/es/track/989547','','','92','http://mp3l.jamendo.com/?trackid=989547&format=mp31&u=0');
UPDATE track SET album_id='116426' WHERE id='989547';
UPDATE track SET text='' WHERE id='989547';
INSERT INTO track VALUES('989557','Classical Masterpieces King Cotton by J. P. Sousa (1854–1932)','http://www.jamendo.com/es/track/989557','','','441','http://mp3l.jamendo.com/?trackid=989557&format=mp31&u=0');
UPDATE track SET album_id='116426' WHERE id='989557';
UPDATE track SET text='' WHERE id='989557';
INSERT INTO track VALUES('989554','Classical Masterpieces La Bayadère - Acte II by L. A. Minkus (1826–1917)','http://www.jamendo.com/es/track/989554','','','224','http://mp3l.jamendo.com/?trackid=989554&format=mp31&u=0');
UPDATE track SET album_id='116426' WHERE id='989554';
UPDATE track SET text='' WHERE id='989554';
INSERT INTO track VALUES('989551','Classical Masterpieces La Chasse by J. F. F. Burgmüller (1806–1874)','http://www.jamendo.com/es/track/989551','','','154','http://mp3l.jamendo.com/?trackid=989551&format=mp31&u=0');
UPDATE track SET album_id='116426' WHERE id='989551';
UPDATE track SET text='' WHERE id='989551';
INSERT INTO track VALUES('989560','Classical Masterpieces La Dorset by Spagnoletti 1860','http://www.jamendo.com/es/track/989560','','','90','http://mp3l.jamendo.com/?trackid=989560&format=mp31&u=0');
UPDATE track SET album_id='116426' WHERE id='989560';
UPDATE track SET text='' WHERE id='989560';
INSERT INTO track VALUES('989558','Classical Masterpieces La Petite Réunion by J. F. F. Burgmüller (1806–1874)','http://www.jamendo.com/es/track/989558','','','112','http://mp3l.jamendo.com/?trackid=989558&format=mp31&u=0');
UPDATE track SET album_id='116426' WHERE id='989558';
UPDATE track SET text='' WHERE id='989558';
INSERT INTO track VALUES('989553','Classical Masterpieces La Styrienne by J. F. F. Burgmüller (1806–1874)','http://www.jamendo.com/es/track/989553','','','101','http://mp3l.jamendo.com/?trackid=989553&format=mp31&u=0');
UPDATE track SET album_id='116426' WHERE id='989553';
UPDATE track SET text='' WHERE id='989553';
INSERT INTO track VALUES('989563','Classical Masterpieces La Traviata - N1 Introduzione by G. Verdi (1813–1901)','http://www.jamendo.com/es/track/989563','','','647','http://mp3l.jamendo.com/?trackid=989563&format=mp31&u=0');
UPDATE track SET album_id='116426' WHERE id='989563';
UPDATE track SET text='' WHERE id='989563';
INSERT INTO track VALUES('989569','Classical Masterpieces La Traviata - N10 Finale del Atto II by G. Verdi (1813–1901)','http://www.jamendo.com/es/track/989569','','','156','http://mp3l.jamendo.com/?trackid=989569&format=mp31&u=0');
UPDATE track SET album_id='116426' WHERE id='989569';
UPDATE track SET text='' WHERE id='989569';
INSERT INTO track VALUES('989546','Classical Masterpieces La Traviata - N11 Coro di zingari by G. Verdi (1813–1901)','http://www.jamendo.com/es/track/989546','','','305','http://mp3l.jamendo.com/?trackid=989546&format=mp31&u=0');
UPDATE track SET album_id='116426' WHERE id='989546';
UPDATE track SET text='' WHERE id='989546';
INSERT INTO track VALUES('989564','Classical Masterpieces La Traviata - N12 Coro di mattadori spagnuoli by G. Verdi (1813–1901)','http://www.jamendo.com/es/track/989564','','','311','http://mp3l.jamendo.com/?trackid=989564&format=mp31&u=0');
UPDATE track SET album_id='116426' WHERE id='989564';
UPDATE track SET text='' WHERE id='989564';
INSERT INTO track VALUES('989556','Classical Masterpieces La Traviata - N15 Scena ed Aria by G. Verdi (1813–1901)','http://www.jamendo.com/es/track/989556','','','484','http://mp3l.jamendo.com/?trackid=989556&format=mp31&u=0');
UPDATE track SET album_id='116426' WHERE id='989556';
UPDATE track SET text='' WHERE id='989556';
INSERT INTO track VALUES('989549','Classical Masterpieces La Traviata - N16 Coro baccanale by G. Verdi (1813–1901)','http://www.jamendo.com/es/track/989549','','','152','http://mp3l.jamendo.com/?trackid=989549&format=mp31&u=0');
UPDATE track SET album_id='116426' WHERE id='989549';
UPDATE track SET text='' WHERE id='989549';
INSERT INTO track VALUES('989561','Classical Masterpieces La Traviata - N4 Streta dell''introduzione by G. Verdi (1813–1901)','http://www.jamendo.com/es/track/989561','','','258','http://mp3l.jamendo.com/?trackid=989561&format=mp31&u=0');
UPDATE track SET album_id='116426' WHERE id='989561';
UPDATE track SET text='' WHERE id='989561';
INSERT INTO track VALUES('989567','Classical Masterpieces La Traviata - Preludio by G. Verdi (1813–1901)','http://www.jamendo.com/es/track/989567','','','177','http://mp3l.jamendo.com/?trackid=989567&format=mp31&u=0');
UPDATE track SET album_id='116426' WHERE id='989567';
UPDATE track SET text='' WHERE id='989567';
INSERT INTO album VALUES('116428','Classical Masterpieces Greatest Classical Music Composers Album n°44 part 6','http://www.jamendo.com/es/album/116428','http://imgjam.com/albums/s116/116428/covers/1.100.jpg','2','6586','classical music piano');
UPDATE album SET artist_id='420766' WHERE id='116428';
INSERT INTO track VALUES('989571','Classical Masterpieces L''Adieu by J. F. F. Burgmüller (1806–1874)','http://www.jamendo.com/es/track/989571','','','148','http://mp3l.jamendo.com/?trackid=989571&format=mp31&u=0');
UPDATE track SET album_id='116428' WHERE id='989571';
UPDATE track SET text='' WHERE id='989571';
INSERT INTO track VALUES('989584','Classical Masterpieces L''Esclave by E. Lalo (1823–1892)','http://www.jamendo.com/es/track/989584','','','130','http://mp3l.jamendo.com/?trackid=989584&format=mp31&u=0');
UPDATE track SET album_id='116428' WHERE id='989584';
UPDATE track SET text='' WHERE id='989584';
INSERT INTO track VALUES('989588','Classical Masterpieces Lachen und Weinen by F. Schubert (1797–1828)','http://www.jamendo.com/es/track/989588','','','147','http://mp3l.jamendo.com/?trackid=989588&format=mp31&u=0');
UPDATE track SET album_id='116428' WHERE id='989588';
UPDATE track SET text='' WHERE id='989588';
INSERT INTO track VALUES('989592','Classical Masterpieces Le pays des rêves by G. Fauré (1845–1924)','http://www.jamendo.com/es/track/989592','','','284','http://mp3l.jamendo.com/?trackid=989592&format=mp31&u=0');
UPDATE track SET album_id='116428' WHERE id='989592';
UPDATE track SET text='' WHERE id='989592';
INSERT INTO track VALUES('989598','Classical Masterpieces Les matelots by G. Fauré (1845–1924)','http://www.jamendo.com/es/track/989598','','','160','http://mp3l.jamendo.com/?trackid=989598&format=mp31&u=0');
UPDATE track SET album_id='116428' WHERE id='989598';
UPDATE track SET text='' WHERE id='989598';
INSERT INTO track VALUES('989573','Classical Masterpieces Les Tendres Plaintes by J. P. Rameau (1683–1764)','http://www.jamendo.com/es/track/989573','','','211','http://mp3l.jamendo.com/?trackid=989573&format=mp31&u=0');
UPDATE track SET album_id='116428' WHERE id='989573';
UPDATE track SET text='' WHERE id='989573';
INSERT INTO track VALUES('989577','Classical Masterpieces Les roses d’Ispahan by G. Fauré (1845–1924)','http://www.jamendo.com/es/track/989577','','','146','http://mp3l.jamendo.com/?trackid=989577&format=mp31&u=0');
UPDATE track SET album_id='116428' WHERE id='989577';
UPDATE track SET text='' WHERE id='989577';
INSERT INTO track VALUES('989578','Classical Masterpieces Lied Ohne Worte - Opus 53, No. 5 - Volkslied by F. Mendelssohn-Bartholdy (1809–1847)','http://www.jamendo.com/es/track/989578','','','287','http://mp3l.jamendo.com/?trackid=989578&format=mp31&u=0');
UPDATE track SET album_id='116428' WHERE id='989578';
UPDATE track SET text='' WHERE id='989578';
INSERT INTO track VALUES('989583','Classical Masterpieces Lied Ohne Worte - Opus 102, No. 3 by F. Mendelssohn-Bartholdy (1809–1847)','http://www.jamendo.com/es/track/989583','','','251','http://mp3l.jamendo.com/?trackid=989583&format=mp31&u=0');
UPDATE track SET album_id='116428' WHERE id='989583';
UPDATE track SET text='' WHERE id='989583';
INSERT INTO track VALUES('989587','Classical Masterpieces Lieder ohne Worte Venetianisches Gondellied, Op.30 No.6 by F. Mendelssohn-Bartholdy (1809–1847)','http://www.jamendo.com/es/track/989587','','','144','http://mp3l.jamendo.com/?trackid=989587&format=mp31&u=0');
UPDATE track SET album_id='116428' WHERE id='989587';
UPDATE track SET text='' WHERE id='989587';
INSERT INTO track VALUES('989594','Classical Masterpieces Lualåt (The Mountaineer''s Song) by E. Grieg (1843–1907)','http://www.jamendo.com/es/track/989594','','','261','http://mp3l.jamendo.com/?trackid=989594&format=mp31&u=0');
UPDATE track SET album_id='116428' WHERE id='989594';
UPDATE track SET text='' WHERE id='989594';
INSERT INTO track VALUES('989600','Classical Masterpieces Maple Leaf Rag by S. Joplin (1868–1917)','http://www.jamendo.com/es/track/989600','','','256','http://mp3l.jamendo.com/?trackid=989600&format=mp31&u=0');
UPDATE track SET album_id='116428' WHERE id='989600';
UPDATE track SET text='' WHERE id='989600';
INSERT INTO track VALUES('989586','Classical Masterpieces Menuet by J. S. Bach (1685–1750)','http://www.jamendo.com/es/track/989586','','','90','http://mp3l.jamendo.com/?trackid=989586&format=mp31&u=0');
UPDATE track SET album_id='116428' WHERE id='989586';
UPDATE track SET text='' WHERE id='989586';
INSERT INTO track VALUES('989572','Classical Masterpieces Menuet by J. S. Bach (1685–1750) BWV Anh. 114','http://www.jamendo.com/es/track/989572','','','90','http://mp3l.jamendo.com/?trackid=989572&format=mp31&u=0');
UPDATE track SET album_id='116428' WHERE id='989572';
UPDATE track SET text='' WHERE id='989572';
INSERT INTO track VALUES('989580','Classical Masterpieces Menuet by J. S. Bach (1685–1750) BWV Anh. 115','http://www.jamendo.com/es/track/989580','','','90','http://mp3l.jamendo.com/?trackid=989580&format=mp31&u=0');
UPDATE track SET album_id='116428' WHERE id='989580';
UPDATE track SET text='' WHERE id='989580';
INSERT INTO track VALUES('989590','Classical Masterpieces Nacht und Träume by F. Schubert (1797–1828)','http://www.jamendo.com/es/track/989590','','','106','http://mp3l.jamendo.com/?trackid=989590&format=mp31&u=0');
UPDATE track SET album_id='116428' WHERE id='989590';
UPDATE track SET text='' WHERE id='989590';
INSERT INTO track VALUES('989570','Classical Masterpieces Nähe des Geliebten by F. Schubert (1797–1828)','http://www.jamendo.com/es/track/989570','','','207','http://mp3l.jamendo.com/?trackid=989570&format=mp31&u=0');
UPDATE track SET album_id='116428' WHERE id='989570';
UPDATE track SET text='' WHERE id='989570';
INSERT INTO track VALUES('989599','Classical Masterpieces Napolitan Dance (Swan Lake) by P. I. Tchaikovsky (1840–1893)','http://www.jamendo.com/es/track/989599','','','98','http://mp3l.jamendo.com/?trackid=989599&format=mp31&u=0');
UPDATE track SET album_id='116428' WHERE id='989599';
UPDATE track SET text='' WHERE id='989599';
INSERT INTO track VALUES('989576','Classical Masterpieces Original Rags by S. Joplin (1868–1917)','http://www.jamendo.com/es/track/989576','','','194','http://mp3l.jamendo.com/?trackid=989576&format=mp31&u=0');
UPDATE track SET album_id='116428' WHERE id='989576';
UPDATE track SET text='' WHERE id='989576';
INSERT INTO track VALUES('989591','Classical Masterpieces Ouvertüre by G. F. Handel (1685–1759)','http://www.jamendo.com/es/track/989591','','','117','http://mp3l.jamendo.com/?trackid=989591&format=mp31&u=0');
UPDATE track SET album_id='116428' WHERE id='989591';
UPDATE track SET text='' WHERE id='989591';
INSERT INTO track VALUES('989589','Classical Masterpieces Peacherine Rag by S. Joplin (1868–1917)','http://www.jamendo.com/es/track/989589','','','163','http://mp3l.jamendo.com/?trackid=989589&format=mp31&u=0');
UPDATE track SET album_id='116428' WHERE id='989589';
UPDATE track SET text='' WHERE id='989589';
INSERT INTO track VALUES('989596','Classical Masterpieces Petite Prélude No. 9 by J. S. Bach (1685–1750)','http://www.jamendo.com/es/track/989596','','','90','http://mp3l.jamendo.com/?trackid=989596&format=mp31&u=0');
UPDATE track SET album_id='116428' WHERE id='989596';
UPDATE track SET text='' WHERE id='989596';
INSERT INTO track VALUES('989602','Classical Masterpieces Piano Sonata in C Major - KV 309 (1st Part) by W. A. Mozart (1756–1791)','http://www.jamendo.com/es/track/989602','','','542','http://mp3l.jamendo.com/?trackid=989602&format=mp31&u=0');
UPDATE track SET album_id='116428' WHERE id='989602';
UPDATE track SET text='' WHERE id='989602';
INSERT INTO track VALUES('989574','Classical Masterpieces Piano Trio Opus 11 (3rd Movement) by L. V. Beethoven (1770–1827)','http://www.jamendo.com/es/track/989574','','','705','http://mp3l.jamendo.com/?trackid=989574&format=mp31&u=0');
UPDATE track SET album_id='116428' WHERE id='989574';
UPDATE track SET text='' WHERE id='989574';
INSERT INTO track VALUES('989581','Classical Masterpieces Pictures at an Exhibition Promenade by M. Mussorgsky (1839–1881)','http://www.jamendo.com/es/track/989581','','','129','http://mp3l.jamendo.com/?trackid=989581&format=mp31&u=0');
UPDATE track SET album_id='116428' WHERE id='989581';
UPDATE track SET text='' WHERE id='989581';
INSERT INTO track VALUES('989603','Classical Masterpieces Praeludium 10 by J. S. Bach (1685–1750)','http://www.jamendo.com/es/track/989603','','','90','http://mp3l.jamendo.com/?trackid=989603&format=mp31&u=0');
UPDATE track SET album_id='116428' WHERE id='989603';
UPDATE track SET text='' WHERE id='989603';
INSERT INTO track VALUES('989597','Classical Masterpieces Praeludium 2 by J. S. Bach (1685–1750)','http://www.jamendo.com/es/track/989597','','','131','http://mp3l.jamendo.com/?trackid=989597&format=mp31&u=0');
UPDATE track SET album_id='116428' WHERE id='989597';
UPDATE track SET text='' WHERE id='989597';
INSERT INTO track VALUES('989575','Classical Masterpieces Prelude by A. Scriabin (1872–1915)','http://www.jamendo.com/es/track/989575','','','94','http://mp3l.jamendo.com/?trackid=989575&format=mp31&u=0');
UPDATE track SET album_id='116428' WHERE id='989575';
UPDATE track SET text='' WHERE id='989575';
INSERT INTO track VALUES('989582','Classical Masterpieces Prelude by F. F. Chopin (1810–1849)','http://www.jamendo.com/es/track/989582','','','344','http://mp3l.jamendo.com/?trackid=989582&format=mp31&u=0');
UPDATE track SET album_id='116428' WHERE id='989582';
UPDATE track SET text='' WHERE id='989582';
INSERT INTO track VALUES('989601','Classical Masterpieces Prelude Op. 28, No. 15 by F. F. Chopin (1810–1849)','http://www.jamendo.com/es/track/989601','','','309','http://mp3l.jamendo.com/?trackid=989601&format=mp31&u=0');
UPDATE track SET album_id='116428' WHERE id='989601';
UPDATE track SET text='' WHERE id='989601';
INSERT INTO track VALUES('989593','Classical Masterpieces Prelude Op. 28, No. 4 (from Peters source) by F. F. Chopin (1810–1849)','http://www.jamendo.com/es/track/989593','','','97','http://mp3l.jamendo.com/?trackid=989593&format=mp31&u=0');
UPDATE track SET album_id='116428' WHERE id='989593';
UPDATE track SET text='' WHERE id='989593';
INSERT INTO track VALUES('989595','Classical Masterpieces Prelude Op. 28, No. 4 by F. F. Chopin (1810–1849)','http://www.jamendo.com/es/track/989595','','','98','http://mp3l.jamendo.com/?trackid=989595&format=mp31&u=0');
UPDATE track SET album_id='116428' WHERE id='989595';
UPDATE track SET text='' WHERE id='989595';
INSERT INTO track VALUES('989579','Classical Masterpieces Prelude Op. WoO 55 by L. V. Beethoven (1770–1827)','http://www.jamendo.com/es/track/989579','','','252','http://mp3l.jamendo.com/?trackid=989579&format=mp31&u=0');
UPDATE track SET album_id='116428' WHERE id='989579';
UPDATE track SET text='' WHERE id='989579';
INSERT INTO track VALUES('989585','Classical Masterpieces Preludio con Fuga by J. S. Bach (1685–1750)','http://www.jamendo.com/es/track/989585','','','125','http://mp3l.jamendo.com/?trackid=989585&format=mp31&u=0');
UPDATE track SET album_id='116428' WHERE id='989585';
UPDATE track SET text='' WHERE id='989585';
INSERT INTO album VALUES('116637','Classical Gracious Baroque Symphonic Orchestra Works Theme Soundtrack Instrumental Album n°113','http://www.jamendo.com/es/album/116637','http://imgjam.com/albums/s116/116637/covers/1.100.jpg','3','180','classical music orchestra strings orchestral soundtrack');
UPDATE album SET artist_id='420766' WHERE id='116637';
INSERT INTO track VALUES('991475','Classical Gracious Baroque Symphonic Orchestra Works Theme Soundtrack 001','http://www.jamendo.com/es/track/991475','','','91','http://mp3l.jamendo.com/?trackid=991475&format=mp31&u=0');
UPDATE track SET album_id='116637' WHERE id='991475';
UPDATE track SET text='' WHERE id='991475';
INSERT INTO track VALUES('991476','Classical Gracious Baroque Symphonic Orchestra Works Theme Soundtrack 002','http://www.jamendo.com/es/track/991476','','','89','http://mp3l.jamendo.com/?trackid=991476&format=mp31&u=0');
UPDATE track SET album_id='116637' WHERE id='991476';
UPDATE track SET text='' WHERE id='991476';
INSERT INTO album VALUES('116471','Classical Masterpieces Greatest Classical Music Composers Album n°44 part 7','http://www.jamendo.com/es/album/116471','http://imgjam.com/albums/s116/116471/covers/1.100.jpg','2','4545','classical');
UPDATE album SET artist_id='420766' WHERE id='116471';
INSERT INTO track VALUES('989618','Classical Masterpieces Romance by C. Saint-Saëns (1835–1921)','http://www.jamendo.com/es/track/989618','','','250','http://mp3l.jamendo.com/?trackid=989618&format=mp31&u=0');
UPDATE track SET album_id='116471' WHERE id='989618';
UPDATE track SET text='' WHERE id='989618';
INSERT INTO track VALUES('989637','Classical Masterpieces Romanzen by R. Schumann (1810–1856)','http://www.jamendo.com/es/track/989637','','','91','http://mp3l.jamendo.com/?trackid=989637&format=mp31&u=0');
UPDATE track SET album_id='116471' WHERE id='989637';
UPDATE track SET text='' WHERE id='989637';
INSERT INTO track VALUES('989634','Classical Masterpieces Rondo by I. J. Pleyel (1757–1831)','http://www.jamendo.com/es/track/989634','','','91','http://mp3l.jamendo.com/?trackid=989634&format=mp31&u=0');
UPDATE track SET album_id='116471' WHERE id='989634';
UPDATE track SET text='' WHERE id='989634';
INSERT INTO track VALUES('989638','Classical Masterpieces Rondo by J. Wanhal (1739–1813)','http://www.jamendo.com/es/track/989638','','','102','http://mp3l.jamendo.com/?trackid=989638&format=mp31&u=0');
UPDATE track SET album_id='116471' WHERE id='989638';
UPDATE track SET text='' WHERE id='989638';
INSERT INTO track VALUES('989999','Classical Masterpieces Sapphische Ode by J. Brahms (1833–1897)','http://www.jamendo.com/es/track/989999','','','118','http://mp3l.jamendo.com/?trackid=989999&format=mp31&u=0');
UPDATE track SET album_id='116471' WHERE id='989999';
UPDATE track SET text='' WHERE id='989999';
INSERT INTO track VALUES('990002','Classical Masterpieces Scherzo in E minor by F. Mendelssohn-Bartholdy (1809–1847)','http://www.jamendo.com/es/track/990002','','','378','http://mp3l.jamendo.com/?trackid=990002&format=mp31&u=0');
UPDATE track SET album_id='116471' WHERE id='990002';
UPDATE track SET text='' WHERE id='990002';
INSERT INTO track VALUES('989620','Classical Masterpieces Schwanengesang by F. Schubert (1797–1828)','http://www.jamendo.com/es/track/989620','','','90','http://mp3l.jamendo.com/?trackid=989620&format=mp31&u=0');
UPDATE track SET album_id='116471' WHERE id='989620';
UPDATE track SET text='' WHERE id='989620';
INSERT INTO track VALUES('989625','Classical Masterpieces Search-Light Rag by S. Joplin (1868–1917)','http://www.jamendo.com/es/track/989625','','','261','http://mp3l.jamendo.com/?trackid=989625&format=mp31&u=0');
UPDATE track SET album_id='116471' WHERE id='989625';
UPDATE track SET text='' WHERE id='989625';
INSERT INTO track VALUES('989630','Classical Masterpieces Sinfonia 2 by J. S. Bach (1685–1750)','http://www.jamendo.com/es/track/989630','','','172','http://mp3l.jamendo.com/?trackid=989630&format=mp31&u=0');
UPDATE track SET album_id='116471' WHERE id='989630';
UPDATE track SET text='' WHERE id='989630';
INSERT INTO track VALUES('989633','Classical Masterpieces Sinfonia 3 by J. S. Bach (1685–1750)','http://www.jamendo.com/es/track/989633','','','92','http://mp3l.jamendo.com/?trackid=989633&format=mp31&u=0');
UPDATE track SET album_id='116471' WHERE id='989633';
UPDATE track SET text='' WHERE id='989633';
INSERT INTO track VALUES('990013','Classical Masterpieces Sinfonia 4 by J. S. Bach (1685–1750)','http://www.jamendo.com/es/track/990013','','','90','http://mp3l.jamendo.com/?trackid=990013&format=mp31&u=0');
UPDATE track SET album_id='116471' WHERE id='990013';
UPDATE track SET text='' WHERE id='990013';
INSERT INTO track VALUES('990004','Classical Masterpieces Sinfonia 5 by J. S. Bach (1685–1750)','http://www.jamendo.com/es/track/990004','','','103','http://mp3l.jamendo.com/?trackid=990004&format=mp31&u=0');
UPDATE track SET album_id='116471' WHERE id='990004';
UPDATE track SET text='' WHERE id='990004';
INSERT INTO track VALUES('989619','Classical Masterpieces Sinfonia 6 by J. S. Bach (1685–1750)','http://www.jamendo.com/es/track/989619','','','166','http://mp3l.jamendo.com/?trackid=989619&format=mp31&u=0');
UPDATE track SET album_id='116471' WHERE id='989619';
UPDATE track SET text='' WHERE id='989619';
INSERT INTO track VALUES('989627','Classical Masterpieces Sinfonia 7 by J. S. Bach (1685–1750)','http://www.jamendo.com/es/track/989627','','','120','http://mp3l.jamendo.com/?trackid=989627&format=mp31&u=0');
UPDATE track SET album_id='116471' WHERE id='989627';
UPDATE track SET text='' WHERE id='989627';
INSERT INTO track VALUES('989632','Classical Masterpieces Sinfonia 8 by J. S. Bach (1685–1750)','http://www.jamendo.com/es/track/989632','','','89','http://mp3l.jamendo.com/?trackid=989632&format=mp31&u=0');
UPDATE track SET album_id='116471' WHERE id='989632';
UPDATE track SET text='' WHERE id='989632';
INSERT INTO track VALUES('989636','Classical Masterpieces Sinfonia 10 by J. S. Bach (1685–1750)','http://www.jamendo.com/es/track/989636','','','90','http://mp3l.jamendo.com/?trackid=989636&format=mp31&u=0');
UPDATE track SET album_id='116471' WHERE id='989636';
UPDATE track SET text='' WHERE id='989636';
INSERT INTO track VALUES('989998','Classical Masterpieces Sinfonia 11 by J. S. Bach (1685–1750)','http://www.jamendo.com/es/track/989998','','','98','http://mp3l.jamendo.com/?trackid=989998&format=mp31&u=0');
UPDATE track SET album_id='116471' WHERE id='989998';
UPDATE track SET text='' WHERE id='989998';
INSERT INTO track VALUES('990005','Classical Masterpieces Sinfonia 12 by J. S. Bach (1685–1750)','http://www.jamendo.com/es/track/990005','','','114','http://mp3l.jamendo.com/?trackid=990005&format=mp31&u=0');
UPDATE track SET album_id='116471' WHERE id='990005';
UPDATE track SET text='' WHERE id='990005';
INSERT INTO track VALUES('989623','Classical Masterpieces Sinfonia 13 by J. S. Bach (1685–1750)','http://www.jamendo.com/es/track/989623','','','90','http://mp3l.jamendo.com/?trackid=989623&format=mp31&u=0');
UPDATE track SET album_id='116471' WHERE id='989623';
UPDATE track SET text='' WHERE id='989623';
INSERT INTO track VALUES('989631','Classical Masterpieces Sinfonia 14 by J. S. Bach (1685–1750)','http://www.jamendo.com/es/track/989631','','','90','http://mp3l.jamendo.com/?trackid=989631&format=mp31&u=0');
UPDATE track SET album_id='116471' WHERE id='989631';
UPDATE track SET text='' WHERE id='989631';
INSERT INTO track VALUES('989635','Classical Masterpieces Sing Ivy Traditional','http://www.jamendo.com/es/track/989635','','','97','http://mp3l.jamendo.com/?trackid=989635&format=mp31&u=0');
UPDATE track SET album_id='116471' WHERE id='989635';
UPDATE track SET text='' WHERE id='989635';
INSERT INTO track VALUES('990000','Classical Masterpieces Six Partitas (Clavierubung part I) No. 1 by J. S. Bach (1685–1750) 12','http://www.jamendo.com/es/track/990000','','','136','http://mp3l.jamendo.com/?trackid=990000&format=mp31&u=0');
UPDATE track SET album_id='116471' WHERE id='990000';
UPDATE track SET text='' WHERE id='990000';
INSERT INTO track VALUES('989624','Classical Masterpieces Six Partitas (Clavierubung part I) No. 1 by J. S. Bach (1685–1750) 15','http://www.jamendo.com/es/track/989624','','','148','http://mp3l.jamendo.com/?trackid=989624&format=mp31&u=0');
UPDATE track SET album_id='116471' WHERE id='989624';
UPDATE track SET text='' WHERE id='989624';
INSERT INTO track VALUES('989621','Classical Masterpieces Six Partitas (Clavierubung part I) No. 1 by J. S. Bach (1685–1750) 16','http://www.jamendo.com/es/track/989621','','','170','http://mp3l.jamendo.com/?trackid=989621&format=mp31&u=0');
UPDATE track SET album_id='116471' WHERE id='989621';
UPDATE track SET text='' WHERE id='989621';
INSERT INTO track VALUES('989628','Classical Masterpieces Six Partitas (Clavierubung part I) No. 2 by J. S. Bach (1685–1750)22','http://www.jamendo.com/es/track/989628','','','120','http://mp3l.jamendo.com/?trackid=989628&format=mp31&u=0');
UPDATE track SET album_id='116471' WHERE id='989628';
UPDATE track SET text='' WHERE id='989628';
INSERT INTO track VALUES('990007','Classical Masterpieces Six Partitas (Clavierubung part I) No. 5 by J. S. Bach (1685–1750) 51','http://www.jamendo.com/es/track/990007','','','252','http://mp3l.jamendo.com/?trackid=990007&format=mp31&u=0');
UPDATE track SET album_id='116471' WHERE id='990007';
UPDATE track SET text='' WHERE id='990007';
INSERT INTO track VALUES('990001','Classical Masterpieces Six Partitas (Clavierubung part I) No. 5 by J. S. Bach (1685–1750) 53','http://www.jamendo.com/es/track/990001','','','95','http://mp3l.jamendo.com/?trackid=990001&format=mp31&u=0');
UPDATE track SET album_id='116471' WHERE id='990001';
UPDATE track SET text='' WHERE id='990001';
INSERT INTO track VALUES('989622','Classical Masterpieces Six Partitas (Clavierubung part I) No. 5 by J. S. Bach (1685–1750) 55','http://www.jamendo.com/es/track/989622','','','139','http://mp3l.jamendo.com/?trackid=989622&format=mp31&u=0');
UPDATE track SET album_id='116471' WHERE id='989622';
UPDATE track SET text='' WHERE id='989622';
INSERT INTO track VALUES('989629','Classical Masterpieces Six Partitas (Clavierubung part I) No. 5 by J. S. Bach (1685–1750) 57','http://www.jamendo.com/es/track/989629','','','175','http://mp3l.jamendo.com/?trackid=989629&format=mp31&u=0');
UPDATE track SET album_id='116471' WHERE id='989629';
UPDATE track SET text='' WHERE id='989629';
INSERT INTO track VALUES('990006','Classical Masterpieces Slumber My Darling by S. C. Foster (1826–1864)','http://www.jamendo.com/es/track/990006','','','98','http://mp3l.jamendo.com/?trackid=990006&format=mp31&u=0');
UPDATE track SET album_id='116471' WHERE id='990006';
UPDATE track SET text='' WHERE id='990006';
INSERT INTO track VALUES('990003','Classical Masterpieces Solace by S. Joplin (1868–1917)','http://www.jamendo.com/es/track/990003','','','261','http://mp3l.jamendo.com/?trackid=990003&format=mp31&u=0');
UPDATE track SET album_id='116471' WHERE id='990003';
UPDATE track SET text='' WHERE id='990003';
INSERT INTO track VALUES('989626','Classical Masterpieces Something Doing by S. Joplin (1868–1917)','http://www.jamendo.com/es/track/989626','','','159','http://mp3l.jamendo.com/?trackid=989626&format=mp31&u=0');
UPDATE track SET album_id='116471' WHERE id='989626';
UPDATE track SET text='' WHERE id='989626';
INSERT INTO album VALUES('116472','Classical Masterpieces Greatest Classical Music Composers Album n°44 part 8','http://www.jamendo.com/es/album/116472','http://imgjam.com/albums/s116/116472/covers/1.100.jpg','2','14366','classical');
UPDATE album SET artist_id='420766' WHERE id='116472';
INSERT INTO track VALUES('990021','Classical Masterpieces Sonatina by M. Clementi (1752–1832) sonatina-1-2','http://www.jamendo.com/es/track/990021','','','100','http://mp3l.jamendo.com/?trackid=990021&format=mp31&u=0');
UPDATE track SET album_id='116472' WHERE id='990021';
UPDATE track SET text='' WHERE id='990021';
INSERT INTO track VALUES('990022','Classical Masterpieces Sonata No. 1 (3rd Movement Allegretto) by L. V. Beethoven (1770–1827)','http://www.jamendo.com/es/track/990022','','','196','http://mp3l.jamendo.com/?trackid=990022&format=mp31&u=0');
UPDATE track SET album_id='116472' WHERE id='990022';
UPDATE track SET text='' WHERE id='990022';
INSERT INTO track VALUES('990023','Classical Masterpieces The Harlem Rag by T. Turpin (1873–1922)','http://www.jamendo.com/es/track/990023','','','202','http://mp3l.jamendo.com/?trackid=990023&format=mp31&u=0');
UPDATE track SET album_id='116472' WHERE id='990023';
UPDATE track SET text='' WHERE id='990023';
INSERT INTO track VALUES('990024','Classical Masterpieces Sonata No. 5 (3rd Movement Prestissimo) by L. V. Beethoven (1770–1827)','http://www.jamendo.com/es/track/990024','','','434','http://mp3l.jamendo.com/?trackid=990024&format=mp31&u=0');
UPDATE track SET album_id='116472' WHERE id='990024';
UPDATE track SET text='' WHERE id='990024';
INSERT INTO track VALUES('990025','Classical Masterpieces Sonata No. 6 (3rd Movement Presto) by L. V. Beethoven (1770–1827)','http://www.jamendo.com/es/track/990025','','','265','http://mp3l.jamendo.com/?trackid=990025&format=mp31&u=0');
UPDATE track SET album_id='116472' WHERE id='990025';
UPDATE track SET text='' WHERE id='990025';
INSERT INTO track VALUES('990026','Classical Masterpieces Sonata No. 17 (2nd Movement Adagio) by L. V. Beethoven (1770–1827)','http://www.jamendo.com/es/track/990026','','','276','http://mp3l.jamendo.com/?trackid=990026&format=mp31&u=0');
UPDATE track SET album_id='116472' WHERE id='990026';
UPDATE track SET text='' WHERE id='990026';
INSERT INTO track VALUES('990027','Classical Masterpieces Sonatine I - Allegro by F. Kuhlau (1786–1832)','http://www.jamendo.com/es/track/990027','','','280','http://mp3l.jamendo.com/?trackid=990027&format=mp31&u=0');
UPDATE track SET album_id='116472' WHERE id='990027';
UPDATE track SET text='' WHERE id='990027';
INSERT INTO track VALUES('990028','Classical Masterpieces The Liberty Bell March by J. P. Sousa (1854–1932)','http://www.jamendo.com/es/track/990028','','','554','http://mp3l.jamendo.com/?trackid=990028&format=mp31&u=0');
UPDATE track SET album_id='116472' WHERE id='990028';
UPDATE track SET text='' WHERE id='990028';
INSERT INTO track VALUES('990029','Classical Masterpieces Sonata No. 27 (1st Movement Mit Lebhaftigkeit) by L. V. Beethoven (1770–1827)','http://www.jamendo.com/es/track/990029','','','639','http://mp3l.jamendo.com/?trackid=990029&format=mp31&u=0');
UPDATE track SET album_id='116472' WHERE id='990029';
UPDATE track SET text='' WHERE id='990029';
INSERT INTO track VALUES('990030','Classical Masterpieces Sonate Opus KV 331 - Tema by W. A. Mozart (1756–1791)','http://www.jamendo.com/es/track/990030','','','98','http://mp3l.jamendo.com/?trackid=990030&format=mp31&u=0');
UPDATE track SET album_id='116472' WHERE id='990030';
UPDATE track SET text='' WHERE id='990030';
INSERT INTO track VALUES('990031','Classical Masterpieces Sonate II, III - Presto by F. J. Haydn (1732–1809)','http://www.jamendo.com/es/track/990031','','','304','http://mp3l.jamendo.com/?trackid=990031&format=mp31&u=0');
UPDATE track SET album_id='116472' WHERE id='990031';
UPDATE track SET text='' WHERE id='990031';
INSERT INTO track VALUES('990032','Classical Masterpieces Sonata in G minor by H. Eccles (1670–1742)','http://www.jamendo.com/es/track/990032','','','91','http://mp3l.jamendo.com/?trackid=990032&format=mp31&u=0');
UPDATE track SET album_id='116472' WHERE id='990032';
UPDATE track SET text='' WHERE id='990032';
INSERT INTO track VALUES('990033','Classical Masterpieces Sonata in C major by D. Scarlatti (1685–1757)','http://www.jamendo.com/es/track/990033','','','244','http://mp3l.jamendo.com/?trackid=990033&format=mp31&u=0');
UPDATE track SET album_id='116472' WHERE id='990033';
UPDATE track SET text='' WHERE id='990033';
INSERT INTO track VALUES('990034','Classical Masterpieces Sonate for Violin and Piano K 379 by W. A. Mozart (1756–1791) k379-piano-1','http://www.jamendo.com/es/track/990034','','','374','http://mp3l.jamendo.com/?trackid=990034&format=mp31&u=0');
UPDATE track SET album_id='116472' WHERE id='990034';
UPDATE track SET text='' WHERE id='990034';
INSERT INTO track VALUES('990035','Classical Masterpieces Sonata No. 24 (2nd Movement Allegro vivace) by L. V. Beethoven (1770–1827)','http://www.jamendo.com/es/track/990035','','','322','http://mp3l.jamendo.com/?trackid=990035&format=mp31&u=0');
UPDATE track SET album_id='116472' WHERE id='990035';
UPDATE track SET text='' WHERE id='990035';
INSERT INTO track VALUES('990036','Classical Masterpieces The Dying Swan by L. M. Gottschalk (1829–1869)','http://www.jamendo.com/es/track/990036','','','227','http://mp3l.jamendo.com/?trackid=990036&format=mp31&u=0');
UPDATE track SET album_id='116472' WHERE id='990036';
UPDATE track SET text='' WHERE id='990036';
INSERT INTO track VALUES('990037','Classical Masterpieces Sonata No. 19 (1st Movement Andante) by L. V. Beethoven (1770–1827)','http://www.jamendo.com/es/track/990037','','','198','http://mp3l.jamendo.com/?trackid=990037&format=mp31&u=0');
UPDATE track SET album_id='116472' WHERE id='990037';
UPDATE track SET text='' WHERE id='990037';
INSERT INTO track VALUES('990038','Classical Masterpieces Sun Flower Slow Drag by S. Joplin (1868–1917)','http://www.jamendo.com/es/track/990038','','','270','http://mp3l.jamendo.com/?trackid=990038&format=mp31&u=0');
UPDATE track SET album_id='116472' WHERE id='990038';
UPDATE track SET text='' WHERE id='990038';
INSERT INTO track VALUES('990039','Classical Masterpieces Sugar Cane by S. Joplin (1868–1917)','http://www.jamendo.com/es/track/990039','','','253','http://mp3l.jamendo.com/?trackid=990039&format=mp31&u=0');
UPDATE track SET album_id='116472' WHERE id='990039';
UPDATE track SET text='' WHERE id='990039';
INSERT INTO track VALUES('990040','Classical Masterpieces Sonate I, III - Presto by F. J. Haydn (1732–1809)','http://www.jamendo.com/es/track/990040','','','268','http://mp3l.jamendo.com/?trackid=990040&format=mp31&u=0');
UPDATE track SET album_id='116472' WHERE id='990040';
UPDATE track SET text='' WHERE id='990040';
INSERT INTO track VALUES('990041','Classical Masterpieces Sonatina by G. F. Handel (1685–1759)','http://www.jamendo.com/es/track/990041','','','214','http://mp3l.jamendo.com/?trackid=990041&format=mp31&u=0');
UPDATE track SET album_id='116472' WHERE id='990041';
UPDATE track SET text='' WHERE id='990041';
INSERT INTO track VALUES('990042','Classical Masterpieces Sonate Opus KV 331 - Variation 3 by W. A. Mozart (1756–1791)','http://www.jamendo.com/es/track/990042','','','103','http://mp3l.jamendo.com/?trackid=990042&format=mp31&u=0');
UPDATE track SET album_id='116472' WHERE id='990042';
UPDATE track SET text='' WHERE id='990042';
INSERT INTO track VALUES('990043','Classical Masterpieces Sonata No. 20 (2nd Movement Tempo di Menuetto) by L. V. Beethoven (1770–1827)','http://www.jamendo.com/es/track/990043','','','312','http://mp3l.jamendo.com/?trackid=990043&format=mp31&u=0');
UPDATE track SET album_id='116472' WHERE id='990043';
UPDATE track SET text='' WHERE id='990043';
INSERT INTO track VALUES('990044','Classical Masterpieces Sonata No 1 1st Movement Allegro by L. V. Beethoven (1770–1827)','http://www.jamendo.com/es/track/990044','','','527','http://mp3l.jamendo.com/?trackid=990044&format=mp31&u=0');
UPDATE track SET album_id='116472' WHERE id='990044';
UPDATE track SET text='' WHERE id='990044';
INSERT INTO track VALUES('990045','Classical Masterpieces Sonata No. 1 4th Movement Prestissimo by L. V. Beethoven (1770–1827)','http://www.jamendo.com/es/track/990045','','','683','http://mp3l.jamendo.com/?trackid=990045&format=mp31&u=0');
UPDATE track SET album_id='116472' WHERE id='990045';
UPDATE track SET text='' WHERE id='990045';
INSERT INTO track VALUES('990046','Classical Masterpieces Sonate II, II - Menuetto by F. J. Haydn (1732–1809)','http://www.jamendo.com/es/track/990046','','','133','http://mp3l.jamendo.com/?trackid=990046&format=mp31&u=0');
UPDATE track SET album_id='116472' WHERE id='990046';
UPDATE track SET text='' WHERE id='990046';
INSERT INTO track VALUES('990047','Classical Masterpieces Sonata No. 6 (2nd Movement Allegretto) by L. V. Beethoven (1770–1827)','http://www.jamendo.com/es/track/990047','','','441','http://mp3l.jamendo.com/?trackid=990047&format=mp31&u=0');
UPDATE track SET album_id='116472' WHERE id='990047';
UPDATE track SET text='' WHERE id='990047';
INSERT INTO track VALUES('990048','Classical Masterpieces Sonata No. 8 Pathétique (3rd Movement Rondo) by L. V. Beethoven (1770–1827)','http://www.jamendo.com/es/track/990048','','','729','http://mp3l.jamendo.com/?trackid=990048&format=mp31&u=0');
UPDATE track SET album_id='116472' WHERE id='990048';
UPDATE track SET text='' WHERE id='990048';
INSERT INTO track VALUES('990049','Classical Masterpieces Sonata No. 25 (1st Movement Presto alla tedesca) by L. V. Beethoven (1770–1827)','http://www.jamendo.com/es/track/990049','','','536','http://mp3l.jamendo.com/?trackid=990049&format=mp31&u=0');
UPDATE track SET album_id='116472' WHERE id='990049';
UPDATE track SET text='' WHERE id='990049';
INSERT INTO track VALUES('990050','Classical Masterpieces Sonate Opus KV 331 - Rondo Alla Turca by W. A. Mozart (1756–1791)','http://www.jamendo.com/es/track/990050','','','223','http://mp3l.jamendo.com/?trackid=990050&format=mp31&u=0');
UPDATE track SET album_id='116472' WHERE id='990050';
UPDATE track SET text='' WHERE id='990050';
INSERT INTO track VALUES('990051','Classical Masterpieces The Entertainer by S. Joplin (1868–1917)','http://www.jamendo.com/es/track/990051','','','270','http://mp3l.jamendo.com/?trackid=990051&format=mp31&u=0');
UPDATE track SET album_id='116472' WHERE id='990051';
UPDATE track SET text='' WHERE id='990051';
INSERT INTO track VALUES('990069','Classical Masterpieces Sonata No. 32 (1st Movement) by L. V. Beethoven (1770–1827)','http://www.jamendo.com/es/track/990069','','','727','http://mp3l.jamendo.com/?trackid=990069&format=mp31&u=0');
UPDATE track SET album_id='116472' WHERE id='990069';
UPDATE track SET text='' WHERE id='990069';
INSERT INTO track VALUES('990070','Classical Masterpieces Sonate I, I - Allegro con brio by F. J. Haydn (1732–1809)','http://www.jamendo.com/es/track/990070','','','251','http://mp3l.jamendo.com/?trackid=990070&format=mp31&u=0');
UPDATE track SET album_id='116472' WHERE id='990070';
UPDATE track SET text='' WHERE id='990070';
INSERT INTO track VALUES('990071','Classical Masterpieces Sonate II, I - Allegro moderato by F. J. Haydn (1732–1809)','http://www.jamendo.com/es/track/990071','','','370','http://mp3l.jamendo.com/?trackid=990071&format=mp31&u=0');
UPDATE track SET album_id='116472' WHERE id='990071';
UPDATE track SET text='' WHERE id='990071';
INSERT INTO track VALUES('990072','Classical Masterpieces Sonate Opus KV 331 - Menuetto by W. A. Mozart (1756–1791)','http://www.jamendo.com/es/track/990072','','','644','http://mp3l.jamendo.com/?trackid=990072&format=mp31&u=0');
UPDATE track SET album_id='116472' WHERE id='990072';
UPDATE track SET text='' WHERE id='990072';
INSERT INTO track VALUES('990073','Classical Masterpieces Sonata No. 18 (1st Movement Molto allegro) by W. A. Mozart (1756–1791)','http://www.jamendo.com/es/track/990073','','','640','http://mp3l.jamendo.com/?trackid=990073&format=mp31&u=0');
UPDATE track SET album_id='116472' WHERE id='990073';
UPDATE track SET text='' WHERE id='990073';
INSERT INTO track VALUES('990074','Classical Masterpieces Sonate Opus KV 331 - Variation 6 by W. A. Mozart (1756–1791)','http://www.jamendo.com/es/track/990074','','','155','http://mp3l.jamendo.com/?trackid=990074&format=mp31&u=0');
UPDATE track SET album_id='116472' WHERE id='990074';
UPDATE track SET text='' WHERE id='990074';
INSERT INTO track VALUES('990075','Classical Masterpieces Sonatina by M. Clementi (1752–1832) sonatina-1','http://www.jamendo.com/es/track/990075','','','141','http://mp3l.jamendo.com/?trackid=990075&format=mp31&u=0');
UPDATE track SET album_id='116472' WHERE id='990075';
UPDATE track SET text='' WHERE id='990075';
INSERT INTO track VALUES('990076','Classical Masterpieces Sonatine I - Rondo by F. Kuhlau (1786–1832)','http://www.jamendo.com/es/track/990076','','','275','http://mp3l.jamendo.com/?trackid=990076&format=mp31&u=0');
UPDATE track SET album_id='116472' WHERE id='990076';
UPDATE track SET text='' WHERE id='990076';
INSERT INTO track VALUES('990077','Classical Masterpieces Suite Bergamasque Clair de Lune by C. Debussy (1862–1918)','http://www.jamendo.com/es/track/990077','','','279','http://mp3l.jamendo.com/?trackid=990077&format=mp31&u=0');
UPDATE track SET album_id='116472' WHERE id='990077';
UPDATE track SET text='' WHERE id='990077';
INSERT INTO track VALUES('990078','Classical Masterpieces Sonate Opus KV 331 - Variation 1 by W. A. Mozart (1756–1791)','http://www.jamendo.com/es/track/990078','','','99','http://mp3l.jamendo.com/?trackid=990078&format=mp31&u=0');
UPDATE track SET album_id='116472' WHERE id='990078';
UPDATE track SET text='' WHERE id='990078';
INSERT INTO track VALUES('990079','Classical Masterpieces Tambourin by J. P. Rameau (1683–1764)','http://www.jamendo.com/es/track/990079','','','219','http://mp3l.jamendo.com/?trackid=990079&format=mp31&u=0');
UPDATE track SET album_id='116472' WHERE id='990079';
UPDATE track SET text='' WHERE id='990079';
INSERT INTO track VALUES('990080','Classical Masterpieces Tendre Fleur by J. F. F. Burgmüller (1806–1874)','http://www.jamendo.com/es/track/990080','','','90','http://mp3l.jamendo.com/?trackid=990080&format=mp31&u=0');
UPDATE track SET album_id='116472' WHERE id='990080';
UPDATE track SET text='' WHERE id='990080';
INSERT INTO track VALUES('990081','Classical Masterpieces The Invincible Eagle by J. P. Sousa (1854–1932)','http://www.jamendo.com/es/track/990081','','','540','http://mp3l.jamendo.com/?trackid=990081&format=mp31&u=0');
UPDATE track SET album_id='116472' WHERE id='990081';
UPDATE track SET text='' WHERE id='990081';
INSERT INTO track VALUES('990082','Classical Masterpieces The Easy Winners by S. Joplin (1868–1917)','http://www.jamendo.com/es/track/990082','','','170','http://mp3l.jamendo.com/?trackid=990082&format=mp31&u=0');
UPDATE track SET album_id='116472' WHERE id='990082';
UPDATE track SET text='' WHERE id='990082';
INSERT INTO album_juser VALUES('116472','3192866');
INSERT INTO album VALUES('116475','Classical Masterpieces Greatest Classical Music Composers Album n°44 part 9','http://www.jamendo.com/es/album/116475','http://imgjam.com/albums/s116/116475/covers/1.100.jpg','2','6065','Classical');
UPDATE album SET artist_id='420766' WHERE id='116475';
INSERT INTO track VALUES('990120','Classical Masterpieces The Seasons August by P. I. Tchaikovsky (1840–1893)','http://www.jamendo.com/es/track/990120','','','518','http://mp3l.jamendo.com/?trackid=990120&format=mp31&u=0');
UPDATE track SET album_id='116475' WHERE id='990120';
UPDATE track SET text='' WHERE id='990120';
INSERT INTO track VALUES('990117','Classical Masterpieces The Seasons February by P. I. Tchaikovsky (1840–1893)','http://www.jamendo.com/es/track/990117','','','296','http://mp3l.jamendo.com/?trackid=990117&format=mp31&u=0');
UPDATE track SET album_id='116475' WHERE id='990117';
UPDATE track SET text='' WHERE id='990117';
INSERT INTO track VALUES('990118','Classical Masterpieces The Seasons January by P. I. Tchaikovsky (1840–1893)','http://www.jamendo.com/es/track/990118','','','268','http://mp3l.jamendo.com/?trackid=990118&format=mp31&u=0');
UPDATE track SET album_id='116475' WHERE id='990118';
UPDATE track SET text='' WHERE id='990118';
INSERT INTO track VALUES('990119','Classical Masterpieces The St. Louis Rag by T. Turpin (1873–1922)','http://www.jamendo.com/es/track/990119','','','133','http://mp3l.jamendo.com/?trackid=990119&format=mp31&u=0');
UPDATE track SET album_id='116475' WHERE id='990119';
UPDATE track SET text='' WHERE id='990119';
INSERT INTO track VALUES('990126','Classical Masterpieces The Stars and Stripes Forever by J. P. Sousa (1854–1932)','http://www.jamendo.com/es/track/990126','','','732','http://mp3l.jamendo.com/?trackid=990126&format=mp31&u=0');
UPDATE track SET album_id='116475' WHERE id='990126';
UPDATE track SET text='' WHERE id='990126';
INSERT INTO track VALUES('990121','Classical Masterpieces The Storm by J. Hullah (1812-1884)','http://www.jamendo.com/es/track/990121','','','116','http://mp3l.jamendo.com/?trackid=990121&format=mp31&u=0');
UPDATE track SET album_id='116475' WHERE id='990121';
UPDATE track SET text='' WHERE id='990121';
INSERT INTO track VALUES('990122','Classical Masterpieces The Strenuous Life by S. Joplin (1868–1917)','http://www.jamendo.com/es/track/990122','','','169','http://mp3l.jamendo.com/?trackid=990122&format=mp31&u=0');
UPDATE track SET album_id='116475' WHERE id='990122';
UPDATE track SET text='' WHERE id='990122';
INSERT INTO track VALUES('990123','Classical Masterpieces There''s Music in the Air by G. F. Root (1820–1895)','http://www.jamendo.com/es/track/990123','','','101','http://mp3l.jamendo.com/?trackid=990123&format=mp31&u=0');
UPDATE track SET album_id='116475' WHERE id='990123';
UPDATE track SET text='' WHERE id='990123';
INSERT INTO track VALUES('990124','Classical Masterpieces Thunder and Lightning by J. Strauss Jr. (1825–1899)','http://www.jamendo.com/es/track/990124','','','339','http://mp3l.jamendo.com/?trackid=990124&format=mp31&u=0');
UPDATE track SET album_id='116475' WHERE id='990124';
UPDATE track SET text='' WHERE id='990124';
INSERT INTO track VALUES('990125','Classical Masterpieces Toccata in f sharp minor by J. S. Bach (1685–1750)','http://www.jamendo.com/es/track/990125','','','671','http://mp3l.jamendo.com/?trackid=990125&format=mp31&u=0');
UPDATE track SET album_id='116475' WHERE id='990125';
UPDATE track SET text='' WHERE id='990125';
INSERT INTO track VALUES('990127','Classical Masterpieces Transit of Venus March by J. P. Sousa (1854–1932)','http://www.jamendo.com/es/track/990127','','','306','http://mp3l.jamendo.com/?trackid=990127&format=mp31&u=0');
UPDATE track SET album_id='116475' WHERE id='990127';
UPDATE track SET text='' WHERE id='990127';
INSERT INTO track VALUES('990128','Classical Masterpieces Trois Marches militaires by F. Schubert (1797–1828)','http://www.jamendo.com/es/track/990128','','','594','http://mp3l.jamendo.com/?trackid=990128&format=mp31&u=0');
UPDATE track SET album_id='116475' WHERE id='990128';
UPDATE track SET text='' WHERE id='990128';
INSERT INTO track VALUES('990111','Classical Masterpieces Trost in Thränen by F. Schubert (1797–1828)','http://www.jamendo.com/es/track/990111','','','123','http://mp3l.jamendo.com/?trackid=990111&format=mp31&u=0');
UPDATE track SET album_id='116475' WHERE id='990111';
UPDATE track SET text='' WHERE id='990111';
INSERT INTO track VALUES('990129','Classical Masterpieces Valse Op. 64, No. 1 (''Minute Waltz'') by F. F. Chopin (1810–1849)','http://www.jamendo.com/es/track/990129','','','365','http://mp3l.jamendo.com/?trackid=990129&format=mp31&u=0');
UPDATE track SET album_id='116475' WHERE id='990129';
UPDATE track SET text='' WHERE id='990129';
INSERT INTO track VALUES('990112','Classical Masterpieces Variations - Opus 66 by L. V. Beethoven (1770–1827)','http://www.jamendo.com/es/track/990112','','','553','http://mp3l.jamendo.com/?trackid=990112&format=mp31&u=0');
UPDATE track SET album_id='116475' WHERE id='990112';
UPDATE track SET text='' WHERE id='990112';
INSERT INTO track VALUES('990114','Classical Masterpieces Wall Street Rag by S. Joplin (1868–1917)','http://www.jamendo.com/es/track/990114','','','135','http://mp3l.jamendo.com/?trackid=990114&format=mp31&u=0');
UPDATE track SET album_id='116475' WHERE id='990114';
UPDATE track SET text='' WHERE id='990114';
INSERT INTO track VALUES('990116','Classical Masterpieces Waltz by J. Brahms (1833–1897)','http://www.jamendo.com/es/track/990116','','','122','http://mp3l.jamendo.com/?trackid=990116&format=mp31&u=0');
UPDATE track SET album_id='116475' WHERE id='990116';
UPDATE track SET text='' WHERE id='990116';
INSERT INTO track VALUES('990113','Classical Masterpieces Walzer h-moll by F. F. Chopin (1810–1849)','http://www.jamendo.com/es/track/990113','','','374','http://mp3l.jamendo.com/?trackid=990113&format=mp31&u=0');
UPDATE track SET album_id='116475' WHERE id='990113';
UPDATE track SET text='' WHERE id='990113';
INSERT INTO track VALUES('990115','Classical Masterpieces Wiegenlied by F. Ries (1784–1838)','http://www.jamendo.com/es/track/990115','','','150','http://mp3l.jamendo.com/?trackid=990115&format=mp31&u=0');
UPDATE track SET album_id='116475' WHERE id='990115';
UPDATE track SET text='' WHERE id='990115';
INSERT INTO album VALUES('116476','Cinematic Orchestra The Chosen Ones Atmosphere Theme Soundtrack Instrumental Album n°46','http://www.jamendo.com/es/album/116476','http://imgjam.com/albums/s116/116476/covers/1.100.jpg','3','540','world');
UPDATE album SET artist_id='420766' WHERE id='116476';
INSERT INTO track VALUES('990140','Cinematic The Chosen Ones Soundscape Atmosphere Theme Soundtrack','http://www.jamendo.com/es/track/990140','','','109','http://mp3l.jamendo.com/?trackid=990140&format=mp31&u=0');
UPDATE track SET album_id='116476' WHERE id='990140';
UPDATE track SET text='' WHERE id='990140';
INSERT INTO track VALUES('990136','Cinematic The Cold War Soundscape Atmosphere Theme Soundtrack','http://www.jamendo.com/es/track/990136','','','106','http://mp3l.jamendo.com/?trackid=990136&format=mp31&u=0');
UPDATE track SET album_id='116476' WHERE id='990136';
UPDATE track SET text='' WHERE id='990136';
INSERT INTO track VALUES('990137','Cinematic The Cold Winter Soundscape Atmosphere Theme Soundtrack','http://www.jamendo.com/es/track/990137','','','93','http://mp3l.jamendo.com/?trackid=990137&format=mp31&u=0');
UPDATE track SET album_id='116476' WHERE id='990137';
UPDATE track SET text='' WHERE id='990137';
INSERT INTO track VALUES('990138','Cinematic The Dark Age Soundscape Atmosphere Theme Soundtrack','http://www.jamendo.com/es/track/990138','','','114','http://mp3l.jamendo.com/?trackid=990138&format=mp31&u=0');
UPDATE track SET album_id='116476' WHERE id='990138';
UPDATE track SET text='' WHERE id='990138';
INSERT INTO track VALUES('990139','Cinematic The Last Hope Soundscape Atmosphere Theme Soundtrack','http://www.jamendo.com/es/track/990139','','','118','http://mp3l.jamendo.com/?trackid=990139&format=mp31&u=0');
UPDATE track SET album_id='116476' WHERE id='990139';
UPDATE track SET text='' WHERE id='990139';
INSERT INTO album VALUES('116477','Cinematic Chillout Atmosphere Theme Timeless Perfection Instrumental Album n°49','http://www.jamendo.com/es/album/116477','http://imgjam.com/albums/s116/116477/covers/1.100.jpg','3','485','newage');
UPDATE album SET artist_id='420766' WHERE id='116477';
INSERT INTO track VALUES('990144','Cinematic Chillout Atmosphere Theme Timeless Perfection','http://www.jamendo.com/es/track/990144','','','166','http://mp3l.jamendo.com/?trackid=990144&format=mp31&u=0');
UPDATE track SET album_id='116477' WHERE id='990144';
UPDATE track SET text='' WHERE id='990144';
INSERT INTO track VALUES('990142','Cinematic Chillout Relax Atmosphere Theme','http://www.jamendo.com/es/track/990142','','','191','http://mp3l.jamendo.com/?trackid=990142&format=mp31&u=0');
UPDATE track SET album_id='116477' WHERE id='990142';
UPDATE track SET text='' WHERE id='990142';
INSERT INTO track VALUES('990143','Cinematic Chillout Soundscape Atmosphere Theme Soundtrack','http://www.jamendo.com/es/track/990143','','','128','http://mp3l.jamendo.com/?trackid=990143&format=mp31&u=0');
UPDATE track SET album_id='116477' WHERE id='990143';
UPDATE track SET text='' WHERE id='990143';
INSERT INTO album VALUES('116478','Cinematic Emotional Peaceful Hopeful Symphonic Orchestra Big Pictures Theme Soundtrack Instrumental Album n°50','http://www.jamendo.com/es/album/116478','http://imgjam.com/albums/s116/116478/covers/1.100.jpg','3','703','classical');
UPDATE album SET artist_id='420766' WHERE id='116478';
INSERT INTO track VALUES('990149','Cinematic Emotional Peaceful Hopeful Symphonic Orchestra Big Pictures Theme Soundtrack 002','http://www.jamendo.com/es/track/990149','','','103','http://mp3l.jamendo.com/?trackid=990149&format=mp31&u=0');
UPDATE track SET album_id='116478' WHERE id='990149';
UPDATE track SET text='' WHERE id='990149';
INSERT INTO track VALUES('990146','Cinematic Emotional Peaceful Hopeful Symphonic Orchestra Big Pictures Theme Soundtrack 003','http://www.jamendo.com/es/track/990146','','','92','http://mp3l.jamendo.com/?trackid=990146&format=mp31&u=0');
UPDATE track SET album_id='116478' WHERE id='990146';
UPDATE track SET text='' WHERE id='990146';
INSERT INTO track VALUES('990147','Cinematic Emotional Peaceful Hopeful Symphonic Orchestra Big Pictures Theme Soundtrack 005','http://www.jamendo.com/es/track/990147','','','109','http://mp3l.jamendo.com/?trackid=990147&format=mp31&u=0');
UPDATE track SET album_id='116478' WHERE id='990147';
UPDATE track SET text='' WHERE id='990147';
INSERT INTO track VALUES('990148','Cinematic Emotional Peaceful Hopeful Symphonic Orchestra Big Pictures Theme Soundtrack 006','http://www.jamendo.com/es/track/990148','','','98','http://mp3l.jamendo.com/?trackid=990148&format=mp31&u=0');
UPDATE track SET album_id='116478' WHERE id='990148';
UPDATE track SET text='' WHERE id='990148';
INSERT INTO track VALUES('990152','Cinematic Emotional Pictures And Big Feelings Theme','http://www.jamendo.com/es/track/990152','','','301','http://mp3l.jamendo.com/?trackid=990152&format=mp31&u=0');
UPDATE track SET album_id='116478' WHERE id='990152';
UPDATE track SET text='' WHERE id='990152';
INSERT INTO album VALUES('116482','Cinematic Emotional Touching Hopeful Symphonic Orchestra Spectacular Pictures Theme Soundtrack Album n°51','http://www.jamendo.com/es/album/116482','http://imgjam.com/albums/s116/116482/covers/1.100.jpg','3','899','classical');
UPDATE album SET artist_id='420766' WHERE id='116482';
INSERT INTO track VALUES('990157','Cinematic Emotional Touching Hopeful Symphonic Orchestra Spectacular Pictures Theme Soundtrack 002','http://www.jamendo.com/es/track/990157','','','232','http://mp3l.jamendo.com/?trackid=990157&format=mp31&u=0');
UPDATE track SET album_id='116482' WHERE id='990157';
UPDATE track SET text='' WHERE id='990157';
INSERT INTO track VALUES('990153','Cinematic Emotional Touching Hopeful Symphonic Orchestra Spectacular Pictures Theme Soundtrack 003','http://www.jamendo.com/es/track/990153','','','194','http://mp3l.jamendo.com/?trackid=990153&format=mp31&u=0');
UPDATE track SET album_id='116482' WHERE id='990153';
UPDATE track SET text='' WHERE id='990153';
INSERT INTO track VALUES('990154','Cinematic Emotional Touching Hopeful Symphonic Orchestra Spectacular Pictures Theme Soundtrack 004','http://www.jamendo.com/es/track/990154','','','142','http://mp3l.jamendo.com/?trackid=990154&format=mp31&u=0');
UPDATE track SET album_id='116482' WHERE id='990154';
UPDATE track SET text='' WHERE id='990154';
INSERT INTO track VALUES('990155','Cinematic Emotional Touching Hopeful Symphonic Orchestra Spectacular Pictures Theme Soundtrack 005','http://www.jamendo.com/es/track/990155','','','99','http://mp3l.jamendo.com/?trackid=990155&format=mp31&u=0');
UPDATE track SET album_id='116482' WHERE id='990155';
UPDATE track SET text='' WHERE id='990155';
INSERT INTO track VALUES('990156','Cinematic Emotional Touching Hopeful Symphonic Orchestra Spectacular Pictures Theme Soundtrack 006','http://www.jamendo.com/es/track/990156','','','232','http://mp3l.jamendo.com/?trackid=990156&format=mp31&u=0');
UPDATE track SET album_id='116482' WHERE id='990156';
UPDATE track SET text='' WHERE id='990156';
INSERT INTO album VALUES('116484','Cinematic Orchestral Beautiful Friendly Peaceful Hollywood Strings Theme Soundtrack Instrumental Album n°52','http://www.jamendo.com/es/album/116484','http://imgjam.com/albums/s116/116484/covers/1.100.jpg','3','1114','classical');
UPDATE album SET artist_id='420766' WHERE id='116484';
INSERT INTO track VALUES('990204','Cinematic Orchestral Beautiful Friendly Peaceful Hollywood Strings Theme Soundtrack','http://www.jamendo.com/es/track/990204','','','106','http://mp3l.jamendo.com/?trackid=990204&format=mp31&u=0');
UPDATE track SET album_id='116484' WHERE id='990204';
UPDATE track SET text='' WHERE id='990204';
INSERT INTO track VALUES('990196','Cinematic Orchestral Beautiful Friendly Peaceful Lovestory Theme Soundtrack','http://www.jamendo.com/es/track/990196','','','97','http://mp3l.jamendo.com/?trackid=990196&format=mp31&u=0');
UPDATE track SET album_id='116484' WHERE id='990196';
UPDATE track SET text='' WHERE id='990196';
INSERT INTO track VALUES('990209','Cinematic Orchestral Beautiful Heaven Atmosphere Theme Soundtrack','http://www.jamendo.com/es/track/990209','','','115','http://mp3l.jamendo.com/?trackid=990209&format=mp31&u=0');
UPDATE track SET album_id='116484' WHERE id='990209';
UPDATE track SET text='' WHERE id='990209';
INSERT INTO track VALUES('990197','Cinematic Orchestral Beautiful Hopeful Patriotic Soldiers Theme Soundtrack','http://www.jamendo.com/es/track/990197','','','132','http://mp3l.jamendo.com/?trackid=990197&format=mp31&u=0');
UPDATE track SET album_id='116484' WHERE id='990197';
UPDATE track SET text='' WHERE id='990197';
INSERT INTO track VALUES('990198','Cinematic Orchestral Beautiful Hopeful Peaceful Autumn Leaves Theme Soundtrack','http://www.jamendo.com/es/track/990198','','','132','http://mp3l.jamendo.com/?trackid=990198&format=mp31&u=0');
UPDATE track SET album_id='116484' WHERE id='990198';
UPDATE track SET text='' WHERE id='990198';
INSERT INTO track VALUES('990199','Cinematic Orchestral Beautiful Peaceful Calm Old Country Soundtrack Theme','http://www.jamendo.com/es/track/990199','','','96','http://mp3l.jamendo.com/?trackid=990199&format=mp31&u=0');
UPDATE track SET album_id='116484' WHERE id='990199';
UPDATE track SET text='' WHERE id='990199';
INSERT INTO track VALUES('990200','Cinematic Orchestral Beautiful Peaceful Calm Patriotism Theme Soundtrack','http://www.jamendo.com/es/track/990200','','','126','http://mp3l.jamendo.com/?trackid=990200&format=mp31&u=0');
UPDATE track SET album_id='116484' WHERE id='990200';
UPDATE track SET text='' WHERE id='990200';
INSERT INTO track VALUES('990201','Cinematic Orchestral Beautiful Peaceful Hopeful Calm A New Hope Soundtrack Theme','http://www.jamendo.com/es/track/990201','','','106','http://mp3l.jamendo.com/?trackid=990201&format=mp31&u=0');
UPDATE track SET album_id='116484' WHERE id='990201';
UPDATE track SET text='' WHERE id='990201';
INSERT INTO track VALUES('990202','Cinematic Orchestral Beautiful Peaceful Hopeful Hollywood Strings Theme Soundtrack','http://www.jamendo.com/es/track/990202','','','102','http://mp3l.jamendo.com/?trackid=990202&format=mp31&u=0');
UPDATE track SET album_id='116484' WHERE id='990202';
UPDATE track SET text='' WHERE id='990202';
INSERT INTO track VALUES('990203','Cinematic Orchestral Beautiful Peaceful Lovely Calm A New Beginning Soundtrack Theme','http://www.jamendo.com/es/track/990203','','','102','http://mp3l.jamendo.com/?trackid=990203&format=mp31&u=0');
UPDATE track SET album_id='116484' WHERE id='990203';
UPDATE track SET text='' WHERE id='990203';
INSERT INTO album VALUES('116485','Cinematic Orchestral Dark Dangerous Dramatic Gladiator Theme Soundtrack Instrumental Album n°53','http://www.jamendo.com/es/album/116485','http://imgjam.com/albums/s116/116485/covers/1.100.jpg','3','778','classical');
UPDATE album SET artist_id='420766' WHERE id='116485';
INSERT INTO track VALUES('990212','Cinematic Orchestral Dark Dangerous Dramatic Gladiator Theme Soundtrack','http://www.jamendo.com/es/track/990212','','','182','http://mp3l.jamendo.com/?trackid=990212&format=mp31&u=0');
UPDATE track SET album_id='116485' WHERE id='990212';
UPDATE track SET text='' WHERE id='990212';
INSERT INTO track VALUES('990213','Cinematic Orchestral Dark Dangerous Dramatic War Gods Theme Soundtrack','http://www.jamendo.com/es/track/990213','','','133','http://mp3l.jamendo.com/?trackid=990213&format=mp31&u=0');
UPDATE track SET album_id='116485' WHERE id='990213';
UPDATE track SET text='' WHERE id='990213';
INSERT INTO track VALUES('990211','Cinematic Orchestral Dark Hopeless Dramatic Hollywood Strings Theme Soundtrack','http://www.jamendo.com/es/track/990211','','','201','http://mp3l.jamendo.com/?trackid=990211&format=mp31&u=0');
UPDATE track SET album_id='116485' WHERE id='990211';
UPDATE track SET text='' WHERE id='990211';
INSERT INTO track VALUES('990210','Cinematic Orchestral Dark Melancholic Soldiers Atmosphere Theme Soundtrack','http://www.jamendo.com/es/track/990210','','','107','http://mp3l.jamendo.com/?trackid=990210&format=mp31&u=0');
UPDATE track SET album_id='116485' WHERE id='990210';
UPDATE track SET text='' WHERE id='990210';
INSERT INTO track VALUES('990214','Cinematic Orchestral Dark Sad Dramatic Hollywood Strings Theme Soundtrack','http://www.jamendo.com/es/track/990214','','','155','http://mp3l.jamendo.com/?trackid=990214&format=mp31&u=0');
UPDATE track SET album_id='116485' WHERE id='990214';
UPDATE track SET text='' WHERE id='990214';
INSERT INTO juser VALUES('1147952','TLT','Tlt','http://www.jamendo.com/es/user/TLT','http://imgjam.com/avatars/jamendo/100/pro.png','fr');
INSERT INTO album_juser VALUES('116485','1147952');
INSERT INTO album VALUES('116486','Cinematic Orchestral Emotional Melancholic Hopeful Hollywood Strings Theme Soundtrack Instrumental Album n°54','http://www.jamendo.com/es/album/116486','http://imgjam.com/albums/s116/116486/covers/1.100.jpg','3','1043','classical');
UPDATE album SET artist_id='420766' WHERE id='116486';
INSERT INTO track VALUES('990221','Cinematic Orchestral Emotional Melancholic Hopeful Hollywood Strings Theme Soundtrack','http://www.jamendo.com/es/track/990221','','','118','http://mp3l.jamendo.com/?trackid=990221&format=mp31&u=0');
UPDATE track SET album_id='116486' WHERE id='990221';
UPDATE track SET text='' WHERE id='990221';
INSERT INTO track VALUES('990217','Cinematic Orchestral Emotional Motion Picture Arts Atmosphere Theme Soundtrack','http://www.jamendo.com/es/track/990217','','','111','http://mp3l.jamendo.com/?trackid=990217&format=mp31&u=0');
UPDATE track SET album_id='116486' WHERE id='990217';
UPDATE track SET text='' WHERE id='990217';
INSERT INTO track VALUES('990222','Cinematic Orchestral Emotional Sentimental Hopeful The Return Theme Soundtrack','http://www.jamendo.com/es/track/990222','','','134','http://mp3l.jamendo.com/?trackid=990222&format=mp31&u=0');
UPDATE track SET album_id='116486' WHERE id='990222';
UPDATE track SET text='' WHERE id='990222';
INSERT INTO track VALUES('990220','Cinematic Orchestral Emotional Sentimental Hopeful The Arrival Theme Soundtrack','http://www.jamendo.com/es/track/990220','','','108','http://mp3l.jamendo.com/?trackid=990220&format=mp31&u=0');
UPDATE track SET album_id='116486' WHERE id='990220';
UPDATE track SET text='' WHERE id='990220';
INSERT INTO track VALUES('990223','Cinematic Orchestral Emotional Sad Hopeless Hollywood Strings Theme Soundtrack','http://www.jamendo.com/es/track/990223','','','141','http://mp3l.jamendo.com/?trackid=990223&format=mp31&u=0');
UPDATE track SET album_id='116486' WHERE id='990223';
UPDATE track SET text='' WHERE id='990223';
INSERT INTO track VALUES('990224','Cinematic Orchestral Emotional Melancholic Expressive Slow Dark Clouds Theme Soundtrack','http://www.jamendo.com/es/track/990224','','','119','http://mp3l.jamendo.com/?trackid=990224&format=mp31&u=0');
UPDATE track SET album_id='116486' WHERE id='990224';
UPDATE track SET text='' WHERE id='990224';
INSERT INTO track VALUES('990225','Cinematic Orchestral Emotional Hopeful United Kingdom Theme Soundtrack','http://www.jamendo.com/es/track/990225','','','182','http://mp3l.jamendo.com/?trackid=990225&format=mp31&u=0');
UPDATE track SET album_id='116486' WHERE id='990225';
UPDATE track SET text='' WHERE id='990225';
INSERT INTO track VALUES('990216','Cinematic Orchestral Epic Heaven Atmosphere Theme Soundtrack','http://www.jamendo.com/es/track/990216','','','130','http://mp3l.jamendo.com/?trackid=990216&format=mp31&u=0');
UPDATE track SET album_id='116486' WHERE id='990216';
UPDATE track SET text='' WHERE id='990216';
INSERT INTO album VALUES('116487','Cinematic Orchestral Expressive Moving Slow Epic World Pictures Theme Soundtrack Instrumental Album n°56','http://www.jamendo.com/es/album/116487','http://imgjam.com/albums/s116/116487/covers/1.100.jpg','3','861','classical');
UPDATE album SET artist_id='420766' WHERE id='116487';
INSERT INTO track VALUES('990239','Cinematic Orchestral Expressive Moving Slow Epic World Pictures Theme Soundtrack 001','http://www.jamendo.com/es/track/990239','','','167','http://mp3l.jamendo.com/?trackid=990239&format=mp31&u=0');
UPDATE track SET album_id='116487' WHERE id='990239';
UPDATE track SET text='' WHERE id='990239';
INSERT INTO track VALUES('990228','Cinematic Orchestral Expressive Moving Slow Epic World Pictures Theme Soundtrack 002','http://www.jamendo.com/es/track/990228','','','121','http://mp3l.jamendo.com/?trackid=990228&format=mp31&u=0');
UPDATE track SET album_id='116487' WHERE id='990228';
UPDATE track SET text='' WHERE id='990228';
INSERT INTO track VALUES('990240','Cinematic Orchestral Expressive Moving Slow Epic World Pictures Theme Soundtrack 003','http://www.jamendo.com/es/track/990240','','','140','http://mp3l.jamendo.com/?trackid=990240&format=mp31&u=0');
UPDATE track SET album_id='116487' WHERE id='990240';
UPDATE track SET text='' WHERE id='990240';
INSERT INTO track VALUES('990230','Cinematic Orchestral Expressive Moving Slow Epic World Pictures Theme Soundtrack 004','http://www.jamendo.com/es/track/990230','','','119','http://mp3l.jamendo.com/?trackid=990230&format=mp31&u=0');
UPDATE track SET album_id='116487' WHERE id='990230';
UPDATE track SET text='' WHERE id='990230';
INSERT INTO track VALUES('990231','Cinematic Orchestral Expressive Moving Slow Epic World Pictures Theme Soundtrack 005','http://www.jamendo.com/es/track/990231','','','132','http://mp3l.jamendo.com/?trackid=990231&format=mp31&u=0');
UPDATE track SET album_id='116487' WHERE id='990231';
UPDATE track SET text='' WHERE id='990231';
INSERT INTO track VALUES('990232','Cinematic Orchestral Expressive Moving Slow Epic World Pictures Theme Soundtrack 006','http://www.jamendo.com/es/track/990232','','','182','http://mp3l.jamendo.com/?trackid=990232&format=mp31&u=0');
UPDATE track SET album_id='116487' WHERE id='990232';
UPDATE track SET text='' WHERE id='990232';
INSERT INTO album VALUES('116488','Cinematic Orchestral Sad Emotional Melancholic Love Hurts Theme Soundtrack Instrumental Album n°57','http://www.jamendo.com/es/album/116488','http://imgjam.com/albums/s116/116488/covers/1.100.jpg','2','1440','classical');
UPDATE album SET artist_id='420766' WHERE id='116488';
INSERT INTO track VALUES('990248','Cinematic Orchestral Sad Emotional Melancholic Love Hurts Theme Soundtrack','http://www.jamendo.com/es/track/990248','','','158','http://mp3l.jamendo.com/?trackid=990248&format=mp31&u=0');
UPDATE track SET album_id='116488' WHERE id='990248';
UPDATE track SET text='' WHERE id='990248';
INSERT INTO track VALUES('990241','Cinematic Orchestral Sad Melancholic Heartbroken The Fallen Theme Soundtrack','http://www.jamendo.com/es/track/990241','','','260','http://mp3l.jamendo.com/?trackid=990241&format=mp31&u=0');
UPDATE track SET album_id='116488' WHERE id='990241';
UPDATE track SET text='' WHERE id='990241';
INSERT INTO track VALUES('990242','Cinematic Orchestral Sad Melancholic Sentimental Calm Battlefield Soundtrack Theme','http://www.jamendo.com/es/track/990242','','','140','http://mp3l.jamendo.com/?trackid=990242&format=mp31&u=0');
UPDATE track SET album_id='116488' WHERE id='990242';
UPDATE track SET text='' WHERE id='990242';
INSERT INTO track VALUES('990243','Cinematic Orchestral Sad Melancholic Slow Calm Before Storm Theme Soundtrack','http://www.jamendo.com/es/track/990243','','','168','http://mp3l.jamendo.com/?trackid=990243&format=mp31&u=0');
UPDATE track SET album_id='116488' WHERE id='990243';
UPDATE track SET text='' WHERE id='990243';
INSERT INTO track VALUES('990244','Cinematic Orchestral Sad Sentimental Calm The Hope Theme Soundtrack','http://www.jamendo.com/es/track/990244','','','129','http://mp3l.jamendo.com/?trackid=990244&format=mp31&u=0');
UPDATE track SET album_id='116488' WHERE id='990244';
UPDATE track SET text='' WHERE id='990244';
INSERT INTO track VALUES('990245','Cinematic Orchestral Sad Sentimental Raise The Flag Theme Soundtrack','http://www.jamendo.com/es/track/990245','','','227','http://mp3l.jamendo.com/?trackid=990245&format=mp31&u=0');
UPDATE track SET album_id='116488' WHERE id='990245';
UPDATE track SET text='' WHERE id='990245';
INSERT INTO track VALUES('990246','Cinematic Orchestral Sad Sentimental The Last Honor Theme Soundtrack','http://www.jamendo.com/es/track/990246','','','137','http://mp3l.jamendo.com/?trackid=990246&format=mp31&u=0');
UPDATE track SET album_id='116488' WHERE id='990246';
UPDATE track SET text='' WHERE id='990246';
INSERT INTO track VALUES('990247','Cinematic Orchestral Sentimental Hopeful Honor Of The Fallen Theme Soundtrack','http://www.jamendo.com/es/track/990247','','','221','http://mp3l.jamendo.com/?trackid=990247&format=mp31&u=0');
UPDATE track SET album_id='116488' WHERE id='990247';
UPDATE track SET text='' WHERE id='990247';
INSERT INTO album VALUES('116489','Cinematic Orchestral Strings Atmosphere Soundscape Instrumental Album n°58','http://www.jamendo.com/es/album/116489','http://imgjam.com/albums/s116/116489/covers/1.100.jpg','3','710','classical');
UPDATE album SET artist_id='420766' WHERE id='116489';
INSERT INTO track VALUES('990254','Cinematic Orchestral Strings Atmosphere Soundscape 001','http://www.jamendo.com/es/track/990254','','','99','http://mp3l.jamendo.com/?trackid=990254&format=mp31&u=0');
UPDATE track SET album_id='116489' WHERE id='990254';
UPDATE track SET text='' WHERE id='990254';
INSERT INTO track VALUES('990253','Cinematic Orchestral Strings Atmosphere Soundscape 003','http://www.jamendo.com/es/track/990253','','','95','http://mp3l.jamendo.com/?trackid=990253&format=mp31&u=0');
UPDATE track SET album_id='116489' WHERE id='990253';
UPDATE track SET text='' WHERE id='990253';
INSERT INTO track VALUES('990255','Cinematic Orchestral Strings Atmosphere Soundscape 007','http://www.jamendo.com/es/track/990255','','','93','http://mp3l.jamendo.com/?trackid=990255&format=mp31&u=0');
UPDATE track SET album_id='116489' WHERE id='990255';
UPDATE track SET text='' WHERE id='990255';
INSERT INTO track VALUES('990252','Cinematic Patriotic Peaceful Hopeful Symphonic Orchestra United Task Force Theme Soundtrack 001','http://www.jamendo.com/es/track/990252','','','124','http://mp3l.jamendo.com/?trackid=990252&format=mp31&u=0');
UPDATE track SET album_id='116489' WHERE id='990252';
UPDATE track SET text='' WHERE id='990252';
INSERT INTO track VALUES('990249','Cinematic Patriotic Peaceful Hopeful Symphonic Orchestra United Task Force Theme Soundtrack 003','http://www.jamendo.com/es/track/990249','','','92','http://mp3l.jamendo.com/?trackid=990249&format=mp31&u=0');
UPDATE track SET album_id='116489' WHERE id='990249';
UPDATE track SET text='' WHERE id='990249';
INSERT INTO track VALUES('990250','Cinematic Patriotic Peaceful Hopeful Symphonic Orchestra United Task Force Theme Soundtrack 005','http://www.jamendo.com/es/track/990250','','','109','http://mp3l.jamendo.com/?trackid=990250&format=mp31&u=0');
UPDATE track SET album_id='116489' WHERE id='990250';
UPDATE track SET text='' WHERE id='990250';
INSERT INTO track VALUES('990251','Cinematic Patriotic Peaceful Hopeful Symphonic Orchestra United Task Force Theme Soundtrack 006','http://www.jamendo.com/es/track/990251','','','98','http://mp3l.jamendo.com/?trackid=990251&format=mp31&u=0');
UPDATE track SET album_id='116489' WHERE id='990251';
UPDATE track SET text='' WHERE id='990251';
INSERT INTO album VALUES('116491','Cinematic Peaceful Patriotic Slow Symphonic Orchestra Pride And Glory Theme Soundtrack Instrumental Album n°59','http://www.jamendo.com/es/album/116491','http://imgjam.com/albums/s116/116491/covers/1.100.jpg','3','1194','classical');
UPDATE album SET artist_id='420766' WHERE id='116491';
INSERT INTO track VALUES('990261','Cinematic Peaceful Patriotic Slow Symphonic Orchestra Pride And Glory Theme Soundtrack 001','http://www.jamendo.com/es/track/990261','','','94','http://mp3l.jamendo.com/?trackid=990261&format=mp31&u=0');
UPDATE track SET album_id='116491' WHERE id='990261';
UPDATE track SET text='' WHERE id='990261';
INSERT INTO track VALUES('990258','Cinematic Peaceful Patriotic Slow Symphonic Orchestra Pride And Glory Theme Soundtrack 002','http://www.jamendo.com/es/track/990258','','','146','http://mp3l.jamendo.com/?trackid=990258&format=mp31&u=0');
UPDATE track SET album_id='116491' WHERE id='990258';
UPDATE track SET text='' WHERE id='990258';
INSERT INTO track VALUES('990259','Cinematic Peaceful Patriotic Slow Symphonic Orchestra Pride And Glory Theme Soundtrack 003','http://www.jamendo.com/es/track/990259','','','133','http://mp3l.jamendo.com/?trackid=990259&format=mp31&u=0');
UPDATE track SET album_id='116491' WHERE id='990259';
UPDATE track SET text='' WHERE id='990259';
INSERT INTO track VALUES('990260','Cinematic Peaceful Patriotic Slow Symphonic Orchestra Pride And Glory Theme Soundtrack 005','http://www.jamendo.com/es/track/990260','','','131','http://mp3l.jamendo.com/?trackid=990260&format=mp31&u=0');
UPDATE track SET album_id='116491' WHERE id='990260';
UPDATE track SET text='' WHERE id='990260';
INSERT INTO track VALUES('990257','Cinematic Peaceful Patriotic Slow Symphonic Orchestra Pride And Glory Theme Soundtrack 006','http://www.jamendo.com/es/track/990257','','','126','http://mp3l.jamendo.com/?trackid=990257&format=mp31&u=0');
UPDATE track SET album_id='116491' WHERE id='990257';
UPDATE track SET text='' WHERE id='990257';
INSERT INTO track VALUES('990262','Cinematic Peaceful Patriotic Slow Symphonic Orchestra Pride And Glory Theme Soundtrack 007','http://www.jamendo.com/es/track/990262','','','158','http://mp3l.jamendo.com/?trackid=990262&format=mp31&u=0');
UPDATE track SET album_id='116491' WHERE id='990262';
UPDATE track SET text='' WHERE id='990262';
INSERT INTO track VALUES('990263','Cinematic Peaceful Patriotic Slow Symphonic Orchestra Pride And Glory Theme Soundtrack 008','http://www.jamendo.com/es/track/990263','','','182','http://mp3l.jamendo.com/?trackid=990263&format=mp31&u=0');
UPDATE track SET album_id='116491' WHERE id='990263';
UPDATE track SET text='' WHERE id='990263';
INSERT INTO track VALUES('990264','Cinematic Peaceful Patriotic Slow Symphonic Orchestra Pride And Glory Theme Soundtrack 009','http://www.jamendo.com/es/track/990264','','','93','http://mp3l.jamendo.com/?trackid=990264&format=mp31&u=0');
UPDATE track SET album_id='116491' WHERE id='990264';
UPDATE track SET text='' WHERE id='990264';
INSERT INTO track VALUES('990265','Cinematic Peaceful Patriotic Slow Symphonic Orchestra Pride And Glory Theme Soundtrack 010','http://www.jamendo.com/es/track/990265','','','131','http://mp3l.jamendo.com/?trackid=990265&format=mp31&u=0');
UPDATE track SET album_id='116491' WHERE id='990265';
UPDATE track SET text='' WHERE id='990265';
INSERT INTO album VALUES('116520','Cinematic Magical Symphonic Choirs Atmosphere Theme Soundtrack Instrumental Album n°60','http://www.jamendo.com/es/album/116520','http://imgjam.com/albums/s116/116520/covers/1.100.jpg','3','744','classical');
UPDATE album SET artist_id='420766' WHERE id='116520';
INSERT INTO track VALUES('990536','Cinematic Magical Symphonic Choirs Atmosphere Theme Soundtrack 002','http://www.jamendo.com/es/track/990536','','','122','http://mp3l.jamendo.com/?trackid=990536&format=mp31&u=0');
UPDATE track SET album_id='116520' WHERE id='990536';
UPDATE track SET text='' WHERE id='990536';
INSERT INTO track VALUES('990537','Cinematic Magical Symphonic Choirs Atmosphere Theme Soundtrack 004','http://www.jamendo.com/es/track/990537','','','122','http://mp3l.jamendo.com/?trackid=990537&format=mp31&u=0');
UPDATE track SET album_id='116520' WHERE id='990537';
UPDATE track SET text='' WHERE id='990537';
INSERT INTO track VALUES('990538','Cinematic Magical Symphonic Choirs Atmosphere Theme Soundtrack 006','http://www.jamendo.com/es/track/990538','','','99','http://mp3l.jamendo.com/?trackid=990538&format=mp31&u=0');
UPDATE track SET album_id='116520' WHERE id='990538';
UPDATE track SET text='' WHERE id='990538';
INSERT INTO track VALUES('990539','Cinematic Magical Symphonic Choirs Atmosphere Theme Soundtrack 003','http://www.jamendo.com/es/track/990539','','','99','http://mp3l.jamendo.com/?trackid=990539&format=mp31&u=0');
UPDATE track SET album_id='116520' WHERE id='990539';
UPDATE track SET text='' WHERE id='990539';
INSERT INTO track VALUES('990540','Cinematic Magical Symphonic Choirs Atmosphere Theme Soundtrack 005','http://www.jamendo.com/es/track/990540','','','94','http://mp3l.jamendo.com/?trackid=990540&format=mp31&u=0');
UPDATE track SET album_id='116520' WHERE id='990540';
UPDATE track SET text='' WHERE id='990540';
INSERT INTO track VALUES('990541','Cinematic Magical Symphonic Choirs Atmosphere Theme Soundtrack 001','http://www.jamendo.com/es/track/990541','','','91','http://mp3l.jamendo.com/?trackid=990541&format=mp31&u=0');
UPDATE track SET album_id='116520' WHERE id='990541';
UPDATE track SET text='' WHERE id='990541';
INSERT INTO track VALUES('990542','Cinematic Magical Symphonic Choirs Atmosphere Theme Soundtrack 012','http://www.jamendo.com/es/track/990542','','','117','http://mp3l.jamendo.com/?trackid=990542&format=mp31&u=0');
UPDATE track SET album_id='116520' WHERE id='990542';
UPDATE track SET text='' WHERE id='990542';
INSERT INTO album VALUES('116522','Cinematic Orchestral Glorious Beautiful Calm Hollywood Strings Theme Soundtrack Instrumental Album n°61','http://www.jamendo.com/es/album/116522','http://imgjam.com/albums/s116/116522/covers/1.100.jpg','3','783');
UPDATE album SET artist_id='420766' WHERE id='116522';
INSERT INTO track VALUES('990545','Cinematic Orchestral Glorious Peaceful Hopeful Hollywood Strings Theme Soundtrack','http://www.jamendo.com/es/track/990545','','','134','http://mp3l.jamendo.com/?trackid=990545&format=mp31&u=0');
UPDATE track SET album_id='116522' WHERE id='990545';
UPDATE track SET text='' WHERE id='990545';
INSERT INTO track VALUES('990546','Cinematic Orchestral Hopeful Peaceful Calm End of War Soundtrack Theme','http://www.jamendo.com/es/track/990546','','','201','http://mp3l.jamendo.com/?trackid=990546&format=mp31&u=0');
UPDATE track SET album_id='116522' WHERE id='990546';
UPDATE track SET text='' WHERE id='990546';
INSERT INTO track VALUES('990547','Cinematic Orchestral Patriotic Heroic Battlefield Memories Soundtrack Theme','http://www.jamendo.com/es/track/990547','','','118','http://mp3l.jamendo.com/?trackid=990547&format=mp31&u=0');
UPDATE track SET album_id='116522' WHERE id='990547';
UPDATE track SET text='' WHERE id='990547';
INSERT INTO track VALUES('990548','Cinematic Orchestral Glorious Beautiful Calm Hollywood Strings Theme Soundtrack','http://www.jamendo.com/es/track/990548','','','146','http://mp3l.jamendo.com/?trackid=990548&format=mp31&u=0');
UPDATE track SET album_id='116522' WHERE id='990548';
UPDATE track SET text='' WHERE id='990548';
INSERT INTO track VALUES('990549','Cinematic Orchestral Peaceful Hopeful Calm Hollywood Strings Theme Soundtrack','http://www.jamendo.com/es/track/990549','','','95','http://mp3l.jamendo.com/?trackid=990549&format=mp31&u=0');
UPDATE track SET album_id='116522' WHERE id='990549';
UPDATE track SET text='' WHERE id='990549';
INSERT INTO track VALUES('990553','Cinematic Orchestral Lost Kingdom Theme Soundtrack','http://www.jamendo.com/es/track/990553','','','89','http://mp3l.jamendo.com/?trackid=990553&format=mp31&u=0');
UPDATE track SET album_id='116522' WHERE id='990553';
UPDATE track SET text='' WHERE id='990553';
INSERT INTO album VALUES('116523','Cinematic Sad Melancholic Emotional Beautiful Heartbroken Grand Piano Theme Soundtrack Instrumental Album n°62','http://www.jamendo.com/es/album/116523','http://imgjam.com/albums/s116/116523/covers/1.100.jpg','3','917');
UPDATE album SET artist_id='420766' WHERE id='116523';
INSERT INTO track VALUES('990554','Cinematic Sad Melancholic Emotional Solo Grand Piano Theme Soundtrack','http://www.jamendo.com/es/track/990554','','','90','http://mp3l.jamendo.com/?trackid=990554&format=mp31&u=0');
UPDATE track SET album_id='116523' WHERE id='990554';
UPDATE track SET text='' WHERE id='990554';
INSERT INTO track VALUES('990563','Cinematic Sad Melancholic Emotional Heartbroken Grand Piano Masterpieces Theme Soundtrack','http://www.jamendo.com/es/track/990563','','','108','http://mp3l.jamendo.com/?trackid=990563&format=mp31&u=0');
UPDATE track SET album_id='116523' WHERE id='990563';
UPDATE track SET text='' WHERE id='990563';
INSERT INTO track VALUES('990564','Cinematic Sad Melancholic Emotional Beautiful Heartbroken Grand Piano Theme Soundtrack','http://www.jamendo.com/es/track/990564','','','118','http://mp3l.jamendo.com/?trackid=990564&format=mp31&u=0');
UPDATE track SET album_id='116523' WHERE id='990564';
UPDATE track SET text='' WHERE id='990564';
INSERT INTO track VALUES('990565','Cinematic Sad Melancholic Emotional Slow Beautiful Heartbroken Grand Piano Theme Soundtrack','http://www.jamendo.com/es/track/990565','','','106','http://mp3l.jamendo.com/?trackid=990565&format=mp31&u=0');
UPDATE track SET album_id='116523' WHERE id='990565';
UPDATE track SET text='' WHERE id='990565';
INSERT INTO track VALUES('990566','Cinematic Sad Melancholic Emotional Expressive Slow Grand Piano Nuances Theme Soundtrack','http://www.jamendo.com/es/track/990566','','','91','http://mp3l.jamendo.com/?trackid=990566&format=mp31&u=0');
UPDATE track SET album_id='116523' WHERE id='990566';
UPDATE track SET text='' WHERE id='990566';
INSERT INTO track VALUES('990567','Cinematic Sad Melancholic Emotional Slow Heartbroken Grand Piano Theme Soundtrack','http://www.jamendo.com/es/track/990567','','','99','http://mp3l.jamendo.com/?trackid=990567&format=mp31&u=0');
UPDATE track SET album_id='116523' WHERE id='990567';
UPDATE track SET text='' WHERE id='990567';
INSERT INTO track VALUES('990568','Cinematic Sad Melancholic Emotional Expressive Beautiful Grand Piano Nuances Theme Soundtrack','http://www.jamendo.com/es/track/990568','','','94','http://mp3l.jamendo.com/?trackid=990568&format=mp31&u=0');
UPDATE track SET album_id='116523' WHERE id='990568';
UPDATE track SET text='' WHERE id='990568';
INSERT INTO track VALUES('990569','Cinematic Sad Melancholic Emotional Sentimental Slow Grand Piano Nuances Theme Soundtrack','http://www.jamendo.com/es/track/990569','','','103','http://mp3l.jamendo.com/?trackid=990569&format=mp31&u=0');
UPDATE track SET album_id='116523' WHERE id='990569';
UPDATE track SET text='' WHERE id='990569';
INSERT INTO track VALUES('990570','Cinematic Sad Melancholic Emotional Painful Beautiful Heartbroken Grand Piano Theme Soundtrack','http://www.jamendo.com/es/track/990570','','','108','http://mp3l.jamendo.com/?trackid=990570&format=mp31&u=0');
UPDATE track SET album_id='116523' WHERE id='990570';
UPDATE track SET text='' WHERE id='990570';
INSERT INTO album VALUES('116525','Cinematic Sad Emotional Impulsive Concert Grand Piano Theme Soundtrack Instrumental Album n°63','http://www.jamendo.com/es/album/116525','http://imgjam.com/albums/s116/116525/covers/1.100.jpg','3','435');
UPDATE album SET artist_id='420766' WHERE id='116525';
INSERT INTO track VALUES('990571','Cinematic Sad Emotional Sentimental Calm The Grand Piano Theme Soundtrack','http://www.jamendo.com/es/track/990571','','','196','http://mp3l.jamendo.com/?trackid=990571&format=mp31&u=0');
UPDATE track SET album_id='116525' WHERE id='990571';
UPDATE track SET text='' WHERE id='990571';
INSERT INTO track VALUES('990572','Cinematic Sad Emotional Melancholic Grand Piano Masterpieces Theme Soundtrack','http://www.jamendo.com/es/track/990572','','','123','http://mp3l.jamendo.com/?trackid=990572&format=mp31&u=0');
UPDATE track SET album_id='116525' WHERE id='990572';
UPDATE track SET text='' WHERE id='990572';
INSERT INTO track VALUES('990573','Cinematic Sad Emotional Impulsive Concert Grand Piano Theme Soundtrack','http://www.jamendo.com/es/track/990573','','','116','http://mp3l.jamendo.com/?trackid=990573&format=mp31&u=0');
UPDATE track SET album_id='116525' WHERE id='990573';
UPDATE track SET text='' WHERE id='990573';
INSERT INTO album VALUES('116526','Cinematic Sad Melancholic Heartbroken Sadness Grand Piano Theme Soundtrack Instrumental Album n°65','http://www.jamendo.com/es/album/116526','http://imgjam.com/albums/s116/116526/covers/1.100.jpg','3','528','classical');
UPDATE album SET artist_id='420766' WHERE id='116526';
INSERT INTO track VALUES('990574','Cinematic Sad Melancholic Heartbroken Harmony Grand Piano Theme Soundtrack 006','http://www.jamendo.com/es/track/990574','','','98','http://mp3l.jamendo.com/?trackid=990574&format=mp31&u=0');
UPDATE track SET album_id='116526' WHERE id='990574';
UPDATE track SET text='' WHERE id='990574';
INSERT INTO track VALUES('990575','Cinematic Sad Melancholic Heartbroken Harmony Grand Piano Theme Soundtrack 007','http://www.jamendo.com/es/track/990575','','','103','http://mp3l.jamendo.com/?trackid=990575&format=mp31&u=0');
UPDATE track SET album_id='116526' WHERE id='990575';
UPDATE track SET text='' WHERE id='990575';
INSERT INTO track VALUES('990576','Cinematic Sad Melancholic Heartbroken Harmony Grand Piano Theme Soundtrack 008','http://www.jamendo.com/es/track/990576','','','88','http://mp3l.jamendo.com/?trackid=990576&format=mp31&u=0');
UPDATE track SET album_id='116526' WHERE id='990576';
UPDATE track SET text='' WHERE id='990576';
INSERT INTO track VALUES('990577','Cinematic Sad Melancholic Heartbroken Harmony Grand Piano Theme Soundtrack 002','http://www.jamendo.com/es/track/990577','','','103','http://mp3l.jamendo.com/?trackid=990577&format=mp31&u=0');
UPDATE track SET album_id='116526' WHERE id='990577';
UPDATE track SET text='' WHERE id='990577';
INSERT INTO track VALUES('990578','Cinematic Sad Melancholic Heartbroken Harmony Grand Piano Theme Soundtrack 009','http://www.jamendo.com/es/track/990578','','','136','http://mp3l.jamendo.com/?trackid=990578&format=mp31&u=0');
UPDATE track SET album_id='116526' WHERE id='990578';
UPDATE track SET text='' WHERE id='990578';
INSERT INTO album VALUES('116527','Cinematic Sad Melancholic Heartbroken Symphonic Orchestra Epic Landscapes Theme Soundtrack Instrumental Album n°66','http://www.jamendo.com/es/album/116527','http://imgjam.com/albums/s116/116527/covers/1.100.jpg','3','878','classical');
UPDATE album SET artist_id='420766' WHERE id='116527';
INSERT INTO track VALUES('990582','Cinematic Sad Melancholic Heartbroken Symphonic Orchestra Epic Landscapes Theme Soundtrack 001','http://www.jamendo.com/es/track/990582','','','93','http://mp3l.jamendo.com/?trackid=990582&format=mp31&u=0');
UPDATE track SET album_id='116527' WHERE id='990582';
UPDATE track SET text='' WHERE id='990582';
INSERT INTO track VALUES('990579','Cinematic Sad Melancholic Heartbroken Symphonic Orchestra Epic Landscapes Theme Soundtrack 003','http://www.jamendo.com/es/track/990579','','','138','http://mp3l.jamendo.com/?trackid=990579&format=mp31&u=0');
UPDATE track SET album_id='116527' WHERE id='990579';
UPDATE track SET text='' WHERE id='990579';
INSERT INTO track VALUES('990580','Cinematic Sad Melancholic Heartbroken Symphonic Orchestra Epic Landscapes Theme Soundtrack 004','http://www.jamendo.com/es/track/990580','','','90','http://mp3l.jamendo.com/?trackid=990580&format=mp31&u=0');
UPDATE track SET album_id='116527' WHERE id='990580';
UPDATE track SET text='' WHERE id='990580';
INSERT INTO track VALUES('990581','Cinematic Sad Melancholic Heartbroken Symphonic Orchestra Epic Landscapes Theme Soundtrack 005','http://www.jamendo.com/es/track/990581','','','103','http://mp3l.jamendo.com/?trackid=990581&format=mp31&u=0');
UPDATE track SET album_id='116527' WHERE id='990581';
UPDATE track SET text='' WHERE id='990581';
INSERT INTO track VALUES('990583','Cinematic Sad Melancholic Heartbroken Symphonic Orchestra Epic Landscapes Theme Soundtrack 006','http://www.jamendo.com/es/track/990583','','','195','http://mp3l.jamendo.com/?trackid=990583&format=mp31&u=0');
UPDATE track SET album_id='116527' WHERE id='990583';
UPDATE track SET text='' WHERE id='990583';
INSERT INTO track VALUES('990588','Cinematic Sad Melancholic Heartbroken Symphonic Orchestra Epic Landscapes Theme Soundtrack 007','http://www.jamendo.com/es/track/990588','','','146','http://mp3l.jamendo.com/?trackid=990588&format=mp31&u=0');
UPDATE track SET album_id='116527' WHERE id='990588';
UPDATE track SET text='' WHERE id='990588';
INSERT INTO track VALUES('990589','Cinematic Sad Melancholic Heartbroken Symphonic Orchestra Memories Theme Soundtrack','http://www.jamendo.com/es/track/990589','','','113','http://mp3l.jamendo.com/?trackid=990589&format=mp31&u=0');
UPDATE track SET album_id='116527' WHERE id='990589';
UPDATE track SET text='' WHERE id='990589';
INSERT INTO album VALUES('116528','Cinematic Sad Melancholic Sadness Sentimental Piano Lovestory Theme Soundtrack Instrumental Album n°68','http://www.jamendo.com/es/album/116528','http://imgjam.com/albums/s116/116528/covers/1.100.jpg','3','543','classical');
UPDATE album SET artist_id='420766' WHERE id='116528';
INSERT INTO track VALUES('990593','Cinematic Sad Melancholic Piano Lovestory Theme Soundtrack','http://www.jamendo.com/es/track/990593','','','89','http://mp3l.jamendo.com/?trackid=990593&format=mp31&u=0');
UPDATE track SET album_id='116528' WHERE id='990593';
UPDATE track SET text='' WHERE id='990593';
INSERT INTO track VALUES('990590','Cinematic Sad Melancholic Sentimental Painful Beautiful Heartbroken Grand Piano Theme Soundtrack','http://www.jamendo.com/es/track/990590','','','103','http://mp3l.jamendo.com/?trackid=990590&format=mp31&u=0');
UPDATE track SET album_id='116528' WHERE id='990590';
UPDATE track SET text='' WHERE id='990590';
INSERT INTO track VALUES('990591','Cinematic Sad Melancholic Sentimental Slow Expressive Heartbroken Grand Piano Theme Soundtrack','http://www.jamendo.com/es/track/990591','','','93','http://mp3l.jamendo.com/?trackid=990591&format=mp31&u=0');
UPDATE track SET album_id='116528' WHERE id='990591';
UPDATE track SET text='' WHERE id='990591';
INSERT INTO track VALUES('990592','Cinematic Sad Melancholic Sentimental Slow Grand Piano Room Theme Soundtrack','http://www.jamendo.com/es/track/990592','','','166','http://mp3l.jamendo.com/?trackid=990592&format=mp31&u=0');
UPDATE track SET album_id='116528' WHERE id='990592';
UPDATE track SET text='' WHERE id='990592';
INSERT INTO track VALUES('990594','Cinematic Sad Melancholic Sentimental Solo Grand Piano Theme Soundtrack','http://www.jamendo.com/es/track/990594','','','92','http://mp3l.jamendo.com/?trackid=990594&format=mp31&u=0');
UPDATE track SET album_id='116528' WHERE id='990594';
UPDATE track SET text='' WHERE id='990594';
INSERT INTO album VALUES('116529','Dreamy Harvest Yoga Meditation Chillout Relax Wellness Moods Instrumental Album n°69','http://www.jamendo.com/es/album/116529','http://imgjam.com/albums/s116/116529/covers/1.100.jpg','2','1376','electronic');
UPDATE album SET artist_id='420766' WHERE id='116529';
INSERT INTO track VALUES('990595','Dreamy Harvest Yoga Meditation Chillout Relax Wellness Moods 002','http://www.jamendo.com/es/track/990595','','','157','http://mp3l.jamendo.com/?trackid=990595&format=mp31&u=0');
UPDATE track SET album_id='116529' WHERE id='990595';
UPDATE track SET text='' WHERE id='990595';
INSERT INTO track VALUES('990596','Dreamy Harvest Yoga Meditation Chillout Relax Wellness Moods 004','http://www.jamendo.com/es/track/990596','','','158','http://mp3l.jamendo.com/?trackid=990596&format=mp31&u=0');
UPDATE track SET album_id='116529' WHERE id='990596';
UPDATE track SET text='' WHERE id='990596';
INSERT INTO track VALUES('990597','Dreamy Harvest Yoga Meditation Chillout Relax Wellness Moods 006','http://www.jamendo.com/es/track/990597','','','150','http://mp3l.jamendo.com/?trackid=990597&format=mp31&u=0');
UPDATE track SET album_id='116529' WHERE id='990597';
UPDATE track SET text='' WHERE id='990597';
INSERT INTO track VALUES('990598','Dreamy Harvest Yoga Meditation Chillout Relax Wellness Moods 008','http://www.jamendo.com/es/track/990598','','','155','http://mp3l.jamendo.com/?trackid=990598&format=mp31&u=0');
UPDATE track SET album_id='116529' WHERE id='990598';
UPDATE track SET text='' WHERE id='990598';
INSERT INTO track VALUES('990599','Dreamy Harvest Yoga Meditation Chillout Relax Wellness Moods 003','http://www.jamendo.com/es/track/990599','','','149','http://mp3l.jamendo.com/?trackid=990599&format=mp31&u=0');
UPDATE track SET album_id='116529' WHERE id='990599';
UPDATE track SET text='' WHERE id='990599';
INSERT INTO track VALUES('990600','Dreamy Harvest Yoga Meditation Chillout Relax Wellness Moods 005','http://www.jamendo.com/es/track/990600','','','157','http://mp3l.jamendo.com/?trackid=990600&format=mp31&u=0');
UPDATE track SET album_id='116529' WHERE id='990600';
UPDATE track SET text='' WHERE id='990600';
INSERT INTO track VALUES('990601','Dreamy Harvest Yoga Meditation Chillout Relax Wellness Moods 001','http://www.jamendo.com/es/track/990601','','','151','http://mp3l.jamendo.com/?trackid=990601&format=mp31&u=0');
UPDATE track SET album_id='116529' WHERE id='990601';
UPDATE track SET text='' WHERE id='990601';
INSERT INTO track VALUES('990602','Dreamy Harvest Yoga Meditation Chillout Relax Wellness Moods 007','http://www.jamendo.com/es/track/990602','','','153','http://mp3l.jamendo.com/?trackid=990602&format=mp31&u=0');
UPDATE track SET album_id='116529' WHERE id='990602';
UPDATE track SET text='' WHERE id='990602';
INSERT INTO track VALUES('990603','Dreamy Harvest Yoga Meditation Chillout Relax Wellness Moods 009','http://www.jamendo.com/es/track/990603','','','146','http://mp3l.jamendo.com/?trackid=990603&format=mp31&u=0');
UPDATE track SET album_id='116529' WHERE id='990603';
UPDATE track SET text='' WHERE id='990603';
INSERT INTO album VALUES('116531','Epic Cinematic Expressive Emotional Symphonic Orchestra Blockbuster Pictures Theme Soundtrack Instrumental Album n°70','http://www.jamendo.com/es/album/116531','http://imgjam.com/albums/s116/116531/covers/1.100.jpg','2','1327','classical');
UPDATE album SET artist_id='420766' WHERE id='116531';
INSERT INTO track VALUES('990604','Epic Cinematic Expressive Emotional Symphonic Orchestra Blockbuster Pictures Theme Soundtrack 002','http://www.jamendo.com/es/track/990604','','','103','http://mp3l.jamendo.com/?trackid=990604&format=mp31&u=0');
UPDATE track SET album_id='116531' WHERE id='990604';
UPDATE track SET text='' WHERE id='990604';
INSERT INTO track VALUES('990605','Epic Cinematic Expressive Emotional Symphonic Orchestra Blockbuster Pictures Theme Soundtrack 004','http://www.jamendo.com/es/track/990605','','','92','http://mp3l.jamendo.com/?trackid=990605&format=mp31&u=0');
UPDATE track SET album_id='116531' WHERE id='990605';
UPDATE track SET text='' WHERE id='990605';
INSERT INTO track VALUES('990606','Epic Cinematic Expressive Emotional Symphonic Orchestra Blockbuster Pictures Theme Soundtrack 007','http://www.jamendo.com/es/track/990606','','','146','http://mp3l.jamendo.com/?trackid=990606&format=mp31&u=0');
UPDATE track SET album_id='116531' WHERE id='990606';
UPDATE track SET text='' WHERE id='990606';
INSERT INTO track VALUES('990607','Epic Cinematic Expressive Emotional Symphonic Orchestra Blockbuster Pictures Theme Soundtrack 009','http://www.jamendo.com/es/track/990607','','','261','http://mp3l.jamendo.com/?trackid=990607&format=mp31&u=0');
UPDATE track SET album_id='116531' WHERE id='990607';
UPDATE track SET text='' WHERE id='990607';
INSERT INTO track VALUES('990608','Epic Cinematic Expressive Emotional Symphonic Orchestra Blockbuster Pictures Theme Soundtrack 003','http://www.jamendo.com/es/track/990608','','','195','http://mp3l.jamendo.com/?trackid=990608&format=mp31&u=0');
UPDATE track SET album_id='116531' WHERE id='990608';
UPDATE track SET text='' WHERE id='990608';
INSERT INTO track VALUES('990609','Epic Cinematic Expressive Emotional Symphonic Orchestra Blockbuster Pictures Theme Soundtrack 006','http://www.jamendo.com/es/track/990609','','','109','http://mp3l.jamendo.com/?trackid=990609&format=mp31&u=0');
UPDATE track SET album_id='116531' WHERE id='990609';
UPDATE track SET text='' WHERE id='990609';
INSERT INTO track VALUES('990610','Epic Cinematic Expressive Emotional Symphonic Orchestra Blockbuster Pictures Theme Soundtrack 001','http://www.jamendo.com/es/track/990610','','','90','http://mp3l.jamendo.com/?trackid=990610&format=mp31&u=0');
UPDATE track SET album_id='116531' WHERE id='990610';
UPDATE track SET text='' WHERE id='990610';
INSERT INTO track VALUES('990611','Epic Cinematic Expressive Emotional Symphonic Orchestra Blockbuster Pictures Theme Soundtrack 008','http://www.jamendo.com/es/track/990611','','','98','http://mp3l.jamendo.com/?trackid=990611&format=mp31&u=0');
UPDATE track SET album_id='116531' WHERE id='990611';
UPDATE track SET text='' WHERE id='990611';
INSERT INTO track VALUES('990612','Epic Cinematic Expressive Emotional Symphonic Orchestra Blockbuster Pictures Theme Soundtrack 010','http://www.jamendo.com/es/track/990612','','','233','http://mp3l.jamendo.com/?trackid=990612&format=mp31&u=0');
UPDATE track SET album_id='116531' WHERE id='990612';
UPDATE track SET text='' WHERE id='990612';
INSERT INTO album VALUES('116532','Epic Cinematic Heroic Orchestral Symphonic Choir Ages Theme Soundtrack Instrumental Album n°71','http://www.jamendo.com/es/album/116532','http://imgjam.com/albums/s116/116532/covers/1.100.jpg','3','1187');
UPDATE album SET artist_id='420766' WHERE id='116532';
INSERT INTO track VALUES('990613','Epic Cinematic Heroic Orchestral Symphonic Choir Ages Theme Soundtrack 003','http://www.jamendo.com/es/track/990613','','','130','http://mp3l.jamendo.com/?trackid=990613&format=mp31&u=0');
UPDATE track SET album_id='116532' WHERE id='990613';
UPDATE track SET text='' WHERE id='990613';
INSERT INTO track VALUES('990614','Epic Cinematic Heroic Orchestral Symphonic Choirs Flyboys Theme Soundtrack 001','http://www.jamendo.com/es/track/990614','','','125','http://mp3l.jamendo.com/?trackid=990614&format=mp31&u=0');
UPDATE track SET album_id='116532' WHERE id='990614';
UPDATE track SET text='' WHERE id='990614';
INSERT INTO track VALUES('990615','Epic Cinematic Heroic Orchestral Symphonic Choirs Flyboys Theme Soundtrack 005','http://www.jamendo.com/es/track/990615','','','89','http://mp3l.jamendo.com/?trackid=990615&format=mp31&u=0');
UPDATE track SET album_id='116532' WHERE id='990615';
UPDATE track SET text='' WHERE id='990615';
INSERT INTO track VALUES('990616','Epic Cinematic Heroic Orchestral Symphonic Choirs Flyboys Theme Soundtrack 007','http://www.jamendo.com/es/track/990616','','','128','http://mp3l.jamendo.com/?trackid=990616&format=mp31&u=0');
UPDATE track SET album_id='116532' WHERE id='990616';
UPDATE track SET text='' WHERE id='990616';
INSERT INTO track VALUES('990617','Epic Cinematic Heroic Orchestral Symphonic Choirs Flyboys Theme Soundtrack 010','http://www.jamendo.com/es/track/990617','','','95','http://mp3l.jamendo.com/?trackid=990617&format=mp31&u=0');
UPDATE track SET album_id='116532' WHERE id='990617';
UPDATE track SET text='' WHERE id='990617';
INSERT INTO track VALUES('990618','Epic Cinematic Heroic Orchestral Symphonic Choir Ages Theme Soundtrack 004','http://www.jamendo.com/es/track/990618','','','116','http://mp3l.jamendo.com/?trackid=990618&format=mp31&u=0');
UPDATE track SET album_id='116532' WHERE id='990618';
UPDATE track SET text='' WHERE id='990618';
INSERT INTO track VALUES('990619','Epic Cinematic Heroic Orchestral Symphonic Choirs Flyboys Theme Soundtrack 003','http://www.jamendo.com/es/track/990619','','','111','http://mp3l.jamendo.com/?trackid=990619&format=mp31&u=0');
UPDATE track SET album_id='116532' WHERE id='990619';
UPDATE track SET text='' WHERE id='990619';
INSERT INTO track VALUES('990620','Epic Cinematic Heroic Orchestral Symphonic Choir Ages Theme Soundtrack 002','http://www.jamendo.com/es/track/990620','','','96','http://mp3l.jamendo.com/?trackid=990620&format=mp31&u=0');
UPDATE track SET album_id='116532' WHERE id='990620';
UPDATE track SET text='' WHERE id='990620';
INSERT INTO track VALUES('990621','Epic Cinematic Heroic Orchestral Symphonic Choirs Flyboys Theme Soundtrack 006','http://www.jamendo.com/es/track/990621','','','161','http://mp3l.jamendo.com/?trackid=990621&format=mp31&u=0');
UPDATE track SET album_id='116532' WHERE id='990621';
UPDATE track SET text='' WHERE id='990621';
INSERT INTO track VALUES('990622','Epic Cinematic Heroic Orchestral Symphonic Choirs Flyboys Theme Soundtrack 008','http://www.jamendo.com/es/track/990622','','','136','http://mp3l.jamendo.com/?trackid=990622&format=mp31&u=0');
UPDATE track SET album_id='116532' WHERE id='990622';
UPDATE track SET text='' WHERE id='990622';
INSERT INTO album VALUES('116533','Epic Cinematic Monumental Action Orchestral Storm Drums Theme Soundtrack Instrumental Album n°72','http://www.jamendo.com/es/album/116533','http://imgjam.com/albums/s116/116533/covers/1.100.jpg','3','508');
UPDATE album SET artist_id='420766' WHERE id='116533';
INSERT INTO track VALUES('990624','Epic Cinematic Monumental Action Orchestral Storm Drums Theme Soundtrack 001','http://www.jamendo.com/es/track/990624','','','137','http://mp3l.jamendo.com/?trackid=990624&format=mp31&u=0');
UPDATE track SET album_id='116533' WHERE id='990624';
UPDATE track SET text='' WHERE id='990624';
INSERT INTO track VALUES('990625','Epic Cinematic Monumental Action Orchestral Storm Drums Theme Soundtrack 002','http://www.jamendo.com/es/track/990625','','','196','http://mp3l.jamendo.com/?trackid=990625&format=mp31&u=0');
UPDATE track SET album_id='116533' WHERE id='990625';
UPDATE track SET text='' WHERE id='990625';
INSERT INTO track VALUES('990626','Epic Cinematic Monumental Action Orchestral Storm Drums Theme Soundtrack 005','http://www.jamendo.com/es/track/990626','','','175','http://mp3l.jamendo.com/?trackid=990626&format=mp31&u=0');
UPDATE track SET album_id='116533' WHERE id='990626';
UPDATE track SET text='' WHERE id='990626';
INSERT INTO album VALUES('116534','Epic Cinematic Monumental Action Theme Back to the Kingdom Instrumental Album n°73','http://www.jamendo.com/es/album/116534','http://imgjam.com/albums/s116/116534/covers/1.100.jpg','3','646');
UPDATE album SET artist_id='420766' WHERE id='116534';
INSERT INTO track VALUES('990629','Epic Cinematic Monumental Action Theme Back to the Kingdom','http://www.jamendo.com/es/track/990629','','','144','http://mp3l.jamendo.com/?trackid=990629&format=mp31&u=0');
UPDATE track SET album_id='116534' WHERE id='990629';
UPDATE track SET text='' WHERE id='990629';
INSERT INTO track VALUES('990627','Epic Cinematic Monumental Orchestral Symphonic Choirs Heroes Theme Soundtrack 002','http://www.jamendo.com/es/track/990627','','','125','http://mp3l.jamendo.com/?trackid=990627&format=mp31&u=0');
UPDATE track SET album_id='116534' WHERE id='990627';
UPDATE track SET text='' WHERE id='990627';
INSERT INTO track VALUES('990628','Epic Cinematic Monumental Orchestral Symphonic Choirs Heroes Theme Soundtrack 003','http://www.jamendo.com/es/track/990628','','','135','http://mp3l.jamendo.com/?trackid=990628&format=mp31&u=0');
UPDATE track SET album_id='116534' WHERE id='990628';
UPDATE track SET text='' WHERE id='990628';
INSERT INTO track VALUES('990630','Epic Cinematic Monumental Darkness Complete Saga Soundtrack','http://www.jamendo.com/es/track/990630','','','130','http://mp3l.jamendo.com/?trackid=990630&format=mp31&u=0');
UPDATE track SET album_id='116534' WHERE id='990630';
UPDATE track SET text='' WHERE id='990630';
INSERT INTO track VALUES('990632','Epic Cinematic Monumental The Greatest Battle Theme Soundtrack','http://www.jamendo.com/es/track/990632','','','112','http://mp3l.jamendo.com/?trackid=990632&format=mp31&u=0');
UPDATE track SET album_id='116534' WHERE id='990632';
UPDATE track SET text='' WHERE id='990632';
INSERT INTO album VALUES('116536','Epic Cinematic Orchestral Action Tension Dangerous Motion Pictures Theme Soundtrack Instrumental Album n°74','http://www.jamendo.com/es/album/116536','http://imgjam.com/albums/s116/116536/covers/1.100.jpg','2','1280');
UPDATE album SET artist_id='420766' WHERE id='116536';
INSERT INTO track VALUES('990633','Epic Cinematic Orchestral Complete Saga Theme Soundtrack','http://www.jamendo.com/es/track/990633','','','120','http://mp3l.jamendo.com/?trackid=990633&format=mp31&u=0');
UPDATE track SET album_id='116536' WHERE id='990633';
UPDATE track SET text='' WHERE id='990633';
INSERT INTO track VALUES('990634','Epic Cinematic Orchestral Dangerous Biggest Storm Theme Soundtrack','http://www.jamendo.com/es/track/990634','','','90','http://mp3l.jamendo.com/?trackid=990634&format=mp31&u=0');
UPDATE track SET album_id='116536' WHERE id='990634';
UPDATE track SET text='' WHERE id='990634';
INSERT INTO track VALUES('990635','Epic Cinematic Orchestral Dangerous War Drums Theme Soundtrack','http://www.jamendo.com/es/track/990635','','','154','http://mp3l.jamendo.com/?trackid=990635&format=mp31&u=0');
UPDATE track SET album_id='116536' WHERE id='990635';
UPDATE track SET text='' WHERE id='990635';
INSERT INTO track VALUES('990636','Epic Cinematic Orchestral Action Tension Theme Soundtrack','http://www.jamendo.com/es/track/990636','','','160','http://mp3l.jamendo.com/?trackid=990636&format=mp31&u=0');
UPDATE track SET album_id='116536' WHERE id='990636';
UPDATE track SET text='' WHERE id='990636';
INSERT INTO track VALUES('990640','Epic Cinematic Orchestral Action Tension Dangerous Motion Pictures Theme Soundtrack','http://www.jamendo.com/es/track/990640','','','124','http://mp3l.jamendo.com/?trackid=990640&format=mp31&u=0');
UPDATE track SET album_id='116536' WHERE id='990640';
UPDATE track SET text='' WHERE id='990640';
INSERT INTO track VALUES('990641','Epic Cinematic Orchestral Beautiful Scotland Landscapes Theme Soundtrack','http://www.jamendo.com/es/track/990641','','','139','http://mp3l.jamendo.com/?trackid=990641&format=mp31&u=0');
UPDATE track SET album_id='116536' WHERE id='990641';
UPDATE track SET text='' WHERE id='990641';
INSERT INTO track VALUES('990642','Epic Cinematic Orchestral Atmospheric Futuristic Technology Zone Theme Soundtrack','http://www.jamendo.com/es/track/990642','','','207','http://mp3l.jamendo.com/?trackid=990642&format=mp31&u=0');
UPDATE track SET album_id='116536' WHERE id='990642';
UPDATE track SET text='' WHERE id='990642';
INSERT INTO track VALUES('990643','Epic Cinematic Orchestral Dark Dramatic Battle Storys Theme Soundtrack','http://www.jamendo.com/es/track/990643','','','119','http://mp3l.jamendo.com/?trackid=990643&format=mp31&u=0');
UPDATE track SET album_id='116536' WHERE id='990643';
UPDATE track SET text='' WHERE id='990643';
INSERT INTO track VALUES('990644','Epic Cinematic Orchestral Danger Tension Dark War Theme Soundtrack','http://www.jamendo.com/es/track/990644','','','167','http://mp3l.jamendo.com/?trackid=990644&format=mp31&u=0');
UPDATE track SET album_id='116536' WHERE id='990644';
UPDATE track SET text='' WHERE id='990644';
INSERT INTO album VALUES('116539','Epic Cinematic Orchestral Expressive Moving Touching Blockbuster Strings Theme Soundtrack Instrumental Album n°76','http://www.jamendo.com/es/album/116539','http://imgjam.com/albums/s116/116539/covers/1.100.jpg','3','1032','classical');
UPDATE album SET artist_id='420766' WHERE id='116539';
INSERT INTO track VALUES('990653','Epic Cinematic Orchestral Expressive Moving Touching Blockbuster Strings Theme Soundtrack 002','http://www.jamendo.com/es/track/990653','','','138','http://mp3l.jamendo.com/?trackid=990653&format=mp31&u=0');
UPDATE track SET album_id='116539' WHERE id='990653';
UPDATE track SET text='' WHERE id='990653';
INSERT INTO track VALUES('990654','Epic Cinematic Orchestral Expressive Moving Touching Blockbuster Strings Theme Soundtrack 004','http://www.jamendo.com/es/track/990654','','','124','http://mp3l.jamendo.com/?trackid=990654&format=mp31&u=0');
UPDATE track SET album_id='116539' WHERE id='990654';
UPDATE track SET text='' WHERE id='990654';
INSERT INTO track VALUES('990655','Epic Cinematic Orchestral Expressive Moving Touching Blockbuster Strings Theme Soundtrack 007','http://www.jamendo.com/es/track/990655','','','118','http://mp3l.jamendo.com/?trackid=990655&format=mp31&u=0');
UPDATE track SET album_id='116539' WHERE id='990655';
UPDATE track SET text='' WHERE id='990655';
INSERT INTO track VALUES('990656','Epic Cinematic Orchestral Expressive Moving Touching Blockbuster Strings Theme Soundtrack 009','http://www.jamendo.com/es/track/990656','','','118','http://mp3l.jamendo.com/?trackid=990656&format=mp31&u=0');
UPDATE track SET album_id='116539' WHERE id='990656';
UPDATE track SET text='' WHERE id='990656';
INSERT INTO track VALUES('990657','Epic Cinematic Orchestral Expressive Moving Touching Blockbuster Strings Theme Soundtrack 003','http://www.jamendo.com/es/track/990657','','','96','http://mp3l.jamendo.com/?trackid=990657&format=mp31&u=0');
UPDATE track SET album_id='116539' WHERE id='990657';
UPDATE track SET text='' WHERE id='990657';
INSERT INTO track VALUES('990658','Epic Cinematic Orchestral Expressive Moving Touching Blockbuster Strings Theme Soundtrack 006','http://www.jamendo.com/es/track/990658','','','211','http://mp3l.jamendo.com/?trackid=990658&format=mp31&u=0');
UPDATE track SET album_id='116539' WHERE id='990658';
UPDATE track SET text='' WHERE id='990658';
INSERT INTO track VALUES('990659','Epic Cinematic Orchestral Expressive Moving Touching Blockbuster Strings Theme Soundtrack 001','http://www.jamendo.com/es/track/990659','','','97','http://mp3l.jamendo.com/?trackid=990659&format=mp31&u=0');
UPDATE track SET album_id='116539' WHERE id='990659';
UPDATE track SET text='' WHERE id='990659';
INSERT INTO track VALUES('990660','Epic Cinematic Orchestral Expressive Moving Touching Blockbuster Strings Theme Soundtrack 008','http://www.jamendo.com/es/track/990660','','','130','http://mp3l.jamendo.com/?trackid=990660&format=mp31&u=0');
UPDATE track SET album_id='116539' WHERE id='990660';
UPDATE track SET text='' WHERE id='990660';
INSERT INTO album VALUES('116540','Epic Cinematic Orchestral Oriental Arabia Theme Soundtrack Instrumental Album n°77','http://www.jamendo.com/es/album/116540','http://imgjam.com/albums/s116/116540/covers/1.100.jpg','3','527');
UPDATE album SET artist_id='420766' WHERE id='116540';
INSERT INTO track VALUES('990672','Epic Cinematic Orchestral Oriental Arabic Middle East Impressive Cultures Theme Soundtrack','http://www.jamendo.com/es/track/990672','','','111','http://mp3l.jamendo.com/?trackid=990672&format=mp31&u=0');
UPDATE track SET album_id='116540' WHERE id='990672';
UPDATE track SET text='' WHERE id='990672';
INSERT INTO track VALUES('990673','Epic Cinematic Orchestral Oriental Arabic Middle East Impressive Landscapes Theme Soundtrack','http://www.jamendo.com/es/track/990673','','','124','http://mp3l.jamendo.com/?trackid=990673&format=mp31&u=0');
UPDATE track SET album_id='116540' WHERE id='990673';
UPDATE track SET text='' WHERE id='990673';
INSERT INTO track VALUES('990674','Epic Cinematic Orchestral Oriental Arabic Middle East Impressive Motion Pictures Theme Soundtrack','http://www.jamendo.com/es/track/990674','','','187','http://mp3l.jamendo.com/?trackid=990674&format=mp31&u=0');
UPDATE track SET album_id='116540' WHERE id='990674';
UPDATE track SET text='' WHERE id='990674';
INSERT INTO track VALUES('990675','Epic Cinematic Orchestral Oriental Arabia Theme Soundtrack','http://www.jamendo.com/es/track/990675','','','105','http://mp3l.jamendo.com/?trackid=990675&format=mp31&u=0');
UPDATE track SET album_id='116540' WHERE id='990675';
UPDATE track SET text='' WHERE id='990675';
INSERT INTO album VALUES('116541','Epic Cinematic Orchestral Strings The Greatest Adventures Theme Soundtrack Album n°78','http://www.jamendo.com/es/album/116541','http://imgjam.com/albums/s116/116541/covers/1.100.jpg','3','759','classical');
UPDATE album SET artist_id='420766' WHERE id='116541';
INSERT INTO track VALUES('990680','Epic Cinematic Orchestral Sad Melancholic Lonely Road Theme Soundtrack','http://www.jamendo.com/es/track/990680','','','271','http://mp3l.jamendo.com/?trackid=990680&format=mp31&u=0');
UPDATE track SET album_id='116541' WHERE id='990680';
UPDATE track SET text='' WHERE id='990680';
INSERT INTO track VALUES('990681','Epic Cinematic Orchestral Scotland Fallen Warlords Theme Soundtrack','http://www.jamendo.com/es/track/990681','','','121','http://mp3l.jamendo.com/?trackid=990681&format=mp31&u=0');
UPDATE track SET album_id='116541' WHERE id='990681';
UPDATE track SET text='' WHERE id='990681';
INSERT INTO track VALUES('990679','Epic Cinematic Orchestral Strings The Greatest Adventures Theme','http://www.jamendo.com/es/track/990679','','','133','http://mp3l.jamendo.com/?trackid=990679&format=mp31&u=0');
UPDATE track SET album_id='116541' WHERE id='990679';
UPDATE track SET text='' WHERE id='990679';
INSERT INTO track VALUES('990676','Epic Cinematic Orchestral The Return Theme Soundtrack','http://www.jamendo.com/es/track/990676','','','104','http://mp3l.jamendo.com/?trackid=990676&format=mp31&u=0');
UPDATE track SET album_id='116541' WHERE id='990676';
UPDATE track SET text='' WHERE id='990676';
INSERT INTO track VALUES('990678','Epic Cinematic Orchestral Wide Country Theme Soundtrack','http://www.jamendo.com/es/track/990678','','','130','http://mp3l.jamendo.com/?trackid=990678&format=mp31&u=0');
UPDATE track SET album_id='116541' WHERE id='990678';
UPDATE track SET text='' WHERE id='990678';
INSERT INTO album VALUES('116542','Heartbroken Sad Sentimental Ambient Sadness Atmosphere Soundtrack Instrumental Album n°79','http://www.jamendo.com/es/album/116542','http://imgjam.com/albums/s116/116542/covers/1.100.jpg','3','695');
UPDATE album SET artist_id='420766' WHERE id='116542';
INSERT INTO track VALUES('990687','Heartbroken Sad Sentimental Ambient Atmosphere Soundtrack 001','http://www.jamendo.com/es/track/990687','','','96','http://mp3l.jamendo.com/?trackid=990687&format=mp31&u=0');
UPDATE track SET album_id='116542' WHERE id='990687';
UPDATE track SET text='' WHERE id='990687';
INSERT INTO track VALUES('990682','Heartbroken Sad Sentimental Ambient Atmosphere Soundtrack 005','http://www.jamendo.com/es/track/990682','','','102','http://mp3l.jamendo.com/?trackid=990682&format=mp31&u=0');
UPDATE track SET album_id='116542' WHERE id='990682';
UPDATE track SET text='' WHERE id='990682';
INSERT INTO track VALUES('990685','Heartbroken Sad Sentimental Ambient Atmosphere Soundtrack 006','http://www.jamendo.com/es/track/990685','','','102','http://mp3l.jamendo.com/?trackid=990685&format=mp31&u=0');
UPDATE track SET album_id='116542' WHERE id='990685';
UPDATE track SET text='' WHERE id='990685';
INSERT INTO track VALUES('990683','Heartbroken Sad Sentimental Ambient Atmosphere Soundtrack 007','http://www.jamendo.com/es/track/990683','','','103','http://mp3l.jamendo.com/?trackid=990683&format=mp31&u=0');
UPDATE track SET album_id='116542' WHERE id='990683';
UPDATE track SET text='' WHERE id='990683';
INSERT INTO track VALUES('990686','Heartbroken Sad Sentimental Ambient Atmosphere Soundtrack 008','http://www.jamendo.com/es/track/990686','','','88','http://mp3l.jamendo.com/?trackid=990686&format=mp31&u=0');
UPDATE track SET album_id='116542' WHERE id='990686';
UPDATE track SET text='' WHERE id='990686';
INSERT INTO track VALUES('990684','Heartbroken Sad Sentimental Ambient Atmosphere Soundtrack 009','http://www.jamendo.com/es/track/990684','','','100','http://mp3l.jamendo.com/?trackid=990684&format=mp31&u=0');
UPDATE track SET album_id='116542' WHERE id='990684';
UPDATE track SET text='' WHERE id='990684';
INSERT INTO track VALUES('990688','Heartbroken Sad Sentimental Ambient Atmosphere Soundtrack 010','http://www.jamendo.com/es/track/990688','','','104','http://mp3l.jamendo.com/?trackid=990688&format=mp31&u=0');
UPDATE track SET album_id='116542' WHERE id='990688';
UPDATE track SET text='' WHERE id='990688';
INSERT INTO album VALUES('116545','Futuristic Ambient Intelligent Drum and Bass Atmosphere Instrumental Album n°80','http://www.jamendo.com/es/album/116545','http://imgjam.com/albums/s116/116545/covers/1.100.jpg','2','4315','electronic');
UPDATE album SET artist_id='420766' WHERE id='116545';
INSERT INTO track VALUES('990698','Futuristic Ambient Dark Atmosphere Drum and Bass','http://www.jamendo.com/es/track/990698','','','274','http://mp3l.jamendo.com/?trackid=990698&format=mp31&u=0');
UPDATE track SET album_id='116545' WHERE id='990698';
UPDATE track SET text='' WHERE id='990698';
INSERT INTO track VALUES('990700','Futuristic Ambient Fear Atmosphere Drum and Bass','http://www.jamendo.com/es/track/990700','','','407','http://mp3l.jamendo.com/?trackid=990700&format=mp31&u=0');
UPDATE track SET album_id='116545' WHERE id='990700';
UPDATE track SET text='' WHERE id='990700';
INSERT INTO track VALUES('990690','Futuristic Ambient Intelligent Drum and Bass','http://www.jamendo.com/es/track/990690','','','397','http://mp3l.jamendo.com/?trackid=990690&format=mp31&u=0');
UPDATE track SET album_id='116545' WHERE id='990690';
UPDATE track SET text='' WHERE id='990690';
INSERT INTO track VALUES('990694','Futuristic Ambient Melodic Drum and Bass','http://www.jamendo.com/es/track/990694','','','459','http://mp3l.jamendo.com/?trackid=990694&format=mp31&u=0');
UPDATE track SET album_id='116545' WHERE id='990694';
UPDATE track SET text='' WHERE id='990694';
INSERT INTO track VALUES('990697','Futuristic Ambient Space Drum and Bass','http://www.jamendo.com/es/track/990697','','','287','http://mp3l.jamendo.com/?trackid=990697&format=mp31&u=0');
UPDATE track SET album_id='116545' WHERE id='990697';
UPDATE track SET text='' WHERE id='990697';
INSERT INTO track VALUES('990701','Futuristic Chillout Lounge Minimal Electro','http://www.jamendo.com/es/track/990701','','','152','http://mp3l.jamendo.com/?trackid=990701&format=mp31&u=0');
UPDATE track SET album_id='116545' WHERE id='990701';
UPDATE track SET text='' WHERE id='990701';
INSERT INTO track VALUES('990692','Futuristic Electro House Dance Action Race','http://www.jamendo.com/es/track/990692','','','373','http://mp3l.jamendo.com/?trackid=990692&format=mp31&u=0');
UPDATE track SET album_id='116545' WHERE id='990692';
UPDATE track SET text='' WHERE id='990692';
INSERT INTO track VALUES('990696','Futuristic Electronic Ambient Drum and Bass','http://www.jamendo.com/es/track/990696','','','396','http://mp3l.jamendo.com/?trackid=990696&format=mp31&u=0');
UPDATE track SET album_id='116545' WHERE id='990696';
UPDATE track SET text='' WHERE id='990696';
INSERT INTO track VALUES('990699','Futuristic Electronic Ambient Space Drum and Bass','http://www.jamendo.com/es/track/990699','','','215','http://mp3l.jamendo.com/?trackid=990699&format=mp31&u=0');
UPDATE track SET album_id='116545' WHERE id='990699';
UPDATE track SET text='' WHERE id='990699';
INSERT INTO track VALUES('990689','Futuristic Electronic Atmosphere Drum and Bass','http://www.jamendo.com/es/track/990689','','','369','http://mp3l.jamendo.com/?trackid=990689&format=mp31&u=0');
UPDATE track SET album_id='116545' WHERE id='990689';
UPDATE track SET text='' WHERE id='990689';
INSERT INTO track VALUES('990695','Futuristic Electronic Chillout Drum and Bass','http://www.jamendo.com/es/track/990695','','','361','http://mp3l.jamendo.com/?trackid=990695&format=mp31&u=0');
UPDATE track SET album_id='116545' WHERE id='990695';
UPDATE track SET text='' WHERE id='990695';
INSERT INTO track VALUES('990693','Futuristic Electronic Space Atmosphere Drum and Bass','http://www.jamendo.com/es/track/990693','','','405','http://mp3l.jamendo.com/?trackid=990693&format=mp31&u=0');
UPDATE track SET album_id='116545' WHERE id='990693';
UPDATE track SET text='' WHERE id='990693';
INSERT INTO track VALUES('990691','Futuristic Electronic Tune Drum and Bass','http://www.jamendo.com/es/track/990691','','','220','http://mp3l.jamendo.com/?trackid=990691&format=mp31&u=0');
UPDATE track SET album_id='116545' WHERE id='990691';
UPDATE track SET text='' WHERE id='990691';
INSERT INTO album VALUES('116546','Hard Rock Pop Epic Guitar Dark Moon Theme Instrumental Album n°81','http://www.jamendo.com/es/album/116546','http://imgjam.com/albums/s116/116546/covers/1.100.jpg','3','731');
UPDATE album SET artist_id='420766' WHERE id='116546';
INSERT INTO track VALUES('990723','Hard Rock Pop Epic Dark Moon Theme','http://www.jamendo.com/es/track/990723','','','113','http://mp3l.jamendo.com/?trackid=990723&format=mp31&u=0');
UPDATE track SET album_id='116546' WHERE id='990723';
UPDATE track SET text='' WHERE id='990723';
INSERT INTO track VALUES('990720','Hard Rock Pop Epic Guitar Legend','http://www.jamendo.com/es/track/990720','','','195','http://mp3l.jamendo.com/?trackid=990720&format=mp31&u=0');
UPDATE track SET album_id='116546' WHERE id='990720';
UPDATE track SET text='' WHERE id='990720';
INSERT INTO track VALUES('990721','Hard Rock Pop Motivating Driver Action','http://www.jamendo.com/es/track/990721','','','124','http://mp3l.jamendo.com/?trackid=990721&format=mp31&u=0');
UPDATE track SET album_id='116546' WHERE id='990721';
UPDATE track SET text='' WHERE id='990721';
INSERT INTO track VALUES('990722','Hard Rock Pop Motivating Overdrive Guitar','http://www.jamendo.com/es/track/990722','','','136','http://mp3l.jamendo.com/?trackid=990722&format=mp31&u=0');
UPDATE track SET album_id='116546' WHERE id='990722';
UPDATE track SET text='' WHERE id='990722';
INSERT INTO track VALUES('990724','Hard Rock Pop Powerful Action Guitar','http://www.jamendo.com/es/track/990724','','','163','http://mp3l.jamendo.com/?trackid=990724&format=mp31&u=0');
UPDATE track SET album_id='116546' WHERE id='990724';
UPDATE track SET text='' WHERE id='990724';
INSERT INTO album VALUES('116547','House Techno Minimal Electronic Futuristic Technology Business Area Theme Instrumental Album n°82','http://www.jamendo.com/es/album/116547','http://imgjam.com/albums/s116/116547/covers/1.100.jpg','3','499');
UPDATE album SET artist_id='420766' WHERE id='116547';
INSERT INTO track VALUES('990728','House Techno Minimal Electronic Futuristic Technology Business Area Theme','http://www.jamendo.com/es/track/990728','','','90','http://mp3l.jamendo.com/?trackid=990728&format=mp31&u=0');
UPDATE track SET album_id='116547' WHERE id='990728';
UPDATE track SET text='' WHERE id='990728';
INSERT INTO playlist VALUES('227311','MusicMatic - Sent All','http://www.jamendo.com/es/playlist/227311','966543');
INSERT INTO playlist_track VALUES('227311','990728');
INSERT INTO track VALUES('990725','House Techno Minimal Electronic Futuristic Technology Business Association Theme','http://www.jamendo.com/es/track/990725','','','92','http://mp3l.jamendo.com/?trackid=990725&format=mp31&u=0');
UPDATE track SET album_id='116547' WHERE id='990725';
UPDATE track SET text='' WHERE id='990725';
INSERT INTO track VALUES('990726','House Techno Minimal Electronic Futuristic Technology Business Client Theme','http://www.jamendo.com/es/track/990726','','','90','http://mp3l.jamendo.com/?trackid=990726&format=mp31&u=0');
UPDATE track SET album_id='116547' WHERE id='990726';
UPDATE track SET text='' WHERE id='990726';
INSERT INTO track VALUES('990727','House Techno Minimal Electronic Futuristic Technology Business Operation Theme','http://www.jamendo.com/es/track/990727','','','89','http://mp3l.jamendo.com/?trackid=990727&format=mp31&u=0');
UPDATE track SET album_id='116547' WHERE id='990727';
UPDATE track SET text='' WHERE id='990727';
INSERT INTO track VALUES('990729','House Techno Minimal Electronic Futuristic Technology Business Study Theme','http://www.jamendo.com/es/track/990729','','','138','http://mp3l.jamendo.com/?trackid=990729&format=mp31&u=0');
UPDATE track SET album_id='116547' WHERE id='990729';
UPDATE track SET text='' WHERE id='990729';
INSERT INTO playlist VALUES('226832','','http://www.jamendo.com/es/playlist/226832','5225');
INSERT INTO playlist_track VALUES('226832','990729');
INSERT INTO album VALUES('116548','Jazz Masterpieces Good Old Swing Ragtime Instrumental Album n°83','http://www.jamendo.com/es/album/116548','http://imgjam.com/albums/s116/116548/covers/1.100.jpg','3','1080');
UPDATE album SET artist_id='420766' WHERE id='116548';
INSERT INTO track VALUES('990733','Jazz Masterpieces Good Old Swing 001','http://www.jamendo.com/es/track/990733','','','152','http://mp3l.jamendo.com/?trackid=990733&format=mp31&u=0');
UPDATE track SET album_id='116548' WHERE id='990733';
UPDATE track SET text='' WHERE id='990733';
INSERT INTO playlist VALUES('227534','JamendoProRadioZip_jazz','http://www.jamendo.com/es/playlist/227534','102234');
INSERT INTO playlist_track VALUES('227534','990733');
INSERT INTO playlist VALUES('227776','JamendoProRadioZip_jazz','http://www.jamendo.com/es/playlist/227776','102234');
INSERT INTO playlist_track VALUES('227776','990733');
INSERT INTO track VALUES('990730','Jazz Masterpieces Good Old Swing 002','http://www.jamendo.com/es/track/990730','','','179','http://mp3l.jamendo.com/?trackid=990730&format=mp31&u=0');
UPDATE track SET album_id='116548' WHERE id='990730';
UPDATE track SET text='' WHERE id='990730';
INSERT INTO playlist VALUES('226937','JamendoProRadioZip_jazz','http://www.jamendo.com/es/playlist/226937','81806');
INSERT INTO playlist_track VALUES('226937','990730');
INSERT INTO playlist VALUES('227109','JamendoProRadioZip_jazz','http://www.jamendo.com/es/playlist/227109','81981');
INSERT INTO playlist_track VALUES('227109','990730');
INSERT INTO playlist VALUES('227287','JamendoProRadioZip_jazz','http://www.jamendo.com/es/playlist/227287','81758');
INSERT INTO playlist_track VALUES('227287','990730');
INSERT INTO playlist VALUES('227484','JamendoProRadioZip_jazz','http://www.jamendo.com/es/playlist/227484','81981');
INSERT INTO playlist_track VALUES('227484','990730');
INSERT INTO playlist VALUES('227508','','http://www.jamendo.com/es/playlist/227508','59840');
INSERT INTO playlist_track VALUES('227508','990730');
INSERT INTO playlist_track VALUES('227534','990730');
INSERT INTO playlist_track VALUES('227776','990730');
INSERT INTO track VALUES('990731','Jazz Masterpieces Good Old Swing 003','http://www.jamendo.com/es/track/990731','','','186','http://mp3l.jamendo.com/?trackid=990731&format=mp31&u=0');
UPDATE track SET album_id='116548' WHERE id='990731';
UPDATE track SET text='' WHERE id='990731';
INSERT INTO playlist_track VALUES('227534','990731');
INSERT INTO playlist_track VALUES('227776','990731');
INSERT INTO track VALUES('990732','Jazz Masterpieces Good Old Swing 004','http://www.jamendo.com/es/track/990732','','','193','http://mp3l.jamendo.com/?trackid=990732&format=mp31&u=0');
UPDATE track SET album_id='116548' WHERE id='990732';
UPDATE track SET text='' WHERE id='990732';
INSERT INTO playlist_track VALUES('227534','990732');
INSERT INTO playlist_track VALUES('227776','990732');
INSERT INTO track VALUES('990735','Jazz Masterpieces Good Old Swing 005','http://www.jamendo.com/es/track/990735','','','204','http://mp3l.jamendo.com/?trackid=990735&format=mp31&u=0');
UPDATE track SET album_id='116548' WHERE id='990735';
UPDATE track SET text='' WHERE id='990735';
INSERT INTO playlist_track VALUES('227534','990735');
INSERT INTO playlist_track VALUES('227776','990735');
INSERT INTO track VALUES('990734','Jazz Masterpieces Good Old Swing 006','http://www.jamendo.com/es/track/990734','','','166','http://mp3l.jamendo.com/?trackid=990734&format=mp31&u=0');
UPDATE track SET album_id='116548' WHERE id='990734';
UPDATE track SET text='' WHERE id='990734';
INSERT INTO playlist_track VALUES('226937','990734');
INSERT INTO playlist_track VALUES('227109','990734');
INSERT INTO playlist_track VALUES('192085','990734');
INSERT INTO playlist_track VALUES('227287','990734');
INSERT INTO playlist_track VALUES('227484','990734');
INSERT INTO playlist_track VALUES('227508','990734');
INSERT INTO playlist_track VALUES('227534','990734');
INSERT INTO playlist_track VALUES('227776','990734');
INSERT INTO album VALUES('116567','Beautiful Happy Modern Friendly Rock Pop Music Instrumental Album n°86','http://www.jamendo.com/es/album/116567','http://imgjam.com/albums/s116/116567/covers/1.100.jpg','2','6257');
UPDATE album SET artist_id='420766' WHERE id='116567';
INSERT INTO track VALUES('990759','Modern Rock Pop Beautiful Acoustic Guitar Theme','http://www.jamendo.com/es/track/990759','','','353','http://mp3l.jamendo.com/?trackid=990759&format=mp31&u=0');
UPDATE track SET album_id='116567' WHERE id='990759';
UPDATE track SET text='' WHERE id='990759';
INSERT INTO track VALUES('990737','Modern Rock Pop Legendary Guitars Beautiful Day','http://www.jamendo.com/es/track/990737','','','264','http://mp3l.jamendo.com/?trackid=990737&format=mp31&u=0');
UPDATE track SET album_id='116567' WHERE id='990737';
UPDATE track SET text='' WHERE id='990737';
INSERT INTO track VALUES('990738','Modern Pop Friendly Funky Feelings','http://www.jamendo.com/es/track/990738','','','255','http://mp3l.jamendo.com/?trackid=990738&format=mp31&u=0');
UPDATE track SET album_id='116567' WHERE id='990738';
UPDATE track SET text='' WHERE id='990738';
INSERT INTO track VALUES('990739','Pop Rock What A Beautiful Day','http://www.jamendo.com/es/track/990739','','','211','http://mp3l.jamendo.com/?trackid=990739&format=mp31&u=0');
UPDATE track SET album_id='116567' WHERE id='990739';
UPDATE track SET text='' WHERE id='990739';
INSERT INTO track VALUES('990740','Modern Rock Pop Beautiful Guitar Piano Melodies','http://www.jamendo.com/es/track/990740','','','97','http://mp3l.jamendo.com/?trackid=990740&format=mp31&u=0');
UPDATE track SET album_id='116567' WHERE id='990740';
UPDATE track SET text='' WHERE id='990740';
INSERT INTO track VALUES('990741','Modern Soft Rock Pop The Piano Player','http://www.jamendo.com/es/track/990741','','','264','http://mp3l.jamendo.com/?trackid=990741&format=mp31&u=0');
UPDATE track SET album_id='116567' WHERE id='990741';
UPDATE track SET text='' WHERE id='990741';
INSERT INTO track VALUES('990742','Modern Pop Just Take it Easy','http://www.jamendo.com/es/track/990742','','','356','http://mp3l.jamendo.com/?trackid=990742&format=mp31&u=0');
UPDATE track SET album_id='116567' WHERE id='990742';
UPDATE track SET text='' WHERE id='990742';
INSERT INTO track VALUES('990743','Motivating Modern Rock Pop To The Limit 002','http://www.jamendo.com/es/track/990743','','','96','http://mp3l.jamendo.com/?trackid=990743&format=mp31&u=0');
UPDATE track SET album_id='116567' WHERE id='990743';
UPDATE track SET text='' WHERE id='990743';
INSERT INTO track VALUES('990744','Modern Rock Pop Friendly Positive Song','http://www.jamendo.com/es/track/990744','','','179','http://mp3l.jamendo.com/?trackid=990744&format=mp31&u=0');
UPDATE track SET album_id='116567' WHERE id='990744';
UPDATE track SET text='' WHERE id='990744';
INSERT INTO track VALUES('990745','Modern Soft Rock Pop Acoustic Guitar Song','http://www.jamendo.com/es/track/990745','','','103','http://mp3l.jamendo.com/?trackid=990745&format=mp31&u=0');
UPDATE track SET album_id='116567' WHERE id='990745';
UPDATE track SET text='' WHERE id='990745';
INSERT INTO track VALUES('990746','Modern Pop Romantic Love Story','http://www.jamendo.com/es/track/990746','','','351','http://mp3l.jamendo.com/?trackid=990746&format=mp31&u=0');
UPDATE track SET album_id='116567' WHERE id='990746';
UPDATE track SET text='' WHERE id='990746';
INSERT INTO track VALUES('990747','Modern Soft Rock Pop Simple Life','http://www.jamendo.com/es/track/990747','','','359','http://mp3l.jamendo.com/?trackid=990747&format=mp31&u=0');
UPDATE track SET album_id='116567' WHERE id='990747';
UPDATE track SET text='' WHERE id='990747';
INSERT INTO track VALUES('990748','Nice Friendly Rock Pop Song','http://www.jamendo.com/es/track/990748','','','205','http://mp3l.jamendo.com/?trackid=990748&format=mp31&u=0');
UPDATE track SET album_id='116567' WHERE id='990748';
UPDATE track SET text='' WHERE id='990748';
INSERT INTO track VALUES('990959','Motivating Modern Rock Pop To The Limit Full Soundtrack','http://www.jamendo.com/es/track/990959','','','149','http://mp3l.jamendo.com/?trackid=990959&format=mp31&u=0');
UPDATE track SET album_id='116567' WHERE id='990959';
UPDATE track SET text='' WHERE id='990959';
INSERT INTO track VALUES('990960','Modern Friendly Rock Pop Music','http://www.jamendo.com/es/track/990960','','','459','http://mp3l.jamendo.com/?trackid=990960&format=mp31&u=0');
UPDATE track SET album_id='116567' WHERE id='990960';
UPDATE track SET text='' WHERE id='990960';
INSERT INTO track VALUES('990963','Rock Pop Impressive Pure Rock Song','http://www.jamendo.com/es/track/990963','','','262','http://mp3l.jamendo.com/?trackid=990963&format=mp31&u=0');
UPDATE track SET album_id='116567' WHERE id='990963';
UPDATE track SET text='' WHERE id='990963';
INSERT INTO track VALUES('990964','Rock Pop Positive Background Music','http://www.jamendo.com/es/track/990964','','','183','http://mp3l.jamendo.com/?trackid=990964&format=mp31&u=0');
UPDATE track SET album_id='116567' WHERE id='990964';
UPDATE track SET text='' WHERE id='990964';
INSERT INTO track VALUES('990965','Rock Pop Beautiful Piano Sunrise','http://www.jamendo.com/es/track/990965','','','115','http://mp3l.jamendo.com/?trackid=990965&format=mp31&u=0');
UPDATE track SET album_id='116567' WHERE id='990965';
UPDATE track SET text='' WHERE id='990965';
INSERT INTO track VALUES('990966','Rock Pop Beautiful Allstar Guitar Track','http://www.jamendo.com/es/track/990966','','','107','http://mp3l.jamendo.com/?trackid=990966&format=mp31&u=0');
UPDATE track SET album_id='116567' WHERE id='990966';
UPDATE track SET text='' WHERE id='990966';
INSERT INTO track VALUES('990967','Rock Pop Lounge Chillout Beautiful Pictures','http://www.jamendo.com/es/track/990967','','','232','http://mp3l.jamendo.com/?trackid=990967&format=mp31&u=0');
UPDATE track SET album_id='116567' WHERE id='990967';
UPDATE track SET text='' WHERE id='990967';
INSERT INTO track VALUES('990968','Rock Pop A Wonderful Popsong','http://www.jamendo.com/es/track/990968','','','109','http://mp3l.jamendo.com/?trackid=990968&format=mp31&u=0');
UPDATE track SET album_id='116567' WHERE id='990968';
UPDATE track SET text='' WHERE id='990968';
INSERT INTO track VALUES('990969','Rock Pop Motivating Action Song','http://www.jamendo.com/es/track/990969','','','187','http://mp3l.jamendo.com/?trackid=990969&format=mp31&u=0');
UPDATE track SET album_id='116567' WHERE id='990969';
UPDATE track SET text='' WHERE id='990969';
INSERT INTO track VALUES('990970','Rock Pop Sad Guitar Theme Atmosphere','http://www.jamendo.com/es/track/990970','','','171','http://mp3l.jamendo.com/?trackid=990970&format=mp31&u=0');
UPDATE track SET album_id='116567' WHERE id='990970';
UPDATE track SET text='' WHERE id='990970';
INSERT INTO track VALUES('990971','Rock Pop Beautiful Guitar Popsong','http://www.jamendo.com/es/track/990971','','','149','http://mp3l.jamendo.com/?trackid=990971&format=mp31&u=0');
UPDATE track SET album_id='116567' WHERE id='990971';
UPDATE track SET text='' WHERE id='990971';
INSERT INTO track VALUES('990972','Rock Pop Back to the 80s Retro Synthesizer','http://www.jamendo.com/es/track/990972','','','426','http://mp3l.jamendo.com/?trackid=990972&format=mp31&u=0');
UPDATE track SET album_id='116567' WHERE id='990972';
UPDATE track SET text='' WHERE id='990972';
INSERT INTO track VALUES('990973','Rock Pop Country Always Remember You','http://www.jamendo.com/es/track/990973','','','273','http://mp3l.jamendo.com/?trackid=990973&format=mp31&u=0');
UPDATE track SET album_id='116567' WHERE id='990973';
UPDATE track SET text='' WHERE id='990973';
INSERT INTO track VALUES('990974','Rock Pop Just Be Cool','http://www.jamendo.com/es/track/990974','','','198','http://mp3l.jamendo.com/?trackid=990974&format=mp31&u=0');
UPDATE track SET album_id='116567' WHERE id='990974';
UPDATE track SET text='' WHERE id='990974';
INSERT INTO track VALUES('990975','Modern Rock Pop Cool Atmospheric Retro 80s Street Fashion Theme','http://www.jamendo.com/es/track/990975','','','144','http://mp3l.jamendo.com/?trackid=990975&format=mp31&u=0');
UPDATE track SET album_id='116567' WHERE id='990975';
UPDATE track SET text='' WHERE id='990975';
INSERT INTO album VALUES('116568','Majestic Baroque Expressive Symphonic Orchestra Works Theme Soundtrack Instrumental Album n°87','http://www.jamendo.com/es/album/116568','http://imgjam.com/albums/s116/116568/covers/1.100.jpg','2','1364','classical');
UPDATE album SET artist_id='420766' WHERE id='116568';
INSERT INTO track VALUES('990976','Majestic Baroque Expressive Symphonic Orchestra Works Theme Soundtrack 005','http://www.jamendo.com/es/track/990976','','','113','http://mp3l.jamendo.com/?trackid=990976&format=mp31&u=0');
UPDATE track SET album_id='116568' WHERE id='990976';
UPDATE track SET text='' WHERE id='990976';
INSERT INTO track VALUES('990977','Majestic Baroque Expressive Symphonic Orchestra Works Theme Soundtrack 001','http://www.jamendo.com/es/track/990977','','','140','http://mp3l.jamendo.com/?trackid=990977&format=mp31&u=0');
UPDATE track SET album_id='116568' WHERE id='990977';
UPDATE track SET text='' WHERE id='990977';
INSERT INTO track VALUES('990978','Majestic Baroque Expressive Symphonic Orchestra Works Theme Soundtrack 007','http://www.jamendo.com/es/track/990978','','','110','http://mp3l.jamendo.com/?trackid=990978&format=mp31&u=0');
UPDATE track SET album_id='116568' WHERE id='990978';
UPDATE track SET text='' WHERE id='990978';
INSERT INTO track VALUES('990979','Majestic Baroque Expressive Symphonic Orchestra Works Theme Soundtrack 009','http://www.jamendo.com/es/track/990979','','','106','http://mp3l.jamendo.com/?trackid=990979&format=mp31&u=0');
UPDATE track SET album_id='116568' WHERE id='990979';
UPDATE track SET text='' WHERE id='990979';
INSERT INTO track VALUES('990980','Majestic Baroque Expressive Symphonic Orchestra Works Theme Soundtrack 002','http://www.jamendo.com/es/track/990980','','','128','http://mp3l.jamendo.com/?trackid=990980&format=mp31&u=0');
UPDATE track SET album_id='116568' WHERE id='990980';
UPDATE track SET text='' WHERE id='990980';
INSERT INTO track VALUES('990981','Majestic Baroque Expressive Symphonic Orchestra Works Theme Soundtrack 012','http://www.jamendo.com/es/track/990981','','','97','http://mp3l.jamendo.com/?trackid=990981&format=mp31&u=0');
UPDATE track SET album_id='116568' WHERE id='990981';
UPDATE track SET text='' WHERE id='990981';
INSERT INTO track VALUES('990982','Majestic Baroque Expressive Symphonic Orchestra Works Theme Soundtrack 004','http://www.jamendo.com/es/track/990982','','','121','http://mp3l.jamendo.com/?trackid=990982&format=mp31&u=0');
UPDATE track SET album_id='116568' WHERE id='990982';
UPDATE track SET text='' WHERE id='990982';
INSERT INTO track VALUES('990983','Majestic Baroque Expressive Symphonic Orchestra Works Theme Soundtrack 006','http://www.jamendo.com/es/track/990983','','','113','http://mp3l.jamendo.com/?trackid=990983&format=mp31&u=0');
UPDATE track SET album_id='116568' WHERE id='990983';
UPDATE track SET text='' WHERE id='990983';
INSERT INTO track VALUES('990984','Majestic Baroque Expressive Symphonic Orchestra Works Theme Soundtrack 011','http://www.jamendo.com/es/track/990984','','','101','http://mp3l.jamendo.com/?trackid=990984&format=mp31&u=0');
UPDATE track SET album_id='116568' WHERE id='990984';
UPDATE track SET text='' WHERE id='990984';
INSERT INTO track VALUES('990985','Majestic Baroque Expressive Symphonic Orchestra Works Theme Soundtrack 008','http://www.jamendo.com/es/track/990985','','','107','http://mp3l.jamendo.com/?trackid=990985&format=mp31&u=0');
UPDATE track SET album_id='116568' WHERE id='990985';
UPDATE track SET text='' WHERE id='990985';
INSERT INTO track VALUES('990986','Majestic Baroque Expressive Symphonic Orchestra Works Theme Soundtrack 010','http://www.jamendo.com/es/track/990986','','','102','http://mp3l.jamendo.com/?trackid=990986&format=mp31&u=0');
UPDATE track SET album_id='116568' WHERE id='990986';
UPDATE track SET text='' WHERE id='990986';
INSERT INTO track VALUES('990987','Majestic Baroque Expressive Symphonic Orchestra Works Theme Soundtrack 003','http://www.jamendo.com/es/track/990987','','','126','http://mp3l.jamendo.com/?trackid=990987&format=mp31&u=0');
UPDATE track SET album_id='116568' WHERE id='990987';
UPDATE track SET text='' WHERE id='990987';
INSERT INTO album VALUES('116569','Magical Emotional Expressive Ambient Atmosphere Soundtrack Instrumental Album n°88','http://www.jamendo.com/es/album/116569','http://imgjam.com/albums/s116/116569/covers/1.100.jpg','3','448');
UPDATE album SET artist_id='420766' WHERE id='116569';
INSERT INTO track VALUES('990988','Magical Emotional Expressive Ambient Atmosphere Soundtrack 005','http://www.jamendo.com/es/track/990988','','','105','http://mp3l.jamendo.com/?trackid=990988&format=mp31&u=0');
UPDATE track SET album_id='116569' WHERE id='990988';
UPDATE track SET text='' WHERE id='990988';
INSERT INTO track VALUES('990989','Magical Emotional Expressive Ambient Atmosphere Soundtrack 009','http://www.jamendo.com/es/track/990989','','','154','http://mp3l.jamendo.com/?trackid=990989&format=mp31&u=0');
UPDATE track SET album_id='116569' WHERE id='990989';
UPDATE track SET text='' WHERE id='990989';
INSERT INTO track VALUES('990990','Magical Majestic Expressive Ambient Atmosphere Soundtrack 002','http://www.jamendo.com/es/track/990990','','','93','http://mp3l.jamendo.com/?trackid=990990&format=mp31&u=0');
UPDATE track SET album_id='116569' WHERE id='990990';
UPDATE track SET text='' WHERE id='990990';
INSERT INTO track VALUES('990991','Magical Emotional Expressive Ambient Atmosphere Soundtrack 004','http://www.jamendo.com/es/track/990991','','','96','http://mp3l.jamendo.com/?trackid=990991&format=mp31&u=0');
UPDATE track SET album_id='116569' WHERE id='990991';
UPDATE track SET text='' WHERE id='990991';
INSERT INTO album VALUES('116571','Royal Baroque Beautiful Symphonic Orchestra Works Theme Soundtrack Instrumental Album n°89','http://www.jamendo.com/es/album/116571','http://imgjam.com/albums/s116/116571/covers/1.100.jpg','3','947');
UPDATE album SET artist_id='420766' WHERE id='116571';
INSERT INTO track VALUES('990999','Royal Baroque Beautiful Symphonic Orchestra Works Theme Soundtrack 001','http://www.jamendo.com/es/track/990999','','','97','http://mp3l.jamendo.com/?trackid=990999&format=mp31&u=0');
UPDATE track SET album_id='116571' WHERE id='990999';
UPDATE track SET text='' WHERE id='990999';
INSERT INTO track VALUES('990992','Royal Baroque Beautiful Symphonic Orchestra Works Theme Soundtrack 002','http://www.jamendo.com/es/track/990992','','','96','http://mp3l.jamendo.com/?trackid=990992&format=mp31&u=0');
UPDATE track SET album_id='116571' WHERE id='990992';
UPDATE track SET text='' WHERE id='990992';
INSERT INTO track VALUES('990997','Royal Baroque Beautiful Symphonic Orchestra Works Theme Soundtrack 003','http://www.jamendo.com/es/track/990997','','','96','http://mp3l.jamendo.com/?trackid=990997&format=mp31&u=0');
UPDATE track SET album_id='116571' WHERE id='990997';
UPDATE track SET text='' WHERE id='990997';
INSERT INTO track VALUES('990993','Royal Baroque Beautiful Symphonic Orchestra Works Theme Soundtrack 004','http://www.jamendo.com/es/track/990993','','','96','http://mp3l.jamendo.com/?trackid=990993&format=mp31&u=0');
UPDATE track SET album_id='116571' WHERE id='990993';
UPDATE track SET text='' WHERE id='990993';
INSERT INTO track VALUES('990998','Royal Baroque Beautiful Symphonic Orchestra Works Theme Soundtrack 005','http://www.jamendo.com/es/track/990998','','','95','http://mp3l.jamendo.com/?trackid=990998&format=mp31&u=0');
UPDATE track SET album_id='116571' WHERE id='990998';
UPDATE track SET text='' WHERE id='990998';
INSERT INTO track VALUES('990994','Royal Baroque Beautiful Symphonic Orchestra Works Theme Soundtrack 006','http://www.jamendo.com/es/track/990994','','','94','http://mp3l.jamendo.com/?trackid=990994&format=mp31&u=0');
UPDATE track SET album_id='116571' WHERE id='990994';
UPDATE track SET text='' WHERE id='990994';
INSERT INTO track VALUES('991000','Royal Baroque Beautiful Symphonic Orchestra Works Theme Soundtrack 007','http://www.jamendo.com/es/track/991000','','','94','http://mp3l.jamendo.com/?trackid=991000&format=mp31&u=0');
UPDATE track SET album_id='116571' WHERE id='991000';
UPDATE track SET text='' WHERE id='991000';
INSERT INTO track VALUES('990995','Royal Baroque Beautiful Symphonic Orchestra Works Theme Soundtrack 008','http://www.jamendo.com/es/track/990995','','','94','http://mp3l.jamendo.com/?trackid=990995&format=mp31&u=0');
UPDATE track SET album_id='116571' WHERE id='990995';
UPDATE track SET text='' WHERE id='990995';
INSERT INTO track VALUES('991001','Royal Baroque Beautiful Symphonic Orchestra Works Theme Soundtrack 009','http://www.jamendo.com/es/track/991001','','','93','http://mp3l.jamendo.com/?trackid=991001&format=mp31&u=0');
UPDATE track SET album_id='116571' WHERE id='991001';
UPDATE track SET text='' WHERE id='991001';
INSERT INTO track VALUES('990996','Royal Baroque Beautiful Symphonic Orchestra Works Theme Soundtrack 010','http://www.jamendo.com/es/track/990996','','','92','http://mp3l.jamendo.com/?trackid=990996&format=mp31&u=0');
UPDATE track SET album_id='116571' WHERE id='990996';
UPDATE track SET text='' WHERE id='990996';
INSERT INTO album VALUES('116572','Spring Season Yoga Meditation Chillout Relax Wellness Atmosphere Chillout Instrumental Album n°90','http://www.jamendo.com/es/album/116572','http://imgjam.com/albums/s116/116572/covers/1.100.jpg','2','1839');
UPDATE album SET artist_id='420766' WHERE id='116572';
INSERT INTO track VALUES('991003','Spring Season Yoga Meditation Chillout Relax Wellness Atmosphere','http://www.jamendo.com/es/track/991003','','','149','http://mp3l.jamendo.com/?trackid=991003&format=mp31&u=0');
UPDATE track SET album_id='116572' WHERE id='991003';
UPDATE track SET text='' WHERE id='991003';
INSERT INTO track VALUES('991006','Stunning Winter Yoga Meditation Chillout Relax Wellness Moods 001','http://www.jamendo.com/es/track/991006','','','154','http://mp3l.jamendo.com/?trackid=991006&format=mp31&u=0');
UPDATE track SET album_id='116572' WHERE id='991006';
UPDATE track SET text='' WHERE id='991006';
INSERT INTO track VALUES('991013','Stunning Winter Yoga Meditation Chillout Relax Wellness Moods 002','http://www.jamendo.com/es/track/991013','','','146','http://mp3l.jamendo.com/?trackid=991013&format=mp31&u=0');
UPDATE track SET album_id='116572' WHERE id='991013';
UPDATE track SET text='' WHERE id='991013';
INSERT INTO track VALUES('991008','Stunning Winter Yoga Meditation Chillout Relax Wellness Moods 003','http://www.jamendo.com/es/track/991008','','','151','http://mp3l.jamendo.com/?trackid=991008&format=mp31&u=0');
UPDATE track SET album_id='116572' WHERE id='991008';
UPDATE track SET text='' WHERE id='991008';
INSERT INTO track VALUES('991002','Stunning Winter Yoga Meditation Chillout Relax Wellness Moods 004','http://www.jamendo.com/es/track/991002','','','158','http://mp3l.jamendo.com/?trackid=991002&format=mp31&u=0');
UPDATE track SET album_id='116572' WHERE id='991002';
UPDATE track SET text='' WHERE id='991002';
INSERT INTO track VALUES('991009','Stunning Winter Yoga Meditation Chillout Relax Wellness Moods 005','http://www.jamendo.com/es/track/991009','','','148','http://mp3l.jamendo.com/?trackid=991009&format=mp31&u=0');
UPDATE track SET album_id='116572' WHERE id='991009';
UPDATE track SET text='' WHERE id='991009';
INSERT INTO track VALUES('991004','Stunning Winter Yoga Meditation Chillout Relax Wellness Moods 006','http://www.jamendo.com/es/track/991004','','','158','http://mp3l.jamendo.com/?trackid=991004&format=mp31&u=0');
UPDATE track SET album_id='116572' WHERE id='991004';
UPDATE track SET text='' WHERE id='991004';
INSERT INTO track VALUES('991011','Stunning Winter Yoga Meditation Chillout Relax Wellness Moods 007','http://www.jamendo.com/es/track/991011','','','158','http://mp3l.jamendo.com/?trackid=991011&format=mp31&u=0');
UPDATE track SET album_id='116572' WHERE id='991011';
UPDATE track SET text='' WHERE id='991011';
INSERT INTO track VALUES('991005','Stunning Winter Yoga Meditation Chillout Relax Wellness Moods 008','http://www.jamendo.com/es/track/991005','','','151','http://mp3l.jamendo.com/?trackid=991005&format=mp31&u=0');
UPDATE track SET album_id='116572' WHERE id='991005';
UPDATE track SET text='' WHERE id='991005';
INSERT INTO track VALUES('991012','Stunning Winter Yoga Meditation Chillout Relax Wellness Moods 009','http://www.jamendo.com/es/track/991012','','','154','http://mp3l.jamendo.com/?trackid=991012&format=mp31&u=0');
UPDATE track SET album_id='116572' WHERE id='991012';
UPDATE track SET text='' WHERE id='991012';
INSERT INTO track VALUES('991010','Stunning Winter Yoga Meditation Chillout Relax Wellness Moods 010','http://www.jamendo.com/es/track/991010','','','155','http://mp3l.jamendo.com/?trackid=991010&format=mp31&u=0');
UPDATE track SET album_id='116572' WHERE id='991010';
UPDATE track SET text='' WHERE id='991010';
INSERT INTO track VALUES('991007','Summer Moon Yoga Meditation Chillout Relax Wellness Atmosphere','http://www.jamendo.com/es/track/991007','','','157','http://mp3l.jamendo.com/?trackid=991007&format=mp31&u=0');
UPDATE track SET album_id='116572' WHERE id='991007';
UPDATE track SET text='' WHERE id='991007';
INSERT INTO album VALUES('116575','Traditional Jazz Collection At The Jazz Club Swing Funk Instrumental Album n°90','http://www.jamendo.com/es/album/116575','http://imgjam.com/albums/s116/116575/covers/1.100.jpg','2','8122');
UPDATE album SET artist_id='420766' WHERE id='116575';
INSERT INTO track VALUES('991033','Traditional Jazz Collection At The Jazz Club','http://www.jamendo.com/es/track/991033','','','175','http://mp3l.jamendo.com/?trackid=991033&format=mp31&u=0');
UPDATE track SET album_id='116575' WHERE id='991033';
UPDATE track SET text='' WHERE id='991033';
INSERT INTO playlist_track VALUES('192085','991033');
INSERT INTO playlist_track VALUES('227311','991033');
INSERT INTO playlist_track VALUES('227534','991033');
INSERT INTO playlist_track VALUES('227776','991033');
INSERT INTO track VALUES('991016','Traditional Jazz Collection Finest Jazz','http://www.jamendo.com/es/track/991016','','','176','http://mp3l.jamendo.com/?trackid=991016&format=mp31&u=0');
UPDATE track SET album_id='116575' WHERE id='991016';
UPDATE track SET text='' WHERE id='991016';
INSERT INTO playlist_track VALUES('226937','991016');
INSERT INTO playlist_track VALUES('227109','991016');
INSERT INTO playlist_track VALUES('227287','991016');
INSERT INTO playlist_track VALUES('227484','991016');
INSERT INTO playlist_track VALUES('227508','991016');
INSERT INTO playlist_track VALUES('227534','991016');
INSERT INTO playlist_track VALUES('227776','991016');
INSERT INTO track VALUES('991019','Traditional Old Jazz Swing Classics 001','http://www.jamendo.com/es/track/991019','','','366','http://mp3l.jamendo.com/?trackid=991019&format=mp31&u=0');
UPDATE track SET album_id='116575' WHERE id='991019';
UPDATE track SET text='' WHERE id='991019';
INSERT INTO playlist_track VALUES('227534','991019');
INSERT INTO playlist_track VALUES('227776','991019');
INSERT INTO track VALUES('991023','Traditional Old Jazz Swing Classics 002','http://www.jamendo.com/es/track/991023','','','175','http://mp3l.jamendo.com/?trackid=991023&format=mp31&u=0');
UPDATE track SET album_id='116575' WHERE id='991023';
UPDATE track SET text='' WHERE id='991023';
INSERT INTO playlist_track VALUES('226937','991023');
INSERT INTO playlist_track VALUES('227109','991023');
INSERT INTO playlist_track VALUES('227287','991023');
INSERT INTO playlist_track VALUES('227484','991023');
INSERT INTO playlist_track VALUES('227508','991023');
INSERT INTO playlist_track VALUES('227534','991023');
INSERT INTO playlist_track VALUES('227776','991023');
INSERT INTO track VALUES('991027','Traditional Old Jazz Swing Classics 003','http://www.jamendo.com/es/track/991027','','','175','http://mp3l.jamendo.com/?trackid=991027&format=mp31&u=0');
UPDATE track SET album_id='116575' WHERE id='991027';
UPDATE track SET text='' WHERE id='991027';
INSERT INTO playlist_track VALUES('227534','991027');
INSERT INTO playlist_track VALUES('227776','991027');
INSERT INTO track VALUES('991030','Traditional Old Jazz Swing Classics 004','http://www.jamendo.com/es/track/991030','','','175','http://mp3l.jamendo.com/?trackid=991030&format=mp31&u=0');
UPDATE track SET album_id='116575' WHERE id='991030';
UPDATE track SET text='' WHERE id='991030';
INSERT INTO track VALUES('991035','Traditional Old Jazz Swing Classics 005','http://www.jamendo.com/es/track/991035','','','366','http://mp3l.jamendo.com/?trackid=991035&format=mp31&u=0');
UPDATE track SET album_id='116575' WHERE id='991035';
UPDATE track SET text='' WHERE id='991035';
INSERT INTO playlist_track VALUES('226937','991035');
INSERT INTO playlist_track VALUES('227109','991035');
INSERT INTO playlist_track VALUES('227287','991035');
INSERT INTO playlist_track VALUES('227484','991035');
INSERT INTO playlist_track VALUES('227508','991035');
INSERT INTO playlist_track VALUES('227534','991035');
INSERT INTO playlist_track VALUES('227776','991035');
INSERT INTO track VALUES('991038','Traditional Old Jazz Swing Classics 006','http://www.jamendo.com/es/track/991038','','','175','http://mp3l.jamendo.com/?trackid=991038&format=mp31&u=0');
UPDATE track SET album_id='116575' WHERE id='991038';
UPDATE track SET text='' WHERE id='991038';
INSERT INTO track VALUES('991015','Traditional Old Jazz Swing Classics 007','http://www.jamendo.com/es/track/991015','','','175','http://mp3l.jamendo.com/?trackid=991015&format=mp31&u=0');
UPDATE track SET album_id='116575' WHERE id='991015';
UPDATE track SET text='' WHERE id='991015';
INSERT INTO track VALUES('991018','Traditional Old Jazz Swing Classics 008','http://www.jamendo.com/es/track/991018','','','366','http://mp3l.jamendo.com/?trackid=991018&format=mp31&u=0');
UPDATE track SET album_id='116575' WHERE id='991018';
UPDATE track SET text='' WHERE id='991018';
INSERT INTO playlist_track VALUES('227534','991018');
INSERT INTO playlist_track VALUES('227776','991018');
INSERT INTO track VALUES('991024','Traditional Old Jazz Swing Classics 009','http://www.jamendo.com/es/track/991024','','','175','http://mp3l.jamendo.com/?trackid=991024&format=mp31&u=0');
UPDATE track SET album_id='116575' WHERE id='991024';
UPDATE track SET text='' WHERE id='991024';
INSERT INTO track VALUES('991029','Traditional Old Jazz Swing Classics 010','http://www.jamendo.com/es/track/991029','','','175','http://mp3l.jamendo.com/?trackid=991029&format=mp31&u=0');
UPDATE track SET album_id='116575' WHERE id='991029';
UPDATE track SET text='' WHERE id='991029';
INSERT INTO track VALUES('991014','Traditional Old Jazz Swing Classics 011','http://www.jamendo.com/es/track/991014','','','188','http://mp3l.jamendo.com/?trackid=991014&format=mp31&u=0');
UPDATE track SET album_id='116575' WHERE id='991014';
UPDATE track SET text='' WHERE id='991014';
INSERT INTO playlist_track VALUES('227534','991014');
INSERT INTO playlist_track VALUES('227776','991014');
INSERT INTO track VALUES('991039','Traditional Old Jazz Swing Classics 012','http://www.jamendo.com/es/track/991039','','','366','http://mp3l.jamendo.com/?trackid=991039&format=mp31&u=0');
UPDATE track SET album_id='116575' WHERE id='991039';
UPDATE track SET text='' WHERE id='991039';
INSERT INTO playlist_track VALUES('192085','991039');
INSERT INTO playlist_track VALUES('227534','991039');
INSERT INTO playlist_track VALUES('227776','991039');
INSERT INTO track VALUES('991017','Traditional Old Jazz Swing Classics 013','http://www.jamendo.com/es/track/991017','','','366','http://mp3l.jamendo.com/?trackid=991017&format=mp31&u=0');
UPDATE track SET album_id='116575' WHERE id='991017';
UPDATE track SET text='' WHERE id='991017';
INSERT INTO track VALUES('991021','Traditional Old Jazz Swing Classics 014','http://www.jamendo.com/es/track/991021','','','366','http://mp3l.jamendo.com/?trackid=991021&format=mp31&u=0');
UPDATE track SET album_id='116575' WHERE id='991021';
UPDATE track SET text='' WHERE id='991021';
INSERT INTO track VALUES('991028','Traditional Old Jazz Swing Classics 015','http://www.jamendo.com/es/track/991028','','','365','http://mp3l.jamendo.com/?trackid=991028&format=mp31&u=0');
UPDATE track SET album_id='116575' WHERE id='991028';
UPDATE track SET text='' WHERE id='991028';
INSERT INTO track VALUES('991032','Traditional Old Jazz Swing Classics 016','http://www.jamendo.com/es/track/991032','','','366','http://mp3l.jamendo.com/?trackid=991032&format=mp31&u=0');
UPDATE track SET album_id='116575' WHERE id='991032';
UPDATE track SET text='' WHERE id='991032';
INSERT INTO playlist_track VALUES('226937','991032');
INSERT INTO playlist_track VALUES('227109','991032');
INSERT INTO playlist_track VALUES('227287','991032');
INSERT INTO playlist_track VALUES('227484','991032');
INSERT INTO playlist_track VALUES('227508','991032');
INSERT INTO playlist_track VALUES('227534','991032');
INSERT INTO playlist_track VALUES('227776','991032');
INSERT INTO track VALUES('991037','Traditional Old Jazz Swing Classics 017','http://www.jamendo.com/es/track/991037','','','366','http://mp3l.jamendo.com/?trackid=991037&format=mp31&u=0');
UPDATE track SET album_id='116575' WHERE id='991037';
UPDATE track SET text='' WHERE id='991037';
INSERT INTO track VALUES('991022','Traditional Old Jazz Swing Classics 018','http://www.jamendo.com/es/track/991022','','','367','http://mp3l.jamendo.com/?trackid=991022&format=mp31&u=0');
UPDATE track SET album_id='116575' WHERE id='991022';
UPDATE track SET text='' WHERE id='991022';
INSERT INTO playlist_track VALUES('227534','991022');
INSERT INTO playlist_track VALUES('227776','991022');
INSERT INTO track VALUES('991020','Traditional Old Jazz Swing Classics 019','http://www.jamendo.com/es/track/991020','','','366','http://mp3l.jamendo.com/?trackid=991020&format=mp31&u=0');
UPDATE track SET album_id='116575' WHERE id='991020';
UPDATE track SET text='' WHERE id='991020';
INSERT INTO track VALUES('991025','Traditional Old Jazz Swing Classics 020','http://www.jamendo.com/es/track/991025','','','366','http://mp3l.jamendo.com/?trackid=991025&format=mp31&u=0');
UPDATE track SET album_id='116575' WHERE id='991025';
UPDATE track SET text='' WHERE id='991025';
INSERT INTO track VALUES('991034','Traditional Old Jazz Swing Classics 021','http://www.jamendo.com/es/track/991034','','','175','http://mp3l.jamendo.com/?trackid=991034&format=mp31&u=0');
UPDATE track SET album_id='116575' WHERE id='991034';
UPDATE track SET text='' WHERE id='991034';
INSERT INTO track VALUES('991036','Traditional Old Jazz Swing Classics 022','http://www.jamendo.com/es/track/991036','','','720','http://mp3l.jamendo.com/?trackid=991036&format=mp31&u=0');
UPDATE track SET album_id='116575' WHERE id='991036';
UPDATE track SET text='' WHERE id='991036';
INSERT INTO track VALUES('991040','Traditional Old Jazz Swing Classics 023','http://www.jamendo.com/es/track/991040','','','721','http://mp3l.jamendo.com/?trackid=991040&format=mp31&u=0');
UPDATE track SET album_id='116575' WHERE id='991040';
UPDATE track SET text='' WHERE id='991040';
INSERT INTO track VALUES('991026','Traditional Old Jazz Swing Classics 024','http://www.jamendo.com/es/track/991026','','','175','http://mp3l.jamendo.com/?trackid=991026&format=mp31&u=0');
UPDATE track SET album_id='116575' WHERE id='991026';
UPDATE track SET text='' WHERE id='991026';
INSERT INTO track VALUES('991031','Traditional Old Jazz Swing Classics 025','http://www.jamendo.com/es/track/991031','','','175','http://mp3l.jamendo.com/?trackid=991031&format=mp31&u=0');
UPDATE track SET album_id='116575' WHERE id='991031';
UPDATE track SET text='' WHERE id='991031';
INSERT INTO album VALUES('116576','Trip Hop Electro Big Beat Minimal Dark Future Theme Instrumental Song Album n°91','http://www.jamendo.com/es/album/116576','http://imgjam.com/albums/s116/116576/covers/1.100.jpg','3','1042');
UPDATE album SET artist_id='420766' WHERE id='116576';
INSERT INTO track VALUES('991069','Trip Hop Electro Big Beat Minimal Dark Future Theme Song','http://www.jamendo.com/es/track/991069','','','113','http://mp3l.jamendo.com/?trackid=991069&format=mp31&u=0');
UPDATE track SET album_id='116576' WHERE id='991069';
UPDATE track SET text='' WHERE id='991069';
INSERT INTO track VALUES('991063','Trip Hop Electro Big Beat Minimal Future Business Theme Song','http://www.jamendo.com/es/track/991063','','','191','http://mp3l.jamendo.com/?trackid=991063&format=mp31&u=0');
UPDATE track SET album_id='116576' WHERE id='991063';
UPDATE track SET text='' WHERE id='991063';
INSERT INTO track VALUES('991067','Trip Hop Electro Big Beat Minimal Future Happiness Theme Song','http://www.jamendo.com/es/track/991067','','','100','http://mp3l.jamendo.com/?trackid=991067&format=mp31&u=0');
UPDATE track SET album_id='116576' WHERE id='991067';
UPDATE track SET text='' WHERE id='991067';
INSERT INTO track VALUES('991064','Trip Hop Electro Big Beat Minimal Future Highlights Theme Song','http://www.jamendo.com/es/track/991064','','','125','http://mp3l.jamendo.com/?trackid=991064&format=mp31&u=0');
UPDATE track SET album_id='116576' WHERE id='991064';
UPDATE track SET text='' WHERE id='991064';
INSERT INTO track VALUES('991068','Trip Hop Electro Big Beat Minimal Future Innovations Theme Song','http://www.jamendo.com/es/track/991068','','','125','http://mp3l.jamendo.com/?trackid=991068&format=mp31&u=0');
UPDATE track SET album_id='116576' WHERE id='991068';
UPDATE track SET text='' WHERE id='991068';
INSERT INTO track VALUES('991065','Trip Hop Electro Big Beat Minimal Future Solutions Theme Song','http://www.jamendo.com/es/track/991065','','','163','http://mp3l.jamendo.com/?trackid=991065&format=mp31&u=0');
UPDATE track SET album_id='116576' WHERE id='991065';
UPDATE track SET text='' WHERE id='991065';
INSERT INTO track VALUES('991070','Trip Hop Electro Big Beat Minimal Future Spacecraft Theme Song','http://www.jamendo.com/es/track/991070','','','108','http://mp3l.jamendo.com/?trackid=991070&format=mp31&u=0');
UPDATE track SET album_id='116576' WHERE id='991070';
UPDATE track SET text='' WHERE id='991070';
INSERT INTO track VALUES('991066','Trip Hop Electro Big Beat Minimal Future Success Theme Song','http://www.jamendo.com/es/track/991066','','','117','http://mp3l.jamendo.com/?trackid=991066&format=mp31&u=0');
UPDATE track SET album_id='116576' WHERE id='991066';
UPDATE track SET text='' WHERE id='991066';
INSERT INTO album VALUES('116577','Urban Rap RnB Soul Black Music HipHop Storys Beat Album n°92','http://www.jamendo.com/es/album/116577','http://imgjam.com/albums/s116/116577/covers/1.100.jpg','3','831');
UPDATE album SET artist_id='420766' WHERE id='116577';
INSERT INTO track VALUES('991073','Urban Rap RnB Soul HipHop Storys Beat','http://www.jamendo.com/es/track/991073','','','106','http://mp3l.jamendo.com/?trackid=991073&format=mp31&u=0');
UPDATE track SET album_id='116577' WHERE id='991073';
UPDATE track SET text='' WHERE id='991073';
INSERT INTO track VALUES('991071','Urban Rap Gangster HipHop Crime Beat','http://www.jamendo.com/es/track/991071','','','182','http://mp3l.jamendo.com/?trackid=991071&format=mp31&u=0');
UPDATE track SET album_id='116577' WHERE id='991071';
UPDATE track SET text='' WHERE id='991071';
INSERT INTO track VALUES('991072','Urban Rap Gangster HipHop Player Beat','http://www.jamendo.com/es/track/991072','','','192','http://mp3l.jamendo.com/?trackid=991072&format=mp31&u=0');
UPDATE track SET album_id='116577' WHERE id='991072';
UPDATE track SET text='' WHERE id='991072';
INSERT INTO track VALUES('991074','Urban HipHop RNB Soul Love Beat','http://www.jamendo.com/es/track/991074','','','120','http://mp3l.jamendo.com/?trackid=991074&format=mp31&u=0');
UPDATE track SET album_id='116577' WHERE id='991074';
UPDATE track SET text='' WHERE id='991074';
INSERT INTO track VALUES('991075','Urban RnB Soul HipHop Summer Beat','http://www.jamendo.com/es/track/991075','','','231','http://mp3l.jamendo.com/?trackid=991075&format=mp31&u=0');
UPDATE track SET album_id='116577' WHERE id='991075';
UPDATE track SET text='' WHERE id='991075';
INSERT INTO album VALUES('116578','Yoga Chillout Wellness Relax Background Ambient Instrumental Music Album n°93','http://www.jamendo.com/es/album/116578','http://imgjam.com/albums/s116/116578/covers/1.100.jpg','3','279');
UPDATE album SET artist_id='420766' WHERE id='116578';
INSERT INTO track VALUES('991085','Yoga Chillout Relax Background Ambient Music','http://www.jamendo.com/es/track/991085','','','104','http://mp3l.jamendo.com/?trackid=991085&format=mp31&u=0');
UPDATE track SET album_id='116578' WHERE id='991085';
UPDATE track SET text='' WHERE id='991085';
INSERT INTO track VALUES('991086','Yoga Health Relaxing Chillout Moods','http://www.jamendo.com/es/track/991086','','','175','http://mp3l.jamendo.com/?trackid=991086&format=mp31&u=0');
UPDATE track SET album_id='116578' WHERE id='991086';
UPDATE track SET text='' WHERE id='991086';
INSERT INTO album VALUES('116581','Futuristic Ambient Atmosphere Future Space Rhodes Soundscape Instrumental Theme Album n°96','http://www.jamendo.com/es/album/116581','http://imgjam.com/albums/s116/116581/covers/1.100.jpg','3','736');
UPDATE album SET artist_id='420766' WHERE id='116581';
INSERT INTO track VALUES('991090','Futuristic Ambient Atmosphere Space Rhodes Soundscape Theme 001','http://www.jamendo.com/es/track/991090','','','132','http://mp3l.jamendo.com/?trackid=991090&format=mp31&u=0');
UPDATE track SET album_id='116581' WHERE id='991090';
UPDATE track SET text='' WHERE id='991090';
INSERT INTO track VALUES('991087','Futuristic Ambient Atmosphere Space Rhodes Soundscape Theme 002','http://www.jamendo.com/es/track/991087','','','120','http://mp3l.jamendo.com/?trackid=991087&format=mp31&u=0');
UPDATE track SET album_id='116581' WHERE id='991087';
UPDATE track SET text='' WHERE id='991087';
INSERT INTO track VALUES('991088','Futuristic Ambient Atmosphere Space Rhodes Soundscape Theme 003','http://www.jamendo.com/es/track/991088','','','117','http://mp3l.jamendo.com/?trackid=991088&format=mp31&u=0');
UPDATE track SET album_id='116581' WHERE id='991088';
UPDATE track SET text='' WHERE id='991088';
INSERT INTO track VALUES('991089','Futuristic Ambient Atmosphere Space Rhodes Soundscape Theme 004','http://www.jamendo.com/es/track/991089','','','102','http://mp3l.jamendo.com/?trackid=991089&format=mp31&u=0');
UPDATE track SET album_id='116581' WHERE id='991089';
UPDATE track SET text='' WHERE id='991089';
INSERT INTO track VALUES('991092','Futuristic Ambient Atmosphere Space Rhodes Soundscape Theme 005','http://www.jamendo.com/es/track/991092','','','123','http://mp3l.jamendo.com/?trackid=991092&format=mp31&u=0');
UPDATE track SET album_id='116581' WHERE id='991092';
UPDATE track SET text='' WHERE id='991092';
INSERT INTO track VALUES('991091','Futuristic Ambient Atmosphere Space Rhodes Soundscape Theme 006','http://www.jamendo.com/es/track/991091','','','142','http://mp3l.jamendo.com/?trackid=991091&format=mp31&u=0');
UPDATE track SET album_id='116581' WHERE id='991091';
UPDATE track SET text='' WHERE id='991091';
INSERT INTO album VALUES('116582','Business Ambient Hard Rock Background Lounge Music Instrumental Album n°97','http://www.jamendo.com/es/album/116582','http://imgjam.com/albums/s116/116582/covers/1.100.jpg','3','771');
UPDATE album SET artist_id='420766' WHERE id='116582';
INSERT INTO track VALUES('991106','Business Ambient Hard Rock Background Lounge Music','http://www.jamendo.com/es/track/991106','','','231','http://mp3l.jamendo.com/?trackid=991106&format=mp31&u=0');
UPDATE track SET album_id='116582' WHERE id='991106';
UPDATE track SET text='' WHERE id='991106';
INSERT INTO track VALUES('991103','Business News TV Commercial Background Music','http://www.jamendo.com/es/track/991103','','','90','http://mp3l.jamendo.com/?trackid=991103&format=mp31&u=0');
UPDATE track SET album_id='116582' WHERE id='991103';
UPDATE track SET text='' WHERE id='991103';
INSERT INTO track VALUES('991104','Chillout Big Beat Lounge Background Music','http://www.jamendo.com/es/track/991104','','','117','http://mp3l.jamendo.com/?trackid=991104&format=mp31&u=0');
UPDATE track SET album_id='116582' WHERE id='991104';
UPDATE track SET text='' WHERE id='991104';
INSERT INTO track VALUES('991105','Chillout Lounge Background Arts Music','http://www.jamendo.com/es/track/991105','','','333','http://mp3l.jamendo.com/?trackid=991105&format=mp31&u=0');
UPDATE track SET album_id='116582' WHERE id='991105';
UPDATE track SET text='' WHERE id='991105';
INSERT INTO album VALUES('116583','Happy Beautiful Positive Modern Rock Pop Guitar Song Instrumental Album n°98','http://www.jamendo.com/es/album/116583','http://imgjam.com/albums/s116/116583/covers/1.100.jpg','2','1431');
UPDATE album SET artist_id='420766' WHERE id='116583';
INSERT INTO track VALUES('991112','A Positive Modern Rock Pop Guitar Song','http://www.jamendo.com/es/track/991112','','','191','http://mp3l.jamendo.com/?trackid=991112&format=mp31&u=0');
UPDATE track SET album_id='116583' WHERE id='991112';
UPDATE track SET text='' WHERE id='991112';
INSERT INTO track VALUES('991107','Beautiful Modern Rock Pop Guitar All Goodness','http://www.jamendo.com/es/track/991107','','','108','http://mp3l.jamendo.com/?trackid=991107&format=mp31&u=0');
UPDATE track SET album_id='116583' WHERE id='991107';
UPDATE track SET text='' WHERE id='991107';
INSERT INTO track VALUES('991110','Beautiful Modern Rock Pop Music Always','http://www.jamendo.com/es/track/991110','','','274','http://mp3l.jamendo.com/?trackid=991110&format=mp31&u=0');
UPDATE track SET album_id='116583' WHERE id='991110';
UPDATE track SET text='' WHERE id='991110';
INSERT INTO track VALUES('991108','Beautiful Rock Pop Think About You','http://www.jamendo.com/es/track/991108','','','199','http://mp3l.jamendo.com/?trackid=991108&format=mp31&u=0');
UPDATE track SET album_id='116583' WHERE id='991108';
UPDATE track SET text='' WHERE id='991108';
INSERT INTO track VALUES('991111','Cinematic Rock Pop Just A Guitar Theme Atmosphere','http://www.jamendo.com/es/track/991111','','','198','http://mp3l.jamendo.com/?trackid=991111&format=mp31&u=0');
UPDATE track SET album_id='116583' WHERE id='991111';
UPDATE track SET text='' WHERE id='991111';
INSERT INTO track VALUES('991109','Cinematic Rock Pop Pursuit Happiness Atmosphere','http://www.jamendo.com/es/track/991109','','','155','http://mp3l.jamendo.com/?trackid=991109&format=mp31&u=0');
UPDATE track SET album_id='116583' WHERE id='991109';
UPDATE track SET text='' WHERE id='991109';
INSERT INTO track VALUES('991113','Cinematic Sad Guitar Atmosphere Forgive Me Theme','http://www.jamendo.com/es/track/991113','','','123','http://mp3l.jamendo.com/?trackid=991113&format=mp31&u=0');
UPDATE track SET album_id='116583' WHERE id='991113';
UPDATE track SET text='' WHERE id='991113';
INSERT INTO track VALUES('991118','Soft Rock Pop Powerful Guitar','http://www.jamendo.com/es/track/991118','','','183','http://mp3l.jamendo.com/?trackid=991118&format=mp31&u=0');
UPDATE track SET album_id='116583' WHERE id='991118';
UPDATE track SET text='' WHERE id='991118';
INSERT INTO album VALUES('116584','Sad Melancholic Sentimental Ambient Sadness Atmosphere Soundtrack Instrumental Album n°99','http://www.jamendo.com/es/album/116584','http://imgjam.com/albums/s116/116584/covers/1.100.jpg','3','251');
UPDATE album SET artist_id='420766' WHERE id='116584';
INSERT INTO track VALUES('991119','Sad Melancholic Sentimental Ambient Atmosphere Soundtrack 003','http://www.jamendo.com/es/track/991119','','','132','http://mp3l.jamendo.com/?trackid=991119&format=mp31&u=0');
UPDATE track SET album_id='116584' WHERE id='991119';
UPDATE track SET text='' WHERE id='991119';
INSERT INTO track VALUES('991120','Sad Melancholic Sentimental Ambient Atmosphere Soundtrack 004','http://www.jamendo.com/es/track/991120','','','119','http://mp3l.jamendo.com/?trackid=991120&format=mp31&u=0');
UPDATE track SET album_id='116584' WHERE id='991120';
UPDATE track SET text='' WHERE id='991120';
INSERT INTO album VALUES('116587','Beautiful Chillout Yoga Peaceful Happy Calm Ambient Atmosphere Soundtrack Instrumental Album n°100','http://www.jamendo.com/es/album/116587','http://imgjam.com/albums/s116/116587/covers/1.100.jpg','3','724');
UPDATE album SET artist_id='420766' WHERE id='116587';
INSERT INTO track VALUES('991121','Beautiful Peaceful Happy Calm Ambient Atmosphere Soundtrack 007','http://www.jamendo.com/es/track/991121','','','135','http://mp3l.jamendo.com/?trackid=991121&format=mp31&u=0');
UPDATE track SET album_id='116587' WHERE id='991121';
UPDATE track SET text='' WHERE id='991121';
INSERT INTO track VALUES('991122','Beautiful Peaceful Happy Calm Ambient Atmosphere Soundtrack 008','http://www.jamendo.com/es/track/991122','','','111','http://mp3l.jamendo.com/?trackid=991122&format=mp31&u=0');
UPDATE track SET album_id='116587' WHERE id='991122';
UPDATE track SET text='' WHERE id='991122';
INSERT INTO track VALUES('991123','Chillout Relax Yoga Atmosphere Theme','http://www.jamendo.com/es/track/991123','','','223','http://mp3l.jamendo.com/?trackid=991123&format=mp31&u=0');
UPDATE track SET album_id='116587' WHERE id='991123';
UPDATE track SET text='' WHERE id='991123';
INSERT INTO track VALUES('991135','Cinematic Peaceful World Soundscape Atmosphere Theme Soundtrack','http://www.jamendo.com/es/track/991135','','','93','http://mp3l.jamendo.com/?trackid=991135&format=mp31&u=0');
UPDATE track SET album_id='116587' WHERE id='991135';
UPDATE track SET text='' WHERE id='991135';
INSERT INTO track VALUES('991133','Cinematic Yoga Chillout Relax Atmosphere Theme','http://www.jamendo.com/es/track/991133','','','162','http://mp3l.jamendo.com/?trackid=991133&format=mp31&u=0');
UPDATE track SET album_id='116587' WHERE id='991133';
UPDATE track SET text='' WHERE id='991133';
INSERT INTO album VALUES('116588','Cinematic A Beautiful Mind Soundscape Atmosphere Theme Soundtrack Album n°101','http://www.jamendo.com/es/album/116588','http://imgjam.com/albums/s116/116588/covers/1.100.jpg','2','1385');
UPDATE album SET artist_id='420766' WHERE id='116588';
INSERT INTO track VALUES('991143','Cinematic A Beautiful Mind Soundscape Atmosphere Theme Soundtrack','http://www.jamendo.com/es/track/991143','','','94','http://mp3l.jamendo.com/?trackid=991143&format=mp31&u=0');
UPDATE track SET album_id='116588' WHERE id='991143';
UPDATE track SET text='' WHERE id='991143';
INSERT INTO track VALUES('991137','Cinematic Ambient Atmospheric Beautiful Bells Soundscape Theme Soundtrack','http://www.jamendo.com/es/track/991137','','','108','http://mp3l.jamendo.com/?trackid=991137&format=mp31&u=0');
UPDATE track SET album_id='116588' WHERE id='991137';
UPDATE track SET text='' WHERE id='991137';
INSERT INTO track VALUES('991141','Cinematic Ambient Atmospheric Chillout Relax Calm Choirs Soundscape Theme Soundtrack','http://www.jamendo.com/es/track/991141','','','94','http://mp3l.jamendo.com/?trackid=991141&format=mp31&u=0');
UPDATE track SET album_id='116588' WHERE id='991141';
UPDATE track SET text='' WHERE id='991141';
INSERT INTO track VALUES('991138','Cinematic Ambient Atmospheric Chillout Relax Space Soundscape Theme Soundtrack','http://www.jamendo.com/es/track/991138','','','117','http://mp3l.jamendo.com/?trackid=991138&format=mp31&u=0');
UPDATE track SET album_id='116588' WHERE id='991138';
UPDATE track SET text='' WHERE id='991138';
INSERT INTO track VALUES('991142','Cinematic Ambient Atmospheric Magic Children Choirs Soundscape Theme Soundtrack','http://www.jamendo.com/es/track/991142','','','139','http://mp3l.jamendo.com/?trackid=991142&format=mp31&u=0');
UPDATE track SET album_id='116588' WHERE id='991142';
UPDATE track SET text='' WHERE id='991142';
INSERT INTO track VALUES('991139','Cinematic Ambient Chillout Theme Soundtrack Score','http://www.jamendo.com/es/track/991139','','','316','http://mp3l.jamendo.com/?trackid=991139&format=mp31&u=0');
UPDATE track SET album_id='116588' WHERE id='991139';
UPDATE track SET text='' WHERE id='991139';
INSERT INTO track VALUES('991144','Cinematic Ambient Relax Chillout Atmosphere','http://www.jamendo.com/es/track/991144','','','120','http://mp3l.jamendo.com/?trackid=991144&format=mp31&u=0');
UPDATE track SET album_id='116588' WHERE id='991144';
UPDATE track SET text='' WHERE id='991144';
INSERT INTO track VALUES('991140','Cinematic Atmospheric Epic Choirs Motion Pictures Soundscape Theme Soundtrack','http://www.jamendo.com/es/track/991140','','','126','http://mp3l.jamendo.com/?trackid=991140&format=mp31&u=0');
UPDATE track SET album_id='116588' WHERE id='991140';
UPDATE track SET text='' WHERE id='991140';
INSERT INTO track VALUES('991145','Cinematic Beautiful Impressive Atmosphere Chillout','http://www.jamendo.com/es/track/991145','','','157','http://mp3l.jamendo.com/?trackid=991145&format=mp31&u=0');
UPDATE track SET album_id='116588' WHERE id='991145';
UPDATE track SET text='' WHERE id='991145';
INSERT INTO track VALUES('991146','Cinematic Why We Fight Soundscape Atmosphere Theme Soundtrack','http://www.jamendo.com/es/track/991146','','','114','http://mp3l.jamendo.com/?trackid=991146&format=mp31&u=0');
UPDATE track SET album_id='116588' WHERE id='991146';
UPDATE track SET text='' WHERE id='991146';
INSERT INTO album VALUES('116590','Breakbeat Trip Hop Dubstep Drum And Bass Jungle Futuristic Dark Floors Album n°102','http://www.jamendo.com/es/album/116590','http://imgjam.com/albums/s116/116590/covers/1.100.jpg','3','360');
UPDATE album SET artist_id='420766' WHERE id='116590';
INSERT INTO track VALUES('991152','Ambient Chillout Drum and Bass','http://www.jamendo.com/es/track/991152','','','182','http://mp3l.jamendo.com/?trackid=991152&format=mp31&u=0');
UPDATE track SET album_id='116590' WHERE id='991152';
UPDATE track SET text='' WHERE id='991152';
INSERT INTO track VALUES('991151','Beautiful Melodies Drum and Bass','http://www.jamendo.com/es/track/991151','','','178','http://mp3l.jamendo.com/?trackid=991151&format=mp31&u=0');
UPDATE track SET album_id='116590' WHERE id='991151';
UPDATE track SET text='' WHERE id='991151';
INSERT INTO album VALUES('116592','Minimal Electro Techno Dance House Club Night Album n°103','http://www.jamendo.com/es/album/116592','http://imgjam.com/albums/s116/116592/covers/1.100.jpg','3','839');
UPDATE album SET artist_id='420766' WHERE id='116592';
INSERT INTO track VALUES('991158','Arabic Oriental Drums Electro Lounge Music','http://www.jamendo.com/es/track/991158','','','110','http://mp3l.jamendo.com/?trackid=991158&format=mp31&u=0');
UPDATE track SET album_id='116592' WHERE id='991158';
UPDATE track SET text='' WHERE id='991158';
INSERT INTO track VALUES('991157','Beautiful Melodic Electro House','http://www.jamendo.com/es/track/991157','','','141','http://mp3l.jamendo.com/?trackid=991157&format=mp31&u=0');
UPDATE track SET album_id='116592' WHERE id='991157';
UPDATE track SET text='' WHERE id='991157';
INSERT INTO track VALUES('991156','Cinematic Impressive Electro House','http://www.jamendo.com/es/track/991156','','','372','http://mp3l.jamendo.com/?trackid=991156&format=mp31&u=0');
UPDATE track SET album_id='116592' WHERE id='991156';
UPDATE track SET text='' WHERE id='991156';
INSERT INTO track VALUES('991154','House Electro Summer Hit Club Music','http://www.jamendo.com/es/track/991154','','','216','http://mp3l.jamendo.com/?trackid=991154&format=mp31&u=0');
UPDATE track SET album_id='116592' WHERE id='991154';
UPDATE track SET text='' WHERE id='991154';
INSERT INTO album VALUES('116594','Cinematic Latin Brasil Spanish Samba Instrumental Soundtrack Album n°104','http://www.jamendo.com/es/album/116594','http://imgjam.com/albums/s116/116594/covers/1.100.jpg','3','956');
UPDATE album SET artist_id='420766' WHERE id='116594';
INSERT INTO track VALUES('991170','Black Gospel Church Praise The Lord','http://www.jamendo.com/es/track/991170','','','190','http://mp3l.jamendo.com/?trackid=991170&format=mp31&u=0');
UPDATE track SET album_id='116594' WHERE id='991170';
UPDATE track SET text='' WHERE id='991170';
INSERT INTO track VALUES('991168','Brazilian Latin Music Chillout Sunset','http://www.jamendo.com/es/track/991168','','','335','http://mp3l.jamendo.com/?trackid=991168&format=mp31&u=0');
UPDATE track SET album_id='116594' WHERE id='991168';
UPDATE track SET text='' WHERE id='991168';
INSERT INTO track VALUES('991167','Brazilian Latin Music Samba Pure Summer Feelings','http://www.jamendo.com/es/track/991167','','','212','http://mp3l.jamendo.com/?trackid=991167&format=mp31&u=0');
UPDATE track SET album_id='116594' WHERE id='991167';
UPDATE track SET text='' WHERE id='991167';
INSERT INTO playlist_track VALUES('227311','991167');
INSERT INTO track VALUES('991169','Cinematic China Emperor And His Empire Theme Score','http://www.jamendo.com/es/track/991169','','','219','http://mp3l.jamendo.com/?trackid=991169&format=mp31&u=0');
UPDATE track SET album_id='116594' WHERE id='991169';
UPDATE track SET text='' WHERE id='991169';
INSERT INTO playlist_track VALUES('192085','991169');
INSERT INTO playlist VALUES('227543','JamendoProRadioZip_tourdumonde','http://www.jamendo.com/es/playlist/227543','89275');
INSERT INTO playlist_track VALUES('227543','991169');
INSERT INTO playlist VALUES('227544','JamendoProRadioZip_welcomeasia','http://www.jamendo.com/es/playlist/227544','38925');
INSERT INTO playlist_track VALUES('227544','991169');
INSERT INTO playlist VALUES('227785','JamendoProRadioZip_tourdumonde','http://www.jamendo.com/es/playlist/227785','89477');
INSERT INTO playlist_track VALUES('227785','991169');
INSERT INTO playlist VALUES('227786','JamendoProRadioZip_welcomeasia','http://www.jamendo.com/es/playlist/227786','38925');
INSERT INTO playlist_track VALUES('227786','991169');
INSERT INTO album VALUES('116596','Cinematic Orchestral Spirits of Jungle Percussion Theme Soundtrack Instrumental Album n°105','http://www.jamendo.com/es/album/116596','http://imgjam.com/albums/s116/116596/covers/1.100.jpg','3','377','classical');
UPDATE album SET artist_id='420766' WHERE id='116596';
INSERT INTO track VALUES('991171','Cinematic Orchestral Spirits of Jungle Theme Soundtrack','http://www.jamendo.com/es/track/991171','','','281','http://mp3l.jamendo.com/?trackid=991171&format=mp31&u=0');
UPDATE track SET album_id='116596' WHERE id='991171';
UPDATE track SET text='' WHERE id='991171';
INSERT INTO playlist VALUES('226946','JamendoProRadioZip_tourdumonde','http://www.jamendo.com/es/playlist/226946','79421');
INSERT INTO playlist_track VALUES('226946','991171');
INSERT INTO playlist VALUES('227118','JamendoProRadioZip_tourdumonde','http://www.jamendo.com/es/playlist/227118','79115');
INSERT INTO playlist_track VALUES('227118','991171');
INSERT INTO playlist VALUES('227296','JamendoProRadioZip_tourdumonde','http://www.jamendo.com/es/playlist/227296','76703');
INSERT INTO playlist_track VALUES('227296','991171');
INSERT INTO playlist VALUES('227493','JamendoProRadioZip_tourdumonde','http://www.jamendo.com/es/playlist/227493','76807');
INSERT INTO playlist_track VALUES('227493','991171');
INSERT INTO playlist VALUES('227520','','http://www.jamendo.com/es/playlist/227520','55092');
INSERT INTO playlist_track VALUES('227520','991171');
INSERT INTO playlist_track VALUES('227543','991171');
INSERT INTO playlist_track VALUES('227785','991171');
INSERT INTO track VALUES('991172','Cinematic Percussion Bongos Theme','http://www.jamendo.com/es/track/991172','','','96','http://mp3l.jamendo.com/?trackid=991172&format=mp31&u=0');
UPDATE track SET album_id='116596' WHERE id='991172';
UPDATE track SET text='' WHERE id='991172';
INSERT INTO album VALUES('116597','Cinematic Beautiful Hopeful Peaceful Symphonic Orchestra Memories Theme Soundtrack Instrumental Album n°106','http://www.jamendo.com/es/album/116597','http://imgjam.com/albums/s116/116597/covers/1.100.jpg','2','1400');
UPDATE album SET artist_id='420766' WHERE id='116597';
INSERT INTO track VALUES('991176','Cinematic Nice and Calm Documentary Theme Soundtrack','http://www.jamendo.com/es/track/991176','','','226','http://mp3l.jamendo.com/?trackid=991176&format=mp31&u=0');
UPDATE track SET album_id='116597' WHERE id='991176';
UPDATE track SET text='' WHERE id='991176';
INSERT INTO track VALUES('991177','Cinematic Old Piano Untold Story Theme Soundtrack','http://www.jamendo.com/es/track/991177','','','207','http://mp3l.jamendo.com/?trackid=991177&format=mp31&u=0');
UPDATE track SET album_id='116597' WHERE id='991177';
UPDATE track SET text='' WHERE id='991177';
INSERT INTO track VALUES('991178','Cinematic Orchestra Big Love Romance Theme Soundtrack','http://www.jamendo.com/es/track/991178','','','95','http://mp3l.jamendo.com/?trackid=991178&format=mp31&u=0');
UPDATE track SET album_id='116597' WHERE id='991178';
UPDATE track SET text='' WHERE id='991178';
INSERT INTO track VALUES('991179','Cinematic Beautiful Flute Strings Opener Trailer Theme','http://www.jamendo.com/es/track/991179','','','90','http://mp3l.jamendo.com/?trackid=991179&format=mp31&u=0');
UPDATE track SET album_id='116597' WHERE id='991179';
UPDATE track SET text='' WHERE id='991179';
INSERT INTO track VALUES('991180','Cinematic Orchestra Romance Flute Theme','http://www.jamendo.com/es/track/991180','','','97','http://mp3l.jamendo.com/?trackid=991180&format=mp31&u=0');
UPDATE track SET album_id='116597' WHERE id='991180';
UPDATE track SET text='' WHERE id='991180';
INSERT INTO track VALUES('991182','Cinematic Sad Melancholic Expressive Symphonic Orchestra Without Hope Theme Soundtrack','http://www.jamendo.com/es/track/991182','','','150','http://mp3l.jamendo.com/?trackid=991182&format=mp31&u=0');
UPDATE track SET album_id='116597' WHERE id='991182';
UPDATE track SET text='' WHERE id='991182';
INSERT INTO track VALUES('991183','Cinematic Beautiful Hopeful Peaceful Symphonic Orchestra Memories Theme Soundtrack','http://www.jamendo.com/es/track/991183','','','93','http://mp3l.jamendo.com/?trackid=991183&format=mp31&u=0');
UPDATE track SET album_id='116597' WHERE id='991183';
UPDATE track SET text='' WHERE id='991183';
INSERT INTO track VALUES('991184','Cinematic Emotional Sentimental Hopeful Symphonic Orchestra Memories Theme Soundtrack','http://www.jamendo.com/es/track/991184','','','150','http://mp3l.jamendo.com/?trackid=991184&format=mp31&u=0');
UPDATE track SET album_id='116597' WHERE id='991184';
UPDATE track SET text='' WHERE id='991184';
INSERT INTO track VALUES('991185','Cinematic Sad Melancholic Expressive Symphonic Orchestra Final Battle Theme Soundtrack','http://www.jamendo.com/es/track/991185','','','155','http://mp3l.jamendo.com/?trackid=991185&format=mp31&u=0');
UPDATE track SET album_id='116597' WHERE id='991185';
UPDATE track SET text='' WHERE id='991185';
INSERT INTO track VALUES('991186','Cinematic Beautiful Peaceful Emotional Epic Atmosphere Theme Soundtrack','http://www.jamendo.com/es/track/991186','','','137','http://mp3l.jamendo.com/?trackid=991186&format=mp31&u=0');
UPDATE track SET album_id='116597' WHERE id='991186';
UPDATE track SET text='' WHERE id='991186';
INSERT INTO album VALUES('116599','Cinematic Mysterious Dangerous Tension Horror Scifi Orchestra Piano Album n°107','http://www.jamendo.com/es/album/116599','http://imgjam.com/albums/s116/116599/covers/1.100.jpg','3','563');
UPDATE album SET artist_id='420766' WHERE id='116599';
INSERT INTO track VALUES('991188','Cinematic Mysterious Dangerous Tension Grand Piano Masterpieces Theme Soundtrack','http://www.jamendo.com/es/track/991188','','','99','http://mp3l.jamendo.com/?trackid=991188&format=mp31&u=0');
UPDATE track SET album_id='116599' WHERE id='991188';
UPDATE track SET text='' WHERE id='991188';
INSERT INTO track VALUES('991189','Cinematic Mysterious Space Atmosphere Theme','http://www.jamendo.com/es/track/991189','','','96','http://mp3l.jamendo.com/?trackid=991189&format=mp31&u=0');
UPDATE track SET album_id='116599' WHERE id='991189';
UPDATE track SET text='' WHERE id='991189';
INSERT INTO track VALUES('991190','Cinematic Mysterious Tension Soundscape Atmosphere Theme Soundtrack','http://www.jamendo.com/es/track/991190','','','106','http://mp3l.jamendo.com/?trackid=991190&format=mp31&u=0');
UPDATE track SET album_id='116599' WHERE id='991190';
UPDATE track SET text='' WHERE id='991190';
INSERT INTO track VALUES('991192','Cinematic Sad Melancholic Slow Symphonic Orchestra Dark Storm Theme Soundtrack','http://www.jamendo.com/es/track/991192','','','169','http://mp3l.jamendo.com/?trackid=991192&format=mp31&u=0');
UPDATE track SET album_id='116599' WHERE id='991192';
UPDATE track SET text='' WHERE id='991192';
INSERT INTO track VALUES('991193','Epic Cinematic Horror Suspense Symphonic Orchestra Dark Castle Theme Soundtrack','http://www.jamendo.com/es/track/991193','','','93','http://mp3l.jamendo.com/?trackid=991193&format=mp31&u=0');
UPDATE track SET album_id='116599' WHERE id='991193';
UPDATE track SET text='' WHERE id='991193';
INSERT INTO album VALUES('116604','Cinematic Epic Monumental Symphonic Orchestra Soundtrack Instrumental Album n°108','http://www.jamendo.com/es/album/116604','http://imgjam.com/albums/s116/116604/covers/1.100.jpg','3','951');
UPDATE album SET artist_id='420766' WHERE id='116604';
INSERT INTO track VALUES('991202','Epic Cinematic Expressive Hopeful Symphonic Orchestra 20th Century Theme Soundtrack','http://www.jamendo.com/es/track/991202','','','228','http://mp3l.jamendo.com/?trackid=991202&format=mp31&u=0');
UPDATE track SET album_id='116604' WHERE id='991202';
UPDATE track SET text='' WHERE id='991202';
INSERT INTO track VALUES('991203','Epic Cinematic Orchestral Majestic Theme Soundtrack','http://www.jamendo.com/es/track/991203','','','133','http://mp3l.jamendo.com/?trackid=991203&format=mp31&u=0');
UPDATE track SET album_id='116604' WHERE id='991203';
UPDATE track SET text='' WHERE id='991203';
INSERT INTO track VALUES('991204','Epic Rock Orchestral Action Theme Soundtrack','http://www.jamendo.com/es/track/991204','','','109','http://mp3l.jamendo.com/?trackid=991204&format=mp31&u=0');
UPDATE track SET album_id='116604' WHERE id='991204';
UPDATE track SET text='' WHERE id='991204';
INSERT INTO track VALUES('991211','Cinematic Epic Hard Rock Guitar Score','http://www.jamendo.com/es/track/991211','','','113','http://mp3l.jamendo.com/?trackid=991211&format=mp31&u=0');
UPDATE track SET album_id='116604' WHERE id='991211';
UPDATE track SET text='' WHERE id='991211';
INSERT INTO track VALUES('991213','Cinematic Epic Strings And Choir Highlands','http://www.jamendo.com/es/track/991213','','','259','http://mp3l.jamendo.com/?trackid=991213&format=mp31&u=0');
UPDATE track SET album_id='116604' WHERE id='991213';
UPDATE track SET text='' WHERE id='991213';
INSERT INTO track VALUES('991215','Cinematic Epic Rock Orchestral Action Theme Soundtrack','http://www.jamendo.com/es/track/991215','','','109','http://mp3l.jamendo.com/?trackid=991215&format=mp31&u=0');
UPDATE track SET album_id='116604' WHERE id='991215';
UPDATE track SET text='' WHERE id='991215';
INSERT INTO album VALUES('116606','Cinematic Monumental Orchestral Action Tension Epic Drums Theme Soundtrack Instrumental Album n°109','http://www.jamendo.com/es/album/116606','http://imgjam.com/albums/s116/116606/covers/1.100.jpg','3','376');
UPDATE album SET artist_id='420766' WHERE id='116606';
INSERT INTO track VALUES('991226','Cinematic Monumental Orchestral Action Tension Epic Drums Theme Soundtrack','http://www.jamendo.com/es/track/991226','','','119','http://mp3l.jamendo.com/?trackid=991226&format=mp31&u=0');
UPDATE track SET album_id='116606' WHERE id='991226';
UPDATE track SET text='' WHERE id='991226';
INSERT INTO track VALUES('991225','Cinematic Percussion Tension Theme Soundtrack','http://www.jamendo.com/es/track/991225','','','166','http://mp3l.jamendo.com/?trackid=991225&format=mp31&u=0');
UPDATE track SET album_id='116606' WHERE id='991225';
UPDATE track SET text='' WHERE id='991225';
INSERT INTO track VALUES('991227','Epic Cinematic Atmospheric Emotional Theatrical Percussion Trailer Theme Soundtrack','http://www.jamendo.com/es/track/991227','','','91','http://mp3l.jamendo.com/?trackid=991227&format=mp31&u=0');
UPDATE track SET album_id='116606' WHERE id='991227';
UPDATE track SET text='' WHERE id='991227';
INSERT INTO album_juser VALUES('116606','1147952');
INSERT INTO album VALUES('116609','Cinematic Fallen Tears Symphonic Orchestra Atmosphere Theme Soundtrack Instrumental Album n°110','http://www.jamendo.com/es/album/116609','http://imgjam.com/albums/s116/116609/covers/1.100.jpg','2','1362');
UPDATE album SET artist_id='420766' WHERE id='116609';
INSERT INTO track VALUES('991234','Cinematic Fallen Tears Soundscape Atmosphere Theme Soundtrack','http://www.jamendo.com/es/track/991234','','','90','http://mp3l.jamendo.com/?trackid=991234&format=mp31&u=0');
UPDATE track SET album_id='116609' WHERE id='991234';
UPDATE track SET text='' WHERE id='991234';
INSERT INTO track VALUES('991236','Cinematic Fallen Soldiers Soundscape Atmosphere Theme Soundtrack','http://www.jamendo.com/es/track/991236','','','134','http://mp3l.jamendo.com/?trackid=991236&format=mp31&u=0');
UPDATE track SET album_id='116609' WHERE id='991236';
UPDATE track SET text='' WHERE id='991236';
INSERT INTO track VALUES('991231','Cinematic Hard Rock Tension Atmosphere','http://www.jamendo.com/es/track/991231','','','98','http://mp3l.jamendo.com/?trackid=991231&format=mp31&u=0');
UPDATE track SET album_id='116609' WHERE id='991231';
UPDATE track SET text='' WHERE id='991231';
INSERT INTO track VALUES('991233','Cinematic Honor The Fallen Soundscape Atmosphere Theme Soundtrack','http://www.jamendo.com/es/track/991233','','','127','http://mp3l.jamendo.com/?trackid=991233&format=mp31&u=0');
UPDATE track SET album_id='116609' WHERE id='991233';
UPDATE track SET text='' WHERE id='991233';
INSERT INTO track VALUES('991240','Cinematic Impressive Documentary Movie Score','http://www.jamendo.com/es/track/991240','','','315','http://mp3l.jamendo.com/?trackid=991240&format=mp31&u=0');
UPDATE track SET album_id='116609' WHERE id='991240';
UPDATE track SET text='' WHERE id='991240';
INSERT INTO track VALUES('991235','Cinematic Last Pictures Soundscape Atmosphere Theme Soundtrack','http://www.jamendo.com/es/track/991235','','','108','http://mp3l.jamendo.com/?trackid=991235&format=mp31&u=0');
UPDATE track SET album_id='116609' WHERE id='991235';
UPDATE track SET text='' WHERE id='991235';
INSERT INTO track VALUES('991232','Cinematic Lost Ark Soundscape Atmosphere Theme Soundtrack','http://www.jamendo.com/es/track/991232','','','151','http://mp3l.jamendo.com/?trackid=991232&format=mp31&u=0');
UPDATE track SET album_id='116609' WHERE id='991232';
UPDATE track SET text='' WHERE id='991232';
INSERT INTO track VALUES('991237','Cinematic Platinum Sky Atmosphere Theme Soundtrack','http://www.jamendo.com/es/track/991237','','','129','http://mp3l.jamendo.com/?trackid=991237&format=mp31&u=0');
UPDATE track SET album_id='116609' WHERE id='991237';
UPDATE track SET text='' WHERE id='991237';
INSERT INTO track VALUES('991228','Dark Magical Expressive Ambient Atmosphere Soundtrack 004','http://www.jamendo.com/es/track/991228','','','117','http://mp3l.jamendo.com/?trackid=991228&format=mp31&u=0');
UPDATE track SET album_id='116609' WHERE id='991228';
UPDATE track SET text='' WHERE id='991228';
INSERT INTO track VALUES('991229','Epic Cinematic Atmospheric Emotional Guitar Beautiful Oceans Theme Soundtrack','http://www.jamendo.com/es/track/991229','','','93','http://mp3l.jamendo.com/?trackid=991229&format=mp31&u=0');
UPDATE track SET album_id='116609' WHERE id='991229';
UPDATE track SET text='' WHERE id='991229';
INSERT INTO album VALUES('116610','Epic Cinematic Battlefield Fallen Soldiers Symphonic Orchestra Atmosphere Instrumental Soundtrack Album n°111','http://www.jamendo.com/es/album/116610','http://imgjam.com/albums/s116/116610/covers/1.100.jpg','3','499','Classical');
UPDATE album SET artist_id='420766' WHERE id='116610';
INSERT INTO track VALUES('991246','Epic Cinematic Battlefield Fallen Soldiers Atmosphere','http://www.jamendo.com/es/track/991246','','','94','http://mp3l.jamendo.com/?trackid=991246&format=mp31&u=0');
UPDATE track SET album_id='116610' WHERE id='991246';
UPDATE track SET text='' WHERE id='991246';
INSERT INTO track VALUES('991247','Epic Cinematic Church Organ Theme Soundtrack','http://www.jamendo.com/es/track/991247','','','111','http://mp3l.jamendo.com/?trackid=991247&format=mp31&u=0');
UPDATE track SET album_id='116610' WHERE id='991247';
UPDATE track SET text='' WHERE id='991247';
INSERT INTO track VALUES('991245','Epic Cinematic Dark Age Choir Melodies Theme Soundtrack','http://www.jamendo.com/es/track/991245','','','100','http://mp3l.jamendo.com/?trackid=991245&format=mp31&u=0');
UPDATE track SET album_id='116610' WHERE id='991245';
UPDATE track SET text='' WHERE id='991245';
INSERT INTO track VALUES('991242','Epic Cinematic Expressive Emotional Slow Symphonic Orchestra Theatre Theme Soundtrack','http://www.jamendo.com/es/track/991242','','','194','http://mp3l.jamendo.com/?trackid=991242&format=mp31&u=0');
UPDATE track SET album_id='116610' WHERE id='991242';
UPDATE track SET text='' WHERE id='991242';
INSERT INTO album VALUES('116612','Beautiful Emotional Sentimental Hopeful Grand Piano Pictures Theme Soundtrack Instrumental Album n°112','http://www.jamendo.com/es/album/116612','http://imgjam.com/albums/s116/116612/covers/1.100.jpg','2','1924');
UPDATE album SET artist_id='420766' WHERE id='116612';
INSERT INTO track VALUES('991250','Beautiful Emotional Sad Melancholic Sentimental Grand Piano Lounge Theme','http://www.jamendo.com/es/track/991250','','','139','http://mp3l.jamendo.com/?trackid=991250&format=mp31&u=0');
UPDATE track SET album_id='116612' WHERE id='991250';
UPDATE track SET text='' WHERE id='991250';
INSERT INTO track VALUES('991249','Beautiful Emotional Sentimental Hopeful Grand Piano Pictures Theme Soundtrack','http://www.jamendo.com/es/track/991249','','','175','http://mp3l.jamendo.com/?trackid=991249&format=mp31&u=0');
UPDATE track SET album_id='116612' WHERE id='991249';
UPDATE track SET text='' WHERE id='991249';
INSERT INTO track VALUES('991261','Cinematic Classical Piano Theme Soundtrack','http://www.jamendo.com/es/track/991261','','','106','http://mp3l.jamendo.com/?trackid=991261&format=mp31&u=0');
UPDATE track SET album_id='116612' WHERE id='991261';
UPDATE track SET text='' WHERE id='991261';
INSERT INTO track VALUES('991265','Cinematic Beautiful Gracious Grand Piano Theme Soundtrack','http://www.jamendo.com/es/track/991265','','','109','http://mp3l.jamendo.com/?trackid=991265&format=mp31&u=0');
UPDATE track SET album_id='116612' WHERE id='991265';
UPDATE track SET text='' WHERE id='991265';
INSERT INTO track VALUES('991259','Cinematic Emotional Romantic Ivory Grand Piano Theme Soundtrack','http://www.jamendo.com/es/track/991259','','','242','http://mp3l.jamendo.com/?trackid=991259&format=mp31&u=0');
UPDATE track SET album_id='116612' WHERE id='991259';
UPDATE track SET text='' WHERE id='991259';
INSERT INTO track VALUES('991264','Cinematic Emotional Impressive Motion Pictures Grand Piano Theme Soundtrack','http://www.jamendo.com/es/track/991264','','','152','http://mp3l.jamendo.com/?trackid=991264&format=mp31&u=0');
UPDATE track SET album_id='116612' WHERE id='991264';
UPDATE track SET text='' WHERE id='991264';
INSERT INTO track VALUES('991262','Cinematic Emotional Sentimental Slow Grand Piano Masterpieces Theme Soundtrack','http://www.jamendo.com/es/track/991262','','','90','http://mp3l.jamendo.com/?trackid=991262&format=mp31&u=0');
UPDATE track SET album_id='116612' WHERE id='991262';
UPDATE track SET text='' WHERE id='991262';
INSERT INTO track VALUES('991266','Cinematic Peaceful Lovely Piano Soundtrack 022','http://www.jamendo.com/es/track/991266','','','89','http://mp3l.jamendo.com/?trackid=991266&format=mp31&u=0');
UPDATE track SET album_id='116612' WHERE id='991266';
UPDATE track SET text='' WHERE id='991266';
INSERT INTO track VALUES('991263','Cinematic Peaceful Lovely Piano Soundtrack 023','http://www.jamendo.com/es/track/991263','','','103','http://mp3l.jamendo.com/?trackid=991263&format=mp31&u=0');
UPDATE track SET album_id='116612' WHERE id='991263';
UPDATE track SET text='' WHERE id='991263';
INSERT INTO track VALUES('991260','Cinematic Sad Melancholic Sentimental Solo Grand Piano Theme Soundtrack','http://www.jamendo.com/es/track/991260','','','92','http://mp3l.jamendo.com/?trackid=991260&format=mp31&u=0');
UPDATE track SET album_id='116612' WHERE id='991260';
UPDATE track SET text='' WHERE id='991260';
INSERT INTO track VALUES('991275','Cinematic Sad Melancholic Sentimental The Grand Piano Theme Soundtrack','http://www.jamendo.com/es/track/991275','','','123','http://mp3l.jamendo.com/?trackid=991275&format=mp31&u=0');
UPDATE track SET album_id='116612' WHERE id='991275';
UPDATE track SET text='' WHERE id='991275';
INSERT INTO track VALUES('991276','Cinematic Stunning Sad Melancholic Emotional Sentimental Sorrowful Grand Piano Solo Theme Soundtrack','http://www.jamendo.com/es/track/991276','','','106','http://mp3l.jamendo.com/?trackid=991276&format=mp31&u=0');
UPDATE track SET album_id='116612' WHERE id='991276';
UPDATE track SET text='' WHERE id='991276';
INSERT INTO track VALUES('991274','Cinematic Stunning Sad Melancholic Heartbroken Slow Concert Grand Piano Solo Theme Soundtrack','http://www.jamendo.com/es/track/991274','','','154','http://mp3l.jamendo.com/?trackid=991274&format=mp31&u=0');
UPDATE track SET album_id='116612' WHERE id='991274';
UPDATE track SET text='' WHERE id='991274';
INSERT INTO track VALUES('991248','Cinematic Wonderful Piano Concert Theme Soundtrack','http://www.jamendo.com/es/track/991248','','','244','http://mp3l.jamendo.com/?trackid=991248&format=mp31&u=0');
UPDATE track SET album_id='116612' WHERE id='991248';
UPDATE track SET text='' WHERE id='991248';
INSERT INTO album VALUES('116638','Cinematic Dangerous Mysterious Soundscape Atmosphere Theme Soundtrack Instrumental Album n°114','http://www.jamendo.com/es/album/116638','http://imgjam.com/albums/s116/116638/covers/1.100.jpg','3','407','electronic');
UPDATE album SET artist_id='420766' WHERE id='116638';
INSERT INTO track VALUES('991480','Cinematic Dangerous Nights Soundscape Atmosphere Theme Soundtrack','http://www.jamendo.com/es/track/991480','','','108','http://mp3l.jamendo.com/?trackid=991480&format=mp31&u=0');
UPDATE track SET album_id='116638' WHERE id='991480';
UPDATE track SET text='' WHERE id='991480';
INSERT INTO track VALUES('991477','Cinematic Dark Mysterious Soundscape Atmosphere Theme Soundtrack','http://www.jamendo.com/es/track/991477','','','118','http://mp3l.jamendo.com/?trackid=991477&format=mp31&u=0');
UPDATE track SET album_id='116638' WHERE id='991477';
UPDATE track SET text='' WHERE id='991477';
INSERT INTO track VALUES('991479','Cinematic Emotional Highlight Soundscape Atmosphere Theme Soundtrack','http://www.jamendo.com/es/track/991479','','','90','http://mp3l.jamendo.com/?trackid=991479&format=mp31&u=0');
UPDATE track SET album_id='116638' WHERE id='991479';
UPDATE track SET text='' WHERE id='991479';
INSERT INTO track VALUES('991481','Cinematic Peaceful Calm Soundscape Atmosphere Theme Soundtrack','http://www.jamendo.com/es/track/991481','','','91','http://mp3l.jamendo.com/?trackid=991481&format=mp31&u=0');
UPDATE track SET album_id='116638' WHERE id='991481';
UPDATE track SET text='' WHERE id='991481';
INSERT INTO album_juser VALUES('116638','1147952');
INSERT INTO album VALUES('116639','Happy Kids Children Songs Instrumental Album n°115','http://www.jamendo.com/es/album/116639','http://imgjam.com/albums/s116/116639/covers/1.100.jpg','2','1229','rock');
UPDATE album SET artist_id='420766' WHERE id='116639';
INSERT INTO track VALUES('991494','Beautiful Orchestral Children''s Song','http://www.jamendo.com/es/track/991494','','','243','http://mp3l.jamendo.com/?trackid=991494&format=mp31&u=0');
UPDATE track SET album_id='116639' WHERE id='991494';
UPDATE track SET text='' WHERE id='991494';
INSERT INTO track VALUES('991498','Classical Flute Piano Children''s Song','http://www.jamendo.com/es/track/991498','','','260','http://mp3l.jamendo.com/?trackid=991498&format=mp31&u=0');
UPDATE track SET album_id='116639' WHERE id='991498';
UPDATE track SET text='' WHERE id='991498';
INSERT INTO track VALUES('991496','For Our Little Ones Children''s Song','http://www.jamendo.com/es/track/991496','','','224','http://mp3l.jamendo.com/?trackid=991496&format=mp31&u=0');
UPDATE track SET album_id='116639' WHERE id='991496';
UPDATE track SET text='' WHERE id='991496';
INSERT INTO track VALUES('991495','Happy Baby Children''s Song','http://www.jamendo.com/es/track/991495','','','256','http://mp3l.jamendo.com/?trackid=991495&format=mp31&u=0');
UPDATE track SET album_id='116639' WHERE id='991495';
UPDATE track SET text='' WHERE id='991495';
INSERT INTO track VALUES('991497','Happy Flute Orchestra Children''s Song','http://www.jamendo.com/es/track/991497','','','246','http://mp3l.jamendo.com/?trackid=991497&format=mp31&u=0');
UPDATE track SET album_id='116639' WHERE id='991497';
UPDATE track SET text='' WHERE id='991497';
INSERT INTO album VALUES('116640','Cinematic Western Wild West Cowboy Soundtrack Instrumental Album n°116','http://www.jamendo.com/es/album/116640','http://imgjam.com/albums/s116/116640/covers/1.100.jpg','3','428','country');
UPDATE album SET artist_id='420766' WHERE id='116640';
INSERT INTO track VALUES('991499','Cinematic Western Wild West Cowboy Soundtrack','http://www.jamendo.com/es/track/991499','','','275','http://mp3l.jamendo.com/?trackid=991499&format=mp31&u=0');
UPDATE track SET album_id='116640' WHERE id='991499';
UPDATE track SET text='' WHERE id='991499';
INSERT INTO track VALUES('991500','Western Saloon Wild West Cowboy Theme','http://www.jamendo.com/es/track/991500','','','153','http://mp3l.jamendo.com/?trackid=991500&format=mp31&u=0');
UPDATE track SET album_id='116640' WHERE id='991500';
UPDATE track SET text='' WHERE id='991500';
INSERT INTO album VALUES('118365','Cinematic Beautiful Emotional Sentimental Grand Piano Old Sheet Theme Instrumental Soundtrack Album n°117','http://www.jamendo.com/es/album/118365','http://imgjam.com/albums/s118/118365/covers/1.100.jpg','2','1392','electronic');
UPDATE album SET artist_id='420766' WHERE id='118365';
INSERT INTO track VALUES('1005481','Cinematic Beautiful Emotional Sentimental Grand Piano Old Sheet Theme Soundtrack 010','http://www.jamendo.com/es/track/1005481','','','66','http://mp3l.jamendo.com/?trackid=1005481&format=mp31&u=0');
UPDATE track SET album_id='118365' WHERE id='1005481';
UPDATE track SET text='' WHERE id='1005481';
INSERT INTO track VALUES('1005482','Cinematic Beautiful Emotional Sentimental Grand Piano Old Sheet Theme Soundtrack 011','http://www.jamendo.com/es/track/1005482','','','57','http://mp3l.jamendo.com/?trackid=1005482&format=mp31&u=0');
UPDATE track SET album_id='118365' WHERE id='1005482';
UPDATE track SET text='' WHERE id='1005482';
INSERT INTO track VALUES('1005483','Cinematic Beautiful Emotional Sentimental Grand Piano Old Sheet Theme Soundtrack 013','http://www.jamendo.com/es/track/1005483','','','62','http://mp3l.jamendo.com/?trackid=1005483&format=mp31&u=0');
UPDATE track SET album_id='118365' WHERE id='1005483';
UPDATE track SET text='' WHERE id='1005483';
INSERT INTO track VALUES('1005484','Cinematic Beautiful Emotional Sentimental Grand Piano Old Sheet Theme Soundtrack 012','http://www.jamendo.com/es/track/1005484','','','72','http://mp3l.jamendo.com/?trackid=1005484&format=mp31&u=0');
UPDATE track SET album_id='118365' WHERE id='1005484';
UPDATE track SET text='' WHERE id='1005484';
INSERT INTO track VALUES('1005485','Cinematic Beautiful Emotional Sentimental Grand Piano Old Sheet Theme Soundtrack 014','http://www.jamendo.com/es/track/1005485','','','72','http://mp3l.jamendo.com/?trackid=1005485&format=mp31&u=0');
UPDATE track SET album_id='118365' WHERE id='1005485';
UPDATE track SET text='' WHERE id='1005485';
INSERT INTO track VALUES('1005486','Cinematic Beautiful Emotional Sentimental Grand Piano Old Sheet Theme Soundtrack 017','http://www.jamendo.com/es/track/1005486','','','54','http://mp3l.jamendo.com/?trackid=1005486&format=mp31&u=0');
UPDATE track SET album_id='118365' WHERE id='1005486';
UPDATE track SET text='' WHERE id='1005486';
INSERT INTO track VALUES('1005487','Cinematic Beautiful Emotional Sentimental Grand Piano Old Sheet Theme Soundtrack 015','http://www.jamendo.com/es/track/1005487','','','78','http://mp3l.jamendo.com/?trackid=1005487&format=mp31&u=0');
UPDATE track SET album_id='118365' WHERE id='1005487';
UPDATE track SET text='' WHERE id='1005487';
INSERT INTO track VALUES('1005530','Cinematic Beautiful Emotional Sentimental Grand Piano Old Sheet Theme Soundtrack 018','http://www.jamendo.com/es/track/1005530','','','70','http://mp3l.jamendo.com/?trackid=1005530&format=mp31&u=0');
UPDATE track SET album_id='118365' WHERE id='1005530';
UPDATE track SET text='' WHERE id='1005530';
INSERT INTO track VALUES('1005531','Cinematic Beautiful Emotional Sentimental Grand Piano Old Sheet Theme Soundtrack 019','http://www.jamendo.com/es/track/1005531','','','58','http://mp3l.jamendo.com/?trackid=1005531&format=mp31&u=0');
UPDATE track SET album_id='118365' WHERE id='1005531';
UPDATE track SET text='' WHERE id='1005531';
INSERT INTO track VALUES('1005532','Cinematic Beautiful Emotional Sentimental Grand Piano Old Sheet Theme Soundtrack 020','http://www.jamendo.com/es/track/1005532','','','56','http://mp3l.jamendo.com/?trackid=1005532&format=mp31&u=0');
UPDATE track SET album_id='118365' WHERE id='1005532';
UPDATE track SET text='' WHERE id='1005532';
INSERT INTO track VALUES('1005533','Cinematic Beautiful Emotional Sentimental Grand Piano Old Sheet Theme Soundtrack 001','http://www.jamendo.com/es/track/1005533','','','63','http://mp3l.jamendo.com/?trackid=1005533&format=mp31&u=0');
UPDATE track SET album_id='118365' WHERE id='1005533';
UPDATE track SET text='' WHERE id='1005533';
INSERT INTO track VALUES('1005534','Cinematic Beautiful Emotional Sentimental Grand Piano Old Sheet Theme Soundtrack 002','http://www.jamendo.com/es/track/1005534','','','108','http://mp3l.jamendo.com/?trackid=1005534&format=mp31&u=0');
UPDATE track SET album_id='118365' WHERE id='1005534';
UPDATE track SET text='' WHERE id='1005534';
INSERT INTO track VALUES('1005535','Cinematic Beautiful Emotional Sentimental Grand Piano Old Sheet Theme Soundtrack 003','http://www.jamendo.com/es/track/1005535','','','128','http://mp3l.jamendo.com/?trackid=1005535&format=mp31&u=0');
UPDATE track SET album_id='118365' WHERE id='1005535';
UPDATE track SET text='' WHERE id='1005535';
INSERT INTO track VALUES('1005536','Cinematic Beautiful Emotional Sentimental Grand Piano Old Sheet Theme Soundtrack 004','http://www.jamendo.com/es/track/1005536','','','105','http://mp3l.jamendo.com/?trackid=1005536&format=mp31&u=0');
UPDATE track SET album_id='118365' WHERE id='1005536';
UPDATE track SET text='' WHERE id='1005536';
INSERT INTO track VALUES('1005537','Cinematic Beautiful Emotional Sentimental Grand Piano Old Sheet Theme Soundtrack 005','http://www.jamendo.com/es/track/1005537','','','56','http://mp3l.jamendo.com/?trackid=1005537&format=mp31&u=0');
UPDATE track SET album_id='118365' WHERE id='1005537';
UPDATE track SET text='' WHERE id='1005537';
INSERT INTO track VALUES('1005538','Cinematic Beautiful Emotional Sentimental Grand Piano Old Sheet Theme Soundtrack 006','http://www.jamendo.com/es/track/1005538','','','69','http://mp3l.jamendo.com/?trackid=1005538&format=mp31&u=0');
UPDATE track SET album_id='118365' WHERE id='1005538';
UPDATE track SET text='' WHERE id='1005538';
INSERT INTO track VALUES('1005539','Cinematic Beautiful Emotional Sentimental Grand Piano Old Sheet Theme Soundtrack 007','http://www.jamendo.com/es/track/1005539','','','58','http://mp3l.jamendo.com/?trackid=1005539&format=mp31&u=0');
UPDATE track SET album_id='118365' WHERE id='1005539';
UPDATE track SET text='' WHERE id='1005539';
INSERT INTO track VALUES('1005540','Cinematic Beautiful Emotional Sentimental Grand Piano Old Sheet Theme Soundtrack 008','http://www.jamendo.com/es/track/1005540','','','50','http://mp3l.jamendo.com/?trackid=1005540&format=mp31&u=0');
UPDATE track SET album_id='118365' WHERE id='1005540';
UPDATE track SET text='' WHERE id='1005540';
INSERT INTO track VALUES('1005541','Cinematic Beautiful Emotional Sentimental Grand Piano Old Sheet Theme Soundtrack 009','http://www.jamendo.com/es/track/1005541','','','63','http://mp3l.jamendo.com/?trackid=1005541&format=mp31&u=0');
UPDATE track SET album_id='118365' WHERE id='1005541';
UPDATE track SET text='' WHERE id='1005541';
INSERT INTO track VALUES('1005542','Cinematic Beautiful Emotional Sentimental Grand Piano Old Sheet Theme Soundtrack 016','http://www.jamendo.com/es/track/1005542','','','47','http://mp3l.jamendo.com/?trackid=1005542&format=mp31&u=0');
UPDATE track SET album_id='118365' WHERE id='1005542';
UPDATE track SET text='' WHERE id='1005542';
INSERT INTO album VALUES('118408','Cinematic Sad Emotional Sentimental Expressive Grand Piano Legacy Theme Soundtrack Album n°118','http://www.jamendo.com/es/album/118408','http://imgjam.com/albums/s118/118408/covers/1.100.jpg','2','1238','classical');
UPDATE album SET artist_id='420766' WHERE id='118408';
INSERT INTO track VALUES('1005979','Cinematic Emotional Sentimental Expressive Grand Piano Legacy Theme Soundtrack 011','http://www.jamendo.com/es/track/1005979','','','80','http://mp3l.jamendo.com/?trackid=1005979&format=mp31&u=0');
UPDATE track SET album_id='118408' WHERE id='1005979';
UPDATE track SET text='' WHERE id='1005979';
INSERT INTO track VALUES('1005980','Cinematic Emotional Sentimental Expressive Grand Piano Legacy Theme Soundtrack 012','http://www.jamendo.com/es/track/1005980','','','59','http://mp3l.jamendo.com/?trackid=1005980&format=mp31&u=0');
UPDATE track SET album_id='118408' WHERE id='1005980';
UPDATE track SET text='' WHERE id='1005980';
INSERT INTO track VALUES('1005981','Cinematic Emotional Sentimental Expressive Grand Piano Legacy Theme Soundtrack 014','http://www.jamendo.com/es/track/1005981','','','68','http://mp3l.jamendo.com/?trackid=1005981&format=mp31&u=0');
UPDATE track SET album_id='118408' WHERE id='1005981';
UPDATE track SET text='' WHERE id='1005981';
INSERT INTO track VALUES('1005982','Cinematic Emotional Sentimental Expressive Grand Piano Legacy Theme Soundtrack 013','http://www.jamendo.com/es/track/1005982','','','57','http://mp3l.jamendo.com/?trackid=1005982&format=mp31&u=0');
UPDATE track SET album_id='118408' WHERE id='1005982';
UPDATE track SET text='' WHERE id='1005982';
INSERT INTO track VALUES('1005983','Cinematic Emotional Sentimental Expressive Grand Piano Legacy Theme Soundtrack 015','http://www.jamendo.com/es/track/1005983','','','48','http://mp3l.jamendo.com/?trackid=1005983&format=mp31&u=0');
UPDATE track SET album_id='118408' WHERE id='1005983';
UPDATE track SET text='' WHERE id='1005983';
INSERT INTO track VALUES('1005984','Cinematic Emotional Sentimental Expressive Grand Piano Legacy Theme Soundtrack 018','http://www.jamendo.com/es/track/1005984','','','69','http://mp3l.jamendo.com/?trackid=1005984&format=mp31&u=0');
UPDATE track SET album_id='118408' WHERE id='1005984';
UPDATE track SET text='' WHERE id='1005984';
INSERT INTO track VALUES('1005985','Cinematic Emotional Sentimental Expressive Grand Piano Legacy Theme Soundtrack 016','http://www.jamendo.com/es/track/1005985','','','34','http://mp3l.jamendo.com/?trackid=1005985&format=mp31&u=0');
UPDATE track SET album_id='118408' WHERE id='1005985';
UPDATE track SET text='' WHERE id='1005985';
INSERT INTO track VALUES('1005986','Cinematic Emotional Sentimental Expressive Grand Piano Legacy Theme Soundtrack 019','http://www.jamendo.com/es/track/1005986','','','59','http://mp3l.jamendo.com/?trackid=1005986&format=mp31&u=0');
UPDATE track SET album_id='118408' WHERE id='1005986';
UPDATE track SET text='' WHERE id='1005986';
INSERT INTO track VALUES('1005987','Cinematic Emotional Sentimental Expressive Grand Piano Legacy Theme Soundtrack 017','http://www.jamendo.com/es/track/1005987','','','61','http://mp3l.jamendo.com/?trackid=1005987&format=mp31&u=0');
UPDATE track SET album_id='118408' WHERE id='1005987';
UPDATE track SET text='' WHERE id='1005987';
INSERT INTO track VALUES('1005988','Cinematic Emotional Sentimental Expressive Grand Piano Legacy Theme Soundtrack 002','http://www.jamendo.com/es/track/1005988','','','71','http://mp3l.jamendo.com/?trackid=1005988&format=mp31&u=0');
UPDATE track SET album_id='118408' WHERE id='1005988';
UPDATE track SET text='' WHERE id='1005988';
INSERT INTO track VALUES('1005989','Cinematic Emotional Sentimental Expressive Grand Piano Legacy Theme Soundtrack 003','http://www.jamendo.com/es/track/1005989','','','84','http://mp3l.jamendo.com/?trackid=1005989&format=mp31&u=0');
UPDATE track SET album_id='118408' WHERE id='1005989';
UPDATE track SET text='' WHERE id='1005989';
INSERT INTO track VALUES('1005990','Cinematic Emotional Sentimental Expressive Grand Piano Legacy Theme Soundtrack 004','http://www.jamendo.com/es/track/1005990','','','59','http://mp3l.jamendo.com/?trackid=1005990&format=mp31&u=0');
UPDATE track SET album_id='118408' WHERE id='1005990';
UPDATE track SET text='' WHERE id='1005990';
INSERT INTO track VALUES('1005991','Cinematic Emotional Sentimental Expressive Grand Piano Legacy Theme Soundtrack 005','http://www.jamendo.com/es/track/1005991','','','81','http://mp3l.jamendo.com/?trackid=1005991&format=mp31&u=0');
UPDATE track SET album_id='118408' WHERE id='1005991';
UPDATE track SET text='' WHERE id='1005991';
INSERT INTO track VALUES('1005992','Cinematic Emotional Sentimental Expressive Grand Piano Legacy Theme Soundtrack 006','http://www.jamendo.com/es/track/1005992','','','69','http://mp3l.jamendo.com/?trackid=1005992&format=mp31&u=0');
UPDATE track SET album_id='118408' WHERE id='1005992';
UPDATE track SET text='' WHERE id='1005992';
INSERT INTO track VALUES('1005993','Cinematic Emotional Sentimental Expressive Grand Piano Legacy Theme Soundtrack 007','http://www.jamendo.com/es/track/1005993','','','62','http://mp3l.jamendo.com/?trackid=1005993&format=mp31&u=0');
UPDATE track SET album_id='118408' WHERE id='1005993';
UPDATE track SET text='' WHERE id='1005993';
INSERT INTO track VALUES('1005994','Cinematic Emotional Sentimental Expressive Grand Piano Legacy Theme Soundtrack 008','http://www.jamendo.com/es/track/1005994','','','79','http://mp3l.jamendo.com/?trackid=1005994&format=mp31&u=0');
UPDATE track SET album_id='118408' WHERE id='1005994';
UPDATE track SET text='' WHERE id='1005994';
INSERT INTO track VALUES('1005995','Cinematic Emotional Sentimental Expressive Grand Piano Legacy Theme Soundtrack 009','http://www.jamendo.com/es/track/1005995','','','67','http://mp3l.jamendo.com/?trackid=1005995&format=mp31&u=0');
UPDATE track SET album_id='118408' WHERE id='1005995';
UPDATE track SET text='' WHERE id='1005995';
INSERT INTO track VALUES('1005996','Cinematic Emotional Sentimental Expressive Grand Piano Legacy Theme Soundtrack 010','http://www.jamendo.com/es/track/1005996','','','56','http://mp3l.jamendo.com/?trackid=1005996&format=mp31&u=0');
UPDATE track SET album_id='118408' WHERE id='1005996';
UPDATE track SET text='' WHERE id='1005996';
INSERT INTO track VALUES('1005997','Cinematic Emotional Sentimental Expressive Grand Piano Legacy Theme Soundtrack 020','http://www.jamendo.com/es/track/1005997','','','32','http://mp3l.jamendo.com/?trackid=1005997&format=mp31&u=0');
UPDATE track SET album_id='118408' WHERE id='1005997';
UPDATE track SET text='' WHERE id='1005997';
INSERT INTO track VALUES('1005998','Cinematic Emotional Sentimental Expressive Grand Piano Legacy Theme Soundtrack 001','http://www.jamendo.com/es/track/1005998','','','43','http://mp3l.jamendo.com/?trackid=1005998&format=mp31&u=0');
UPDATE track SET album_id='118408' WHERE id='1005998';
UPDATE track SET text='' WHERE id='1005998';
INSERT INTO album VALUES('118409','Cinematic Sad Emotional Sentimental Intense Grand Piano Keys Theme Soundtrack Album n°119','http://www.jamendo.com/es/album/118409','http://imgjam.com/albums/s118/118409/covers/1.100.jpg','3','543','classical');
UPDATE album SET artist_id='420766' WHERE id='118409';
INSERT INTO track VALUES('1006000','Cinematic Emotional Sentimental Intense Grand Piano Keys Theme Soundtrack 008','http://www.jamendo.com/es/track/1006000','','','59','http://mp3l.jamendo.com/?trackid=1006000&format=mp31&u=0');
UPDATE track SET album_id='118409' WHERE id='1006000';
UPDATE track SET text='' WHERE id='1006000';
INSERT INTO track VALUES('1006001','Cinematic Emotional Sentimental Intense Grand Piano Keys Theme Soundtrack 002','http://www.jamendo.com/es/track/1006001','','','44','http://mp3l.jamendo.com/?trackid=1006001&format=mp31&u=0');
UPDATE track SET album_id='118409' WHERE id='1006001';
UPDATE track SET text='' WHERE id='1006001';
INSERT INTO track VALUES('1006002','Cinematic Emotional Sentimental Intense Grand Piano Keys Theme Soundtrack 003','http://www.jamendo.com/es/track/1006002','','','42','http://mp3l.jamendo.com/?trackid=1006002&format=mp31&u=0');
UPDATE track SET album_id='118409' WHERE id='1006002';
UPDATE track SET text='' WHERE id='1006002';
INSERT INTO track VALUES('1006003','Cinematic Emotional Sentimental Intense Grand Piano Keys Theme Soundtrack 004','http://www.jamendo.com/es/track/1006003','','','43','http://mp3l.jamendo.com/?trackid=1006003&format=mp31&u=0');
UPDATE track SET album_id='118409' WHERE id='1006003';
UPDATE track SET text='' WHERE id='1006003';
INSERT INTO track VALUES('1006004','Cinematic Emotional Sentimental Intense Grand Piano Keys Theme Soundtrack 005','http://www.jamendo.com/es/track/1006004','','','58','http://mp3l.jamendo.com/?trackid=1006004&format=mp31&u=0');
UPDATE track SET album_id='118409' WHERE id='1006004';
UPDATE track SET text='' WHERE id='1006004';
INSERT INTO track VALUES('1006005','Cinematic Emotional Sentimental Intense Grand Piano Keys Theme Soundtrack 006','http://www.jamendo.com/es/track/1006005','','','71','http://mp3l.jamendo.com/?trackid=1006005&format=mp31&u=0');
UPDATE track SET album_id='118409' WHERE id='1006005';
UPDATE track SET text='' WHERE id='1006005';
INSERT INTO track VALUES('1006006','Cinematic Emotional Sentimental Intense Grand Piano Keys Theme Soundtrack 007','http://www.jamendo.com/es/track/1006006','','','52','http://mp3l.jamendo.com/?trackid=1006006&format=mp31&u=0');
UPDATE track SET album_id='118409' WHERE id='1006006';
UPDATE track SET text='' WHERE id='1006006';
INSERT INTO track VALUES('1006007','Cinematic Emotional Sentimental Intense Grand Piano Keys Theme Soundtrack 001','http://www.jamendo.com/es/track/1006007','','','54','http://mp3l.jamendo.com/?trackid=1006007&format=mp31&u=0');
UPDATE track SET album_id='118409' WHERE id='1006007';
UPDATE track SET text='' WHERE id='1006007';
INSERT INTO track VALUES('1006008','Cinematic Emotional Sentimental Intense Grand Piano Keys Theme Soundtrack 009','http://www.jamendo.com/es/track/1006008','','','51','http://mp3l.jamendo.com/?trackid=1006008&format=mp31&u=0');
UPDATE track SET album_id='118409' WHERE id='1006008';
UPDATE track SET text='' WHERE id='1006008';
INSERT INTO track VALUES('1006009','Cinematic Emotional Sentimental Intense Grand Piano Keys Theme Soundtrack 010','http://www.jamendo.com/es/track/1006009','','','69','http://mp3l.jamendo.com/?trackid=1006009&format=mp31&u=0');
UPDATE track SET album_id='118409' WHERE id='1006009';
UPDATE track SET text='' WHERE id='1006009';
INSERT INTO album VALUES('118422','Cinematic Beautiful Relaxed Calm Symphonic Choir Moods Theme Soundtrack Instrumental Album n°120','http://www.jamendo.com/es/album/118422','http://imgjam.com/albums/s118/118422/covers/1.100.jpg','2','3917','electronic');
UPDATE album SET artist_id='420766' WHERE id='118422';
INSERT INTO track VALUES('1006107','Cinematic Beautiful Relaxed Calm Symphonic Choir Moods Theme Soundtrack 001','http://www.jamendo.com/es/track/1006107','','','279','http://mp3l.jamendo.com/?trackid=1006107&format=mp31&u=0');
UPDATE track SET album_id='118422' WHERE id='1006107';
UPDATE track SET text='' WHERE id='1006107';
INSERT INTO track VALUES('1006069','Cinematic Beautiful Relaxed Calm Symphonic Choir Moods Theme Soundtrack 002','http://www.jamendo.com/es/track/1006069','','','344','http://mp3l.jamendo.com/?trackid=1006069&format=mp31&u=0');
UPDATE track SET album_id='118422' WHERE id='1006069';
UPDATE track SET text='' WHERE id='1006069';
INSERT INTO track VALUES('1006101','Cinematic Beautiful Relaxed Calm Symphonic Choir Moods Theme Soundtrack 003','http://www.jamendo.com/es/track/1006101','','','390','http://mp3l.jamendo.com/?trackid=1006101&format=mp31&u=0');
UPDATE track SET album_id='118422' WHERE id='1006101';
UPDATE track SET text='' WHERE id='1006101';
INSERT INTO track VALUES('1006102','Cinematic Beautiful Relaxed Calm Symphonic Choir Moods Theme Soundtrack 004','http://www.jamendo.com/es/track/1006102','','','296','http://mp3l.jamendo.com/?trackid=1006102&format=mp31&u=0');
UPDATE track SET album_id='118422' WHERE id='1006102';
UPDATE track SET text='' WHERE id='1006102';
INSERT INTO track VALUES('1006103','Cinematic Beautiful Relaxed Calm Symphonic Choir Moods Theme Soundtrack 005','http://www.jamendo.com/es/track/1006103','','','396','http://mp3l.jamendo.com/?trackid=1006103&format=mp31&u=0');
UPDATE track SET album_id='118422' WHERE id='1006103';
UPDATE track SET text='' WHERE id='1006103';
INSERT INTO track VALUES('1006104','Cinematic Beautiful Relaxed Calm Symphonic Choir Moods Theme Soundtrack 006','http://www.jamendo.com/es/track/1006104','','','378','http://mp3l.jamendo.com/?trackid=1006104&format=mp31&u=0');
UPDATE track SET album_id='118422' WHERE id='1006104';
UPDATE track SET text='' WHERE id='1006104';
INSERT INTO track VALUES('1006105','Cinematic Beautiful Relaxed Calm Symphonic Choir Moods Theme Soundtrack 007','http://www.jamendo.com/es/track/1006105','','','405','http://mp3l.jamendo.com/?trackid=1006105&format=mp31&u=0');
UPDATE track SET album_id='118422' WHERE id='1006105';
UPDATE track SET text='' WHERE id='1006105';
INSERT INTO track VALUES('1006106','Cinematic Beautiful Relaxed Calm Symphonic Choir Moods Theme Soundtrack 008','http://www.jamendo.com/es/track/1006106','','','313','http://mp3l.jamendo.com/?trackid=1006106&format=mp31&u=0');
UPDATE track SET album_id='118422' WHERE id='1006106';
UPDATE track SET text='' WHERE id='1006106';
INSERT INTO track VALUES('1006068','Cinematic Beautiful Relaxed Calm Symphonic Choir Moods Theme Soundtrack 009','http://www.jamendo.com/es/track/1006068','','','393','http://mp3l.jamendo.com/?trackid=1006068&format=mp31&u=0');
UPDATE track SET album_id='118422' WHERE id='1006068';
UPDATE track SET text='' WHERE id='1006068';
INSERT INTO track VALUES('1006070','Cinematic Beautiful Relaxed Calm Symphonic Choir Moods Theme Soundtrack 010','http://www.jamendo.com/es/track/1006070','','','378','http://mp3l.jamendo.com/?trackid=1006070&format=mp31&u=0');
UPDATE track SET album_id='118422' WHERE id='1006070';
UPDATE track SET text='' WHERE id='1006070';
INSERT INTO track VALUES('1006100','Cinematic Beautiful Relaxed Calm Symphonic Choir Moods Theme Soundtrack 011','http://www.jamendo.com/es/track/1006100','','','345','http://mp3l.jamendo.com/?trackid=1006100&format=mp31&u=0');
UPDATE track SET album_id='118422' WHERE id='1006100';
UPDATE track SET text='' WHERE id='1006100';
INSERT INTO album VALUES('118429','Ambient Atmosphere Timeless Space Enviroment Theme Soundscape Album n°121','http://www.jamendo.com/es/album/118429','http://imgjam.com/albums/s118/118429/covers/1.100.jpg','2','2598','electronic');
UPDATE album SET artist_id='420766' WHERE id='118429';
INSERT INTO track VALUES('1006167','Ambient Atmosphere Timeless Space Enviroment Theme Soundscape 001','http://www.jamendo.com/es/track/1006167','','','152','http://mp3l.jamendo.com/?trackid=1006167&format=mp31&u=0');
UPDATE track SET album_id='118429' WHERE id='1006167';
UPDATE track SET text='' WHERE id='1006167';
INSERT INTO track VALUES('1006168','Ambient Atmosphere Timeless Space Enviroment Theme Soundscape 002','http://www.jamendo.com/es/track/1006168','','','153','http://mp3l.jamendo.com/?trackid=1006168&format=mp31&u=0');
UPDATE track SET album_id='118429' WHERE id='1006168';
UPDATE track SET text='' WHERE id='1006168';
INSERT INTO track VALUES('1006169','Ambient Atmosphere Timeless Space Enviroment Theme Soundscape 003','http://www.jamendo.com/es/track/1006169','','','156','http://mp3l.jamendo.com/?trackid=1006169&format=mp31&u=0');
UPDATE track SET album_id='118429' WHERE id='1006169';
UPDATE track SET text='' WHERE id='1006169';
INSERT INTO track VALUES('1006170','Ambient Atmosphere Timeless Space Enviroment Theme Soundscape 004','http://www.jamendo.com/es/track/1006170','','','152','http://mp3l.jamendo.com/?trackid=1006170&format=mp31&u=0');
UPDATE track SET album_id='118429' WHERE id='1006170';
UPDATE track SET text='' WHERE id='1006170';
INSERT INTO track VALUES('1006171','Ambient Atmosphere Timeless Space Enviroment Theme Soundscape 005','http://www.jamendo.com/es/track/1006171','','','152','http://mp3l.jamendo.com/?trackid=1006171&format=mp31&u=0');
UPDATE track SET album_id='118429' WHERE id='1006171';
UPDATE track SET text='' WHERE id='1006171';
INSERT INTO track VALUES('1006173','Ambient Atmosphere Timeless Space Enviroment Theme Soundscape 006','http://www.jamendo.com/es/track/1006173','','','158','http://mp3l.jamendo.com/?trackid=1006173&format=mp31&u=0');
UPDATE track SET album_id='118429' WHERE id='1006173';
UPDATE track SET text='' WHERE id='1006173';
INSERT INTO track VALUES('1006174','Ambient Atmosphere Timeless Space Enviroment Theme Soundscape 007','http://www.jamendo.com/es/track/1006174','','','151','http://mp3l.jamendo.com/?trackid=1006174&format=mp31&u=0');
UPDATE track SET album_id='118429' WHERE id='1006174';
UPDATE track SET text='' WHERE id='1006174';
INSERT INTO track VALUES('1006189','Ambient Atmosphere Timeless Space Enviroment Theme Soundscape 008','http://www.jamendo.com/es/track/1006189','','','151','http://mp3l.jamendo.com/?trackid=1006189&format=mp31&u=0');
UPDATE track SET album_id='118429' WHERE id='1006189';
UPDATE track SET text='' WHERE id='1006189';
INSERT INTO track VALUES('1006195','Ambient Atmosphere Timeless Space Enviroment Theme Soundscape 009','http://www.jamendo.com/es/track/1006195','','','152','http://mp3l.jamendo.com/?trackid=1006195&format=mp31&u=0');
UPDATE track SET album_id='118429' WHERE id='1006195';
UPDATE track SET text='' WHERE id='1006195';
INSERT INTO track VALUES('1006160','Ambient Atmosphere Timeless Space Enviroment Theme Soundscape 010','http://www.jamendo.com/es/track/1006160','','','153','http://mp3l.jamendo.com/?trackid=1006160&format=mp31&u=0');
UPDATE track SET album_id='118429' WHERE id='1006160';
UPDATE track SET text='' WHERE id='1006160';
INSERT INTO track VALUES('1006161','Ambient Atmosphere Timeless Space Enviroment Theme Soundscape 011','http://www.jamendo.com/es/track/1006161','','','152','http://mp3l.jamendo.com/?trackid=1006161&format=mp31&u=0');
UPDATE track SET album_id='118429' WHERE id='1006161';
UPDATE track SET text='' WHERE id='1006161';
INSERT INTO track VALUES('1006162','Ambient Atmosphere Timeless Space Enviroment Theme Soundscape 012','http://www.jamendo.com/es/track/1006162','','','150','http://mp3l.jamendo.com/?trackid=1006162&format=mp31&u=0');
UPDATE track SET album_id='118429' WHERE id='1006162';
UPDATE track SET text='' WHERE id='1006162';
INSERT INTO track VALUES('1006172','Ambient Atmosphere Timeless Space Earth Theme Soundscape 001','http://www.jamendo.com/es/track/1006172','','','153','http://mp3l.jamendo.com/?trackid=1006172&format=mp31&u=0');
UPDATE track SET album_id='118429' WHERE id='1006172';
UPDATE track SET text='' WHERE id='1006172';
INSERT INTO track VALUES('1006163','Ambient Atmosphere Timeless Space Earth Theme Soundscape 002','http://www.jamendo.com/es/track/1006163','','','129','http://mp3l.jamendo.com/?trackid=1006163&format=mp31&u=0');
UPDATE track SET album_id='118429' WHERE id='1006163';
UPDATE track SET text='' WHERE id='1006163';
INSERT INTO track VALUES('1006164','Ambient Atmosphere Timeless Space Earth Theme Soundscape 003','http://www.jamendo.com/es/track/1006164','','','172','http://mp3l.jamendo.com/?trackid=1006164&format=mp31&u=0');
UPDATE track SET album_id='118429' WHERE id='1006164';
UPDATE track SET text='' WHERE id='1006164';
INSERT INTO track VALUES('1006165','Ambient Atmosphere Timeless Space Earth Theme Soundscape 004','http://www.jamendo.com/es/track/1006165','','','160','http://mp3l.jamendo.com/?trackid=1006165&format=mp31&u=0');
UPDATE track SET album_id='118429' WHERE id='1006165';
UPDATE track SET text='' WHERE id='1006165';
INSERT INTO track VALUES('1006166','Ambient Atmosphere Timeless Space Earth Theme Soundscape 005','http://www.jamendo.com/es/track/1006166','','','152','http://mp3l.jamendo.com/?trackid=1006166&format=mp31&u=0');
UPDATE track SET album_id='118429' WHERE id='1006166';
UPDATE track SET text='' WHERE id='1006166';
INSERT INTO album VALUES('118442','Ambient Atmosphere Timeless Space Formation Theme Soundscape Album n°122','http://www.jamendo.com/es/album/118442','http://imgjam.com/albums/s118/118442/covers/1.100.jpg','2','1990','electronic');
UPDATE album SET artist_id='420766' WHERE id='118442';
INSERT INTO track VALUES('1006256','Ambient Atmosphere Timeless Space Formation Theme Soundscape 001','http://www.jamendo.com/es/track/1006256','','','158','http://mp3l.jamendo.com/?trackid=1006256&format=mp31&u=0');
UPDATE track SET album_id='118442' WHERE id='1006256';
UPDATE track SET text='' WHERE id='1006256';
INSERT INTO track VALUES('1006257','Ambient Atmosphere Timeless Space Formation Theme Soundscape 002','http://www.jamendo.com/es/track/1006257','','','151','http://mp3l.jamendo.com/?trackid=1006257&format=mp31&u=0');
UPDATE track SET album_id='118442' WHERE id='1006257';
UPDATE track SET text='' WHERE id='1006257';
INSERT INTO track VALUES('1006234','Ambient Atmosphere Timeless Space Formation Theme Soundscape 003','http://www.jamendo.com/es/track/1006234','','','151','http://mp3l.jamendo.com/?trackid=1006234&format=mp31&u=0');
UPDATE track SET album_id='118442' WHERE id='1006234';
UPDATE track SET text='' WHERE id='1006234';
INSERT INTO track VALUES('1006235','Ambient Atmosphere Timeless Space Formation Theme Soundscape 004','http://www.jamendo.com/es/track/1006235','','','151','http://mp3l.jamendo.com/?trackid=1006235&format=mp31&u=0');
UPDATE track SET album_id='118442' WHERE id='1006235';
UPDATE track SET text='' WHERE id='1006235';
INSERT INTO track VALUES('1006236','Ambient Atmosphere Timeless Space Formation Theme Soundscape 005','http://www.jamendo.com/es/track/1006236','','','158','http://mp3l.jamendo.com/?trackid=1006236&format=mp31&u=0');
UPDATE track SET album_id='118442' WHERE id='1006236';
UPDATE track SET text='' WHERE id='1006236';
INSERT INTO track VALUES('1006237','Ambient Atmosphere Timeless Space Formation Theme Soundscape 006','http://www.jamendo.com/es/track/1006237','','','152','http://mp3l.jamendo.com/?trackid=1006237&format=mp31&u=0');
UPDATE track SET album_id='118442' WHERE id='1006237';
UPDATE track SET text='' WHERE id='1006237';
INSERT INTO track VALUES('1006238','Ambient Atmosphere Timeless Space Formation Theme Soundscape 007','http://www.jamendo.com/es/track/1006238','','','156','http://mp3l.jamendo.com/?trackid=1006238&format=mp31&u=0');
UPDATE track SET album_id='118442' WHERE id='1006238';
UPDATE track SET text='' WHERE id='1006238';
INSERT INTO track VALUES('1006239','Ambient Atmosphere Timeless Space Formation Theme Soundscape 008','http://www.jamendo.com/es/track/1006239','','','152','http://mp3l.jamendo.com/?trackid=1006239&format=mp31&u=0');
UPDATE track SET album_id='118442' WHERE id='1006239';
UPDATE track SET text='' WHERE id='1006239';
INSERT INTO track VALUES('1006240','Ambient Atmosphere Timeless Space Formation Theme Soundscape 009','http://www.jamendo.com/es/track/1006240','','','150','http://mp3l.jamendo.com/?trackid=1006240&format=mp31&u=0');
UPDATE track SET album_id='118442' WHERE id='1006240';
UPDATE track SET text='' WHERE id='1006240';
INSERT INTO track VALUES('1006241','Ambient Atmosphere Timeless Space Formation Theme Soundscape 010','http://www.jamendo.com/es/track/1006241','','','151','http://mp3l.jamendo.com/?trackid=1006241&format=mp31&u=0');
UPDATE track SET album_id='118442' WHERE id='1006241';
UPDATE track SET text='' WHERE id='1006241';
INSERT INTO track VALUES('1006242','Ambient Atmosphere Timeless Space Formation Theme Soundscape 011','http://www.jamendo.com/es/track/1006242','','','152','http://mp3l.jamendo.com/?trackid=1006242&format=mp31&u=0');
UPDATE track SET album_id='118442' WHERE id='1006242';
UPDATE track SET text='' WHERE id='1006242';
INSERT INTO track VALUES('1006243','Ambient Atmosphere Timeless Space Formation Theme Soundscape 012','http://www.jamendo.com/es/track/1006243','','','152','http://mp3l.jamendo.com/?trackid=1006243&format=mp31&u=0');
UPDATE track SET album_id='118442' WHERE id='1006243';
UPDATE track SET text='' WHERE id='1006243';
INSERT INTO track VALUES('1006244','Ambient Atmosphere Timeless Space Formation Theme Soundscape 013','http://www.jamendo.com/es/track/1006244','','','156','http://mp3l.jamendo.com/?trackid=1006244&format=mp31&u=0');
UPDATE track SET album_id='118442' WHERE id='1006244';
UPDATE track SET text='' WHERE id='1006244';
INSERT INTO album VALUES('118467','Cinematic Beautiful Symphonic Children Choir Moods Theme Soundtrack Album n°123','http://www.jamendo.com/es/album/118467','http://imgjam.com/albums/s118/118467/covers/1.100.jpg','2','3474','classical');
UPDATE album SET artist_id='420766' WHERE id='118467';
INSERT INTO track VALUES('1006274','Cinematic Beautiful Symphonic Children Choir Moods Theme Soundtrack 001','http://www.jamendo.com/es/track/1006274','','','272','http://mp3l.jamendo.com/?trackid=1006274&format=mp31&u=0');
UPDATE track SET album_id='118467' WHERE id='1006274';
UPDATE track SET text='' WHERE id='1006274';
INSERT INTO track VALUES('1006286','Cinematic Beautiful Symphonic Children Choir Moods Theme Soundtrack 002','http://www.jamendo.com/es/track/1006286','','','337','http://mp3l.jamendo.com/?trackid=1006286&format=mp31&u=0');
UPDATE track SET album_id='118467' WHERE id='1006286';
UPDATE track SET text='' WHERE id='1006286';
INSERT INTO track VALUES('1006285','Cinematic Beautiful Symphonic Children Choir Moods Theme Soundtrack 003','http://www.jamendo.com/es/track/1006285','','','288','http://mp3l.jamendo.com/?trackid=1006285&format=mp31&u=0');
UPDATE track SET album_id='118467' WHERE id='1006285';
UPDATE track SET text='' WHERE id='1006285';
INSERT INTO track VALUES('1006287','Cinematic Beautiful Symphonic Children Choir Moods Theme Soundtrack 004','http://www.jamendo.com/es/track/1006287','','','413','http://mp3l.jamendo.com/?trackid=1006287&format=mp31&u=0');
UPDATE track SET album_id='118467' WHERE id='1006287';
UPDATE track SET text='' WHERE id='1006287';
INSERT INTO track VALUES('1006288','Cinematic Beautiful Symphonic Children Choir Moods Theme Soundtrack 005','http://www.jamendo.com/es/track/1006288','','','386','http://mp3l.jamendo.com/?trackid=1006288&format=mp31&u=0');
UPDATE track SET album_id='118467' WHERE id='1006288';
UPDATE track SET text='' WHERE id='1006288';
INSERT INTO track VALUES('1006289','Cinematic Beautiful Symphonic Children Choir Moods Theme Soundtrack 006','http://www.jamendo.com/es/track/1006289','','','370','http://mp3l.jamendo.com/?trackid=1006289&format=mp31&u=0');
UPDATE track SET album_id='118467' WHERE id='1006289';
UPDATE track SET text='' WHERE id='1006289';
INSERT INTO track VALUES('1006290','Cinematic Beautiful Symphonic Children Choir Moods Theme Soundtrack 007','http://www.jamendo.com/es/track/1006290','','','397','http://mp3l.jamendo.com/?trackid=1006290&format=mp31&u=0');
UPDATE track SET album_id='118467' WHERE id='1006290';
UPDATE track SET text='' WHERE id='1006290';
INSERT INTO track VALUES('1006291','Cinematic Beautiful Symphonic Children Choir Moods Theme Soundtrack 008','http://www.jamendo.com/es/track/1006291','','','304','http://mp3l.jamendo.com/?trackid=1006291&format=mp31&u=0');
UPDATE track SET album_id='118467' WHERE id='1006291';
UPDATE track SET text='' WHERE id='1006291';
INSERT INTO track VALUES('1006292','Cinematic Beautiful Symphonic Children Choir Moods Theme Soundtrack 009','http://www.jamendo.com/es/track/1006292','','','370','http://mp3l.jamendo.com/?trackid=1006292&format=mp31&u=0');
UPDATE track SET album_id='118467' WHERE id='1006292';
UPDATE track SET text='' WHERE id='1006292';
INSERT INTO track VALUES('1006284','Cinematic Beautiful Symphonic Children Choir Moods Theme Soundtrack 010','http://www.jamendo.com/es/track/1006284','','','337','http://mp3l.jamendo.com/?trackid=1006284&format=mp31&u=0');
UPDATE track SET album_id='118467' WHERE id='1006284';
UPDATE track SET text='' WHERE id='1006284';
INSERT INTO album VALUES('118486','Cinematic Epic Symphonic Brass Orchestra Honor & Glory Theme Soundtrack Instrumental Album n°124','http://www.jamendo.com/es/album/118486','http://imgjam.com/albums/s118/118486/covers/1.100.jpg','2','2968','classical');
UPDATE album SET artist_id='420766' WHERE id='118486';
INSERT INTO track VALUES('1006431','Cinematic Epic Symphonic Brass Orchestra Honor & Glory Theme Soundtrack 001','http://www.jamendo.com/es/track/1006431','','','229','http://mp3l.jamendo.com/?trackid=1006431&format=mp31&u=0');
UPDATE track SET album_id='118486' WHERE id='1006431';
UPDATE track SET text='' WHERE id='1006431';
INSERT INTO track VALUES('1006432','Cinematic Epic Symphonic Brass Orchestra Honor & Glory Theme Soundtrack 002','http://www.jamendo.com/es/track/1006432','','','409','http://mp3l.jamendo.com/?trackid=1006432&format=mp31&u=0');
UPDATE track SET album_id='118486' WHERE id='1006432';
UPDATE track SET text='' WHERE id='1006432';
INSERT INTO track VALUES('1006433','Cinematic Epic Symphonic Brass Orchestra Honor & Glory Theme Soundtrack 003','http://www.jamendo.com/es/track/1006433','','','369','http://mp3l.jamendo.com/?trackid=1006433&format=mp31&u=0');
UPDATE track SET album_id='118486' WHERE id='1006433';
UPDATE track SET text='' WHERE id='1006433';
INSERT INTO track VALUES('1006434','Cinematic Epic Symphonic Brass Orchestra Honor & Glory Theme Soundtrack 004','http://www.jamendo.com/es/track/1006434','','','257','http://mp3l.jamendo.com/?trackid=1006434&format=mp31&u=0');
UPDATE track SET album_id='118486' WHERE id='1006434';
UPDATE track SET text='' WHERE id='1006434';
INSERT INTO track VALUES('1006435','Cinematic Epic Symphonic Brass Orchestra Honor & Glory Theme Soundtrack 005','http://www.jamendo.com/es/track/1006435','','','369','http://mp3l.jamendo.com/?trackid=1006435&format=mp31&u=0');
UPDATE track SET album_id='118486' WHERE id='1006435';
UPDATE track SET text='' WHERE id='1006435';
INSERT INTO track VALUES('1006436','Cinematic Epic Symphonic Brass Orchestra Honor & Glory Theme Soundtrack 006','http://www.jamendo.com/es/track/1006436','','','341','http://mp3l.jamendo.com/?trackid=1006436&format=mp31&u=0');
UPDATE track SET album_id='118486' WHERE id='1006436';
UPDATE track SET text='' WHERE id='1006436';
INSERT INTO track VALUES('1006437','Cinematic Epic Symphonic Brass Orchestra Honor & Glory Theme Soundtrack 007','http://www.jamendo.com/es/track/1006437','','','481','http://mp3l.jamendo.com/?trackid=1006437&format=mp31&u=0');
UPDATE track SET album_id='118486' WHERE id='1006437';
UPDATE track SET text='' WHERE id='1006437';
INSERT INTO track VALUES('1006438','Cinematic Epic Symphonic Brass Orchestra Honor & Glory Theme Soundtrack 008','http://www.jamendo.com/es/track/1006438','','','513','http://mp3l.jamendo.com/?trackid=1006438&format=mp31&u=0');
UPDATE track SET album_id='118486' WHERE id='1006438';
UPDATE track SET text='' WHERE id='1006438';
INSERT INTO album VALUES('118491','Cinematic Most Beautiful Hopeful Expressive Grand Piano Moods Theme Soundtrack Instrumental Album n°125','http://www.jamendo.com/es/album/118491','http://imgjam.com/albums/s118/118491/covers/1.100.jpg','3','894','classical');
UPDATE album SET artist_id='420766' WHERE id='118491';
INSERT INTO track VALUES('1006611','Cinematic Most Beautiful Hopeful Expressive Grand Piano Moods Theme Soundtrack 001','http://www.jamendo.com/es/track/1006611','','','50','http://mp3l.jamendo.com/?trackid=1006611&format=mp31&u=0');
UPDATE track SET album_id='118491' WHERE id='1006611';
UPDATE track SET text='' WHERE id='1006611';
INSERT INTO track VALUES('1006606','Cinematic Most Beautiful Hopeful Expressive Grand Piano Moods Theme Soundtrack 002','http://www.jamendo.com/es/track/1006606','','','72','http://mp3l.jamendo.com/?trackid=1006606&format=mp31&u=0');
UPDATE track SET album_id='118491' WHERE id='1006606';
UPDATE track SET text='' WHERE id='1006606';
INSERT INTO track VALUES('1006607','Cinematic Most Beautiful Hopeful Expressive Grand Piano Moods Theme Soundtrack 003','http://www.jamendo.com/es/track/1006607','','','82','http://mp3l.jamendo.com/?trackid=1006607&format=mp31&u=0');
UPDATE track SET album_id='118491' WHERE id='1006607';
UPDATE track SET text='' WHERE id='1006607';
INSERT INTO track VALUES('1006608','Cinematic Most Beautiful Hopeful Expressive Grand Piano Moods Theme Soundtrack 004','http://www.jamendo.com/es/track/1006608','','','59','http://mp3l.jamendo.com/?trackid=1006608&format=mp31&u=0');
UPDATE track SET album_id='118491' WHERE id='1006608';
UPDATE track SET text='' WHERE id='1006608';
INSERT INTO track VALUES('1006609','Cinematic Most Beautiful Hopeful Expressive Grand Piano Moods Theme Soundtrack 005','http://www.jamendo.com/es/track/1006609','','','67','http://mp3l.jamendo.com/?trackid=1006609&format=mp31&u=0');
UPDATE track SET album_id='118491' WHERE id='1006609';
UPDATE track SET text='' WHERE id='1006609';
INSERT INTO track VALUES('1006610','Cinematic Most Beautiful Hopeful Expressive Grand Piano Moods Theme Soundtrack 006','http://www.jamendo.com/es/track/1006610','','','59','http://mp3l.jamendo.com/?trackid=1006610&format=mp31&u=0');
UPDATE track SET album_id='118491' WHERE id='1006610';
UPDATE track SET text='' WHERE id='1006610';
INSERT INTO track VALUES('1006616','Cinematic Most Beautiful Hopeful Expressive Grand Piano Moods Theme Soundtrack 007','http://www.jamendo.com/es/track/1006616','','','78','http://mp3l.jamendo.com/?trackid=1006616&format=mp31&u=0');
UPDATE track SET album_id='118491' WHERE id='1006616';
UPDATE track SET text='' WHERE id='1006616';
INSERT INTO track VALUES('1006612','Cinematic Most Beautiful Hopeful Expressive Grand Piano Moods Theme Soundtrack 008','http://www.jamendo.com/es/track/1006612','','','63','http://mp3l.jamendo.com/?trackid=1006612&format=mp31&u=0');
UPDATE track SET album_id='118491' WHERE id='1006612';
UPDATE track SET text='' WHERE id='1006612';
INSERT INTO track VALUES('1006613','Cinematic Most Beautiful Hopeful Expressive Grand Piano Moods Theme Soundtrack 009','http://www.jamendo.com/es/track/1006613','','','56','http://mp3l.jamendo.com/?trackid=1006613&format=mp31&u=0');
UPDATE track SET album_id='118491' WHERE id='1006613';
UPDATE track SET text='' WHERE id='1006613';
INSERT INTO track VALUES('1006614','Cinematic Most Beautiful Hopeful Expressive Grand Piano Moods Theme Soundtrack 010','http://www.jamendo.com/es/track/1006614','','','78','http://mp3l.jamendo.com/?trackid=1006614&format=mp31&u=0');
UPDATE track SET album_id='118491' WHERE id='1006614';
UPDATE track SET text='' WHERE id='1006614';
INSERT INTO track VALUES('1006615','Cinematic Most Beautiful Hopeful Expressive Grand Piano Moods Theme Soundtrack 011','http://www.jamendo.com/es/track/1006615','','','56','http://mp3l.jamendo.com/?trackid=1006615&format=mp31&u=0');
UPDATE track SET album_id='118491' WHERE id='1006615';
UPDATE track SET text='' WHERE id='1006615';
INSERT INTO track VALUES('1006617','Cinematic Most Beautiful Hopeful Expressive Grand Piano Moods Theme Soundtrack 012','http://www.jamendo.com/es/track/1006617','','','33','http://mp3l.jamendo.com/?trackid=1006617&format=mp31&u=0');
UPDATE track SET album_id='118491' WHERE id='1006617';
UPDATE track SET text='' WHERE id='1006617';
INSERT INTO track VALUES('1006618','Cinematic Most Beautiful Hopeful Expressive Grand Piano Moods Theme Soundtrack 013','http://www.jamendo.com/es/track/1006618','','','59','http://mp3l.jamendo.com/?trackid=1006618&format=mp31&u=0');
UPDATE track SET album_id='118491' WHERE id='1006618';
UPDATE track SET text='' WHERE id='1006618';
INSERT INTO track VALUES('1006620','Cinematic Most Beautiful Hopeful Expressive Grand Piano Moods Theme Soundtrack 014','http://www.jamendo.com/es/track/1006620','','','31','http://mp3l.jamendo.com/?trackid=1006620&format=mp31&u=0');
UPDATE track SET album_id='118491' WHERE id='1006620';
UPDATE track SET text='' WHERE id='1006620';
INSERT INTO track VALUES('1006619','Cinematic Most Beautiful Hopeful Expressive Grand Piano Moods Theme Soundtrack 015','http://www.jamendo.com/es/track/1006619','','','51','http://mp3l.jamendo.com/?trackid=1006619&format=mp31&u=0');
UPDATE track SET album_id='118491' WHERE id='1006619';
UPDATE track SET text='' WHERE id='1006619';
INSERT INTO album VALUES('118497','Cinematic Most Beautiful Hopeful Exquiste Grand Piano Scenes Theme Soundtrack Album n°126','http://www.jamendo.com/es/album/118497','http://imgjam.com/albums/s118/118497/covers/1.100.jpg','3','1013','classical');
UPDATE album SET artist_id='420766' WHERE id='118497';
INSERT INTO track VALUES('1006626','Cinematic Most Beautiful Hopeful Exquiste Grand Piano Scenes Theme Soundtrack 001','http://www.jamendo.com/es/track/1006626','','','130','http://mp3l.jamendo.com/?trackid=1006626&format=mp31&u=0');
UPDATE track SET album_id='118497' WHERE id='1006626';
UPDATE track SET text='' WHERE id='1006626';
INSERT INTO track VALUES('1006621','Cinematic Most Beautiful Hopeful Exquiste Grand Piano Scenes Theme Soundtrack 002','http://www.jamendo.com/es/track/1006621','','','53','http://mp3l.jamendo.com/?trackid=1006621&format=mp31&u=0');
UPDATE track SET album_id='118497' WHERE id='1006621';
UPDATE track SET text='' WHERE id='1006621';
INSERT INTO track VALUES('1006622','Cinematic Most Beautiful Hopeful Exquiste Grand Piano Scenes Theme Soundtrack 003','http://www.jamendo.com/es/track/1006622','','','73','http://mp3l.jamendo.com/?trackid=1006622&format=mp31&u=0');
UPDATE track SET album_id='118497' WHERE id='1006622';
UPDATE track SET text='' WHERE id='1006622';
INSERT INTO track VALUES('1006623','Cinematic Most Beautiful Hopeful Exquiste Grand Piano Scenes Theme Soundtrack 004','http://www.jamendo.com/es/track/1006623','','','56','http://mp3l.jamendo.com/?trackid=1006623&format=mp31&u=0');
UPDATE track SET album_id='118497' WHERE id='1006623';
UPDATE track SET text='' WHERE id='1006623';
INSERT INTO track VALUES('1006624','Cinematic Most Beautiful Hopeful Exquiste Grand Piano Scenes Theme Soundtrack 005','http://www.jamendo.com/es/track/1006624','','','59','http://mp3l.jamendo.com/?trackid=1006624&format=mp31&u=0');
UPDATE track SET album_id='118497' WHERE id='1006624';
UPDATE track SET text='' WHERE id='1006624';
INSERT INTO track VALUES('1006625','Cinematic Most Beautiful Hopeful Exquiste Grand Piano Scenes Theme Soundtrack 006','http://www.jamendo.com/es/track/1006625','','','64','http://mp3l.jamendo.com/?trackid=1006625&format=mp31&u=0');
UPDATE track SET album_id='118497' WHERE id='1006625';
UPDATE track SET text='' WHERE id='1006625';
INSERT INTO track VALUES('1006631','Cinematic Most Beautiful Hopeful Exquiste Grand Piano Scenes Theme Soundtrack 007','http://www.jamendo.com/es/track/1006631','','','55','http://mp3l.jamendo.com/?trackid=1006631&format=mp31&u=0');
UPDATE track SET album_id='118497' WHERE id='1006631';
UPDATE track SET text='' WHERE id='1006631';
INSERT INTO track VALUES('1006627','Cinematic Most Beautiful Hopeful Exquiste Grand Piano Scenes Theme Soundtrack 008','http://www.jamendo.com/es/track/1006627','','','71','http://mp3l.jamendo.com/?trackid=1006627&format=mp31&u=0');
UPDATE track SET album_id='118497' WHERE id='1006627';
UPDATE track SET text='' WHERE id='1006627';
INSERT INTO track VALUES('1006628','Cinematic Most Beautiful Hopeful Exquiste Grand Piano Scenes Theme Soundtrack 009','http://www.jamendo.com/es/track/1006628','','','64','http://mp3l.jamendo.com/?trackid=1006628&format=mp31&u=0');
UPDATE track SET album_id='118497' WHERE id='1006628';
UPDATE track SET text='' WHERE id='1006628';
INSERT INTO track VALUES('1006629','Cinematic Most Beautiful Hopeful Exquiste Grand Piano Scenes Theme Soundtrack 010','http://www.jamendo.com/es/track/1006629','','','98','http://mp3l.jamendo.com/?trackid=1006629&format=mp31&u=0');
UPDATE track SET album_id='118497' WHERE id='1006629';
UPDATE track SET text='' WHERE id='1006629';
INSERT INTO track VALUES('1006630','Cinematic Most Beautiful Hopeful Exquiste Grand Piano Scenes Theme Soundtrack 011','http://www.jamendo.com/es/track/1006630','','','46','http://mp3l.jamendo.com/?trackid=1006630&format=mp31&u=0');
UPDATE track SET album_id='118497' WHERE id='1006630';
UPDATE track SET text='' WHERE id='1006630';
INSERT INTO track VALUES('1006632','Cinematic Most Beautiful Hopeful Exquiste Grand Piano Scenes Theme Soundtrack 012','http://www.jamendo.com/es/track/1006632','','','68','http://mp3l.jamendo.com/?trackid=1006632&format=mp31&u=0');
UPDATE track SET album_id='118497' WHERE id='1006632';
UPDATE track SET text='' WHERE id='1006632';
INSERT INTO track VALUES('1006633','Cinematic Most Beautiful Hopeful Exquiste Grand Piano Scenes Theme Soundtrack 013','http://www.jamendo.com/es/track/1006633','','','57','http://mp3l.jamendo.com/?trackid=1006633&format=mp31&u=0');
UPDATE track SET album_id='118497' WHERE id='1006633';
UPDATE track SET text='' WHERE id='1006633';
INSERT INTO track VALUES('1006635','Cinematic Most Beautiful Hopeful Exquiste Grand Piano Scenes Theme Soundtrack 014','http://www.jamendo.com/es/track/1006635','','','56','http://mp3l.jamendo.com/?trackid=1006635&format=mp31&u=0');
UPDATE track SET album_id='118497' WHERE id='1006635';
UPDATE track SET text='' WHERE id='1006635';
INSERT INTO track VALUES('1006634','Cinematic Most Beautiful Hopeful Exquiste Grand Piano Scenes Theme Soundtrack 015','http://www.jamendo.com/es/track/1006634','','','63','http://mp3l.jamendo.com/?trackid=1006634&format=mp31&u=0');
UPDATE track SET album_id='118497' WHERE id='1006634';
UPDATE track SET text='' WHERE id='1006634';
INSERT INTO album VALUES('118504','Cinematic Sad Sentimental Slow Grand Piano Composer Theme Soundtrack Album n°127','http://www.jamendo.com/es/album/118504','http://imgjam.com/albums/s118/118504/covers/1.100.jpg','3','1166','classical');
UPDATE album SET artist_id='420766' WHERE id='118504';
INSERT INTO track VALUES('1006702','Cinematic Sad Sentimental Slow Grand Piano Composer Theme Soundtrack 001','http://www.jamendo.com/es/track/1006702','','','108','http://mp3l.jamendo.com/?trackid=1006702&format=mp31&u=0');
UPDATE track SET album_id='118504' WHERE id='1006702';
UPDATE track SET text='' WHERE id='1006702';
INSERT INTO track VALUES('1006703','Cinematic Sad Sentimental Slow Grand Piano Composer Theme Soundtrack 002','http://www.jamendo.com/es/track/1006703','','','113','http://mp3l.jamendo.com/?trackid=1006703&format=mp31&u=0');
UPDATE track SET album_id='118504' WHERE id='1006703';
UPDATE track SET text='' WHERE id='1006703';
INSERT INTO track VALUES('1006704','Cinematic Sad Sentimental Slow Grand Piano Composer Theme Soundtrack 003','http://www.jamendo.com/es/track/1006704','','','133','http://mp3l.jamendo.com/?trackid=1006704&format=mp31&u=0');
UPDATE track SET album_id='118504' WHERE id='1006704';
UPDATE track SET text='' WHERE id='1006704';
INSERT INTO track VALUES('1006705','Cinematic Sad Sentimental Slow Grand Piano Composer Theme Soundtrack 004','http://www.jamendo.com/es/track/1006705','','','162','http://mp3l.jamendo.com/?trackid=1006705&format=mp31&u=0');
UPDATE track SET album_id='118504' WHERE id='1006705';
UPDATE track SET text='' WHERE id='1006705';
INSERT INTO track VALUES('1006706','Cinematic Sad Sentimental Slow Grand Piano Composer Theme Soundtrack 005','http://www.jamendo.com/es/track/1006706','','','132','http://mp3l.jamendo.com/?trackid=1006706&format=mp31&u=0');
UPDATE track SET album_id='118504' WHERE id='1006706';
UPDATE track SET text='' WHERE id='1006706';
INSERT INTO track VALUES('1006707','Cinematic Sad Sentimental Slow Grand Piano Composer Theme Soundtrack 006','http://www.jamendo.com/es/track/1006707','','','118','http://mp3l.jamendo.com/?trackid=1006707&format=mp31&u=0');
UPDATE track SET album_id='118504' WHERE id='1006707';
UPDATE track SET text='' WHERE id='1006707';
INSERT INTO track VALUES('1006708','Cinematic Sad Sentimental Slow Grand Piano Composer Theme Soundtrack 007','http://www.jamendo.com/es/track/1006708','','','142','http://mp3l.jamendo.com/?trackid=1006708&format=mp31&u=0');
UPDATE track SET album_id='118504' WHERE id='1006708';
UPDATE track SET text='' WHERE id='1006708';
INSERT INTO track VALUES('1006709','Cinematic Sad Sentimental Slow Grand Piano Composer Theme Soundtrack 008','http://www.jamendo.com/es/track/1006709','','','118','http://mp3l.jamendo.com/?trackid=1006709&format=mp31&u=0');
UPDATE track SET album_id='118504' WHERE id='1006709';
UPDATE track SET text='' WHERE id='1006709';
INSERT INTO track VALUES('1006710','Cinematic Sad Sentimental Slow Grand Piano Composer Theme Soundtrack 009','http://www.jamendo.com/es/track/1006710','','','60','http://mp3l.jamendo.com/?trackid=1006710&format=mp31&u=0');
UPDATE track SET album_id='118504' WHERE id='1006710';
UPDATE track SET text='' WHERE id='1006710';
INSERT INTO track VALUES('1006711','Cinematic Sad Sentimental Slow Grand Piano Composer Theme Soundtrack 010','http://www.jamendo.com/es/track/1006711','','','80','http://mp3l.jamendo.com/?trackid=1006711&format=mp31&u=0');
UPDATE track SET album_id='118504' WHERE id='1006711';
UPDATE track SET text='' WHERE id='1006711';
INSERT INTO album VALUES('118517','Cinematic African World Percussion Wildlife Congas Bongos Convolution Reverb Theme n°128','http://www.jamendo.com/es/album/118517','http://imgjam.com/albums/s118/118517/covers/1.100.jpg','2','2401','world');
UPDATE album SET artist_id='420766' WHERE id='118517';
INSERT INTO track VALUES('1006770','Cinematic African World Percussion Wildlife Congas Bongos Convolution Reverb Theme 001','http://www.jamendo.com/es/track/1006770','','','60','http://mp3l.jamendo.com/?trackid=1006770&format=mp31&u=0');
UPDATE track SET album_id='118517' WHERE id='1006770';
UPDATE track SET text='' WHERE id='1006770';
INSERT INTO track VALUES('1006769','Cinematic African World Percussion Wildlife Congas Bongos Convolution Reverb Theme 002','http://www.jamendo.com/es/track/1006769','','','60','http://mp3l.jamendo.com/?trackid=1006769&format=mp31&u=0');
UPDATE track SET album_id='118517' WHERE id='1006769';
UPDATE track SET text='' WHERE id='1006769';
INSERT INTO track VALUES('1006781','Cinematic African World Percussion Wildlife Congas Bongos Convolution Reverb Theme 003','http://www.jamendo.com/es/track/1006781','','','60','http://mp3l.jamendo.com/?trackid=1006781&format=mp31&u=0');
UPDATE track SET album_id='118517' WHERE id='1006781';
UPDATE track SET text='' WHERE id='1006781';
INSERT INTO track VALUES('1006881','Cinematic African World Percussion Wildlife Congas Bongos Convolution Reverb Theme 004','http://www.jamendo.com/es/track/1006881','','','61','http://mp3l.jamendo.com/?trackid=1006881&format=mp31&u=0');
UPDATE track SET album_id='118517' WHERE id='1006881';
UPDATE track SET text='' WHERE id='1006881';
INSERT INTO track VALUES('1006782','Cinematic African World Percussion Wildlife Congas Bongos Convolution Reverb Theme 005','http://www.jamendo.com/es/track/1006782','','','61','http://mp3l.jamendo.com/?trackid=1006782&format=mp31&u=0');
UPDATE track SET album_id='118517' WHERE id='1006782';
UPDATE track SET text='' WHERE id='1006782';
INSERT INTO track VALUES('1006772','Cinematic African World Percussion Wildlife Congas Bongos Convolution Reverb Theme 006','http://www.jamendo.com/es/track/1006772','','','58','http://mp3l.jamendo.com/?trackid=1006772&format=mp31&u=0');
UPDATE track SET album_id='118517' WHERE id='1006772';
UPDATE track SET text='' WHERE id='1006772';
INSERT INTO track VALUES('1006784','Cinematic African World Percussion Wildlife Congas Bongos Convolution Reverb Theme 007','http://www.jamendo.com/es/track/1006784','','','59','http://mp3l.jamendo.com/?trackid=1006784&format=mp31&u=0');
UPDATE track SET album_id='118517' WHERE id='1006784';
UPDATE track SET text='' WHERE id='1006784';
INSERT INTO track VALUES('1006897','Cinematic African World Percussion Wildlife Congas Bongos Convolution Reverb Theme 008','http://www.jamendo.com/es/track/1006897','','','49','http://mp3l.jamendo.com/?trackid=1006897&format=mp31&u=0');
UPDATE track SET album_id='118517' WHERE id='1006897';
UPDATE track SET text='' WHERE id='1006897';
INSERT INTO track VALUES('1006785','Cinematic African World Percussion Wildlife Congas Bongos Convolution Reverb Theme 009','http://www.jamendo.com/es/track/1006785','','','59','http://mp3l.jamendo.com/?trackid=1006785&format=mp31&u=0');
UPDATE track SET album_id='118517' WHERE id='1006785';
UPDATE track SET text='' WHERE id='1006785';
INSERT INTO track VALUES('1006768','Cinematic African World Percussion Wildlife Congas Bongos Convolution Reverb Theme 010','http://www.jamendo.com/es/track/1006768','','','59','http://mp3l.jamendo.com/?trackid=1006768&format=mp31&u=0');
UPDATE track SET album_id='118517' WHERE id='1006768';
UPDATE track SET text='' WHERE id='1006768';
INSERT INTO track VALUES('1006872','Cinematic African World Percussion Wildlife Congas Bongos Convolution Reverb Theme 011','http://www.jamendo.com/es/track/1006872','','','60','http://mp3l.jamendo.com/?trackid=1006872&format=mp31&u=0');
UPDATE track SET album_id='118517' WHERE id='1006872';
UPDATE track SET text='' WHERE id='1006872';
INSERT INTO track VALUES('1006774','Cinematic African World Percussion Wildlife Congas Bongos Convolution Reverb Theme 012','http://www.jamendo.com/es/track/1006774','','','59','http://mp3l.jamendo.com/?trackid=1006774&format=mp31&u=0');
UPDATE track SET album_id='118517' WHERE id='1006774';
UPDATE track SET text='' WHERE id='1006774';
INSERT INTO track VALUES('1006909','Cinematic African World Percussion Wildlife Congas Bongos Convolution Reverb Theme 013','http://www.jamendo.com/es/track/1006909','','','59','http://mp3l.jamendo.com/?trackid=1006909&format=mp31&u=0');
UPDATE track SET album_id='118517' WHERE id='1006909';
UPDATE track SET text='' WHERE id='1006909';
INSERT INTO track VALUES('1006780','Cinematic African World Percussion Wildlife Congas Bongos Convolution Reverb Theme 014','http://www.jamendo.com/es/track/1006780','','','58','http://mp3l.jamendo.com/?trackid=1006780&format=mp31&u=0');
UPDATE track SET album_id='118517' WHERE id='1006780';
UPDATE track SET text='' WHERE id='1006780';
INSERT INTO track VALUES('1006873','Cinematic African World Percussion Wildlife Congas Bongos Convolution Reverb Theme 015','http://www.jamendo.com/es/track/1006873','','','58','http://mp3l.jamendo.com/?trackid=1006873&format=mp31&u=0');
UPDATE track SET album_id='118517' WHERE id='1006873';
UPDATE track SET text='' WHERE id='1006873';
INSERT INTO track VALUES('1006786','Cinematic African World Percussion Wildlife Congas Bongos Convolution Reverb Theme 016','http://www.jamendo.com/es/track/1006786','','','58','http://mp3l.jamendo.com/?trackid=1006786&format=mp31&u=0');
UPDATE track SET album_id='118517' WHERE id='1006786';
UPDATE track SET text='' WHERE id='1006786';
INSERT INTO track VALUES('1006884','Cinematic African World Percussion Wildlife Congas Bongos Convolution Reverb Theme 017','http://www.jamendo.com/es/track/1006884','','','58','http://mp3l.jamendo.com/?trackid=1006884&format=mp31&u=0');
UPDATE track SET album_id='118517' WHERE id='1006884';
UPDATE track SET text='' WHERE id='1006884';
INSERT INTO track VALUES('1006791','Cinematic African World Percussion Wildlife Congas Bongos Convolution Reverb Theme 018','http://www.jamendo.com/es/track/1006791','','','59','http://mp3l.jamendo.com/?trackid=1006791&format=mp31&u=0');
UPDATE track SET album_id='118517' WHERE id='1006791';
UPDATE track SET text='' WHERE id='1006791';
INSERT INTO track VALUES('1006771','Cinematic African World Percussion Wildlife Congas Bongos Convolution Reverb Theme 019','http://www.jamendo.com/es/track/1006771','','','59','http://mp3l.jamendo.com/?trackid=1006771&format=mp31&u=0');
UPDATE track SET album_id='118517' WHERE id='1006771';
UPDATE track SET text='' WHERE id='1006771';
INSERT INTO track VALUES('1006874','Cinematic African World Percussion Wildlife Congas Bongos Convolution Reverb Theme 020','http://www.jamendo.com/es/track/1006874','','','58','http://mp3l.jamendo.com/?trackid=1006874&format=mp31&u=0');
UPDATE track SET album_id='118517' WHERE id='1006874';
UPDATE track SET text='' WHERE id='1006874';
INSERT INTO track VALUES('1006777','Cinematic African World Percussion Wildlife Congas Bongos Convolution Reverb Theme 021','http://www.jamendo.com/es/track/1006777','','','46','http://mp3l.jamendo.com/?trackid=1006777&format=mp31&u=0');
UPDATE track SET album_id='118517' WHERE id='1006777';
UPDATE track SET text='' WHERE id='1006777';
INSERT INTO track VALUES('1006875','Cinematic African World Percussion Wildlife Congas Bongos Convolution Reverb Theme 022','http://www.jamendo.com/es/track/1006875','','','60','http://mp3l.jamendo.com/?trackid=1006875&format=mp31&u=0');
UPDATE track SET album_id='118517' WHERE id='1006875';
UPDATE track SET text='' WHERE id='1006875';
INSERT INTO track VALUES('1006783','Cinematic African World Percussion Wildlife Congas Bongos Convolution Reverb Theme 023','http://www.jamendo.com/es/track/1006783','','','60','http://mp3l.jamendo.com/?trackid=1006783&format=mp31&u=0');
UPDATE track SET album_id='118517' WHERE id='1006783';
UPDATE track SET text='' WHERE id='1006783';
INSERT INTO track VALUES('1006876','Cinematic African World Percussion Wildlife Congas Bongos Convolution Reverb Theme 024','http://www.jamendo.com/es/track/1006876','','','59','http://mp3l.jamendo.com/?trackid=1006876&format=mp31&u=0');
UPDATE track SET album_id='118517' WHERE id='1006876';
UPDATE track SET text='' WHERE id='1006876';
INSERT INTO track VALUES('1006788','Cinematic African World Percussion Wildlife Congas Bongos Convolution Reverb Theme 025','http://www.jamendo.com/es/track/1006788','','','59','http://mp3l.jamendo.com/?trackid=1006788&format=mp31&u=0');
UPDATE track SET album_id='118517' WHERE id='1006788';
UPDATE track SET text='' WHERE id='1006788';
INSERT INTO track VALUES('1006787','Cinematic African World Percussion Wildlife Congas Bongos Convolution Reverb Theme 026','http://www.jamendo.com/es/track/1006787','','','60','http://mp3l.jamendo.com/?trackid=1006787&format=mp31&u=0');
UPDATE track SET album_id='118517' WHERE id='1006787';
UPDATE track SET text='' WHERE id='1006787';
INSERT INTO track VALUES('1006767','Cinematic African World Percussion Wildlife Congas Bongos Convolution Reverb Theme 027','http://www.jamendo.com/es/track/1006767','','','60','http://mp3l.jamendo.com/?trackid=1006767&format=mp31&u=0');
UPDATE track SET album_id='118517' WHERE id='1006767';
UPDATE track SET text='' WHERE id='1006767';
INSERT INTO track VALUES('1006877','Cinematic African World Percussion Wildlife Congas Bongos Convolution Reverb Theme 028','http://www.jamendo.com/es/track/1006877','','','59','http://mp3l.jamendo.com/?trackid=1006877&format=mp31&u=0');
UPDATE track SET album_id='118517' WHERE id='1006877';
UPDATE track SET text='' WHERE id='1006877';
INSERT INTO track VALUES('1006779','Cinematic African World Percussion Wildlife Congas Bongos Convolution Reverb Theme 029','http://www.jamendo.com/es/track/1006779','','','60','http://mp3l.jamendo.com/?trackid=1006779&format=mp31&u=0');
UPDATE track SET album_id='118517' WHERE id='1006779';
UPDATE track SET text='' WHERE id='1006779';
INSERT INTO track VALUES('1006878','Cinematic African World Percussion Wildlife Congas Bongos Convolution Reverb Theme 030','http://www.jamendo.com/es/track/1006878','','','59','http://mp3l.jamendo.com/?trackid=1006878&format=mp31&u=0');
UPDATE track SET album_id='118517' WHERE id='1006878';
UPDATE track SET text='' WHERE id='1006878';
INSERT INTO track VALUES('1006778','Cinematic African World Percussion Wildlife Congas Bongos Convolution Reverb Theme 031','http://www.jamendo.com/es/track/1006778','','','59','http://mp3l.jamendo.com/?trackid=1006778&format=mp31&u=0');
UPDATE track SET album_id='118517' WHERE id='1006778';
UPDATE track SET text='' WHERE id='1006778';
INSERT INTO track VALUES('1006879','Cinematic African World Percussion Wildlife Congas Bongos Convolution Reverb Theme 032','http://www.jamendo.com/es/track/1006879','','','60','http://mp3l.jamendo.com/?trackid=1006879&format=mp31&u=0');
UPDATE track SET album_id='118517' WHERE id='1006879';
UPDATE track SET text='' WHERE id='1006879';
INSERT INTO track VALUES('1006790','Cinematic African World Percussion Wildlife Congas Bongos Convolution Reverb Theme 033','http://www.jamendo.com/es/track/1006790','','','58','http://mp3l.jamendo.com/?trackid=1006790&format=mp31&u=0');
UPDATE track SET album_id='118517' WHERE id='1006790';
UPDATE track SET text='' WHERE id='1006790';
INSERT INTO track VALUES('1006880','Cinematic African World Percussion Wildlife Congas Bongos Convolution Reverb Theme 034','http://www.jamendo.com/es/track/1006880','','','59','http://mp3l.jamendo.com/?trackid=1006880&format=mp31&u=0');
UPDATE track SET album_id='118517' WHERE id='1006880';
UPDATE track SET text='' WHERE id='1006880';
INSERT INTO track VALUES('1006789','Cinematic African World Percussion Wildlife Congas Bongos Convolution Reverb Theme 035','http://www.jamendo.com/es/track/1006789','','','59','http://mp3l.jamendo.com/?trackid=1006789&format=mp31&u=0');
UPDATE track SET album_id='118517' WHERE id='1006789';
UPDATE track SET text='' WHERE id='1006789';
INSERT INTO track VALUES('1006776','Cinematic African World Percussion Wildlife Congas Bongos Convolution Reverb Theme 036','http://www.jamendo.com/es/track/1006776','','','58','http://mp3l.jamendo.com/?trackid=1006776&format=mp31&u=0');
UPDATE track SET album_id='118517' WHERE id='1006776';
UPDATE track SET text='' WHERE id='1006776';
INSERT INTO track VALUES('1006882','Cinematic African World Percussion Wildlife Congas Bongos Convolution Reverb Theme 037','http://www.jamendo.com/es/track/1006882','','','58','http://mp3l.jamendo.com/?trackid=1006882&format=mp31&u=0');
UPDATE track SET album_id='118517' WHERE id='1006882';
UPDATE track SET text='' WHERE id='1006882';
INSERT INTO track VALUES('1006775','Cinematic African World Percussion Wildlife Congas Bongos Convolution Reverb Theme 038','http://www.jamendo.com/es/track/1006775','','','59','http://mp3l.jamendo.com/?trackid=1006775&format=mp31&u=0');
UPDATE track SET album_id='118517' WHERE id='1006775';
UPDATE track SET text='' WHERE id='1006775';
INSERT INTO track VALUES('1006910','Cinematic African World Percussion Wildlife Congas Bongos Convolution Reverb Theme 039','http://www.jamendo.com/es/track/1006910','','','59','http://mp3l.jamendo.com/?trackid=1006910&format=mp31&u=0');
UPDATE track SET album_id='118517' WHERE id='1006910';
UPDATE track SET text='' WHERE id='1006910';
INSERT INTO track VALUES('1006883','Cinematic African World Percussion Wildlife Congas Bongos Convolution Reverb Theme 040','http://www.jamendo.com/es/track/1006883','','','59','http://mp3l.jamendo.com/?trackid=1006883&format=mp31&u=0');
UPDATE track SET album_id='118517' WHERE id='1006883';
UPDATE track SET text='' WHERE id='1006883';
INSERT INTO track VALUES('1006773','Cinematic African World Percussion Wildlife Congas Bongos Convolution Reverb Theme 041','http://www.jamendo.com/es/track/1006773','','','59','http://mp3l.jamendo.com/?trackid=1006773&format=mp31&u=0');
UPDATE track SET album_id='118517' WHERE id='1006773';
UPDATE track SET text='' WHERE id='1006773';
INSERT INTO album VALUES('118532','Cinematic Atmosphere Elvolving Ambient Earth Space Adventure Theme Soundscape Album n°129','http://www.jamendo.com/es/album/118532','http://imgjam.com/albums/s118/118532/covers/1.100.jpg','2','8777','electronic');
UPDATE album SET artist_id='420766' WHERE id='118532';
INSERT INTO track VALUES('1007025','Cinematic Atmosphere Elvolving Ambient Earth Space Adventure Theme Soundscape 001','http://www.jamendo.com/es/track/1007025','','','417','http://mp3l.jamendo.com/?trackid=1007025&format=mp31&u=0');
UPDATE track SET album_id='118532' WHERE id='1007025';
UPDATE track SET text='' WHERE id='1007025';
INSERT INTO track VALUES('1007015','Cinematic Atmosphere Elvolving Ambient Earth Space Adventure Theme Soundscape 002','http://www.jamendo.com/es/track/1007015','','','452','http://mp3l.jamendo.com/?trackid=1007015&format=mp31&u=0');
UPDATE track SET album_id='118532' WHERE id='1007015';
UPDATE track SET text='' WHERE id='1007015';
INSERT INTO track VALUES('1007016','Cinematic Atmosphere Elvolving Ambient Earth Space Adventure Theme Soundscape 003','http://www.jamendo.com/es/track/1007016','','','435','http://mp3l.jamendo.com/?trackid=1007016&format=mp31&u=0');
UPDATE track SET album_id='118532' WHERE id='1007016';
UPDATE track SET text='' WHERE id='1007016';
INSERT INTO track VALUES('1007017','Cinematic Atmosphere Elvolving Ambient Earth Space Adventure Theme Soundscape 004','http://www.jamendo.com/es/track/1007017','','','424','http://mp3l.jamendo.com/?trackid=1007017&format=mp31&u=0');
UPDATE track SET album_id='118532' WHERE id='1007017';
UPDATE track SET text='' WHERE id='1007017';
INSERT INTO track VALUES('1007018','Cinematic Atmosphere Elvolving Ambient Earth Space Adventure Theme Soundscape 005','http://www.jamendo.com/es/track/1007018','','','455','http://mp3l.jamendo.com/?trackid=1007018&format=mp31&u=0');
UPDATE track SET album_id='118532' WHERE id='1007018';
UPDATE track SET text='' WHERE id='1007018';
INSERT INTO track VALUES('1007019','Cinematic Atmosphere Elvolving Ambient Earth Space Adventure Theme Soundscape 006','http://www.jamendo.com/es/track/1007019','','','463','http://mp3l.jamendo.com/?trackid=1007019&format=mp31&u=0');
UPDATE track SET album_id='118532' WHERE id='1007019';
UPDATE track SET text='' WHERE id='1007019';
INSERT INTO track VALUES('1007020','Cinematic Atmosphere Elvolving Ambient Earth Space Adventure Theme Soundscape 007','http://www.jamendo.com/es/track/1007020','','','391','http://mp3l.jamendo.com/?trackid=1007020&format=mp31&u=0');
UPDATE track SET album_id='118532' WHERE id='1007020';
UPDATE track SET text='' WHERE id='1007020';
INSERT INTO track VALUES('1007021','Cinematic Atmosphere Elvolving Ambient Earth Space Adventure Theme Soundscape 008','http://www.jamendo.com/es/track/1007021','','','439','http://mp3l.jamendo.com/?trackid=1007021&format=mp31&u=0');
UPDATE track SET album_id='118532' WHERE id='1007021';
UPDATE track SET text='' WHERE id='1007021';
INSERT INTO track VALUES('1007022','Cinematic Atmosphere Elvolving Ambient Earth Space Adventure Theme Soundscape 009','http://www.jamendo.com/es/track/1007022','','','390','http://mp3l.jamendo.com/?trackid=1007022&format=mp31&u=0');
UPDATE track SET album_id='118532' WHERE id='1007022';
UPDATE track SET text='' WHERE id='1007022';
INSERT INTO track VALUES('1007023','Cinematic Atmosphere Elvolving Ambient Earth Space Adventure Theme Soundscape 010','http://www.jamendo.com/es/track/1007023','','','443','http://mp3l.jamendo.com/?trackid=1007023&format=mp31&u=0');
UPDATE track SET album_id='118532' WHERE id='1007023';
UPDATE track SET text='' WHERE id='1007023';
INSERT INTO track VALUES('1007006','Cinematic Atmosphere Elvolving Ambient Earth Space Adventure Theme Soundscape 011','http://www.jamendo.com/es/track/1007006','','','460','http://mp3l.jamendo.com/?trackid=1007006&format=mp31&u=0');
UPDATE track SET album_id='118532' WHERE id='1007006';
UPDATE track SET text='' WHERE id='1007006';
INSERT INTO track VALUES('1007007','Cinematic Atmosphere Elvolving Ambient Earth Space Adventure Theme Soundscape 012','http://www.jamendo.com/es/track/1007007','','','418','http://mp3l.jamendo.com/?trackid=1007007&format=mp31&u=0');
UPDATE track SET album_id='118532' WHERE id='1007007';
UPDATE track SET text='' WHERE id='1007007';
INSERT INTO track VALUES('1007009','Cinematic Atmosphere Elvolving Ambient Earth Space Adventure Theme Soundscape 013','http://www.jamendo.com/es/track/1007009','','','462','http://mp3l.jamendo.com/?trackid=1007009&format=mp31&u=0');
UPDATE track SET album_id='118532' WHERE id='1007009';
UPDATE track SET text='' WHERE id='1007009';
INSERT INTO track VALUES('1007008','Cinematic Atmosphere Elvolving Ambient Earth Space Adventure Theme Soundscape 014','http://www.jamendo.com/es/track/1007008','','','463','http://mp3l.jamendo.com/?trackid=1007008&format=mp31&u=0');
UPDATE track SET album_id='118532' WHERE id='1007008';
UPDATE track SET text='' WHERE id='1007008';
INSERT INTO track VALUES('1007010','Cinematic Atmosphere Elvolving Ambient Earth Space Adventure Theme Soundscape 015','http://www.jamendo.com/es/track/1007010','','','455','http://mp3l.jamendo.com/?trackid=1007010&format=mp31&u=0');
UPDATE track SET album_id='118532' WHERE id='1007010';
UPDATE track SET text='' WHERE id='1007010';
INSERT INTO track VALUES('1007012','Cinematic Atmosphere Elvolving Ambient Earth Space Adventure Theme Soundscape 016','http://www.jamendo.com/es/track/1007012','','','419','http://mp3l.jamendo.com/?trackid=1007012&format=mp31&u=0');
UPDATE track SET album_id='118532' WHERE id='1007012';
UPDATE track SET text='' WHERE id='1007012';
INSERT INTO track VALUES('1007014','Cinematic Atmosphere Elvolving Ambient Earth Space Adventure Theme Soundscape 017','http://www.jamendo.com/es/track/1007014','','','451','http://mp3l.jamendo.com/?trackid=1007014&format=mp31&u=0');
UPDATE track SET album_id='118532' WHERE id='1007014';
UPDATE track SET text='' WHERE id='1007014';
INSERT INTO track VALUES('1007011','Cinematic Atmosphere Elvolving Ambient Earth Space Adventure Theme Soundscape 018','http://www.jamendo.com/es/track/1007011','','','447','http://mp3l.jamendo.com/?trackid=1007011&format=mp31&u=0');
UPDATE track SET album_id='118532' WHERE id='1007011';
UPDATE track SET text='' WHERE id='1007011';
INSERT INTO track VALUES('1007013','Cinematic Atmosphere Elvolving Ambient Earth Space Adventure Theme Soundscape 019','http://www.jamendo.com/es/track/1007013','','','446','http://mp3l.jamendo.com/?trackid=1007013&format=mp31&u=0');
UPDATE track SET album_id='118532' WHERE id='1007013';
UPDATE track SET text='' WHERE id='1007013';
INSERT INTO track VALUES('1007024','Cinematic Atmosphere Elvolving Ambient Earth Space Adventure Theme Soundscape 020','http://www.jamendo.com/es/track/1007024','','','447','http://mp3l.jamendo.com/?trackid=1007024&format=mp31&u=0');
UPDATE track SET album_id='118532' WHERE id='1007024';
UPDATE track SET text='' WHERE id='1007024';
INSERT INTO album VALUES('118563','Cinematic Most Beautiful Hopeful Peaceful Grand Piano Pieces Theme Soundtrack Instrumental Album n°130','http://www.jamendo.com/es/album/118563','http://imgjam.com/albums/s118/118563/covers/1.100.jpg','3','806','classical');
UPDATE album SET artist_id='420766' WHERE id='118563';
INSERT INTO track VALUES('1007380','Cinematic Most Beautiful Hopeful Peaceful Grand Piano Pieces Theme Soundtrack 001','http://www.jamendo.com/es/track/1007380','','','41','http://mp3l.jamendo.com/?trackid=1007380&format=mp31&u=0');
UPDATE track SET album_id='118563' WHERE id='1007380';
UPDATE track SET text='' WHERE id='1007380';
INSERT INTO track VALUES('1007375','Cinematic Most Beautiful Hopeful Peaceful Grand Piano Pieces Theme Soundtrack 002','http://www.jamendo.com/es/track/1007375','','','44','http://mp3l.jamendo.com/?trackid=1007375&format=mp31&u=0');
UPDATE track SET album_id='118563' WHERE id='1007375';
UPDATE track SET text='' WHERE id='1007375';
INSERT INTO track VALUES('1007376','Cinematic Most Beautiful Hopeful Peaceful Grand Piano Pieces Theme Soundtrack 003','http://www.jamendo.com/es/track/1007376','','','45','http://mp3l.jamendo.com/?trackid=1007376&format=mp31&u=0');
UPDATE track SET album_id='118563' WHERE id='1007376';
UPDATE track SET text='' WHERE id='1007376';
INSERT INTO track VALUES('1007377','Cinematic Most Beautiful Hopeful Peaceful Grand Piano Pieces Theme Soundtrack 004','http://www.jamendo.com/es/track/1007377','','','59','http://mp3l.jamendo.com/?trackid=1007377&format=mp31&u=0');
UPDATE track SET album_id='118563' WHERE id='1007377';
UPDATE track SET text='' WHERE id='1007377';
INSERT INTO track VALUES('1007378','Cinematic Most Beautiful Hopeful Peaceful Grand Piano Pieces Theme Soundtrack 005','http://www.jamendo.com/es/track/1007378','','','62','http://mp3l.jamendo.com/?trackid=1007378&format=mp31&u=0');
UPDATE track SET album_id='118563' WHERE id='1007378';
UPDATE track SET text='' WHERE id='1007378';
INSERT INTO track VALUES('1007379','Cinematic Most Beautiful Hopeful Peaceful Grand Piano Pieces Theme Soundtrack 006','http://www.jamendo.com/es/track/1007379','','','52','http://mp3l.jamendo.com/?trackid=1007379&format=mp31&u=0');
UPDATE track SET album_id='118563' WHERE id='1007379';
UPDATE track SET text='' WHERE id='1007379';
INSERT INTO track VALUES('1007385','Cinematic Most Beautiful Hopeful Peaceful Grand Piano Pieces Theme Soundtrack 007','http://www.jamendo.com/es/track/1007385','','','49','http://mp3l.jamendo.com/?trackid=1007385&format=mp31&u=0');
UPDATE track SET album_id='118563' WHERE id='1007385';
UPDATE track SET text='' WHERE id='1007385';
INSERT INTO track VALUES('1007381','Cinematic Most Beautiful Hopeful Peaceful Grand Piano Pieces Theme Soundtrack 008','http://www.jamendo.com/es/track/1007381','','','69','http://mp3l.jamendo.com/?trackid=1007381&format=mp31&u=0');
UPDATE track SET album_id='118563' WHERE id='1007381';
UPDATE track SET text='' WHERE id='1007381';
INSERT INTO track VALUES('1007382','Cinematic Most Beautiful Hopeful Peaceful Grand Piano Pieces Theme Soundtrack 009','http://www.jamendo.com/es/track/1007382','','','64','http://mp3l.jamendo.com/?trackid=1007382&format=mp31&u=0');
UPDATE track SET album_id='118563' WHERE id='1007382';
UPDATE track SET text='' WHERE id='1007382';
INSERT INTO track VALUES('1007383','Cinematic Most Beautiful Hopeful Peaceful Grand Piano Pieces Theme Soundtrack 010','http://www.jamendo.com/es/track/1007383','','','67','http://mp3l.jamendo.com/?trackid=1007383&format=mp31&u=0');
UPDATE track SET album_id='118563' WHERE id='1007383';
UPDATE track SET text='' WHERE id='1007383';
INSERT INTO track VALUES('1007384','Cinematic Most Beautiful Hopeful Peaceful Grand Piano Pieces Theme Soundtrack 011','http://www.jamendo.com/es/track/1007384','','','53','http://mp3l.jamendo.com/?trackid=1007384&format=mp31&u=0');
UPDATE track SET album_id='118563' WHERE id='1007384';
UPDATE track SET text='' WHERE id='1007384';
INSERT INTO track VALUES('1007386','Cinematic Most Beautiful Hopeful Peaceful Grand Piano Pieces Theme Soundtrack 012','http://www.jamendo.com/es/track/1007386','','','54','http://mp3l.jamendo.com/?trackid=1007386&format=mp31&u=0');
UPDATE track SET album_id='118563' WHERE id='1007386';
UPDATE track SET text='' WHERE id='1007386';
INSERT INTO track VALUES('1007387','Cinematic Most Beautiful Hopeful Peaceful Grand Piano Pieces Theme Soundtrack 013','http://www.jamendo.com/es/track/1007387','','','47','http://mp3l.jamendo.com/?trackid=1007387&format=mp31&u=0');
UPDATE track SET album_id='118563' WHERE id='1007387';
UPDATE track SET text='' WHERE id='1007387';
INSERT INTO track VALUES('1007389','Cinematic Most Beautiful Hopeful Peaceful Grand Piano Pieces Theme Soundtrack 014','http://www.jamendo.com/es/track/1007389','','','47','http://mp3l.jamendo.com/?trackid=1007389&format=mp31&u=0');
UPDATE track SET album_id='118563' WHERE id='1007389';
UPDATE track SET text='' WHERE id='1007389';
INSERT INTO track VALUES('1007388','Cinematic Most Beautiful Hopeful Peaceful Grand Piano Pieces Theme Soundtrack 015','http://www.jamendo.com/es/track/1007388','','','53','http://mp3l.jamendo.com/?trackid=1007388&format=mp31&u=0');
UPDATE track SET album_id='118563' WHERE id='1007388';
UPDATE track SET text='' WHERE id='1007388';
INSERT INTO album VALUES('118572','Cinematic Most Beautiful Sentimental Slow Grand Piano Masterpieces Theme Soundtrack Piano n°131','http://www.jamendo.com/es/album/118572','http://imgjam.com/albums/s118/118572/covers/1.100.jpg','2','1565','Ambient');
UPDATE album SET artist_id='420766' WHERE id='118572';
INSERT INTO track VALUES('1007392','Cinematic Most Beautiful Sentimental Slow Grand Piano Masterpieces Theme Soundtrack 001','http://www.jamendo.com/es/track/1007392','','','94','http://mp3l.jamendo.com/?trackid=1007392&format=mp31&u=0');
UPDATE track SET album_id='118572' WHERE id='1007392';
UPDATE track SET text='' WHERE id='1007392';
INSERT INTO track VALUES('1007419','Cinematic Most Beautiful Sentimental Slow Grand Piano Masterpieces Theme Soundtrack 002','http://www.jamendo.com/es/track/1007419','','','141','http://mp3l.jamendo.com/?trackid=1007419&format=mp31&u=0');
UPDATE track SET album_id='118572' WHERE id='1007419';
UPDATE track SET text='' WHERE id='1007419';
INSERT INTO track VALUES('1007420','Cinematic Most Beautiful Sentimental Slow Grand Piano Masterpieces Theme Soundtrack 003','http://www.jamendo.com/es/track/1007420','','','96','http://mp3l.jamendo.com/?trackid=1007420&format=mp31&u=0');
UPDATE track SET album_id='118572' WHERE id='1007420';
UPDATE track SET text='' WHERE id='1007420';
INSERT INTO track VALUES('1007421','Cinematic Most Beautiful Sentimental Slow Grand Piano Masterpieces Theme Soundtrack 004','http://www.jamendo.com/es/track/1007421','','','68','http://mp3l.jamendo.com/?trackid=1007421&format=mp31&u=0');
UPDATE track SET album_id='118572' WHERE id='1007421';
UPDATE track SET text='' WHERE id='1007421';
INSERT INTO track VALUES('1007422','Cinematic Most Beautiful Sentimental Slow Grand Piano Masterpieces Theme Soundtrack 005','http://www.jamendo.com/es/track/1007422','','','83','http://mp3l.jamendo.com/?trackid=1007422&format=mp31&u=0');
UPDATE track SET album_id='118572' WHERE id='1007422';
UPDATE track SET text='' WHERE id='1007422';
INSERT INTO track VALUES('1007423','Cinematic Most Beautiful Sentimental Slow Grand Piano Masterpieces Theme Soundtrack 006','http://www.jamendo.com/es/track/1007423','','','134','http://mp3l.jamendo.com/?trackid=1007423&format=mp31&u=0');
UPDATE track SET album_id='118572' WHERE id='1007423';
UPDATE track SET text='' WHERE id='1007423';
INSERT INTO track VALUES('1007429','Cinematic Most Beautiful Sentimental Slow Grand Piano Masterpieces Theme Soundtrack 007','http://www.jamendo.com/es/track/1007429','','','54','http://mp3l.jamendo.com/?trackid=1007429&format=mp31&u=0');
UPDATE track SET album_id='118572' WHERE id='1007429';
UPDATE track SET text='' WHERE id='1007429';
INSERT INTO track VALUES('1007425','Cinematic Most Beautiful Sentimental Slow Grand Piano Masterpieces Theme Soundtrack 008','http://www.jamendo.com/es/track/1007425','','','76','http://mp3l.jamendo.com/?trackid=1007425&format=mp31&u=0');
UPDATE track SET album_id='118572' WHERE id='1007425';
UPDATE track SET text='' WHERE id='1007425';
INSERT INTO track VALUES('1007426','Cinematic Most Beautiful Sentimental Slow Grand Piano Masterpieces Theme Soundtrack 009','http://www.jamendo.com/es/track/1007426','','','103','http://mp3l.jamendo.com/?trackid=1007426&format=mp31&u=0');
UPDATE track SET album_id='118572' WHERE id='1007426';
UPDATE track SET text='' WHERE id='1007426';
INSERT INTO track VALUES('1007427','Cinematic Most Beautiful Sentimental Slow Grand Piano Masterpieces Theme Soundtrack 010','http://www.jamendo.com/es/track/1007427','','','129','http://mp3l.jamendo.com/?trackid=1007427&format=mp31&u=0');
UPDATE track SET album_id='118572' WHERE id='1007427';
UPDATE track SET text='' WHERE id='1007427';
INSERT INTO track VALUES('1007428','Cinematic Most Beautiful Sentimental Slow Grand Piano Masterpieces Theme Soundtrack 011','http://www.jamendo.com/es/track/1007428','','','134','http://mp3l.jamendo.com/?trackid=1007428&format=mp31&u=0');
UPDATE track SET album_id='118572' WHERE id='1007428';
UPDATE track SET text='' WHERE id='1007428';
INSERT INTO track VALUES('1007430','Cinematic Most Beautiful Sentimental Slow Grand Piano Masterpieces Theme Soundtrack 012','http://www.jamendo.com/es/track/1007430','','','91','http://mp3l.jamendo.com/?trackid=1007430&format=mp31&u=0');
UPDATE track SET album_id='118572' WHERE id='1007430';
UPDATE track SET text='' WHERE id='1007430';
INSERT INTO track VALUES('1007431','Cinematic Most Beautiful Sentimental Slow Grand Piano Masterpieces Theme Soundtrack 013','http://www.jamendo.com/es/track/1007431','','','136','http://mp3l.jamendo.com/?trackid=1007431&format=mp31&u=0');
UPDATE track SET album_id='118572' WHERE id='1007431';
UPDATE track SET text='' WHERE id='1007431';
INSERT INTO track VALUES('1007432','Cinematic Most Beautiful Sentimental Slow Grand Piano Masterpieces Theme Soundtrack 014','http://www.jamendo.com/es/track/1007432','','','125','http://mp3l.jamendo.com/?trackid=1007432&format=mp31&u=0');
UPDATE track SET album_id='118572' WHERE id='1007432';
UPDATE track SET text='' WHERE id='1007432';
INSERT INTO track VALUES('1007424','Cinematic Most Beautiful Sentimental Slow Grand Piano Masterpieces Theme Soundtrack 015','http://www.jamendo.com/es/track/1007424','','','101','http://mp3l.jamendo.com/?trackid=1007424&format=mp31&u=0');
UPDATE track SET album_id='118572' WHERE id='1007424';
UPDATE track SET text='' WHERE id='1007424';
INSERT INTO album VALUES('118575','Cinematic Most Beautiful Sentimental Slow Grand Piano Melodies Theme Soundtrack Album n°132','http://www.jamendo.com/es/album/118575','http://imgjam.com/albums/s118/118575/covers/1.100.jpg','3','1118','classical');
UPDATE album SET artist_id='420766' WHERE id='118575';
INSERT INTO track VALUES('1007456','Cinematic Most Beautiful Sentimental Slow Grand Piano Melodies Theme Soundtrack 001','http://www.jamendo.com/es/track/1007456','','','125','http://mp3l.jamendo.com/?trackid=1007456&format=mp31&u=0');
UPDATE track SET album_id='118575' WHERE id='1007456';
UPDATE track SET text='' WHERE id='1007456';
INSERT INTO track VALUES('1007457','Cinematic Most Beautiful Sentimental Slow Grand Piano Melodies Theme Soundtrack 002','http://www.jamendo.com/es/track/1007457','','','92','http://mp3l.jamendo.com/?trackid=1007457&format=mp31&u=0');
UPDATE track SET album_id='118575' WHERE id='1007457';
UPDATE track SET text='' WHERE id='1007457';
INSERT INTO track VALUES('1007458','Cinematic Most Beautiful Sentimental Slow Grand Piano Melodies Theme Soundtrack 003','http://www.jamendo.com/es/track/1007458','','','125','http://mp3l.jamendo.com/?trackid=1007458&format=mp31&u=0');
UPDATE track SET album_id='118575' WHERE id='1007458';
UPDATE track SET text='' WHERE id='1007458';
INSERT INTO track VALUES('1007459','Cinematic Most Beautiful Sentimental Slow Grand Piano Melodies Theme Soundtrack 004','http://www.jamendo.com/es/track/1007459','','','94','http://mp3l.jamendo.com/?trackid=1007459&format=mp31&u=0');
UPDATE track SET album_id='118575' WHERE id='1007459';
UPDATE track SET text='' WHERE id='1007459';
INSERT INTO track VALUES('1007460','Cinematic Most Beautiful Sentimental Slow Grand Piano Melodies Theme Soundtrack 005','http://www.jamendo.com/es/track/1007460','','','100','http://mp3l.jamendo.com/?trackid=1007460&format=mp31&u=0');
UPDATE track SET album_id='118575' WHERE id='1007460';
UPDATE track SET text='' WHERE id='1007460';
INSERT INTO track VALUES('1007461','Cinematic Most Beautiful Sentimental Slow Grand Piano Melodies Theme Soundtrack 006','http://www.jamendo.com/es/track/1007461','','','99','http://mp3l.jamendo.com/?trackid=1007461&format=mp31&u=0');
UPDATE track SET album_id='118575' WHERE id='1007461';
UPDATE track SET text='' WHERE id='1007461';
INSERT INTO track VALUES('1007455','Cinematic Most Beautiful Sentimental Slow Grand Piano Melodies Theme Soundtrack 007','http://www.jamendo.com/es/track/1007455','','','102','http://mp3l.jamendo.com/?trackid=1007455&format=mp31&u=0');
UPDATE track SET album_id='118575' WHERE id='1007455';
UPDATE track SET text='' WHERE id='1007455';
INSERT INTO track VALUES('1007463','Cinematic Most Beautiful Sentimental Slow Grand Piano Melodies Theme Soundtrack 008','http://www.jamendo.com/es/track/1007463','','','111','http://mp3l.jamendo.com/?trackid=1007463&format=mp31&u=0');
UPDATE track SET album_id='118575' WHERE id='1007463';
UPDATE track SET text='' WHERE id='1007463';
INSERT INTO track VALUES('1007464','Cinematic Most Beautiful Sentimental Slow Grand Piano Melodies Theme Soundtrack 009','http://www.jamendo.com/es/track/1007464','','','149','http://mp3l.jamendo.com/?trackid=1007464&format=mp31&u=0');
UPDATE track SET album_id='118575' WHERE id='1007464';
UPDATE track SET text='' WHERE id='1007464';
INSERT INTO track VALUES('1007462','Cinematic Most Beautiful Sentimental Slow Grand Piano Melodies Theme Soundtrack 010','http://www.jamendo.com/es/track/1007462','','','121','http://mp3l.jamendo.com/?trackid=1007462&format=mp31&u=0');
UPDATE track SET album_id='118575' WHERE id='1007462';
UPDATE track SET text='' WHERE id='1007462';
INSERT INTO album VALUES('118576','Cinematic Most Beautiful Sentimental Slow Grand Piano Scenes Theme Soundtrack Album n°133','http://www.jamendo.com/es/album/118576','http://imgjam.com/albums/s118/118576/covers/1.100.jpg','2','2064','classical');
UPDATE album SET artist_id='420766' WHERE id='118576';
INSERT INTO track VALUES('1007490','Cinematic Most Beautiful Sentimental Slow Grand Piano Scenes Theme Soundtrack 001','http://www.jamendo.com/es/track/1007490','','','92','http://mp3l.jamendo.com/?trackid=1007490&format=mp31&u=0');
UPDATE track SET album_id='118576' WHERE id='1007490';
UPDATE track SET text='' WHERE id='1007490';
INSERT INTO track VALUES('1007491','Cinematic Most Beautiful Sentimental Slow Grand Piano Scenes Theme Soundtrack 002','http://www.jamendo.com/es/track/1007491','','','77','http://mp3l.jamendo.com/?trackid=1007491&format=mp31&u=0');
UPDATE track SET album_id='118576' WHERE id='1007491';
UPDATE track SET text='' WHERE id='1007491';
INSERT INTO track VALUES('1007492','Cinematic Most Beautiful Sentimental Slow Grand Piano Scenes Theme Soundtrack 003','http://www.jamendo.com/es/track/1007492','','','96','http://mp3l.jamendo.com/?trackid=1007492&format=mp31&u=0');
UPDATE track SET album_id='118576' WHERE id='1007492';
UPDATE track SET text='' WHERE id='1007492';
INSERT INTO track VALUES('1007493','Cinematic Most Beautiful Sentimental Slow Grand Piano Scenes Theme Soundtrack 004','http://www.jamendo.com/es/track/1007493','','','69','http://mp3l.jamendo.com/?trackid=1007493&format=mp31&u=0');
UPDATE track SET album_id='118576' WHERE id='1007493';
UPDATE track SET text='' WHERE id='1007493';
INSERT INTO track VALUES('1007495','Cinematic Most Beautiful Sentimental Slow Grand Piano Scenes Theme Soundtrack 005','http://www.jamendo.com/es/track/1007495','','','83','http://mp3l.jamendo.com/?trackid=1007495&format=mp31&u=0');
UPDATE track SET album_id='118576' WHERE id='1007495';
UPDATE track SET text='' WHERE id='1007495';
INSERT INTO track VALUES('1007496','Cinematic Most Beautiful Sentimental Slow Grand Piano Scenes Theme Soundtrack 006','http://www.jamendo.com/es/track/1007496','','','134','http://mp3l.jamendo.com/?trackid=1007496&format=mp31&u=0');
UPDATE track SET album_id='118576' WHERE id='1007496';
UPDATE track SET text='' WHERE id='1007496';
INSERT INTO track VALUES('1007497','Cinematic Most Beautiful Sentimental Slow Grand Piano Scenes Theme Soundtrack 007','http://www.jamendo.com/es/track/1007497','','','51','http://mp3l.jamendo.com/?trackid=1007497&format=mp31&u=0');
UPDATE track SET album_id='118576' WHERE id='1007497';
UPDATE track SET text='' WHERE id='1007497';
INSERT INTO track VALUES('1007499','Cinematic Most Beautiful Sentimental Slow Grand Piano Scenes Theme Soundtrack 008','http://www.jamendo.com/es/track/1007499','','','76','http://mp3l.jamendo.com/?trackid=1007499&format=mp31&u=0');
UPDATE track SET album_id='118576' WHERE id='1007499';
UPDATE track SET text='' WHERE id='1007499';
INSERT INTO track VALUES('1007498','Cinematic Most Beautiful Sentimental Slow Grand Piano Scenes Theme Soundtrack 009','http://www.jamendo.com/es/track/1007498','','','103','http://mp3l.jamendo.com/?trackid=1007498&format=mp31&u=0');
UPDATE track SET album_id='118576' WHERE id='1007498';
UPDATE track SET text='' WHERE id='1007498';
INSERT INTO track VALUES('1007465','Cinematic Most Beautiful Sentimental Slow Grand Piano Scenes Theme Soundtrack 010','http://www.jamendo.com/es/track/1007465','','','122','http://mp3l.jamendo.com/?trackid=1007465&format=mp31&u=0');
UPDATE track SET album_id='118576' WHERE id='1007465';
UPDATE track SET text='' WHERE id='1007465';
INSERT INTO track VALUES('1007466','Cinematic Most Beautiful Sentimental Slow Grand Piano Scenes Theme Soundtrack 011','http://www.jamendo.com/es/track/1007466','','','134','http://mp3l.jamendo.com/?trackid=1007466&format=mp31&u=0');
UPDATE track SET album_id='118576' WHERE id='1007466';
UPDATE track SET text='' WHERE id='1007466';
INSERT INTO track VALUES('1007468','Cinematic Most Beautiful Sentimental Slow Grand Piano Scenes Theme Soundtrack 012','http://www.jamendo.com/es/track/1007468','','','124','http://mp3l.jamendo.com/?trackid=1007468&format=mp31&u=0');
UPDATE track SET album_id='118576' WHERE id='1007468';
UPDATE track SET text='' WHERE id='1007468';
INSERT INTO track VALUES('1007467','Cinematic Most Beautiful Sentimental Slow Grand Piano Scenes Theme Soundtrack 013','http://www.jamendo.com/es/track/1007467','','','107','http://mp3l.jamendo.com/?trackid=1007467&format=mp31&u=0');
UPDATE track SET album_id='118576' WHERE id='1007467';
UPDATE track SET text='' WHERE id='1007467';
INSERT INTO track VALUES('1007469','Cinematic Most Beautiful Sentimental Slow Grand Piano Scenes Theme Soundtrack 014','http://www.jamendo.com/es/track/1007469','','','124','http://mp3l.jamendo.com/?trackid=1007469&format=mp31&u=0');
UPDATE track SET album_id='118576' WHERE id='1007469';
UPDATE track SET text='' WHERE id='1007469';
INSERT INTO track VALUES('1007494','Cinematic Most Beautiful Sentimental Slow Grand Piano Scenes Theme Soundtrack 015','http://www.jamendo.com/es/track/1007494','','','92','http://mp3l.jamendo.com/?trackid=1007494&format=mp31&u=0');
UPDATE track SET album_id='118576' WHERE id='1007494';
UPDATE track SET text='' WHERE id='1007494';
INSERT INTO track VALUES('1007485','Cinematic Most Beautiful Sentimental Slow Grand Piano Scenes Theme Soundtrack 016','http://www.jamendo.com/es/track/1007485','','','98','http://mp3l.jamendo.com/?trackid=1007485&format=mp31&u=0');
UPDATE track SET album_id='118576' WHERE id='1007485';
UPDATE track SET text='' WHERE id='1007485';
INSERT INTO track VALUES('1007486','Cinematic Most Beautiful Sentimental Slow Grand Piano Scenes Theme Soundtrack 017','http://www.jamendo.com/es/track/1007486','','','102','http://mp3l.jamendo.com/?trackid=1007486&format=mp31&u=0');
UPDATE track SET album_id='118576' WHERE id='1007486';
UPDATE track SET text='' WHERE id='1007486';
INSERT INTO track VALUES('1007487','Cinematic Most Beautiful Sentimental Slow Grand Piano Scenes Theme Soundtrack 018','http://www.jamendo.com/es/track/1007487','','','149','http://mp3l.jamendo.com/?trackid=1007487&format=mp31&u=0');
UPDATE track SET album_id='118576' WHERE id='1007487';
UPDATE track SET text='' WHERE id='1007487';
INSERT INTO track VALUES('1007488','Cinematic Most Beautiful Sentimental Slow Grand Piano Scenes Theme Soundtrack 019','http://www.jamendo.com/es/track/1007488','','','120','http://mp3l.jamendo.com/?trackid=1007488&format=mp31&u=0');
UPDATE track SET album_id='118576' WHERE id='1007488';
UPDATE track SET text='' WHERE id='1007488';
INSERT INTO track VALUES('1007489','Cinematic Most Beautiful Sentimental Slow Grand Piano Scenes Theme Soundtrack 020','http://www.jamendo.com/es/track/1007489','','','111','http://mp3l.jamendo.com/?trackid=1007489&format=mp31&u=0');
UPDATE track SET album_id='118576' WHERE id='1007489';
UPDATE track SET text='' WHERE id='1007489';
INSERT INTO album VALUES('118587','Cinematic Sad Melancholic Emotional Grand Piano Notation Theme Soundtrack Album n°134','http://www.jamendo.com/es/album/118587','http://imgjam.com/albums/s118/118587/covers/1.100.jpg','2','1318','classical');
UPDATE album SET artist_id='420766' WHERE id='118587';
INSERT INTO track VALUES('1007595','Cinematic Sad Melancholic Emotional Grand Piano Notation Theme Soundtrack 001','http://www.jamendo.com/es/track/1007595','','','47','http://mp3l.jamendo.com/?trackid=1007595&format=mp31&u=0');
UPDATE track SET album_id='118587' WHERE id='1007595';
UPDATE track SET text='' WHERE id='1007595';
INSERT INTO track VALUES('1007586','Cinematic Sad Melancholic Emotional Grand Piano Notation Theme Soundtrack 002','http://www.jamendo.com/es/track/1007586','','','63','http://mp3l.jamendo.com/?trackid=1007586&format=mp31&u=0');
UPDATE track SET album_id='118587' WHERE id='1007586';
UPDATE track SET text='' WHERE id='1007586';
INSERT INTO track VALUES('1007587','Cinematic Sad Melancholic Emotional Grand Piano Notation Theme Soundtrack 003','http://www.jamendo.com/es/track/1007587','','','76','http://mp3l.jamendo.com/?trackid=1007587&format=mp31&u=0');
UPDATE track SET album_id='118587' WHERE id='1007587';
UPDATE track SET text='' WHERE id='1007587';
INSERT INTO track VALUES('1007588','Cinematic Sad Melancholic Emotional Grand Piano Notation Theme Soundtrack 004','http://www.jamendo.com/es/track/1007588','','','63','http://mp3l.jamendo.com/?trackid=1007588&format=mp31&u=0');
UPDATE track SET album_id='118587' WHERE id='1007588';
UPDATE track SET text='' WHERE id='1007588';
INSERT INTO track VALUES('1007589','Cinematic Sad Melancholic Emotional Grand Piano Notation Theme Soundtrack 005','http://www.jamendo.com/es/track/1007589','','','70','http://mp3l.jamendo.com/?trackid=1007589&format=mp31&u=0');
UPDATE track SET album_id='118587' WHERE id='1007589';
UPDATE track SET text='' WHERE id='1007589';
INSERT INTO track VALUES('1007590','Cinematic Sad Melancholic Emotional Grand Piano Notation Theme Soundtrack 006','http://www.jamendo.com/es/track/1007590','','','77','http://mp3l.jamendo.com/?trackid=1007590&format=mp31&u=0');
UPDATE track SET album_id='118587' WHERE id='1007590';
UPDATE track SET text='' WHERE id='1007590';
INSERT INTO track VALUES('1007591','Cinematic Sad Melancholic Emotional Grand Piano Notation Theme Soundtrack 007','http://www.jamendo.com/es/track/1007591','','','75','http://mp3l.jamendo.com/?trackid=1007591&format=mp31&u=0');
UPDATE track SET album_id='118587' WHERE id='1007591';
UPDATE track SET text='' WHERE id='1007591';
INSERT INTO track VALUES('1007592','Cinematic Sad Melancholic Emotional Grand Piano Notation Theme Soundtrack 008','http://www.jamendo.com/es/track/1007592','','','77','http://mp3l.jamendo.com/?trackid=1007592&format=mp31&u=0');
UPDATE track SET album_id='118587' WHERE id='1007592';
UPDATE track SET text='' WHERE id='1007592';
INSERT INTO track VALUES('1007593','Cinematic Sad Melancholic Emotional Grand Piano Notation Theme Soundtrack 009','http://www.jamendo.com/es/track/1007593','','','70','http://mp3l.jamendo.com/?trackid=1007593&format=mp31&u=0');
UPDATE track SET album_id='118587' WHERE id='1007593';
UPDATE track SET text='' WHERE id='1007593';
INSERT INTO track VALUES('1007594','Cinematic Sad Melancholic Emotional Grand Piano Notation Theme Soundtrack 010','http://www.jamendo.com/es/track/1007594','','','115','http://mp3l.jamendo.com/?trackid=1007594&format=mp31&u=0');
UPDATE track SET album_id='118587' WHERE id='1007594';
UPDATE track SET text='' WHERE id='1007594';
INSERT INTO track VALUES('1007565','Cinematic Sad Melancholic Emotional Grand Piano Notation Theme Soundtrack 011','http://www.jamendo.com/es/track/1007565','','','52','http://mp3l.jamendo.com/?trackid=1007565&format=mp31&u=0');
UPDATE track SET album_id='118587' WHERE id='1007565';
UPDATE track SET text='' WHERE id='1007565';
INSERT INTO track VALUES('1007566','Cinematic Sad Melancholic Emotional Grand Piano Notation Theme Soundtrack 012','http://www.jamendo.com/es/track/1007566','','','35','http://mp3l.jamendo.com/?trackid=1007566&format=mp31&u=0');
UPDATE track SET album_id='118587' WHERE id='1007566';
UPDATE track SET text='' WHERE id='1007566';
INSERT INTO track VALUES('1007568','Cinematic Sad Melancholic Emotional Grand Piano Notation Theme Soundtrack 013','http://www.jamendo.com/es/track/1007568','','','69','http://mp3l.jamendo.com/?trackid=1007568&format=mp31&u=0');
UPDATE track SET album_id='118587' WHERE id='1007568';
UPDATE track SET text='' WHERE id='1007568';
INSERT INTO track VALUES('1007567','Cinematic Sad Melancholic Emotional Grand Piano Notation Theme Soundtrack 014','http://www.jamendo.com/es/track/1007567','','','104','http://mp3l.jamendo.com/?trackid=1007567&format=mp31&u=0');
UPDATE track SET album_id='118587' WHERE id='1007567';
UPDATE track SET text='' WHERE id='1007567';
INSERT INTO track VALUES('1007596','Cinematic Sad Melancholic Emotional Grand Piano Notation Theme Soundtrack 015','http://www.jamendo.com/es/track/1007596','','','72','http://mp3l.jamendo.com/?trackid=1007596&format=mp31&u=0');
UPDATE track SET album_id='118587' WHERE id='1007596';
UPDATE track SET text='' WHERE id='1007596';
INSERT INTO track VALUES('1007597','Cinematic Sad Melancholic Emotional Grand Piano Notation Theme Soundtrack 016','http://www.jamendo.com/es/track/1007597','','','63','http://mp3l.jamendo.com/?trackid=1007597&format=mp31&u=0');
UPDATE track SET album_id='118587' WHERE id='1007597';
UPDATE track SET text='' WHERE id='1007597';
INSERT INTO track VALUES('1007599','Cinematic Sad Melancholic Emotional Grand Piano Notation Theme Soundtrack 017','http://www.jamendo.com/es/track/1007599','','','33','http://mp3l.jamendo.com/?trackid=1007599&format=mp31&u=0');
UPDATE track SET album_id='118587' WHERE id='1007599';
UPDATE track SET text='' WHERE id='1007599';
INSERT INTO track VALUES('1007598','Cinematic Sad Melancholic Emotional Grand Piano Notation Theme Soundtrack 018','http://www.jamendo.com/es/track/1007598','','','58','http://mp3l.jamendo.com/?trackid=1007598&format=mp31&u=0');
UPDATE track SET album_id='118587' WHERE id='1007598';
UPDATE track SET text='' WHERE id='1007598';
INSERT INTO track VALUES('1007600','Cinematic Sad Melancholic Emotional Grand Piano Notation Theme Soundtrack 019','http://www.jamendo.com/es/track/1007600','','','53','http://mp3l.jamendo.com/?trackid=1007600&format=mp31&u=0');
UPDATE track SET album_id='118587' WHERE id='1007600';
UPDATE track SET text='' WHERE id='1007600';
INSERT INTO track VALUES('1007585','Cinematic Sad Melancholic Emotional Grand Piano Notation Theme Soundtrack 020','http://www.jamendo.com/es/track/1007585','','','46','http://mp3l.jamendo.com/?trackid=1007585&format=mp31&u=0');
UPDATE track SET album_id='118587' WHERE id='1007585';
UPDATE track SET text='' WHERE id='1007585';
INSERT INTO album VALUES('118588','Cinematic Sad Melancholic Expressive Grand Piano Pianist Works Theme Soundtrack Album n°135','http://www.jamendo.com/es/album/118588','http://imgjam.com/albums/s118/118588/covers/1.100.jpg','3','692','classical');
UPDATE album SET artist_id='420766' WHERE id='118588';
INSERT INTO track VALUES('1007637','Cinematic Sad Melancholic Expressive Grand Piano Pianist Works Theme Soundtrack 001','http://www.jamendo.com/es/track/1007637','','','77','http://mp3l.jamendo.com/?trackid=1007637&format=mp31&u=0');
UPDATE track SET album_id='118588' WHERE id='1007637';
UPDATE track SET text='' WHERE id='1007637';
INSERT INTO track VALUES('1007631','Cinematic Sad Melancholic Expressive Grand Piano Pianist Works Theme Soundtrack 002','http://www.jamendo.com/es/track/1007631','','','59','http://mp3l.jamendo.com/?trackid=1007631&format=mp31&u=0');
UPDATE track SET album_id='118588' WHERE id='1007631';
UPDATE track SET text='' WHERE id='1007631';
INSERT INTO track VALUES('1007632','Cinematic Sad Melancholic Expressive Grand Piano Pianist Works Theme Soundtrack 003','http://www.jamendo.com/es/track/1007632','','','86','http://mp3l.jamendo.com/?trackid=1007632&format=mp31&u=0');
UPDATE track SET album_id='118588' WHERE id='1007632';
UPDATE track SET text='' WHERE id='1007632';
INSERT INTO track VALUES('1007633','Cinematic Sad Melancholic Expressive Grand Piano Pianist Works Theme Soundtrack 004','http://www.jamendo.com/es/track/1007633','','','87','http://mp3l.jamendo.com/?trackid=1007633&format=mp31&u=0');
UPDATE track SET album_id='118588' WHERE id='1007633';
UPDATE track SET text='' WHERE id='1007633';
INSERT INTO track VALUES('1007634','Cinematic Sad Melancholic Expressive Grand Piano Pianist Works Theme Soundtrack 005','http://www.jamendo.com/es/track/1007634','','','68','http://mp3l.jamendo.com/?trackid=1007634&format=mp31&u=0');
UPDATE track SET album_id='118588' WHERE id='1007634';
UPDATE track SET text='' WHERE id='1007634';
INSERT INTO track VALUES('1007635','Cinematic Sad Melancholic Expressive Grand Piano Pianist Works Theme Soundtrack 006','http://www.jamendo.com/es/track/1007635','','','88','http://mp3l.jamendo.com/?trackid=1007635&format=mp31&u=0');
UPDATE track SET album_id='118588' WHERE id='1007635';
UPDATE track SET text='' WHERE id='1007635';
INSERT INTO track VALUES('1007636','Cinematic Sad Melancholic Expressive Grand Piano Pianist Works Theme Soundtrack 007','http://www.jamendo.com/es/track/1007636','','','76','http://mp3l.jamendo.com/?trackid=1007636&format=mp31&u=0');
UPDATE track SET album_id='118588' WHERE id='1007636';
UPDATE track SET text='' WHERE id='1007636';
INSERT INTO track VALUES('1007630','Cinematic Sad Melancholic Expressive Grand Piano Pianist Works Theme Soundtrack 008','http://www.jamendo.com/es/track/1007630','','','66','http://mp3l.jamendo.com/?trackid=1007630&format=mp31&u=0');
UPDATE track SET album_id='118588' WHERE id='1007630';
UPDATE track SET text='' WHERE id='1007630';
INSERT INTO track VALUES('1007638','Cinematic Sad Melancholic Expressive Grand Piano Pianist Works Theme Soundtrack 009','http://www.jamendo.com/es/track/1007638','','','85','http://mp3l.jamendo.com/?trackid=1007638&format=mp31&u=0');
UPDATE track SET album_id='118588' WHERE id='1007638';
UPDATE track SET text='' WHERE id='1007638';
INSERT INTO album VALUES('118593','Cinematic Sad Melancholic Sentimental Grand Piano Production Theme Soundtrack Album n°136','http://www.jamendo.com/es/album/118593','http://imgjam.com/albums/s118/118593/covers/1.100.jpg','2','2308','classical');
UPDATE album SET artist_id='420766' WHERE id='118593';
INSERT INTO track VALUES('1007660','Cinematic Sad Melancholic Sentimental Grand Piano Production Theme Soundtrack 001','http://www.jamendo.com/es/track/1007660','','','84','http://mp3l.jamendo.com/?trackid=1007660&format=mp31&u=0');
UPDATE track SET album_id='118593' WHERE id='1007660';
UPDATE track SET text='' WHERE id='1007660';
INSERT INTO track VALUES('1007657','Cinematic Sad Melancholic Sentimental Grand Piano Production Theme Soundtrack 002','http://www.jamendo.com/es/track/1007657','','','156','http://mp3l.jamendo.com/?trackid=1007657&format=mp31&u=0');
UPDATE track SET album_id='118593' WHERE id='1007657';
UPDATE track SET text='' WHERE id='1007657';
INSERT INTO track VALUES('1007658','Cinematic Sad Melancholic Sentimental Grand Piano Production Theme Soundtrack 003','http://www.jamendo.com/es/track/1007658','','','106','http://mp3l.jamendo.com/?trackid=1007658&format=mp31&u=0');
UPDATE track SET album_id='118593' WHERE id='1007658';
UPDATE track SET text='' WHERE id='1007658';
INSERT INTO track VALUES('1007659','Cinematic Sad Melancholic Sentimental Grand Piano Production Theme Soundtrack 004','http://www.jamendo.com/es/track/1007659','','','75','http://mp3l.jamendo.com/?trackid=1007659&format=mp31&u=0');
UPDATE track SET album_id='118593' WHERE id='1007659';
UPDATE track SET text='' WHERE id='1007659';
INSERT INTO track VALUES('1007667','Cinematic Sad Melancholic Sentimental Grand Piano Production Theme Soundtrack 005','http://www.jamendo.com/es/track/1007667','','','92','http://mp3l.jamendo.com/?trackid=1007667&format=mp31&u=0');
UPDATE track SET album_id='118593' WHERE id='1007667';
UPDATE track SET text='' WHERE id='1007667';
INSERT INTO track VALUES('1007661','Cinematic Sad Melancholic Sentimental Grand Piano Production Theme Soundtrack 006','http://www.jamendo.com/es/track/1007661','','','147','http://mp3l.jamendo.com/?trackid=1007661&format=mp31&u=0');
UPDATE track SET album_id='118593' WHERE id='1007661';
UPDATE track SET text='' WHERE id='1007661';
INSERT INTO track VALUES('1007662','Cinematic Sad Melancholic Sentimental Grand Piano Production Theme Soundtrack 007','http://www.jamendo.com/es/track/1007662','','','55','http://mp3l.jamendo.com/?trackid=1007662&format=mp31&u=0');
UPDATE track SET album_id='118593' WHERE id='1007662';
UPDATE track SET text='' WHERE id='1007662';
INSERT INTO track VALUES('1007663','Cinematic Sad Melancholic Sentimental Grand Piano Production Theme Soundtrack 008','http://www.jamendo.com/es/track/1007663','','','84','http://mp3l.jamendo.com/?trackid=1007663&format=mp31&u=0');
UPDATE track SET album_id='118593' WHERE id='1007663';
UPDATE track SET text='' WHERE id='1007663';
INSERT INTO track VALUES('1007664','Cinematic Sad Melancholic Sentimental Grand Piano Production Theme Soundtrack 009','http://www.jamendo.com/es/track/1007664','','','127','http://mp3l.jamendo.com/?trackid=1007664&format=mp31&u=0');
UPDATE track SET album_id='118593' WHERE id='1007664';
UPDATE track SET text='' WHERE id='1007664';
INSERT INTO track VALUES('1007665','Cinematic Sad Melancholic Sentimental Grand Piano Production Theme Soundtrack 010','http://www.jamendo.com/es/track/1007665','','','114','http://mp3l.jamendo.com/?trackid=1007665&format=mp31&u=0');
UPDATE track SET album_id='118593' WHERE id='1007665';
UPDATE track SET text='' WHERE id='1007665';
INSERT INTO track VALUES('1007668','Cinematic Sad Melancholic Sentimental Grand Piano Production Theme Soundtrack 011','http://www.jamendo.com/es/track/1007668','','','143','http://mp3l.jamendo.com/?trackid=1007668&format=mp31&u=0');
UPDATE track SET album_id='118593' WHERE id='1007668';
UPDATE track SET text='' WHERE id='1007668';
INSERT INTO track VALUES('1007649','Cinematic Sad Melancholic Sentimental Grand Piano Production Theme Soundtrack 012','http://www.jamendo.com/es/track/1007649','','','146','http://mp3l.jamendo.com/?trackid=1007649&format=mp31&u=0');
UPDATE track SET album_id='118593' WHERE id='1007649';
UPDATE track SET text='' WHERE id='1007649';
INSERT INTO track VALUES('1007651','Cinematic Sad Melancholic Sentimental Grand Piano Production Theme Soundtrack 013','http://www.jamendo.com/es/track/1007651','','','99','http://mp3l.jamendo.com/?trackid=1007651&format=mp31&u=0');
UPDATE track SET album_id='118593' WHERE id='1007651';
UPDATE track SET text='' WHERE id='1007651';
INSERT INTO track VALUES('1007650','Cinematic Sad Melancholic Sentimental Grand Piano Production Theme Soundtrack 014','http://www.jamendo.com/es/track/1007650','','','150','http://mp3l.jamendo.com/?trackid=1007650&format=mp31&u=0');
UPDATE track SET album_id='118593' WHERE id='1007650';
UPDATE track SET text='' WHERE id='1007650';
INSERT INTO track VALUES('1007652','Cinematic Sad Melancholic Sentimental Grand Piano Production Theme Soundtrack 015','http://www.jamendo.com/es/track/1007652','','','118','http://mp3l.jamendo.com/?trackid=1007652&format=mp31&u=0');
UPDATE track SET album_id='118593' WHERE id='1007652';
UPDATE track SET text='' WHERE id='1007652';
INSERT INTO track VALUES('1007654','Cinematic Sad Melancholic Sentimental Grand Piano Production Theme Soundtrack 016','http://www.jamendo.com/es/track/1007654','','','137','http://mp3l.jamendo.com/?trackid=1007654&format=mp31&u=0');
UPDATE track SET album_id='118593' WHERE id='1007654';
UPDATE track SET text='' WHERE id='1007654';
INSERT INTO track VALUES('1007656','Cinematic Sad Melancholic Sentimental Grand Piano Production Theme Soundtrack 017','http://www.jamendo.com/es/track/1007656','','','101','http://mp3l.jamendo.com/?trackid=1007656&format=mp31&u=0');
UPDATE track SET album_id='118593' WHERE id='1007656';
UPDATE track SET text='' WHERE id='1007656';
INSERT INTO track VALUES('1007653','Cinematic Sad Melancholic Sentimental Grand Piano Production Theme Soundtrack 018','http://www.jamendo.com/es/track/1007653','','','138','http://mp3l.jamendo.com/?trackid=1007653&format=mp31&u=0');
UPDATE track SET album_id='118593' WHERE id='1007653';
UPDATE track SET text='' WHERE id='1007653';
INSERT INTO track VALUES('1007655','Cinematic Sad Melancholic Sentimental Grand Piano Production Theme Soundtrack 019','http://www.jamendo.com/es/track/1007655','','','125','http://mp3l.jamendo.com/?trackid=1007655&format=mp31&u=0');
UPDATE track SET album_id='118593' WHERE id='1007655';
UPDATE track SET text='' WHERE id='1007655';
INSERT INTO track VALUES('1007666','Cinematic Sad Melancholic Sentimental Grand Piano Production Theme Soundtrack 020','http://www.jamendo.com/es/track/1007666','','','111','http://mp3l.jamendo.com/?trackid=1007666&format=mp31&u=0');
UPDATE track SET album_id='118593' WHERE id='1007666';
UPDATE track SET text='' WHERE id='1007666';
INSERT INTO album VALUES('118595','Cinematic Sad Melancholic Slow Grand Piano Composition Theme Soundtrack Album n°137','http://www.jamendo.com/es/album/118595','http://imgjam.com/albums/s118/118595/covers/1.100.jpg','3','899','classical');
UPDATE album SET artist_id='420766' WHERE id='118595';
INSERT INTO track VALUES('1007681','Cinematic Sad Melancholic Slow Grand Piano Composition Theme Soundtrack 001','http://www.jamendo.com/es/track/1007681','','','67','http://mp3l.jamendo.com/?trackid=1007681&format=mp31&u=0');
UPDATE track SET album_id='118595' WHERE id='1007681';
UPDATE track SET text='' WHERE id='1007681';
INSERT INTO track VALUES('1007676','Cinematic Sad Melancholic Slow Grand Piano Composition Theme Soundtrack 002','http://www.jamendo.com/es/track/1007676','','','54','http://mp3l.jamendo.com/?trackid=1007676&format=mp31&u=0');
UPDATE track SET album_id='118595' WHERE id='1007676';
UPDATE track SET text='' WHERE id='1007676';
INSERT INTO track VALUES('1007677','Cinematic Sad Melancholic Slow Grand Piano Composition Theme Soundtrack 003','http://www.jamendo.com/es/track/1007677','','','55','http://mp3l.jamendo.com/?trackid=1007677&format=mp31&u=0');
UPDATE track SET album_id='118595' WHERE id='1007677';
UPDATE track SET text='' WHERE id='1007677';
INSERT INTO track VALUES('1007678','Cinematic Sad Melancholic Slow Grand Piano Composition Theme Soundtrack 004','http://www.jamendo.com/es/track/1007678','','','68','http://mp3l.jamendo.com/?trackid=1007678&format=mp31&u=0');
UPDATE track SET album_id='118595' WHERE id='1007678';
UPDATE track SET text='' WHERE id='1007678';
INSERT INTO track VALUES('1007679','Cinematic Sad Melancholic Slow Grand Piano Composition Theme Soundtrack 005','http://www.jamendo.com/es/track/1007679','','','69','http://mp3l.jamendo.com/?trackid=1007679&format=mp31&u=0');
UPDATE track SET album_id='118595' WHERE id='1007679';
UPDATE track SET text='' WHERE id='1007679';
INSERT INTO track VALUES('1007680','Cinematic Sad Melancholic Slow Grand Piano Composition Theme Soundtrack 006','http://www.jamendo.com/es/track/1007680','','','63','http://mp3l.jamendo.com/?trackid=1007680&format=mp31&u=0');
UPDATE track SET album_id='118595' WHERE id='1007680';
UPDATE track SET text='' WHERE id='1007680';
INSERT INTO track VALUES('1007686','Cinematic Sad Melancholic Slow Grand Piano Composition Theme Soundtrack 007','http://www.jamendo.com/es/track/1007686','','','79','http://mp3l.jamendo.com/?trackid=1007686&format=mp31&u=0');
UPDATE track SET album_id='118595' WHERE id='1007686';
UPDATE track SET text='' WHERE id='1007686';
INSERT INTO track VALUES('1007682','Cinematic Sad Melancholic Slow Grand Piano Composition Theme Soundtrack 008','http://www.jamendo.com/es/track/1007682','','','55','http://mp3l.jamendo.com/?trackid=1007682&format=mp31&u=0');
UPDATE track SET album_id='118595' WHERE id='1007682';
UPDATE track SET text='' WHERE id='1007682';
INSERT INTO track VALUES('1007683','Cinematic Sad Melancholic Slow Grand Piano Composition Theme Soundtrack 009','http://www.jamendo.com/es/track/1007683','','','81','http://mp3l.jamendo.com/?trackid=1007683&format=mp31&u=0');
UPDATE track SET album_id='118595' WHERE id='1007683';
UPDATE track SET text='' WHERE id='1007683';
INSERT INTO track VALUES('1007684','Cinematic Sad Melancholic Slow Grand Piano Composition Theme Soundtrack 010','http://www.jamendo.com/es/track/1007684','','','109','http://mp3l.jamendo.com/?trackid=1007684&format=mp31&u=0');
UPDATE track SET album_id='118595' WHERE id='1007684';
UPDATE track SET text='' WHERE id='1007684';
INSERT INTO track VALUES('1007685','Cinematic Sad Melancholic Slow Grand Piano Composition Theme Soundtrack 011','http://www.jamendo.com/es/track/1007685','','','87','http://mp3l.jamendo.com/?trackid=1007685&format=mp31&u=0');
UPDATE track SET album_id='118595' WHERE id='1007685';
UPDATE track SET text='' WHERE id='1007685';
INSERT INTO track VALUES('1007687','Cinematic Sad Melancholic Slow Grand Piano Composition Theme Soundtrack 012','http://www.jamendo.com/es/track/1007687','','','51','http://mp3l.jamendo.com/?trackid=1007687&format=mp31&u=0');
UPDATE track SET album_id='118595' WHERE id='1007687';
UPDATE track SET text='' WHERE id='1007687';
INSERT INTO track VALUES('1007697','Cinematic Sad Melancholic Slow Grand Piano Composition Theme Soundtrack 013','http://www.jamendo.com/es/track/1007697','','','61','http://mp3l.jamendo.com/?trackid=1007697&format=mp31&u=0');
UPDATE track SET album_id='118595' WHERE id='1007697';
UPDATE track SET text='' WHERE id='1007697';
INSERT INTO album VALUES('118600','Cinematic Sad Sentimental Emotional Grand Piano Moods Theme Soundtrack Album n°138','http://www.jamendo.com/es/album/118600','http://imgjam.com/albums/s118/118600/covers/1.100.jpg','3','1093','classical');
UPDATE album SET artist_id='420766' WHERE id='118600';
INSERT INTO track VALUES('1007710','Cinematic Sad Sentimental Emotional Grand Piano Moods Theme Soundtrack 001','http://www.jamendo.com/es/track/1007710','','','107','http://mp3l.jamendo.com/?trackid=1007710&format=mp31&u=0');
UPDATE track SET album_id='118600' WHERE id='1007710';
UPDATE track SET text='' WHERE id='1007710';
INSERT INTO track VALUES('1007704','Cinematic Sad Sentimental Emotional Grand Piano Moods Theme Soundtrack 002','http://www.jamendo.com/es/track/1007704','','','64','http://mp3l.jamendo.com/?trackid=1007704&format=mp31&u=0');
UPDATE track SET album_id='118600' WHERE id='1007704';
UPDATE track SET text='' WHERE id='1007704';
INSERT INTO track VALUES('1007705','Cinematic Sad Sentimental Emotional Grand Piano Moods Theme Soundtrack 003','http://www.jamendo.com/es/track/1007705','','','74','http://mp3l.jamendo.com/?trackid=1007705&format=mp31&u=0');
UPDATE track SET album_id='118600' WHERE id='1007705';
UPDATE track SET text='' WHERE id='1007705';
INSERT INTO track VALUES('1007706','Cinematic Sad Sentimental Emotional Grand Piano Moods Theme Soundtrack 004','http://www.jamendo.com/es/track/1007706','','','78','http://mp3l.jamendo.com/?trackid=1007706&format=mp31&u=0');
UPDATE track SET album_id='118600' WHERE id='1007706';
UPDATE track SET text='' WHERE id='1007706';
INSERT INTO track VALUES('1007707','Cinematic Sad Sentimental Emotional Grand Piano Moods Theme Soundtrack 005','http://www.jamendo.com/es/track/1007707','','','56','http://mp3l.jamendo.com/?trackid=1007707&format=mp31&u=0');
UPDATE track SET album_id='118600' WHERE id='1007707';
UPDATE track SET text='' WHERE id='1007707';
INSERT INTO track VALUES('1007708','Cinematic Sad Sentimental Emotional Grand Piano Moods Theme Soundtrack 006','http://www.jamendo.com/es/track/1007708','','','141','http://mp3l.jamendo.com/?trackid=1007708&format=mp31&u=0');
UPDATE track SET album_id='118600' WHERE id='1007708';
UPDATE track SET text='' WHERE id='1007708';
INSERT INTO track VALUES('1007709','Cinematic Sad Sentimental Emotional Grand Piano Moods Theme Soundtrack 007','http://www.jamendo.com/es/track/1007709','','','129','http://mp3l.jamendo.com/?trackid=1007709&format=mp31&u=0');
UPDATE track SET album_id='118600' WHERE id='1007709';
UPDATE track SET text='' WHERE id='1007709';
INSERT INTO track VALUES('1007703','Cinematic Sad Sentimental Emotional Grand Piano Moods Theme Soundtrack 008','http://www.jamendo.com/es/track/1007703','','','91','http://mp3l.jamendo.com/?trackid=1007703&format=mp31&u=0');
UPDATE track SET album_id='118600' WHERE id='1007703';
UPDATE track SET text='' WHERE id='1007703';
INSERT INTO track VALUES('1007711','Cinematic Sad Sentimental Emotional Grand Piano Moods Theme Soundtrack 009','http://www.jamendo.com/es/track/1007711','','','123','http://mp3l.jamendo.com/?trackid=1007711&format=mp31&u=0');
UPDATE track SET album_id='118600' WHERE id='1007711';
UPDATE track SET text='' WHERE id='1007711';
INSERT INTO track VALUES('1007712','Cinematic Sad Sentimental Emotional Grand Piano Moods Theme Soundtrack 010','http://www.jamendo.com/es/track/1007712','','','112','http://mp3l.jamendo.com/?trackid=1007712&format=mp31&u=0');
UPDATE track SET album_id='118600' WHERE id='1007712';
UPDATE track SET text='' WHERE id='1007712';
INSERT INTO track VALUES('1007702','Cinematic Sad Sentimental Emotional Grand Piano Moods Theme Soundtrack 011','http://www.jamendo.com/es/track/1007702','','','118','http://mp3l.jamendo.com/?trackid=1007702&format=mp31&u=0');
UPDATE track SET album_id='118600' WHERE id='1007702';
UPDATE track SET text='' WHERE id='1007702';
INSERT INTO album VALUES('118602','Cinematic Sad Sentimental Heartbroken Grand Piano Scenes Theme Soundtrack Album n°139','http://www.jamendo.com/es/album/118602','http://imgjam.com/albums/s118/118602/covers/1.100.jpg','3','975','classical');
UPDATE album SET artist_id='420766' WHERE id='118602';
INSERT INTO track VALUES('1007735','Cinematic Sad Sentimental Heartbroken Grand Piano Scenes Theme Soundtrack 001','http://www.jamendo.com/es/track/1007735','','','70','http://mp3l.jamendo.com/?trackid=1007735&format=mp31&u=0');
UPDATE track SET album_id='118602' WHERE id='1007735';
UPDATE track SET text='' WHERE id='1007735';
INSERT INTO track VALUES('1007730','Cinematic Sad Sentimental Heartbroken Grand Piano Scenes Theme Soundtrack 002','http://www.jamendo.com/es/track/1007730','','','47','http://mp3l.jamendo.com/?trackid=1007730&format=mp31&u=0');
UPDATE track SET album_id='118602' WHERE id='1007730';
UPDATE track SET text='' WHERE id='1007730';
INSERT INTO track VALUES('1007731','Cinematic Sad Sentimental Heartbroken Grand Piano Scenes Theme Soundtrack 003','http://www.jamendo.com/es/track/1007731','','','61','http://mp3l.jamendo.com/?trackid=1007731&format=mp31&u=0');
UPDATE track SET album_id='118602' WHERE id='1007731';
UPDATE track SET text='' WHERE id='1007731';
INSERT INTO track VALUES('1007732','Cinematic Sad Sentimental Heartbroken Grand Piano Scenes Theme Soundtrack 004','http://www.jamendo.com/es/track/1007732','','','85','http://mp3l.jamendo.com/?trackid=1007732&format=mp31&u=0');
UPDATE track SET album_id='118602' WHERE id='1007732';
UPDATE track SET text='' WHERE id='1007732';
INSERT INTO track VALUES('1007733','Cinematic Sad Sentimental Heartbroken Grand Piano Scenes Theme Soundtrack 005','http://www.jamendo.com/es/track/1007733','','','71','http://mp3l.jamendo.com/?trackid=1007733&format=mp31&u=0');
UPDATE track SET album_id='118602' WHERE id='1007733';
UPDATE track SET text='' WHERE id='1007733';
INSERT INTO track VALUES('1007734','Cinematic Sad Sentimental Heartbroken Grand Piano Scenes Theme Soundtrack 006','http://www.jamendo.com/es/track/1007734','','','67','http://mp3l.jamendo.com/?trackid=1007734&format=mp31&u=0');
UPDATE track SET album_id='118602' WHERE id='1007734';
UPDATE track SET text='' WHERE id='1007734';
INSERT INTO track VALUES('1007740','Cinematic Sad Sentimental Heartbroken Grand Piano Scenes Theme Soundtrack 007','http://www.jamendo.com/es/track/1007740','','','63','http://mp3l.jamendo.com/?trackid=1007740&format=mp31&u=0');
UPDATE track SET album_id='118602' WHERE id='1007740';
UPDATE track SET text='' WHERE id='1007740';
INSERT INTO track VALUES('1007736','Cinematic Sad Sentimental Heartbroken Grand Piano Scenes Theme Soundtrack 008','http://www.jamendo.com/es/track/1007736','','','54','http://mp3l.jamendo.com/?trackid=1007736&format=mp31&u=0');
UPDATE track SET album_id='118602' WHERE id='1007736';
UPDATE track SET text='' WHERE id='1007736';
INSERT INTO track VALUES('1007737','Cinematic Sad Sentimental Heartbroken Grand Piano Scenes Theme Soundtrack 009','http://www.jamendo.com/es/track/1007737','','','62','http://mp3l.jamendo.com/?trackid=1007737&format=mp31&u=0');
UPDATE track SET album_id='118602' WHERE id='1007737';
UPDATE track SET text='' WHERE id='1007737';
INSERT INTO track VALUES('1007738','Cinematic Sad Sentimental Heartbroken Grand Piano Scenes Theme Soundtrack 010','http://www.jamendo.com/es/track/1007738','','','50','http://mp3l.jamendo.com/?trackid=1007738&format=mp31&u=0');
UPDATE track SET album_id='118602' WHERE id='1007738';
UPDATE track SET text='' WHERE id='1007738';
INSERT INTO track VALUES('1007739','Cinematic Sad Sentimental Heartbroken Grand Piano Scenes Theme Soundtrack 011','http://www.jamendo.com/es/track/1007739','','','54','http://mp3l.jamendo.com/?trackid=1007739&format=mp31&u=0');
UPDATE track SET album_id='118602' WHERE id='1007739';
UPDATE track SET text='' WHERE id='1007739';
INSERT INTO track VALUES('1007741','Cinematic Sad Sentimental Heartbroken Grand Piano Scenes Theme Soundtrack 012','http://www.jamendo.com/es/track/1007741','','','88','http://mp3l.jamendo.com/?trackid=1007741&format=mp31&u=0');
UPDATE track SET album_id='118602' WHERE id='1007741';
UPDATE track SET text='' WHERE id='1007741';
INSERT INTO track VALUES('1007742','Cinematic Sad Sentimental Heartbroken Grand Piano Scenes Theme Soundtrack 013','http://www.jamendo.com/es/track/1007742','','','114','http://mp3l.jamendo.com/?trackid=1007742&format=mp31&u=0');
UPDATE track SET album_id='118602' WHERE id='1007742';
UPDATE track SET text='' WHERE id='1007742';
INSERT INTO track VALUES('1007743','Cinematic Sad Sentimental Heartbroken Grand Piano Scenes Theme Soundtrack 014','http://www.jamendo.com/es/track/1007743','','','89','http://mp3l.jamendo.com/?trackid=1007743&format=mp31&u=0');
UPDATE track SET album_id='118602' WHERE id='1007743';
UPDATE track SET text='' WHERE id='1007743';
INSERT INTO album VALUES('118642','Cinematic African World Percussion Africa Wildlife Congas Bongos Theme Vol.1 Album n°140','http://www.jamendo.com/es/album/118642','http://imgjam.com/albums/s118/118642/covers/1.100.jpg','3','1158');
UPDATE album SET artist_id='420766' WHERE id='118642';
INSERT INTO track VALUES('1007846','Cinematic African World Percussion Wildlife Congas Bongos Theme 001','http://www.jamendo.com/es/track/1007846','','','59','http://mp3l.jamendo.com/?trackid=1007846&format=mp31&u=0');
UPDATE track SET album_id='118642' WHERE id='1007846';
UPDATE track SET text='' WHERE id='1007846';
INSERT INTO track VALUES('1007892','Cinematic African World Percussion Wildlife Congas Bongos Theme 002','http://www.jamendo.com/es/track/1007892','','','59','http://mp3l.jamendo.com/?trackid=1007892&format=mp31&u=0');
UPDATE track SET album_id='118642' WHERE id='1007892';
UPDATE track SET text='' WHERE id='1007892';
INSERT INTO track VALUES('1007896','Cinematic African World Percussion Wildlife Congas Bongos Theme 003','http://www.jamendo.com/es/track/1007896','','','59','http://mp3l.jamendo.com/?trackid=1007896&format=mp31&u=0');
UPDATE track SET album_id='118642' WHERE id='1007896';
UPDATE track SET text='' WHERE id='1007896';
INSERT INTO track VALUES('1007852','Cinematic African World Percussion Wildlife Congas Bongos Theme 004','http://www.jamendo.com/es/track/1007852','','','59','http://mp3l.jamendo.com/?trackid=1007852&format=mp31&u=0');
UPDATE track SET album_id='118642' WHERE id='1007852';
UPDATE track SET text='' WHERE id='1007852';
INSERT INTO track VALUES('1007850','Cinematic African World Percussion Wildlife Congas Bongos Theme 005','http://www.jamendo.com/es/track/1007850','','','60','http://mp3l.jamendo.com/?trackid=1007850&format=mp31&u=0');
UPDATE track SET album_id='118642' WHERE id='1007850';
UPDATE track SET text='' WHERE id='1007850';
INSERT INTO track VALUES('1007897','Cinematic African World Percussion Wildlife Congas Bongos Theme 006','http://www.jamendo.com/es/track/1007897','','','58','http://mp3l.jamendo.com/?trackid=1007897&format=mp31&u=0');
UPDATE track SET album_id='118642' WHERE id='1007897';
UPDATE track SET text='' WHERE id='1007897';
INSERT INTO track VALUES('1007898','Cinematic African World Percussion Wildlife Congas Bongos Theme 007','http://www.jamendo.com/es/track/1007898','','','58','http://mp3l.jamendo.com/?trackid=1007898&format=mp31&u=0');
UPDATE track SET album_id='118642' WHERE id='1007898';
UPDATE track SET text='' WHERE id='1007898';
INSERT INTO track VALUES('1007853','Cinematic African World Percussion Wildlife Congas Bongos Theme 008','http://www.jamendo.com/es/track/1007853','','','49','http://mp3l.jamendo.com/?trackid=1007853&format=mp31&u=0');
UPDATE track SET album_id='118642' WHERE id='1007853';
UPDATE track SET text='' WHERE id='1007853';
INSERT INTO track VALUES('1007854','Cinematic African World Percussion Wildlife Congas Bongos Theme 009','http://www.jamendo.com/es/track/1007854','','','58','http://mp3l.jamendo.com/?trackid=1007854&format=mp31&u=0');
UPDATE track SET album_id='118642' WHERE id='1007854';
UPDATE track SET text='' WHERE id='1007854';
INSERT INTO track VALUES('1007888','Cinematic African World Percussion Wildlife Congas Bongos Theme 010','http://www.jamendo.com/es/track/1007888','','','58','http://mp3l.jamendo.com/?trackid=1007888&format=mp31&u=0');
UPDATE track SET album_id='118642' WHERE id='1007888';
UPDATE track SET text='' WHERE id='1007888';
INSERT INTO track VALUES('1007889','Cinematic African World Percussion Wildlife Congas Bongos Theme 011','http://www.jamendo.com/es/track/1007889','','','59','http://mp3l.jamendo.com/?trackid=1007889&format=mp31&u=0');
UPDATE track SET album_id='118642' WHERE id='1007889';
UPDATE track SET text='' WHERE id='1007889';
INSERT INTO track VALUES('1007890','Cinematic African World Percussion Wildlife Congas Bongos Theme 012','http://www.jamendo.com/es/track/1007890','','','58','http://mp3l.jamendo.com/?trackid=1007890&format=mp31&u=0');
UPDATE track SET album_id='118642' WHERE id='1007890';
UPDATE track SET text='' WHERE id='1007890';
INSERT INTO track VALUES('1007848','Cinematic African World Percussion Wildlife Congas Bongos Theme 013','http://www.jamendo.com/es/track/1007848','','','58','http://mp3l.jamendo.com/?trackid=1007848&format=mp31&u=0');
UPDATE track SET album_id='118642' WHERE id='1007848';
UPDATE track SET text='' WHERE id='1007848';
INSERT INTO track VALUES('1007849','Cinematic African World Percussion Wildlife Congas Bongos Theme 014','http://www.jamendo.com/es/track/1007849','','','58','http://mp3l.jamendo.com/?trackid=1007849&format=mp31&u=0');
UPDATE track SET album_id='118642' WHERE id='1007849';
UPDATE track SET text='' WHERE id='1007849';
INSERT INTO track VALUES('1007851','Cinematic African World Percussion Wildlife Congas Bongos Theme 015','http://www.jamendo.com/es/track/1007851','','','58','http://mp3l.jamendo.com/?trackid=1007851&format=mp31&u=0');
UPDATE track SET album_id='118642' WHERE id='1007851';
UPDATE track SET text='' WHERE id='1007851';
INSERT INTO track VALUES('1007847','Cinematic African World Percussion Wildlife Congas Bongos Theme 016','http://www.jamendo.com/es/track/1007847','','','58','http://mp3l.jamendo.com/?trackid=1007847&format=mp31&u=0');
UPDATE track SET album_id='118642' WHERE id='1007847';
UPDATE track SET text='' WHERE id='1007847';
INSERT INTO track VALUES('1007891','Cinematic African World Percussion Wildlife Congas Bongos Theme 017','http://www.jamendo.com/es/track/1007891','','','58','http://mp3l.jamendo.com/?trackid=1007891&format=mp31&u=0');
UPDATE track SET album_id='118642' WHERE id='1007891';
UPDATE track SET text='' WHERE id='1007891';
INSERT INTO track VALUES('1007893','Cinematic African World Percussion Wildlife Congas Bongos Theme 018','http://www.jamendo.com/es/track/1007893','','','58','http://mp3l.jamendo.com/?trackid=1007893&format=mp31&u=0');
UPDATE track SET album_id='118642' WHERE id='1007893';
UPDATE track SET text='' WHERE id='1007893';
INSERT INTO track VALUES('1007894','Cinematic African World Percussion Wildlife Congas Bongos Theme 019','http://www.jamendo.com/es/track/1007894','','','58','http://mp3l.jamendo.com/?trackid=1007894&format=mp31&u=0');
UPDATE track SET album_id='118642' WHERE id='1007894';
UPDATE track SET text='' WHERE id='1007894';
INSERT INTO track VALUES('1007895','Cinematic African World Percussion Wildlife Congas Bongos Theme 020','http://www.jamendo.com/es/track/1007895','','','58','http://mp3l.jamendo.com/?trackid=1007895&format=mp31&u=0');
UPDATE track SET album_id='118642' WHERE id='1007895';
UPDATE track SET text='' WHERE id='1007895';
INSERT INTO album VALUES('118644','Cinematic African World Percussion Africa Wildlife Congas Bongos Theme Vol.2 Album n°141','http://www.jamendo.com/es/album/118644','http://imgjam.com/albums/s118/118644/covers/1.100.jpg','2','1272');
UPDATE album SET artist_id='420766' WHERE id='118644';
INSERT INTO track VALUES('1007998','Cinematic African World Percussion Wildlife Congas Bongos Theme 021','http://www.jamendo.com/es/track/1007998','','','45','http://mp3l.jamendo.com/?trackid=1007998&format=mp31&u=0');
UPDATE track SET album_id='118644' WHERE id='1007998';
UPDATE track SET text='' WHERE id='1007998';
INSERT INTO track VALUES('1008025','Cinematic African World Percussion Wildlife Congas Bongos Theme 022','http://www.jamendo.com/es/track/1008025','','','59','http://mp3l.jamendo.com/?trackid=1008025&format=mp31&u=0');
UPDATE track SET album_id='118644' WHERE id='1008025';
UPDATE track SET text='' WHERE id='1008025';
INSERT INTO track VALUES('1008016','Cinematic African World Percussion Wildlife Congas Bongos Theme 023','http://www.jamendo.com/es/track/1008016','','','59','http://mp3l.jamendo.com/?trackid=1008016&format=mp31&u=0');
UPDATE track SET album_id='118644' WHERE id='1008016';
UPDATE track SET text='' WHERE id='1008016';
INSERT INTO track VALUES('1008017','Cinematic African World Percussion Wildlife Congas Bongos Theme 024','http://www.jamendo.com/es/track/1008017','','','58','http://mp3l.jamendo.com/?trackid=1008017&format=mp31&u=0');
UPDATE track SET album_id='118644' WHERE id='1008017';
UPDATE track SET text='' WHERE id='1008017';
INSERT INTO track VALUES('1008018','Cinematic African World Percussion Wildlife Congas Bongos Theme 025','http://www.jamendo.com/es/track/1008018','','','59','http://mp3l.jamendo.com/?trackid=1008018&format=mp31&u=0');
UPDATE track SET album_id='118644' WHERE id='1008018';
UPDATE track SET text='' WHERE id='1008018';
INSERT INTO track VALUES('1008019','Cinematic African World Percussion Wildlife Congas Bongos Theme 026','http://www.jamendo.com/es/track/1008019','','','59','http://mp3l.jamendo.com/?trackid=1008019&format=mp31&u=0');
UPDATE track SET album_id='118644' WHERE id='1008019';
UPDATE track SET text='' WHERE id='1008019';
INSERT INTO track VALUES('1008020','Cinematic African World Percussion Wildlife Congas Bongos Theme 027','http://www.jamendo.com/es/track/1008020','','','59','http://mp3l.jamendo.com/?trackid=1008020&format=mp31&u=0');
UPDATE track SET album_id='118644' WHERE id='1008020';
UPDATE track SET text='' WHERE id='1008020';
INSERT INTO track VALUES('1007994','Cinematic African World Percussion Wildlife Congas Bongos Theme 028','http://www.jamendo.com/es/track/1007994','','','58','http://mp3l.jamendo.com/?trackid=1007994&format=mp31&u=0');
UPDATE track SET album_id='118644' WHERE id='1007994';
UPDATE track SET text='' WHERE id='1007994';
INSERT INTO track VALUES('1007995','Cinematic African World Percussion Wildlife Congas Bongos Theme 029','http://www.jamendo.com/es/track/1007995','','','59','http://mp3l.jamendo.com/?trackid=1007995&format=mp31&u=0');
UPDATE track SET album_id='118644' WHERE id='1007995';
UPDATE track SET text='' WHERE id='1007995';
INSERT INTO track VALUES('1007996','Cinematic African World Percussion Wildlife Congas Bongos Theme 030','http://www.jamendo.com/es/track/1007996','','','58','http://mp3l.jamendo.com/?trackid=1007996&format=mp31&u=0');
UPDATE track SET album_id='118644' WHERE id='1007996';
UPDATE track SET text='' WHERE id='1007996';
INSERT INTO track VALUES('1007999','Cinematic African World Percussion Wildlife Congas Bongos Theme 031','http://www.jamendo.com/es/track/1007999','','','58','http://mp3l.jamendo.com/?trackid=1007999&format=mp31&u=0');
UPDATE track SET album_id='118644' WHERE id='1007999';
UPDATE track SET text='' WHERE id='1007999';
INSERT INTO track VALUES('1008021','Cinematic African World Percussion Wildlife Congas Bongos Theme 032','http://www.jamendo.com/es/track/1008021','','','59','http://mp3l.jamendo.com/?trackid=1008021&format=mp31&u=0');
UPDATE track SET album_id='118644' WHERE id='1008021';
UPDATE track SET text='' WHERE id='1008021';
INSERT INTO track VALUES('1008022','Cinematic African World Percussion Wildlife Congas Bongos Theme 033','http://www.jamendo.com/es/track/1008022','','','58','http://mp3l.jamendo.com/?trackid=1008022&format=mp31&u=0');
UPDATE track SET album_id='118644' WHERE id='1008022';
UPDATE track SET text='' WHERE id='1008022';
INSERT INTO track VALUES('1008023','Cinematic African World Percussion Wildlife Congas Bongos Theme 034','http://www.jamendo.com/es/track/1008023','','','58','http://mp3l.jamendo.com/?trackid=1008023&format=mp31&u=0');
UPDATE track SET album_id='118644' WHERE id='1008023';
UPDATE track SET text='' WHERE id='1008023';
INSERT INTO track VALUES('1008024','Cinematic African World Percussion Wildlife Congas Bongos Theme 035','http://www.jamendo.com/es/track/1008024','','','58','http://mp3l.jamendo.com/?trackid=1008024&format=mp31&u=0');
UPDATE track SET album_id='118644' WHERE id='1008024';
UPDATE track SET text='' WHERE id='1008024';
INSERT INTO track VALUES('1008026','Cinematic African World Percussion Wildlife Congas Bongos Theme 036','http://www.jamendo.com/es/track/1008026','','','58','http://mp3l.jamendo.com/?trackid=1008026&format=mp31&u=0');
UPDATE track SET album_id='118644' WHERE id='1008026';
UPDATE track SET text='' WHERE id='1008026';
INSERT INTO track VALUES('1008027','Cinematic African World Percussion Wildlife Congas Bongos Theme 037','http://www.jamendo.com/es/track/1008027','','','58','http://mp3l.jamendo.com/?trackid=1008027&format=mp31&u=0');
UPDATE track SET album_id='118644' WHERE id='1008027';
UPDATE track SET text='' WHERE id='1008027';
INSERT INTO track VALUES('1008029','Cinematic African World Percussion Wildlife Congas Bongos Theme 038','http://www.jamendo.com/es/track/1008029','','','58','http://mp3l.jamendo.com/?trackid=1008029&format=mp31&u=0');
UPDATE track SET album_id='118644' WHERE id='1008029';
UPDATE track SET text='' WHERE id='1008029';
INSERT INTO track VALUES('1008028','Cinematic African World Percussion Wildlife Congas Bongos Theme 039','http://www.jamendo.com/es/track/1008028','','','58','http://mp3l.jamendo.com/?trackid=1008028&format=mp31&u=0');
UPDATE track SET album_id='118644' WHERE id='1008028';
UPDATE track SET text='' WHERE id='1008028';
INSERT INTO track VALUES('1007997','Cinematic African World Percussion Wildlife Congas Bongos Theme 040','http://www.jamendo.com/es/track/1007997','','','58','http://mp3l.jamendo.com/?trackid=1007997&format=mp31&u=0');
UPDATE track SET album_id='118644' WHERE id='1007997';
UPDATE track SET text='' WHERE id='1007997';
INSERT INTO track VALUES('1008000','Cinematic African World Percussion Wildlife Congas Bongos Theme 041','http://www.jamendo.com/es/track/1008000','','','59','http://mp3l.jamendo.com/?trackid=1008000&format=mp31&u=0');
UPDATE track SET album_id='118644' WHERE id='1008000';
UPDATE track SET text='' WHERE id='1008000';
INSERT INTO track VALUES('1008030','Cinematic African World Percussion Wildlife Congas Bongos Theme 042','http://www.jamendo.com/es/track/1008030','','','59','http://mp3l.jamendo.com/?trackid=1008030&format=mp31&u=0');
UPDATE track SET album_id='118644' WHERE id='1008030';
UPDATE track SET text='' WHERE id='1008030';
INSERT INTO album VALUES('118678','Cinematic Atmosphere Elvolving Ambient Earth Space Adventure Theme Soundscape Vol. 1 Album n°142','http://www.jamendo.com/es/album/118678','http://imgjam.com/albums/s118/118678/covers/1.100.jpg','2','8942');
UPDATE album SET artist_id='420766' WHERE id='118678';
INSERT INTO track VALUES('1008284','Cinematic Atmosphere Elvolving Ambient Earth Space Adventure Theme Soundscape 021','http://www.jamendo.com/es/track/1008284','','','446','http://mp3l.jamendo.com/?trackid=1008284&format=mp31&u=0');
UPDATE track SET album_id='118678' WHERE id='1008284';
UPDATE track SET text='' WHERE id='1008284';
INSERT INTO track VALUES('1008241','Cinematic Atmosphere Elvolving Ambient Earth Space Adventure Theme Soundscape 022','http://www.jamendo.com/es/track/1008241','','','454','http://mp3l.jamendo.com/?trackid=1008241&format=mp31&u=0');
UPDATE track SET album_id='118678' WHERE id='1008241';
UPDATE track SET text='' WHERE id='1008241';
INSERT INTO track VALUES('1008242','Cinematic Atmosphere Elvolving Ambient Earth Space Adventure Theme Soundscape 023','http://www.jamendo.com/es/track/1008242','','','446','http://mp3l.jamendo.com/?trackid=1008242&format=mp31&u=0');
UPDATE track SET album_id='118678' WHERE id='1008242';
UPDATE track SET text='' WHERE id='1008242';
INSERT INTO track VALUES('1008297','Cinematic Atmosphere Elvolving Ambient Earth Space Adventure Theme Soundscape 024','http://www.jamendo.com/es/track/1008297','','','455','http://mp3l.jamendo.com/?trackid=1008297&format=mp31&u=0');
UPDATE track SET album_id='118678' WHERE id='1008297';
UPDATE track SET text='' WHERE id='1008297';
INSERT INTO track VALUES('1008298','Cinematic Atmosphere Elvolving Ambient Earth Space Adventure Theme Soundscape 025','http://www.jamendo.com/es/track/1008298','','','463','http://mp3l.jamendo.com/?trackid=1008298&format=mp31&u=0');
UPDATE track SET album_id='118678' WHERE id='1008298';
UPDATE track SET text='' WHERE id='1008298';
INSERT INTO track VALUES('1008299','Cinematic Atmosphere Elvolving Ambient Earth Space Adventure Theme Soundscape 026','http://www.jamendo.com/es/track/1008299','','','455','http://mp3l.jamendo.com/?trackid=1008299&format=mp31&u=0');
UPDATE track SET album_id='118678' WHERE id='1008299';
UPDATE track SET text='' WHERE id='1008299';
INSERT INTO track VALUES('1008296','Cinematic Atmosphere Elvolving Ambient Earth Space Adventure Theme Soundscape 027','http://www.jamendo.com/es/track/1008296','','','457','http://mp3l.jamendo.com/?trackid=1008296&format=mp31&u=0');
UPDATE track SET album_id='118678' WHERE id='1008296';
UPDATE track SET text='' WHERE id='1008296';
INSERT INTO track VALUES('1008264','Cinematic Atmosphere Elvolving Ambient Earth Space Adventure Theme Soundscape 028','http://www.jamendo.com/es/track/1008264','','','417','http://mp3l.jamendo.com/?trackid=1008264&format=mp31&u=0');
UPDATE track SET album_id='118678' WHERE id='1008264';
UPDATE track SET text='' WHERE id='1008264';
INSERT INTO track VALUES('1008265','Cinematic Atmosphere Elvolving Ambient Earth Space Adventure Theme Soundscape 029','http://www.jamendo.com/es/track/1008265','','','463','http://mp3l.jamendo.com/?trackid=1008265&format=mp31&u=0');
UPDATE track SET album_id='118678' WHERE id='1008265';
UPDATE track SET text='' WHERE id='1008265';
INSERT INTO track VALUES('1008087','Cinematic Atmosphere Elvolving Ambient Earth Space Adventure Theme Soundscape 030','http://www.jamendo.com/es/track/1008087','','','436','http://mp3l.jamendo.com/?trackid=1008087&format=mp31&u=0');
UPDATE track SET album_id='118678' WHERE id='1008087';
UPDATE track SET text='' WHERE id='1008087';
INSERT INTO track VALUES('1008088','Cinematic Atmosphere Elvolving Ambient Earth Space Adventure Theme Soundscape 031','http://www.jamendo.com/es/track/1008088','','','463','http://mp3l.jamendo.com/?trackid=1008088&format=mp31&u=0');
UPDATE track SET album_id='118678' WHERE id='1008088';
UPDATE track SET text='' WHERE id='1008088';
INSERT INTO track VALUES('1008090','Cinematic Atmosphere Elvolving Ambient Earth Space Adventure Theme Soundscape 032','http://www.jamendo.com/es/track/1008090','','','438','http://mp3l.jamendo.com/?trackid=1008090&format=mp31&u=0');
UPDATE track SET album_id='118678' WHERE id='1008090';
UPDATE track SET text='' WHERE id='1008090';
INSERT INTO track VALUES('1008089','Cinematic Atmosphere Elvolving Ambient Earth Space Adventure Theme Soundscape 033','http://www.jamendo.com/es/track/1008089','','','463','http://mp3l.jamendo.com/?trackid=1008089&format=mp31&u=0');
UPDATE track SET album_id='118678' WHERE id='1008089';
UPDATE track SET text='' WHERE id='1008089';
INSERT INTO track VALUES('1008266','Cinematic Atmosphere Elvolving Ambient Earth Space Adventure Theme Soundscape 034','http://www.jamendo.com/es/track/1008266','','','418','http://mp3l.jamendo.com/?trackid=1008266&format=mp31&u=0');
UPDATE track SET album_id='118678' WHERE id='1008266';
UPDATE track SET text='' WHERE id='1008266';
INSERT INTO track VALUES('1008267','Cinematic Atmosphere Elvolving Ambient Earth Space Adventure Theme Soundscape 035','http://www.jamendo.com/es/track/1008267','','','463','http://mp3l.jamendo.com/?trackid=1008267&format=mp31&u=0');
UPDATE track SET album_id='118678' WHERE id='1008267';
UPDATE track SET text='' WHERE id='1008267';
INSERT INTO track VALUES('1008268','Cinematic Atmosphere Elvolving Ambient Earth Space Adventure Theme Soundscape 036','http://www.jamendo.com/es/track/1008268','','','454','http://mp3l.jamendo.com/?trackid=1008268&format=mp31&u=0');
UPDATE track SET album_id='118678' WHERE id='1008268';
UPDATE track SET text='' WHERE id='1008268';
INSERT INTO track VALUES('1008282','Cinematic Atmosphere Elvolving Ambient Earth Space Adventure Theme Soundscape 037','http://www.jamendo.com/es/track/1008282','','','454','http://mp3l.jamendo.com/?trackid=1008282&format=mp31&u=0');
UPDATE track SET album_id='118678' WHERE id='1008282';
UPDATE track SET text='' WHERE id='1008282';
INSERT INTO track VALUES('1008283','Cinematic Atmosphere Elvolving Ambient Earth Space Adventure Theme Soundscape 038','http://www.jamendo.com/es/track/1008283','','','409','http://mp3l.jamendo.com/?trackid=1008283&format=mp31&u=0');
UPDATE track SET album_id='118678' WHERE id='1008283';
UPDATE track SET text='' WHERE id='1008283';
INSERT INTO track VALUES('1008239','Cinematic Atmosphere Elvolving Ambient Earth Space Adventure Theme Soundscape 039','http://www.jamendo.com/es/track/1008239','','','444','http://mp3l.jamendo.com/?trackid=1008239&format=mp31&u=0');
UPDATE track SET album_id='118678' WHERE id='1008239';
UPDATE track SET text='' WHERE id='1008239';
INSERT INTO track VALUES('1008240','Cinematic Atmosphere Elvolving Ambient Earth Space Adventure Theme Soundscape 040','http://www.jamendo.com/es/track/1008240','','','444','http://mp3l.jamendo.com/?trackid=1008240&format=mp31&u=0');
UPDATE track SET album_id='118678' WHERE id='1008240';
UPDATE track SET text='' WHERE id='1008240';
INSERT INTO album VALUES('118696','Cinematic Atmosphere Elvolving Ambient Earth Space Adventure Theme Soundscape Vol. 2 Album n°143','http://www.jamendo.com/es/album/118696','http://imgjam.com/albums/s118/118696/covers/1.100.jpg','2','8820');
UPDATE album SET artist_id='420766' WHERE id='118696';
INSERT INTO track VALUES('1008510','Cinematic Atmosphere Elvolving Ambient Earth Space Adventure Theme Soundscape 041','http://www.jamendo.com/es/track/1008510','','','453','http://mp3l.jamendo.com/?trackid=1008510&format=mp31&u=0');
UPDATE track SET album_id='118696' WHERE id='1008510';
UPDATE track SET text='' WHERE id='1008510';
INSERT INTO track VALUES('1008397','Cinematic Atmosphere Elvolving Ambient Earth Space Adventure Theme Soundscape 042','http://www.jamendo.com/es/track/1008397','','','457','http://mp3l.jamendo.com/?trackid=1008397&format=mp31&u=0');
UPDATE track SET album_id='118696' WHERE id='1008397';
UPDATE track SET text='' WHERE id='1008397';
INSERT INTO track VALUES('1008398','Cinematic Atmosphere Elvolving Ambient Earth Space Adventure Theme Soundscape 043','http://www.jamendo.com/es/track/1008398','','','437','http://mp3l.jamendo.com/?trackid=1008398&format=mp31&u=0');
UPDATE track SET album_id='118696' WHERE id='1008398';
UPDATE track SET text='' WHERE id='1008398';
INSERT INTO track VALUES('1008511','Cinematic Atmosphere Elvolving Ambient Earth Space Adventure Theme Soundscape 044','http://www.jamendo.com/es/track/1008511','','','456','http://mp3l.jamendo.com/?trackid=1008511&format=mp31&u=0');
UPDATE track SET album_id='118696' WHERE id='1008511';
UPDATE track SET text='' WHERE id='1008511';
INSERT INTO track VALUES('1008435','Cinematic Atmosphere Elvolving Ambient Earth Space Adventure Theme Soundscape 045','http://www.jamendo.com/es/track/1008435','','','417','http://mp3l.jamendo.com/?trackid=1008435&format=mp31&u=0');
UPDATE track SET album_id='118696' WHERE id='1008435';
UPDATE track SET text='' WHERE id='1008435';
INSERT INTO track VALUES('1008436','Cinematic Atmosphere Elvolving Ambient Earth Space Adventure Theme Soundscape 046','http://www.jamendo.com/es/track/1008436','','','463','http://mp3l.jamendo.com/?trackid=1008436&format=mp31&u=0');
UPDATE track SET album_id='118696' WHERE id='1008436';
UPDATE track SET text='' WHERE id='1008436';
INSERT INTO track VALUES('1008437','Cinematic Atmosphere Elvolving Ambient Earth Space Adventure Theme Soundscape 047','http://www.jamendo.com/es/track/1008437','','','425','http://mp3l.jamendo.com/?trackid=1008437&format=mp31&u=0');
UPDATE track SET album_id='118696' WHERE id='1008437';
UPDATE track SET text='' WHERE id='1008437';
INSERT INTO track VALUES('1008438','Cinematic Atmosphere Elvolving Ambient Earth Space Adventure Theme Soundscape 048','http://www.jamendo.com/es/track/1008438','','','463','http://mp3l.jamendo.com/?trackid=1008438&format=mp31&u=0');
UPDATE track SET album_id='118696' WHERE id='1008438';
UPDATE track SET text='' WHERE id='1008438';
INSERT INTO track VALUES('1008439','Cinematic Atmosphere Elvolving Ambient Earth Space Adventure Theme Soundscape 049','http://www.jamendo.com/es/track/1008439','','','454','http://mp3l.jamendo.com/?trackid=1008439&format=mp31&u=0');
UPDATE track SET album_id='118696' WHERE id='1008439';
UPDATE track SET text='' WHERE id='1008439';
INSERT INTO track VALUES('1008440','Cinematic Atmosphere Elvolving Ambient Earth Space Adventure Theme Soundscape 050','http://www.jamendo.com/es/track/1008440','','','436','http://mp3l.jamendo.com/?trackid=1008440&format=mp31&u=0');
UPDATE track SET album_id='118696' WHERE id='1008440';
UPDATE track SET text='' WHERE id='1008440';
INSERT INTO track VALUES('1008441','Cinematic Atmosphere Elvolving Ambient Earth Space Adventure Theme Soundscape 051','http://www.jamendo.com/es/track/1008441','','','451','http://mp3l.jamendo.com/?trackid=1008441&format=mp31&u=0');
UPDATE track SET album_id='118696' WHERE id='1008441';
UPDATE track SET text='' WHERE id='1008441';
INSERT INTO track VALUES('1008349','Cinematic Atmosphere Elvolving Ambient Earth Space Adventure Theme Soundscape 052','http://www.jamendo.com/es/track/1008349','','','438','http://mp3l.jamendo.com/?trackid=1008349&format=mp31&u=0');
UPDATE track SET album_id='118696' WHERE id='1008349';
UPDATE track SET text='' WHERE id='1008349';
INSERT INTO track VALUES('1008351','Cinematic Atmosphere Elvolving Ambient Earth Space Adventure Theme Soundscape 053','http://www.jamendo.com/es/track/1008351','','','454','http://mp3l.jamendo.com/?trackid=1008351&format=mp31&u=0');
UPDATE track SET album_id='118696' WHERE id='1008351';
UPDATE track SET text='' WHERE id='1008351';
INSERT INTO track VALUES('1008350','Cinematic Atmosphere Elvolving Ambient Earth Space Adventure Theme Soundscape 054','http://www.jamendo.com/es/track/1008350','','','444','http://mp3l.jamendo.com/?trackid=1008350&format=mp31&u=0');
UPDATE track SET album_id='118696' WHERE id='1008350';
UPDATE track SET text='' WHERE id='1008350';
INSERT INTO track VALUES('1008442','Cinematic Atmosphere Elvolving Ambient Earth Space Adventure Theme Soundscape 055','http://www.jamendo.com/es/track/1008442','','','397','http://mp3l.jamendo.com/?trackid=1008442&format=mp31&u=0');
UPDATE track SET album_id='118696' WHERE id='1008442';
UPDATE track SET text='' WHERE id='1008442';
INSERT INTO track VALUES('1008443','Cinematic Atmosphere Elvolving Ambient Earth Space Adventure Theme Soundscape 056','http://www.jamendo.com/es/track/1008443','','','444','http://mp3l.jamendo.com/?trackid=1008443&format=mp31&u=0');
UPDATE track SET album_id='118696' WHERE id='1008443';
UPDATE track SET text='' WHERE id='1008443';
INSERT INTO track VALUES('1008444','Cinematic Atmosphere Elvolving Ambient Earth Space Adventure Theme Soundscape 057','http://www.jamendo.com/es/track/1008444','','','436','http://mp3l.jamendo.com/?trackid=1008444&format=mp31&u=0');
UPDATE track SET album_id='118696' WHERE id='1008444';
UPDATE track SET text='' WHERE id='1008444';
INSERT INTO track VALUES('1008378','Cinematic Atmosphere Elvolving Ambient Earth Space Adventure Theme Soundscape 058','http://www.jamendo.com/es/track/1008378','','','454','http://mp3l.jamendo.com/?trackid=1008378&format=mp31&u=0');
UPDATE track SET album_id='118696' WHERE id='1008378';
UPDATE track SET text='' WHERE id='1008378';
INSERT INTO track VALUES('1008379','Cinematic Atmosphere Elvolving Ambient Earth Space Adventure Theme Soundscape 059','http://www.jamendo.com/es/track/1008379','','','433','http://mp3l.jamendo.com/?trackid=1008379&format=mp31&u=0');
UPDATE track SET album_id='118696' WHERE id='1008379';
UPDATE track SET text='' WHERE id='1008379';
INSERT INTO track VALUES('1008512','Cinematic Atmosphere Elvolving Ambient Earth Space Adventure Theme Soundscape 060','http://www.jamendo.com/es/track/1008512','','','408','http://mp3l.jamendo.com/?trackid=1008512&format=mp31&u=0');
UPDATE track SET album_id='118696' WHERE id='1008512';
UPDATE track SET text='' WHERE id='1008512';
INSERT INTO album VALUES('118728','Cinematic Atmosphere Elvolving Ambient Earth Space Adventure Theme Soundscape Vol. 3 Album n°144','http://www.jamendo.com/es/album/118728','http://imgjam.com/albums/s118/118728/covers/1.100.jpg','2','8609');
UPDATE album SET artist_id='420766' WHERE id='118728';
INSERT INTO track VALUES('1008600','Cinematic Atmosphere Elvolving Ambient Earth Space Adventure Theme Soundscape 061','http://www.jamendo.com/es/track/1008600','','','438','http://mp3l.jamendo.com/?trackid=1008600&format=mp31&u=0');
UPDATE track SET album_id='118728' WHERE id='1008600';
UPDATE track SET text='' WHERE id='1008600';
INSERT INTO track VALUES('1008595','Cinematic Atmosphere Elvolving Ambient Earth Space Adventure Theme Soundscape 062','http://www.jamendo.com/es/track/1008595','','','440','http://mp3l.jamendo.com/?trackid=1008595&format=mp31&u=0');
UPDATE track SET album_id='118728' WHERE id='1008595';
UPDATE track SET text='' WHERE id='1008595';
INSERT INTO track VALUES('1008596','Cinematic Atmosphere Elvolving Ambient Earth Space Adventure Theme Soundscape 063','http://www.jamendo.com/es/track/1008596','','','445','http://mp3l.jamendo.com/?trackid=1008596&format=mp31&u=0');
UPDATE track SET album_id='118728' WHERE id='1008596';
UPDATE track SET text='' WHERE id='1008596';
INSERT INTO track VALUES('1008597','Cinematic Atmosphere Elvolving Ambient Earth Space Adventure Theme Soundscape 064','http://www.jamendo.com/es/track/1008597','','','463','http://mp3l.jamendo.com/?trackid=1008597&format=mp31&u=0');
UPDATE track SET album_id='118728' WHERE id='1008597';
UPDATE track SET text='' WHERE id='1008597';
INSERT INTO track VALUES('1008598','Cinematic Atmosphere Elvolving Ambient Earth Space Adventure Theme Soundscape 065','http://www.jamendo.com/es/track/1008598','','','418','http://mp3l.jamendo.com/?trackid=1008598&format=mp31&u=0');
UPDATE track SET album_id='118728' WHERE id='1008598';
UPDATE track SET text='' WHERE id='1008598';
INSERT INTO track VALUES('1008599','Cinematic Atmosphere Elvolving Ambient Earth Space Adventure Theme Soundscape 066','http://www.jamendo.com/es/track/1008599','','','389','http://mp3l.jamendo.com/?trackid=1008599&format=mp31&u=0');
UPDATE track SET album_id='118728' WHERE id='1008599';
UPDATE track SET text='' WHERE id='1008599';
INSERT INTO track VALUES('1008737','Cinematic Atmosphere Elvolving Ambient Earth Space Adventure Theme Soundscape 067','http://www.jamendo.com/es/track/1008737','','','414','http://mp3l.jamendo.com/?trackid=1008737&format=mp31&u=0');
UPDATE track SET album_id='118728' WHERE id='1008737';
UPDATE track SET text='' WHERE id='1008737';
INSERT INTO track VALUES('1008601','Cinematic Atmosphere Elvolving Ambient Earth Space Adventure Theme Soundscape 068','http://www.jamendo.com/es/track/1008601','','','430','http://mp3l.jamendo.com/?trackid=1008601&format=mp31&u=0');
UPDATE track SET album_id='118728' WHERE id='1008601';
UPDATE track SET text='' WHERE id='1008601';
INSERT INTO track VALUES('1008730','Cinematic Atmosphere Elvolving Ambient Earth Space Adventure Theme Soundscape 069','http://www.jamendo.com/es/track/1008730','','','442','http://mp3l.jamendo.com/?trackid=1008730&format=mp31&u=0');
UPDATE track SET album_id='118728' WHERE id='1008730';
UPDATE track SET text='' WHERE id='1008730';
INSERT INTO track VALUES('1008731','Cinematic Atmosphere Elvolving Ambient Earth Space Adventure Theme Soundscape 070','http://www.jamendo.com/es/track/1008731','','','419','http://mp3l.jamendo.com/?trackid=1008731&format=mp31&u=0');
UPDATE track SET album_id='118728' WHERE id='1008731';
UPDATE track SET text='' WHERE id='1008731';
INSERT INTO track VALUES('1008732','Cinematic Atmosphere Elvolving Ambient Earth Space Adventure Theme Soundscape 071','http://www.jamendo.com/es/track/1008732','','','419','http://mp3l.jamendo.com/?trackid=1008732&format=mp31&u=0');
UPDATE track SET album_id='118728' WHERE id='1008732';
UPDATE track SET text='' WHERE id='1008732';
INSERT INTO track VALUES('1008536','Cinematic Atmosphere Elvolving Ambient Earth Space Adventure Theme Soundscape 072','http://www.jamendo.com/es/track/1008536','','','416','http://mp3l.jamendo.com/?trackid=1008536&format=mp31&u=0');
UPDATE track SET album_id='118728' WHERE id='1008536';
UPDATE track SET text='' WHERE id='1008536';
INSERT INTO track VALUES('1008538','Cinematic Atmosphere Elvolving Ambient Earth Space Adventure Theme Soundscape 073','http://www.jamendo.com/es/track/1008538','','','416','http://mp3l.jamendo.com/?trackid=1008538&format=mp31&u=0');
UPDATE track SET album_id='118728' WHERE id='1008538';
UPDATE track SET text='' WHERE id='1008538';
INSERT INTO track VALUES('1008537','Cinematic Atmosphere Elvolving Ambient Earth Space Adventure Theme Soundscape 074','http://www.jamendo.com/es/track/1008537','','','400','http://mp3l.jamendo.com/?trackid=1008537&format=mp31&u=0');
UPDATE track SET album_id='118728' WHERE id='1008537';
UPDATE track SET text='' WHERE id='1008537';
INSERT INTO track VALUES('1008539','Cinematic Atmosphere Elvolving Ambient Earth Space Adventure Theme Soundscape 075','http://www.jamendo.com/es/track/1008539','','','426','http://mp3l.jamendo.com/?trackid=1008539&format=mp31&u=0');
UPDATE track SET album_id='118728' WHERE id='1008539';
UPDATE track SET text='' WHERE id='1008539';
INSERT INTO track VALUES('1008733','Cinematic Atmosphere Elvolving Ambient Earth Space Adventure Theme Soundscape 076','http://www.jamendo.com/es/track/1008733','','','445','http://mp3l.jamendo.com/?trackid=1008733&format=mp31&u=0');
UPDATE track SET album_id='118728' WHERE id='1008733';
UPDATE track SET text='' WHERE id='1008733';
INSERT INTO track VALUES('1008734','Cinematic Atmosphere Elvolving Ambient Earth Space Adventure Theme Soundscape 077','http://www.jamendo.com/es/track/1008734','','','454','http://mp3l.jamendo.com/?trackid=1008734&format=mp31&u=0');
UPDATE track SET album_id='118728' WHERE id='1008734';
UPDATE track SET text='' WHERE id='1008734';
INSERT INTO track VALUES('1008540','Cinematic Atmosphere Elvolving Ambient Earth Space Adventure Theme Soundscape 078','http://www.jamendo.com/es/track/1008540','','','426','http://mp3l.jamendo.com/?trackid=1008540&format=mp31&u=0');
UPDATE track SET album_id='118728' WHERE id='1008540';
UPDATE track SET text='' WHERE id='1008540';
INSERT INTO track VALUES('1008735','Cinematic Atmosphere Elvolving Ambient Earth Space Adventure Theme Soundscape 079','http://www.jamendo.com/es/track/1008735','','','464','http://mp3l.jamendo.com/?trackid=1008735&format=mp31&u=0');
UPDATE track SET album_id='118728' WHERE id='1008735';
UPDATE track SET text='' WHERE id='1008735';
INSERT INTO track VALUES('1008736','Cinematic Atmosphere Elvolving Ambient Earth Space Adventure Theme Soundscape 080','http://www.jamendo.com/es/track/1008736','','','445','http://mp3l.jamendo.com/?trackid=1008736&format=mp31&u=0');
UPDATE track SET album_id='118728' WHERE id='1008736';
UPDATE track SET text='' WHERE id='1008736';
INSERT INTO album VALUES('118731','Electro Minimal House Trance Dance Techno Motivating Club Party Nation Hit Album n°146','http://www.jamendo.com/es/album/118731','http://imgjam.com/albums/s118/118731/covers/1.100.jpg','3','832');
UPDATE album SET artist_id='420766' WHERE id='118731';
INSERT INTO track VALUES('1008811','Electro Minimal House Trance Dance Techno Motivating Club Party Nation Hit','http://www.jamendo.com/es/track/1008811','','','138','http://mp3l.jamendo.com/?trackid=1008811&format=mp31&u=0');
UPDATE track SET album_id='118731' WHERE id='1008811';
UPDATE track SET text='' WHERE id='1008811';
INSERT INTO track VALUES('1008814','Electro Minimal House Trance Dance Techno Motivating Party Action Hit','http://www.jamendo.com/es/track/1008814','','','77','http://mp3l.jamendo.com/?trackid=1008814&format=mp31&u=0');
UPDATE track SET album_id='118731' WHERE id='1008814';
UPDATE track SET text='' WHERE id='1008814';
INSERT INTO track VALUES('1008810','Electro Minimal House Trance Dance Techno Motivating Biggest Party Hit','http://www.jamendo.com/es/track/1008810','','','146','http://mp3l.jamendo.com/?trackid=1008810&format=mp31&u=0');
UPDATE track SET album_id='118731' WHERE id='1008810';
UPDATE track SET text='' WHERE id='1008810';
INSERT INTO track VALUES('1008812','Electro Minimal House Trance Dance Techno Motivating Electronic Bass Party','http://www.jamendo.com/es/track/1008812','','','115','http://mp3l.jamendo.com/?trackid=1008812&format=mp31&u=0');
UPDATE track SET album_id='118731' WHERE id='1008812';
UPDATE track SET text='' WHERE id='1008812';
INSERT INTO track VALUES('1008813','Electro Minimal House Trance Dance Techno Motivating Last Party Hit','http://www.jamendo.com/es/track/1008813','','','85','http://mp3l.jamendo.com/?trackid=1008813&format=mp31&u=0');
UPDATE track SET album_id='118731' WHERE id='1008813';
UPDATE track SET text='' WHERE id='1008813';
INSERT INTO track VALUES('1008815','Electro Minimal House Trance Dance Techno Motivating Aftershow Club Party Hit','http://www.jamendo.com/es/track/1008815','','','157','http://mp3l.jamendo.com/?trackid=1008815&format=mp31&u=0');
UPDATE track SET album_id='118731' WHERE id='1008815';
UPDATE track SET text='' WHERE id='1008815';
INSERT INTO track VALUES('1008809','Electro Minimal House Trance Dance Techno Motivating Be Cool Bass Hit','http://www.jamendo.com/es/track/1008809','','','114','http://mp3l.jamendo.com/?trackid=1008809&format=mp31&u=0');
UPDATE track SET album_id='118731' WHERE id='1008809';
UPDATE track SET text='' WHERE id='1008809';
INSERT INTO album VALUES('118733','Electro Minimal House Trance Dance Techno Motivating Club Party Tunes Album n°145','http://www.jamendo.com/es/album/118733','http://imgjam.com/albums/s118/118733/covers/1.100.jpg','3','888');
UPDATE album SET artist_id='420766' WHERE id='118733';
INSERT INTO track VALUES('1008828','Electro Minimal House Trance Dance Techno Motivating Party Lovers Hit','http://www.jamendo.com/es/track/1008828','','','158','http://mp3l.jamendo.com/?trackid=1008828&format=mp31&u=0');
UPDATE track SET album_id='118733' WHERE id='1008828';
UPDATE track SET text='' WHERE id='1008828';
INSERT INTO track VALUES('1008829','Electro Minimal House Trance Dance Techno Motivating Party People Hit','http://www.jamendo.com/es/track/1008829','','','182','http://mp3l.jamendo.com/?trackid=1008829&format=mp31&u=0');
UPDATE track SET album_id='118733' WHERE id='1008829';
UPDATE track SET text='' WHERE id='1008829';
INSERT INTO track VALUES('1008830','Electro Minimal House Trance Dance Techno Motivating Spectacular Party Hit','http://www.jamendo.com/es/track/1008830','','','81','http://mp3l.jamendo.com/?trackid=1008830&format=mp31&u=0');
UPDATE track SET album_id='118733' WHERE id='1008830';
UPDATE track SET text='' WHERE id='1008830';
INSERT INTO track VALUES('1008827','Electro Minimal House Trance Dance Techno Motivating Trance Dancefloor Party Hit','http://www.jamendo.com/es/track/1008827','','','118','http://mp3l.jamendo.com/?trackid=1008827&format=mp31&u=0');
UPDATE track SET album_id='118733' WHERE id='1008827';
UPDATE track SET text='' WHERE id='1008827';
INSERT INTO track VALUES('1008831','Electro Minimal House Trance Dance Techno Motivating Party Girls Hit','http://www.jamendo.com/es/track/1008831','','','166','http://mp3l.jamendo.com/?trackid=1008831&format=mp31&u=0');
UPDATE track SET album_id='118733' WHERE id='1008831';
UPDATE track SET text='' WHERE id='1008831';
INSERT INTO track VALUES('1008832','Electro Minimal House Trance Dance Techno Motivating United Party Hit','http://www.jamendo.com/es/track/1008832','','','183','http://mp3l.jamendo.com/?trackid=1008832&format=mp31&u=0');
UPDATE track SET album_id='118733' WHERE id='1008832';
UPDATE track SET text='' WHERE id='1008832';
INSERT INTO album VALUES('118752','Epic Cinematic Symphonic Orchestra Hollywood Documentary Theme Soundtrack Album n°147','http://www.jamendo.com/es/album/118752','http://imgjam.com/albums/s118/118752/covers/1.100.jpg','3','433');
UPDATE album SET artist_id='420766' WHERE id='118752';
INSERT INTO track VALUES('1008845','Epic Cinematic Symphonic Orchestra Hollywood Documentary Theme Soundtrack','http://www.jamendo.com/es/track/1008845','','','76','http://mp3l.jamendo.com/?trackid=1008845&format=mp31&u=0');
UPDATE track SET album_id='118752' WHERE id='1008845';
UPDATE track SET text='' WHERE id='1008845';
INSERT INTO playlist VALUES('227225','Medieval/Fantasy','http://www.jamendo.com/es/playlist/227225','52578');
INSERT INTO playlist_track VALUES('227225','1008845');
INSERT INTO track VALUES('1008842','Epic Cinematic Symphonic Orchestra Hollywood Adventure Theme Soundtrack','http://www.jamendo.com/es/track/1008842','','','85','http://mp3l.jamendo.com/?trackid=1008842&format=mp31&u=0');
UPDATE track SET album_id='118752' WHERE id='1008842';
UPDATE track SET text='' WHERE id='1008842';
INSERT INTO playlist_track VALUES('192085','1008842');
INSERT INTO playlist_track VALUES('227225','1008842');
INSERT INTO track VALUES('1008843','Epic Cinematic Symphonic Orchestra Hollywood Big Chase Theme Soundtrack','http://www.jamendo.com/es/track/1008843','','','73','http://mp3l.jamendo.com/?trackid=1008843&format=mp31&u=0');
UPDATE track SET album_id='118752' WHERE id='1008843';
UPDATE track SET text='' WHERE id='1008843';
INSERT INTO track VALUES('1008844','Epic Cinematic Symphonic Orchestra Hollywood Big Pictures Theme Soundtrack','http://www.jamendo.com/es/track/1008844','','','82','http://mp3l.jamendo.com/?trackid=1008844&format=mp31&u=0');
UPDATE track SET album_id='118752' WHERE id='1008844';
UPDATE track SET text='' WHERE id='1008844';
INSERT INTO playlist_track VALUES('192085','1008844');
INSERT INTO track VALUES('1008846','Epic Cinematic Symphonic Orchestra Hollywood Pictures Brass Theme Soundtrack','http://www.jamendo.com/es/track/1008846','','','56','http://mp3l.jamendo.com/?trackid=1008846&format=mp31&u=0');
UPDATE track SET album_id='118752' WHERE id='1008846';
UPDATE track SET text='' WHERE id='1008846';
INSERT INTO track VALUES('1008847','Epic Cinematic Symphonic Orchestra Hollywood Action Score Theme Soundtrack','http://www.jamendo.com/es/track/1008847','','','61','http://mp3l.jamendo.com/?trackid=1008847&format=mp31&u=0');
UPDATE track SET album_id='118752' WHERE id='1008847';
UPDATE track SET text='' WHERE id='1008847';
INSERT INTO album VALUES('118755','Ambient Atmosphere Timeless Space Earth Theme Soundscape Album n°148','http://www.jamendo.com/es/album/118755','http://imgjam.com/albums/s118/118755/covers/1.100.jpg','3','746');
UPDATE album SET artist_id='420766' WHERE id='118755';
INSERT INTO track VALUES('1009010','Ambient Atmosphere Timeless Space Earth Theme Soundscape 001','http://www.jamendo.com/es/track/1009010','','','137','http://mp3l.jamendo.com/?trackid=1009010&format=mp31&u=0');
UPDATE track SET album_id='118755' WHERE id='1009010';
UPDATE track SET text='' WHERE id='1009010';
INSERT INTO track VALUES('1009011','Ambient Atmosphere Timeless Space Earth Theme Soundscape 002','http://www.jamendo.com/es/track/1009011','','','154','http://mp3l.jamendo.com/?trackid=1009011&format=mp31&u=0');
UPDATE track SET album_id='118755' WHERE id='1009011';
UPDATE track SET text='' WHERE id='1009011';
INSERT INTO track VALUES('1009012','Ambient Atmosphere Timeless Space Earth Theme Soundscape 003','http://www.jamendo.com/es/track/1009012','','','154','http://mp3l.jamendo.com/?trackid=1009012&format=mp31&u=0');
UPDATE track SET album_id='118755' WHERE id='1009012';
UPDATE track SET text='' WHERE id='1009012';
INSERT INTO track VALUES('1009008','Ambient Atmosphere Timeless Space Earth Theme Soundscape 004','http://www.jamendo.com/es/track/1009008','','','150','http://mp3l.jamendo.com/?trackid=1009008&format=mp31&u=0');
UPDATE track SET album_id='118755' WHERE id='1009008';
UPDATE track SET text='' WHERE id='1009008';
INSERT INTO track VALUES('1009009','Ambient Atmosphere Timeless Space Earth Theme Soundscape 005','http://www.jamendo.com/es/track/1009009','','','151','http://mp3l.jamendo.com/?trackid=1009009&format=mp31&u=0');
UPDATE track SET album_id='118755' WHERE id='1009009';
UPDATE track SET text='' WHERE id='1009009';
INSERT INTO album VALUES('118762','Chillout Atmosphere Timeless Yoga Meditation Wellness Relax Meditation Theme Album n°149','http://www.jamendo.com/es/album/118762','http://imgjam.com/albums/s118/118762/covers/1.100.jpg','3','1066');
UPDATE album SET artist_id='420766' WHERE id='118762';
INSERT INTO track VALUES('1009022','Chillout Atmosphere Timeless Yoga Meditation Wellness Relax Theme 001','http://www.jamendo.com/es/track/1009022','','','156','http://mp3l.jamendo.com/?trackid=1009022&format=mp31&u=0');
UPDATE track SET album_id='118762' WHERE id='1009022';
UPDATE track SET text='' WHERE id='1009022';
INSERT INTO track VALUES('1009016','Chillout Atmosphere Timeless Yoga Meditation Wellness Relax Theme 002','http://www.jamendo.com/es/track/1009016','','','155','http://mp3l.jamendo.com/?trackid=1009016&format=mp31&u=0');
UPDATE track SET album_id='118762' WHERE id='1009016';
UPDATE track SET text='' WHERE id='1009016';
INSERT INTO track VALUES('1009017','Chillout Atmosphere Timeless Yoga Meditation Wellness Relax Theme 003','http://www.jamendo.com/es/track/1009017','','','151','http://mp3l.jamendo.com/?trackid=1009017&format=mp31&u=0');
UPDATE track SET album_id='118762' WHERE id='1009017';
UPDATE track SET text='' WHERE id='1009017';
INSERT INTO track VALUES('1009018','Chillout Atmosphere Timeless Yoga Meditation Wellness Relax Theme 004','http://www.jamendo.com/es/track/1009018','','','152','http://mp3l.jamendo.com/?trackid=1009018&format=mp31&u=0');
UPDATE track SET album_id='118762' WHERE id='1009018';
UPDATE track SET text='' WHERE id='1009018';
INSERT INTO track VALUES('1009019','Chillout Atmosphere Timeless Yoga Meditation Wellness Relax Theme 005','http://www.jamendo.com/es/track/1009019','','','151','http://mp3l.jamendo.com/?trackid=1009019&format=mp31&u=0');
UPDATE track SET album_id='118762' WHERE id='1009019';
UPDATE track SET text='' WHERE id='1009019';
INSERT INTO track VALUES('1009020','Chillout Atmosphere Timeless Yoga Meditation Wellness Relax Theme 006','http://www.jamendo.com/es/track/1009020','','','151','http://mp3l.jamendo.com/?trackid=1009020&format=mp31&u=0');
UPDATE track SET album_id='118762' WHERE id='1009020';
UPDATE track SET text='' WHERE id='1009020';
INSERT INTO track VALUES('1009021','Chillout Atmosphere Timeless Yoga Meditation Wellness Relax Theme 007','http://www.jamendo.com/es/track/1009021','','','150','http://mp3l.jamendo.com/?trackid=1009021&format=mp31&u=0');
UPDATE track SET album_id='118762' WHERE id='1009021';
UPDATE track SET text='' WHERE id='1009021';
INSERT INTO album VALUES('118768','Cinematic Beautiful Expressive Slow Grand Piano Composer Theme Soundtrack Album n°150','http://www.jamendo.com/es/album/118768','http://imgjam.com/albums/s118/118768/covers/1.100.jpg','3','1049','classical');
UPDATE album SET artist_id='420766' WHERE id='118768';
INSERT INTO track VALUES('1009086','Cinematic Beautiful Expressive Slow Grand Piano Composer Theme Soundtrack 001','http://www.jamendo.com/es/track/1009086','','','87','http://mp3l.jamendo.com/?trackid=1009086&format=mp31&u=0');
UPDATE track SET album_id='118768' WHERE id='1009086';
UPDATE track SET text='' WHERE id='1009086';
INSERT INTO track VALUES('1009087','Cinematic Beautiful Expressive Slow Grand Piano Composer Theme Soundtrack 002','http://www.jamendo.com/es/track/1009087','','','116','http://mp3l.jamendo.com/?trackid=1009087&format=mp31&u=0');
UPDATE track SET album_id='118768' WHERE id='1009087';
UPDATE track SET text='' WHERE id='1009087';
INSERT INTO track VALUES('1009088','Cinematic Beautiful Expressive Slow Grand Piano Composer Theme Soundtrack 003','http://www.jamendo.com/es/track/1009088','','','166','http://mp3l.jamendo.com/?trackid=1009088&format=mp31&u=0');
UPDATE track SET album_id='118768' WHERE id='1009088';
UPDATE track SET text='' WHERE id='1009088';
INSERT INTO track VALUES('1009089','Cinematic Beautiful Expressive Slow Grand Piano Composer Theme Soundtrack 004','http://www.jamendo.com/es/track/1009089','','','111','http://mp3l.jamendo.com/?trackid=1009089&format=mp31&u=0');
UPDATE track SET album_id='118768' WHERE id='1009089';
UPDATE track SET text='' WHERE id='1009089';
INSERT INTO track VALUES('1009090','Cinematic Beautiful Expressive Slow Grand Piano Composer Theme Soundtrack 005','http://www.jamendo.com/es/track/1009090','','','77','http://mp3l.jamendo.com/?trackid=1009090&format=mp31&u=0');
UPDATE track SET album_id='118768' WHERE id='1009090';
UPDATE track SET text='' WHERE id='1009090';
INSERT INTO track VALUES('1009091','Cinematic Beautiful Expressive Slow Grand Piano Composer Theme Soundtrack 006','http://www.jamendo.com/es/track/1009091','','','93','http://mp3l.jamendo.com/?trackid=1009091&format=mp31&u=0');
UPDATE track SET album_id='118768' WHERE id='1009091';
UPDATE track SET text='' WHERE id='1009091';
INSERT INTO track VALUES('1009092','Cinematic Beautiful Expressive Slow Grand Piano Composer Theme Soundtrack 007','http://www.jamendo.com/es/track/1009092','','','102','http://mp3l.jamendo.com/?trackid=1009092&format=mp31&u=0');
UPDATE track SET album_id='118768' WHERE id='1009092';
UPDATE track SET text='' WHERE id='1009092';
INSERT INTO track VALUES('1009093','Cinematic Beautiful Expressive Slow Grand Piano Composer Theme Soundtrack 008','http://www.jamendo.com/es/track/1009093','','','157','http://mp3l.jamendo.com/?trackid=1009093&format=mp31&u=0');
UPDATE track SET album_id='118768' WHERE id='1009093';
UPDATE track SET text='' WHERE id='1009093';
INSERT INTO track VALUES('1009094','Cinematic Beautiful Expressive Slow Grand Piano Composer Theme Soundtrack 009','http://www.jamendo.com/es/track/1009094','','','54','http://mp3l.jamendo.com/?trackid=1009094&format=mp31&u=0');
UPDATE track SET album_id='118768' WHERE id='1009094';
UPDATE track SET text='' WHERE id='1009094';
INSERT INTO track VALUES('1009095','Cinematic Beautiful Expressive Slow Grand Piano Composer Theme Soundtrack 010','http://www.jamendo.com/es/track/1009095','','','86','http://mp3l.jamendo.com/?trackid=1009095&format=mp31&u=0');
UPDATE track SET album_id='118768' WHERE id='1009095';
UPDATE track SET text='' WHERE id='1009095';
INSERT INTO album VALUES('118770','Cinematic Emotional Sentimental Intense Grand Piano Passion Theme Soundtrack Album n°151','http://www.jamendo.com/es/album/118770','http://imgjam.com/albums/s118/118770/covers/1.100.jpg','3','379');
UPDATE album SET artist_id='420766' WHERE id='118770';
INSERT INTO track VALUES('1009110','Cinematic Emotional Sentimental Intense Grand Piano Passion Theme Soundtrack 001','http://www.jamendo.com/es/track/1009110','','','71','http://mp3l.jamendo.com/?trackid=1009110&format=mp31&u=0');
UPDATE track SET album_id='118770' WHERE id='1009110';
UPDATE track SET text='' WHERE id='1009110';
INSERT INTO track VALUES('1009111','Cinematic Emotional Sentimental Intense Grand Piano Passion Theme Soundtrack 002','http://www.jamendo.com/es/track/1009111','','','62','http://mp3l.jamendo.com/?trackid=1009111&format=mp31&u=0');
UPDATE track SET album_id='118770' WHERE id='1009111';
UPDATE track SET text='' WHERE id='1009111';
INSERT INTO track VALUES('1009112','Cinematic Emotional Sentimental Intense Grand Piano Passion Theme Soundtrack 003','http://www.jamendo.com/es/track/1009112','','','105','http://mp3l.jamendo.com/?trackid=1009112&format=mp31&u=0');
UPDATE track SET album_id='118770' WHERE id='1009112';
UPDATE track SET text='' WHERE id='1009112';
INSERT INTO track VALUES('1009108','Cinematic Emotional Sentimental Intense Grand Piano Passion Theme Soundtrack 004','http://www.jamendo.com/es/track/1009108','','','66','http://mp3l.jamendo.com/?trackid=1009108&format=mp31&u=0');
UPDATE track SET album_id='118770' WHERE id='1009108';
UPDATE track SET text='' WHERE id='1009108';
INSERT INTO track VALUES('1009109','Cinematic Emotional Sentimental Intense Grand Piano Passion Theme Soundtrack 005','http://www.jamendo.com/es/track/1009109','','','75','http://mp3l.jamendo.com/?trackid=1009109&format=mp31&u=0');
UPDATE track SET album_id='118770' WHERE id='1009109';
UPDATE track SET text='' WHERE id='1009109';
INSERT INTO album VALUES('118773','Cinematic Expressive Symphonic Brass Orchestra Epic Glory Theme Soundtrack Album n°152','http://www.jamendo.com/es/album/118773','http://imgjam.com/albums/s118/118773/covers/1.100.jpg','2','1707');
UPDATE album SET artist_id='420766' WHERE id='118773';
INSERT INTO track VALUES('1009113','Cinematic Expressive Symphonic Brass Orchestra Epic Glory Theme Soundtrack 001','http://www.jamendo.com/es/track/1009113','','','296','http://mp3l.jamendo.com/?trackid=1009113&format=mp31&u=0');
UPDATE track SET album_id='118773' WHERE id='1009113';
UPDATE track SET text='' WHERE id='1009113';
INSERT INTO track VALUES('1009114','Cinematic Expressive Symphonic Brass Orchestra Epic Glory Theme Soundtrack 002','http://www.jamendo.com/es/track/1009114','','','171','http://mp3l.jamendo.com/?trackid=1009114&format=mp31&u=0');
UPDATE track SET album_id='118773' WHERE id='1009114';
UPDATE track SET text='' WHERE id='1009114';
INSERT INTO track VALUES('1009115','Cinematic Expressive Symphonic Brass Orchestra Epic Glory Theme Soundtrack 003','http://www.jamendo.com/es/track/1009115','','','416','http://mp3l.jamendo.com/?trackid=1009115&format=mp31&u=0');
UPDATE track SET album_id='118773' WHERE id='1009115';
UPDATE track SET text='' WHERE id='1009115';
INSERT INTO track VALUES('1009116','Cinematic Expressive Symphonic Brass Orchestra Epic Glory Theme Soundtrack 004','http://www.jamendo.com/es/track/1009116','','','460','http://mp3l.jamendo.com/?trackid=1009116&format=mp31&u=0');
UPDATE track SET album_id='118773' WHERE id='1009116';
UPDATE track SET text='' WHERE id='1009116';
INSERT INTO track VALUES('1009117','Cinematic Expressive Symphonic Brass Orchestra Epic Glory Theme Soundtrack 005','http://www.jamendo.com/es/track/1009117','','','364','http://mp3l.jamendo.com/?trackid=1009117&format=mp31&u=0');
UPDATE track SET album_id='118773' WHERE id='1009117';
UPDATE track SET text='' WHERE id='1009117';
INSERT INTO album VALUES('118774','Cinematic Magical Emotional Expressive Grand Piano Pieces Theme Soundtrack Album n°153','http://www.jamendo.com/es/album/118774','http://imgjam.com/albums/s118/118774/covers/1.100.jpg','3','208');
UPDATE album SET artist_id='420766' WHERE id='118774';
INSERT INTO track VALUES('1009124','Cinematic Magical Emotional Expressive Grand Piano Pieces Theme Soundtrack 001','http://www.jamendo.com/es/track/1009124','','','55','http://mp3l.jamendo.com/?trackid=1009124&format=mp31&u=0');
UPDATE track SET album_id='118774' WHERE id='1009124';
UPDATE track SET text='' WHERE id='1009124';
INSERT INTO track VALUES('1009125','Cinematic Magical Emotional Expressive Grand Piano Pieces Theme Soundtrack 002','http://www.jamendo.com/es/track/1009125','','','57','http://mp3l.jamendo.com/?trackid=1009125&format=mp31&u=0');
UPDATE track SET album_id='118774' WHERE id='1009125';
UPDATE track SET text='' WHERE id='1009125';
INSERT INTO track VALUES('1009126','Cinematic Magical Emotional Expressive Grand Piano Pieces Theme Soundtrack 003','http://www.jamendo.com/es/track/1009126','','','96','http://mp3l.jamendo.com/?trackid=1009126&format=mp31&u=0');
UPDATE track SET album_id='118774' WHERE id='1009126';
UPDATE track SET text='' WHERE id='1009126';
INSERT INTO album VALUES('118807','Cinematic Atmosphere Elvolving Ambient Earth Space Adventure Theme Soundscape Vol. 4 Album n°154','http://www.jamendo.com/es/album/118807','http://imgjam.com/albums/s118/118807/covers/1.100.jpg','2','8574');
UPDATE album SET artist_id='420766' WHERE id='118807';
INSERT INTO track VALUES('1009308','Cinematic Atmosphere Elvolving Ambient Earth Space Adventure Theme Soundscape 081','http://www.jamendo.com/es/track/1009308','','','389','http://mp3l.jamendo.com/?trackid=1009308&format=mp31&u=0');
UPDATE track SET album_id='118807' WHERE id='1009308';
UPDATE track SET text='' WHERE id='1009308';
INSERT INTO track VALUES('1009244','Cinematic Atmosphere Elvolving Ambient Earth Space Adventure Theme Soundscape 082','http://www.jamendo.com/es/track/1009244','','','399','http://mp3l.jamendo.com/?trackid=1009244&format=mp31&u=0');
UPDATE track SET album_id='118807' WHERE id='1009244';
UPDATE track SET text='' WHERE id='1009244';
INSERT INTO track VALUES('1009309','Cinematic Atmosphere Elvolving Ambient Earth Space Adventure Theme Soundscape 083','http://www.jamendo.com/es/track/1009309','','','399','http://mp3l.jamendo.com/?trackid=1009309&format=mp31&u=0');
UPDATE track SET album_id='118807' WHERE id='1009309';
UPDATE track SET text='' WHERE id='1009309';
INSERT INTO track VALUES('1009310','Cinematic Atmosphere Elvolving Ambient Earth Space Adventure Theme Soundscape 084','http://www.jamendo.com/es/track/1009310','','','407','http://mp3l.jamendo.com/?trackid=1009310&format=mp31&u=0');
UPDATE track SET album_id='118807' WHERE id='1009310';
UPDATE track SET text='' WHERE id='1009310';
INSERT INTO track VALUES('1009311','Cinematic Atmosphere Elvolving Ambient Earth Space Adventure Theme Soundscape 085','http://www.jamendo.com/es/track/1009311','','','428','http://mp3l.jamendo.com/?trackid=1009311&format=mp31&u=0');
UPDATE track SET album_id='118807' WHERE id='1009311';
UPDATE track SET text='' WHERE id='1009311';
INSERT INTO track VALUES('1009334','Cinematic Atmosphere Elvolving Ambient Earth Space Adventure Theme Soundscape 086','http://www.jamendo.com/es/track/1009334','','','430','http://mp3l.jamendo.com/?trackid=1009334&format=mp31&u=0');
UPDATE track SET album_id='118807' WHERE id='1009334';
UPDATE track SET text='' WHERE id='1009334';
INSERT INTO track VALUES('1009335','Cinematic Atmosphere Elvolving Ambient Earth Space Adventure Theme Soundscape 087','http://www.jamendo.com/es/track/1009335','','','439','http://mp3l.jamendo.com/?trackid=1009335&format=mp31&u=0');
UPDATE track SET album_id='118807' WHERE id='1009335';
UPDATE track SET text='' WHERE id='1009335';
INSERT INTO track VALUES('1009336','Cinematic Atmosphere Elvolving Ambient Earth Space Adventure Theme Soundscape 088','http://www.jamendo.com/es/track/1009336','','','409','http://mp3l.jamendo.com/?trackid=1009336&format=mp31&u=0');
UPDATE track SET album_id='118807' WHERE id='1009336';
UPDATE track SET text='' WHERE id='1009336';
INSERT INTO track VALUES('1009332','Cinematic Atmosphere Elvolving Ambient Earth Space Adventure Theme Soundscape 089','http://www.jamendo.com/es/track/1009332','','','444','http://mp3l.jamendo.com/?trackid=1009332&format=mp31&u=0');
UPDATE track SET album_id='118807' WHERE id='1009332';
UPDATE track SET text='' WHERE id='1009332';
INSERT INTO track VALUES('1009348','Cinematic Atmosphere Elvolving Ambient Earth Space Adventure Theme Soundscape 090','http://www.jamendo.com/es/track/1009348','','','428','http://mp3l.jamendo.com/?trackid=1009348&format=mp31&u=0');
UPDATE track SET album_id='118807' WHERE id='1009348';
UPDATE track SET text='' WHERE id='1009348';
INSERT INTO track VALUES('1009235','Cinematic Atmosphere Elvolving Ambient Earth Space Adventure Theme Soundscape 091','http://www.jamendo.com/es/track/1009235','','','454','http://mp3l.jamendo.com/?trackid=1009235&format=mp31&u=0');
UPDATE track SET album_id='118807' WHERE id='1009235';
UPDATE track SET text='' WHERE id='1009235';
INSERT INTO track VALUES('1009236','Cinematic Atmosphere Elvolving Ambient Earth Space Adventure Theme Soundscape 092','http://www.jamendo.com/es/track/1009236','','','418','http://mp3l.jamendo.com/?trackid=1009236&format=mp31&u=0');
UPDATE track SET album_id='118807' WHERE id='1009236';
UPDATE track SET text='' WHERE id='1009236';
INSERT INTO track VALUES('1009238','Cinematic Atmosphere Elvolving Ambient Earth Space Adventure Theme Soundscape 093','http://www.jamendo.com/es/track/1009238','','','417','http://mp3l.jamendo.com/?trackid=1009238&format=mp31&u=0');
UPDATE track SET album_id='118807' WHERE id='1009238';
UPDATE track SET text='' WHERE id='1009238';
INSERT INTO track VALUES('1009237','Cinematic Atmosphere Elvolving Ambient Earth Space Adventure Theme Soundscape 094','http://www.jamendo.com/es/track/1009237','','','461','http://mp3l.jamendo.com/?trackid=1009237&format=mp31&u=0');
UPDATE track SET album_id='118807' WHERE id='1009237';
UPDATE track SET text='' WHERE id='1009237';
INSERT INTO track VALUES('1009239','Cinematic Atmosphere Elvolving Ambient Earth Space Adventure Theme Soundscape 095','http://www.jamendo.com/es/track/1009239','','','427','http://mp3l.jamendo.com/?trackid=1009239&format=mp31&u=0');
UPDATE track SET album_id='118807' WHERE id='1009239';
UPDATE track SET text='' WHERE id='1009239';
INSERT INTO track VALUES('1009241','Cinematic Atmosphere Elvolving Ambient Earth Space Adventure Theme Soundscape 096','http://www.jamendo.com/es/track/1009241','','','446','http://mp3l.jamendo.com/?trackid=1009241&format=mp31&u=0');
UPDATE track SET album_id='118807' WHERE id='1009241';
UPDATE track SET text='' WHERE id='1009241';
INSERT INTO track VALUES('1009243','Cinematic Atmosphere Elvolving Ambient Earth Space Adventure Theme Soundscape 097','http://www.jamendo.com/es/track/1009243','','','456','http://mp3l.jamendo.com/?trackid=1009243&format=mp31&u=0');
UPDATE track SET album_id='118807' WHERE id='1009243';
UPDATE track SET text='' WHERE id='1009243';
INSERT INTO track VALUES('1009240','Cinematic Atmosphere Elvolving Ambient Earth Space Adventure Theme Soundscape 098','http://www.jamendo.com/es/track/1009240','','','439','http://mp3l.jamendo.com/?trackid=1009240&format=mp31&u=0');
UPDATE track SET album_id='118807' WHERE id='1009240';
UPDATE track SET text='' WHERE id='1009240';
INSERT INTO track VALUES('1009242','Cinematic Atmosphere Elvolving Ambient Earth Space Adventure Theme Soundscape 099','http://www.jamendo.com/es/track/1009242','','','456','http://mp3l.jamendo.com/?trackid=1009242&format=mp31&u=0');
UPDATE track SET album_id='118807' WHERE id='1009242';
UPDATE track SET text='' WHERE id='1009242';
INSERT INTO track VALUES('1009333','Cinematic Atmosphere Elvolving Ambient Earth Space Adventure Theme Soundscape 100','http://www.jamendo.com/es/track/1009333','','','428','http://mp3l.jamendo.com/?trackid=1009333&format=mp31&u=0');
UPDATE track SET album_id='118807' WHERE id='1009333';
UPDATE track SET text='' WHERE id='1009333';
INSERT INTO album VALUES('118850','Documentary Hollywood Orchestra Background Music Theme Soundtrack Album n°155','http://www.jamendo.com/es/album/118850','http://imgjam.com/albums/s118/118850/covers/1.100.jpg','2','1510');
UPDATE album SET artist_id='420766' WHERE id='118850';
INSERT INTO track VALUES('1009527','Cinematic Orchestral Beautiful Emotional Documentary Pictures Theme Soundtrack 001','http://www.jamendo.com/es/track/1009527','','','272','http://mp3l.jamendo.com/?trackid=1009527&format=mp31&u=0');
UPDATE track SET album_id='118850' WHERE id='1009527';
UPDATE track SET text='' WHERE id='1009527';
INSERT INTO track VALUES('1009534','Cinematic Orchestral Beautiful Emotional Documentary Pictures Theme Soundtrack 002','http://www.jamendo.com/es/track/1009534','','','320','http://mp3l.jamendo.com/?trackid=1009534&format=mp31&u=0');
UPDATE track SET album_id='118850' WHERE id='1009534';
UPDATE track SET text='' WHERE id='1009534';
INSERT INTO track VALUES('1009535','Cinematic Orchestral Beautiful Emotional Documentary Pictures Theme Soundtrack 003','http://www.jamendo.com/es/track/1009535','','','332','http://mp3l.jamendo.com/?trackid=1009535&format=mp31&u=0');
UPDATE track SET album_id='118850' WHERE id='1009535';
UPDATE track SET text='' WHERE id='1009535';
INSERT INTO track VALUES('1009528','Cinematic Orchestral Beautiful Emotional Documentary Pictures Theme Soundtrack 004','http://www.jamendo.com/es/track/1009528','','','278','http://mp3l.jamendo.com/?trackid=1009528&format=mp31&u=0');
UPDATE track SET album_id='118850' WHERE id='1009528';
UPDATE track SET text='' WHERE id='1009528';
INSERT INTO track VALUES('1009529','Cinematic Orchestral Beautiful Emotional Documentary Pictures Theme Soundtrack 005','http://www.jamendo.com/es/track/1009529','','','308','http://mp3l.jamendo.com/?trackid=1009529&format=mp31&u=0');
UPDATE track SET album_id='118850' WHERE id='1009529';
UPDATE track SET text='' WHERE id='1009529';
INSERT INTO album VALUES('118867','Documentary History Nature Adventure Symphonic Orchestra Theme Soundtrack Album n°156','http://www.jamendo.com/es/album/118867','http://imgjam.com/albums/s118/118867/covers/1.100.jpg','2','1588');
UPDATE album SET artist_id='420766' WHERE id='118867';
INSERT INTO track VALUES('1009633','Cinematic Orchestral Beautiful Expressive Documentary Works Theme Soundtrack 001','http://www.jamendo.com/es/track/1009633','','','284','http://mp3l.jamendo.com/?trackid=1009633&format=mp31&u=0');
UPDATE track SET album_id='118867' WHERE id='1009633';
UPDATE track SET text='' WHERE id='1009633';
INSERT INTO track VALUES('1009634','Cinematic Orchestral Beautiful Expressive Documentary Works Theme Soundtrack 002','http://www.jamendo.com/es/track/1009634','','','332','http://mp3l.jamendo.com/?trackid=1009634&format=mp31&u=0');
UPDATE track SET album_id='118867' WHERE id='1009634';
UPDATE track SET text='' WHERE id='1009634';
INSERT INTO track VALUES('1009635','Cinematic Orchestral Beautiful Expressive Documentary Works Theme Soundtrack 003','http://www.jamendo.com/es/track/1009635','','','308','http://mp3l.jamendo.com/?trackid=1009635&format=mp31&u=0');
UPDATE track SET album_id='118867' WHERE id='1009635';
UPDATE track SET text='' WHERE id='1009635';
INSERT INTO track VALUES('1009631','Cinematic Orchestral Beautiful Expressive Documentary Works Theme Soundtrack 004','http://www.jamendo.com/es/track/1009631','','','410','http://mp3l.jamendo.com/?trackid=1009631&format=mp31&u=0');
UPDATE track SET album_id='118867' WHERE id='1009631';
UPDATE track SET text='' WHERE id='1009631';
INSERT INTO track VALUES('1009632','Cinematic Orchestral Beautiful Expressive Documentary Works Theme Soundtrack 005','http://www.jamendo.com/es/track/1009632','','','254','http://mp3l.jamendo.com/?trackid=1009632&format=mp31&u=0');
UPDATE track SET album_id='118867' WHERE id='1009632';
UPDATE track SET text='' WHERE id='1009632';
INSERT INTO album VALUES('118869','Documentary History Nature Adventure Symphonic Orchestra Emotion Theme Soundtrack Album n°157','http://www.jamendo.com/es/album/118869','http://imgjam.com/albums/s118/118869/covers/1.100.jpg','2','1455');
UPDATE album SET artist_id='420766' WHERE id='118869';
INSERT INTO track VALUES('1009757','Cinematic Orchestral Beautiful Impressive Blue Ocean Documentary Theme Soundtrack 001','http://www.jamendo.com/es/track/1009757','','','321','http://mp3l.jamendo.com/?trackid=1009757&format=mp31&u=0');
UPDATE track SET album_id='118869' WHERE id='1009757';
UPDATE track SET text='' WHERE id='1009757';
INSERT INTO track VALUES('1009759','Cinematic Orchestral Beautiful Impressive Blue Ocean Documentary Theme Soundtrack 002','http://www.jamendo.com/es/track/1009759','','','261','http://mp3l.jamendo.com/?trackid=1009759&format=mp31&u=0');
UPDATE track SET album_id='118869' WHERE id='1009759';
UPDATE track SET text='' WHERE id='1009759';
INSERT INTO track VALUES('1009765','Cinematic Orchestral Beautiful Impressive Blue Ocean Documentary Theme Soundtrack 003','http://www.jamendo.com/es/track/1009765','','','279','http://mp3l.jamendo.com/?trackid=1009765&format=mp31&u=0');
UPDATE track SET album_id='118869' WHERE id='1009765';
UPDATE track SET text='' WHERE id='1009765';
INSERT INTO track VALUES('1009756','Cinematic Orchestral Beautiful Impressive Blue Ocean Documentary Theme Soundtrack 004','http://www.jamendo.com/es/track/1009756','','','297','http://mp3l.jamendo.com/?trackid=1009756&format=mp31&u=0');
UPDATE track SET album_id='118869' WHERE id='1009756';
UPDATE track SET text='' WHERE id='1009756';
INSERT INTO track VALUES('1009758','Cinematic Orchestral Beautiful Impressive Blue Ocean Documentary Theme Soundtrack 005','http://www.jamendo.com/es/track/1009758','','','297','http://mp3l.jamendo.com/?trackid=1009758&format=mp31&u=0');
UPDATE track SET album_id='118869' WHERE id='1009758';
UPDATE track SET text='' WHERE id='1009758';
INSERT INTO album VALUES('118873','Commercial Advertising Orchestral Beautiful Majestic Emotion Theme Soundtrack Album n°158 ','http://www.jamendo.com/es/album/118873','http://imgjam.com/albums/s118/118873/covers/1.100.jpg','3','124');
UPDATE album SET artist_id='420766' WHERE id='118873';
INSERT INTO track VALUES('1009792','Commercial Advertising Orchestral Beautiful Majestic Emotion Theme Soundtrack 001','http://www.jamendo.com/es/track/1009792','','','42','http://mp3l.jamendo.com/?trackid=1009792&format=mp31&u=0');
UPDATE track SET album_id='118873' WHERE id='1009792';
UPDATE track SET text='' WHERE id='1009792';
INSERT INTO track VALUES('1009793','Commercial Advertising Orchestral Beautiful Majestic Emotion Theme Soundtrack 002','http://www.jamendo.com/es/track/1009793','','','38','http://mp3l.jamendo.com/?trackid=1009793&format=mp31&u=0');
UPDATE track SET album_id='118873' WHERE id='1009793';
UPDATE track SET text='' WHERE id='1009793';
INSERT INTO track VALUES('1009794','Commercial Advertising Orchestral Beautiful Majestic Emotion Theme Soundtrack 003','http://www.jamendo.com/es/track/1009794','','','25','http://mp3l.jamendo.com/?trackid=1009794&format=mp31&u=0');
UPDATE track SET album_id='118873' WHERE id='1009794';
UPDATE track SET text='' WHERE id='1009794';
INSERT INTO track VALUES('1009791','Commercial Advertising Orchestral Beautiful Majestic Emotion Theme Soundtrack 004','http://www.jamendo.com/es/track/1009791','','','19','http://mp3l.jamendo.com/?trackid=1009791&format=mp31&u=0');
UPDATE track SET album_id='118873' WHERE id='1009791';
UPDATE track SET text='' WHERE id='1009791';
INSERT INTO album VALUES('118884','Documentary Nature History Soft Symphonic Orchestra Brass Background Theme Soundtrack Album n°159','http://www.jamendo.com/es/album/118884','http://imgjam.com/albums/s118/118884/covers/1.100.jpg','2','1364');
UPDATE album SET artist_id='420766' WHERE id='118884';
INSERT INTO track VALUES('1009857','Cinematic Orchestral Beautiful Symphonic Brass & Strings Theme Soundtrack 001','http://www.jamendo.com/es/track/1009857','','','424','http://mp3l.jamendo.com/?trackid=1009857&format=mp31&u=0');
UPDATE track SET album_id='118884' WHERE id='1009857';
UPDATE track SET text='' WHERE id='1009857';
INSERT INTO track VALUES('1009858','Cinematic Orchestral Beautiful Symphonic Brass & Strings Theme Soundtrack 002','http://www.jamendo.com/es/track/1009858','','','200','http://mp3l.jamendo.com/?trackid=1009858&format=mp31&u=0');
UPDATE track SET album_id='118884' WHERE id='1009858';
UPDATE track SET text='' WHERE id='1009858';
INSERT INTO track VALUES('1009859','Cinematic Orchestral Beautiful Symphonic Brass & Strings Theme Soundtrack 003','http://www.jamendo.com/es/track/1009859','','','248','http://mp3l.jamendo.com/?trackid=1009859&format=mp31&u=0');
UPDATE track SET album_id='118884' WHERE id='1009859';
UPDATE track SET text='' WHERE id='1009859';
INSERT INTO track VALUES('1009873','Cinematic Orchestral Beautiful Symphonic Brass & Strings Theme Soundtrack 004','http://www.jamendo.com/es/track/1009873','','','280','http://mp3l.jamendo.com/?trackid=1009873&format=mp31&u=0');
UPDATE track SET album_id='118884' WHERE id='1009873';
UPDATE track SET text='' WHERE id='1009873';
INSERT INTO track VALUES('1009872','Cinematic Orchestral Beautiful Symphonic Brass & Strings Theme Soundtrack 005','http://www.jamendo.com/es/track/1009872','','','212','http://mp3l.jamendo.com/?trackid=1009872&format=mp31&u=0');
UPDATE track SET album_id='118884' WHERE id='1009872';
UPDATE track SET text='' WHERE id='1009872';
INSERT INTO album VALUES('118887','Cinematic Sad Melancholic Expressive Grand Piano Pianist Sadness Theme Soundtrack Album n°160','http://www.jamendo.com/es/album/118887','http://imgjam.com/albums/s118/118887/covers/1.100.jpg','3','359');
UPDATE album SET artist_id='420766' WHERE id='118887';
INSERT INTO track VALUES('1009915','Cinematic Sad Melancholic Expressive Grand Piano Pianist Theme Soundtrack 001','http://www.jamendo.com/es/track/1009915','','','76','http://mp3l.jamendo.com/?trackid=1009915&format=mp31&u=0');
UPDATE track SET album_id='118887' WHERE id='1009915';
UPDATE track SET text='' WHERE id='1009915';
INSERT INTO track VALUES('1009916','Cinematic Sad Melancholic Expressive Grand Piano Pianist Theme Soundtrack 002','http://www.jamendo.com/es/track/1009916','','','61','http://mp3l.jamendo.com/?trackid=1009916&format=mp31&u=0');
UPDATE track SET album_id='118887' WHERE id='1009916';
UPDATE track SET text='' WHERE id='1009916';
INSERT INTO track VALUES('1009917','Cinematic Sad Melancholic Expressive Grand Piano Pianist Theme Soundtrack 003','http://www.jamendo.com/es/track/1009917','','','60','http://mp3l.jamendo.com/?trackid=1009917&format=mp31&u=0');
UPDATE track SET album_id='118887' WHERE id='1009917';
UPDATE track SET text='' WHERE id='1009917';
INSERT INTO track VALUES('1009918','Cinematic Sad Melancholic Expressive Grand Piano Pianist Theme Soundtrack 004','http://www.jamendo.com/es/track/1009918','','','70','http://mp3l.jamendo.com/?trackid=1009918&format=mp31&u=0');
UPDATE track SET album_id='118887' WHERE id='1009918';
UPDATE track SET text='' WHERE id='1009918';
INSERT INTO track VALUES('1009919','Cinematic Sad Melancholic Expressive Grand Piano Pianist Theme Soundtrack 005','http://www.jamendo.com/es/track/1009919','','','92','http://mp3l.jamendo.com/?trackid=1009919&format=mp31&u=0');
UPDATE track SET album_id='118887' WHERE id='1009919';
UPDATE track SET text='' WHERE id='1009919';
INSERT INTO album VALUES('119137','Cinematic Symphonic Orchestra Beautiful Expressive Hollywood Scenes Theme Soundtrack Album n°161','http://www.jamendo.com/es/album/119137','http://imgjam.com/albums/s119/119137/covers/1.100.jpg','2','1401');
UPDATE album SET artist_id='420766' WHERE id='119137';
INSERT INTO track VALUES('1010128','Cinematic Symphonic Orchestra Beautiful Expressive Hollywood Scenes Theme Soundtrack 001','http://www.jamendo.com/es/track/1010128','','','279','http://mp3l.jamendo.com/?trackid=1010128&format=mp31&u=0');
UPDATE track SET album_id='119137' WHERE id='1010128';
UPDATE track SET text='' WHERE id='1010128';
INSERT INTO track VALUES('1010105','Cinematic Symphonic Orchestra Beautiful Expressive Hollywood Scenes Theme Soundtrack 002','http://www.jamendo.com/es/track/1010105','','','279','http://mp3l.jamendo.com/?trackid=1010105&format=mp31&u=0');
UPDATE track SET album_id='119137' WHERE id='1010105';
UPDATE track SET text='' WHERE id='1010105';
INSERT INTO track VALUES('1010129','Cinematic Symphonic Orchestra Beautiful Expressive Hollywood Scenes Theme Soundtrack 003','http://www.jamendo.com/es/track/1010129','','','297','http://mp3l.jamendo.com/?trackid=1010129&format=mp31&u=0');
UPDATE track SET album_id='119137' WHERE id='1010129';
UPDATE track SET text='' WHERE id='1010129';
INSERT INTO track VALUES('1010097','Cinematic Symphonic Orchestra Beautiful Expressive Hollywood Scenes Theme Soundtrack 004','http://www.jamendo.com/es/track/1010097','','','285','http://mp3l.jamendo.com/?trackid=1010097&format=mp31&u=0');
UPDATE track SET album_id='119137' WHERE id='1010097';
UPDATE track SET text='' WHERE id='1010097';
INSERT INTO track VALUES('1010098','Cinematic Symphonic Orchestra Beautiful Expressive Hollywood Scenes Theme Soundtrack 005','http://www.jamendo.com/es/track/1010098','','','261','http://mp3l.jamendo.com/?trackid=1010098&format=mp31&u=0');
UPDATE track SET album_id='119137' WHERE id='1010098';
UPDATE track SET text='' WHERE id='1010098';
INSERT INTO album VALUES('119144','Epic Cinematic Orchestral Expressive Brass History Documentary Works Theme Soundtrack Album n°162','http://www.jamendo.com/es/album/119144','http://imgjam.com/albums/s119/119144/covers/1.100.jpg','2','1607');
UPDATE album SET artist_id='420766' WHERE id='119144';
INSERT INTO track VALUES('1011765','Epic Cinematic Orchestral Expressive Brass Legato Works Theme Soundtrack 001','http://www.jamendo.com/es/track/1011765','','','438','http://mp3l.jamendo.com/?trackid=1011765&format=mp31&u=0');
UPDATE track SET album_id='119144' WHERE id='1011765';
UPDATE track SET text='' WHERE id='1011765';
INSERT INTO track VALUES('1011766','Epic Cinematic Orchestral Expressive Brass Legato Works Theme Soundtrack 002','http://www.jamendo.com/es/track/1011766','','','336','http://mp3l.jamendo.com/?trackid=1011766&format=mp31&u=0');
UPDATE track SET album_id='119144' WHERE id='1011766';
UPDATE track SET text='' WHERE id='1011766';
INSERT INTO track VALUES('1011767','Epic Cinematic Orchestral Expressive Brass Legato Works Theme Soundtrack 003','http://www.jamendo.com/es/track/1011767','','','425','http://mp3l.jamendo.com/?trackid=1011767&format=mp31&u=0');
UPDATE track SET album_id='119144' WHERE id='1011767';
UPDATE track SET text='' WHERE id='1011767';
INSERT INTO track VALUES('1011764','Epic Cinematic Orchestral Expressive Brass Legato Works Theme Soundtrack 004','http://www.jamendo.com/es/track/1011764','','','408','http://mp3l.jamendo.com/?trackid=1011764&format=mp31&u=0');
UPDATE track SET album_id='119144' WHERE id='1011764';
UPDATE track SET text='' WHERE id='1011764';
INSERT INTO album VALUES('119149','Epic Cinematic Symphonic Orchestra Emotional Hollywood Project Theme Soundtrack Album n°163','http://www.jamendo.com/es/album/119149','http://imgjam.com/albums/s119/119149/covers/1.100.jpg','2','1791');
UPDATE album SET artist_id='420766' WHERE id='119149';
INSERT INTO track VALUES('1011784','Epic Cinematic Symphonic Orchestra Emotional Hollywood Project Theme Soundtrack 001','http://www.jamendo.com/es/track/1011784','','','339','http://mp3l.jamendo.com/?trackid=1011784&format=mp31&u=0');
UPDATE track SET album_id='119149' WHERE id='1011784';
UPDATE track SET text='' WHERE id='1011784';
INSERT INTO track VALUES('1011785','Epic Cinematic Symphonic Orchestra Emotional Hollywood Project Theme Soundtrack 002','http://www.jamendo.com/es/track/1011785','','','268','http://mp3l.jamendo.com/?trackid=1011785&format=mp31&u=0');
UPDATE track SET album_id='119149' WHERE id='1011785';
UPDATE track SET text='' WHERE id='1011785';
INSERT INTO track VALUES('1011786','Epic Cinematic Symphonic Orchestra Emotional Hollywood Project Theme Soundtrack 003','http://www.jamendo.com/es/track/1011786','','','292','http://mp3l.jamendo.com/?trackid=1011786&format=mp31&u=0');
UPDATE track SET album_id='119149' WHERE id='1011786';
UPDATE track SET text='' WHERE id='1011786';
INSERT INTO track VALUES('1011792','Epic Cinematic Symphonic Orchestra Emotional Hollywood Project Theme Soundtrack 004','http://www.jamendo.com/es/track/1011792','','','262','http://mp3l.jamendo.com/?trackid=1011792&format=mp31&u=0');
UPDATE track SET album_id='119149' WHERE id='1011792';
UPDATE track SET text='' WHERE id='1011792';
INSERT INTO track VALUES('1011793','Epic Cinematic Symphonic Orchestra Emotional Hollywood Project Theme Soundtrack 005','http://www.jamendo.com/es/track/1011793','','','303','http://mp3l.jamendo.com/?trackid=1011793&format=mp31&u=0');
UPDATE track SET album_id='119149' WHERE id='1011793';
UPDATE track SET text='' WHERE id='1011793';
INSERT INTO track VALUES('1011794','Epic Cinematic Symphonic Orchestra Emotional Hollywood Project Theme Soundtrack 006','http://www.jamendo.com/es/track/1011794','','','327','http://mp3l.jamendo.com/?trackid=1011794&format=mp31&u=0');
UPDATE track SET album_id='119149' WHERE id='1011794';
UPDATE track SET text='' WHERE id='1011794';
INSERT INTO album VALUES('119174','Cinematic Most Beautiful Commercial Advertising Documentary Grand Piano Theme Soundtrack Album n°164','http://www.jamendo.com/es/album/119174','http://imgjam.com/albums/s119/119174/covers/1.100.jpg','3','924');
UPDATE album SET artist_id='420766' WHERE id='119174';
INSERT INTO track VALUES('1011947','Cinematic Beautiful Commercial Advertising Documentary Grand Piano Theme Soundtrack 001','http://www.jamendo.com/es/track/1011947','','','152','http://mp3l.jamendo.com/?trackid=1011947&format=mp31&u=0');
UPDATE track SET album_id='119174' WHERE id='1011947';
UPDATE track SET text='' WHERE id='1011947';
INSERT INTO track VALUES('1011940','Cinematic Beautiful Commercial Advertising Documentary Grand Piano Theme Soundtrack 002','http://www.jamendo.com/es/track/1011940','','','109','http://mp3l.jamendo.com/?trackid=1011940&format=mp31&u=0');
UPDATE track SET album_id='119174' WHERE id='1011940';
UPDATE track SET text='' WHERE id='1011940';
INSERT INTO track VALUES('1011941','Cinematic Beautiful Commercial Advertising Documentary Grand Piano Theme Soundtrack 003','http://www.jamendo.com/es/track/1011941','','','126','http://mp3l.jamendo.com/?trackid=1011941&format=mp31&u=0');
UPDATE track SET album_id='119174' WHERE id='1011941';
UPDATE track SET text='' WHERE id='1011941';
INSERT INTO track VALUES('1011942','Cinematic Beautiful Commercial Advertising Documentary Grand Piano Theme Soundtrack 004','http://www.jamendo.com/es/track/1011942','','','238','http://mp3l.jamendo.com/?trackid=1011942&format=mp31&u=0');
UPDATE track SET album_id='119174' WHERE id='1011942';
UPDATE track SET text='' WHERE id='1011942';
INSERT INTO track VALUES('1011943','Cinematic Beautiful Commercial Advertising Documentary Grand Piano Theme Soundtrack 005','http://www.jamendo.com/es/track/1011943','','','77','http://mp3l.jamendo.com/?trackid=1011943&format=mp31&u=0');
UPDATE track SET album_id='119174' WHERE id='1011943';
UPDATE track SET text='' WHERE id='1011943';
INSERT INTO track VALUES('1011944','Cinematic Beautiful Commercial Advertising Documentary Grand Piano Theme Soundtrack 006','http://www.jamendo.com/es/track/1011944','','','88','http://mp3l.jamendo.com/?trackid=1011944&format=mp31&u=0');
UPDATE track SET album_id='119174' WHERE id='1011944';
UPDATE track SET text='' WHERE id='1011944';
INSERT INTO track VALUES('1011945','Cinematic Beautiful Commercial Advertising Documentary Grand Piano Theme Soundtrack 007','http://www.jamendo.com/es/track/1011945','','','58','http://mp3l.jamendo.com/?trackid=1011945&format=mp31&u=0');
UPDATE track SET album_id='119174' WHERE id='1011945';
UPDATE track SET text='' WHERE id='1011945';
INSERT INTO track VALUES('1011946','Cinematic Beautiful Commercial Advertising Documentary Grand Piano Theme Soundtrack 008','http://www.jamendo.com/es/track/1011946','','','76','http://mp3l.jamendo.com/?trackid=1011946&format=mp31&u=0');
UPDATE track SET album_id='119174' WHERE id='1011946';
UPDATE track SET text='' WHERE id='1011946';
INSERT INTO album VALUES('119182','Cinematic Beautiful Happy Friendly Documentary Movie Grand Piano Theme Soundtrack Album n°165','http://www.jamendo.com/es/album/119182','http://imgjam.com/albums/s119/119182/covers/1.100.jpg','2','1586');
UPDATE album SET artist_id='420766' WHERE id='119182';
INSERT INTO track VALUES('1011972','Cinematic Beautiful Happy Friendly Documentary Movie Grand Piano Theme Soundtrack 001','http://www.jamendo.com/es/track/1011972','','','89','http://mp3l.jamendo.com/?trackid=1011972&format=mp31&u=0');
UPDATE track SET album_id='119182' WHERE id='1011972';
UPDATE track SET text='' WHERE id='1011972';
INSERT INTO track VALUES('1011967','Cinematic Beautiful Happy Friendly Documentary Movie Grand Piano Theme Soundtrack 002','http://www.jamendo.com/es/track/1011967','','','77','http://mp3l.jamendo.com/?trackid=1011967&format=mp31&u=0');
UPDATE track SET album_id='119182' WHERE id='1011967';
UPDATE track SET text='' WHERE id='1011967';
INSERT INTO track VALUES('1011968','Cinematic Beautiful Happy Friendly Documentary Movie Grand Piano Theme Soundtrack 003','http://www.jamendo.com/es/track/1011968','','','66','http://mp3l.jamendo.com/?trackid=1011968&format=mp31&u=0');
UPDATE track SET album_id='119182' WHERE id='1011968';
UPDATE track SET text='' WHERE id='1011968';
INSERT INTO track VALUES('1011969','Cinematic Beautiful Happy Friendly Documentary Movie Grand Piano Theme Soundtrack 004','http://www.jamendo.com/es/track/1011969','','','89','http://mp3l.jamendo.com/?trackid=1011969&format=mp31&u=0');
UPDATE track SET album_id='119182' WHERE id='1011969';
UPDATE track SET text='' WHERE id='1011969';
INSERT INTO track VALUES('1011970','Cinematic Beautiful Happy Friendly Documentary Movie Grand Piano Theme Soundtrack 005','http://www.jamendo.com/es/track/1011970','','','88','http://mp3l.jamendo.com/?trackid=1011970&format=mp31&u=0');
UPDATE track SET album_id='119182' WHERE id='1011970';
UPDATE track SET text='' WHERE id='1011970';
INSERT INTO track VALUES('1011971','Cinematic Beautiful Happy Friendly Documentary Movie Grand Piano Theme Soundtrack 006','http://www.jamendo.com/es/track/1011971','','','220','http://mp3l.jamendo.com/?trackid=1011971&format=mp31&u=0');
UPDATE track SET album_id='119182' WHERE id='1011971';
UPDATE track SET text='' WHERE id='1011971';
INSERT INTO track VALUES('1011977','Cinematic Beautiful Happy Friendly Documentary Movie Grand Piano Theme Soundtrack 007','http://www.jamendo.com/es/track/1011977','','','152','http://mp3l.jamendo.com/?trackid=1011977&format=mp31&u=0');
UPDATE track SET album_id='119182' WHERE id='1011977';
UPDATE track SET text='' WHERE id='1011977';
INSERT INTO track VALUES('1011973','Cinematic Beautiful Happy Friendly Documentary Movie Grand Piano Theme Soundtrack 008','http://www.jamendo.com/es/track/1011973','','','103','http://mp3l.jamendo.com/?trackid=1011973&format=mp31&u=0');
UPDATE track SET album_id='119182' WHERE id='1011973';
UPDATE track SET text='' WHERE id='1011973';
INSERT INTO track VALUES('1011974','Cinematic Beautiful Happy Friendly Documentary Movie Grand Piano Theme Soundtrack 009','http://www.jamendo.com/es/track/1011974','','','75','http://mp3l.jamendo.com/?trackid=1011974&format=mp31&u=0');
UPDATE track SET album_id='119182' WHERE id='1011974';
UPDATE track SET text='' WHERE id='1011974';
INSERT INTO track VALUES('1011975','Cinematic Beautiful Happy Friendly Documentary Movie Grand Piano Theme Soundtrack 010','http://www.jamendo.com/es/track/1011975','','','89','http://mp3l.jamendo.com/?trackid=1011975&format=mp31&u=0');
UPDATE track SET album_id='119182' WHERE id='1011975';
UPDATE track SET text='' WHERE id='1011975';
INSERT INTO track VALUES('1011976','Cinematic Beautiful Happy Friendly Documentary Movie Grand Piano Theme Soundtrack 011','http://www.jamendo.com/es/track/1011976','','','77','http://mp3l.jamendo.com/?trackid=1011976&format=mp31&u=0');
UPDATE track SET album_id='119182' WHERE id='1011976';
UPDATE track SET text='' WHERE id='1011976';
INSERT INTO track VALUES('1011978','Cinematic Beautiful Happy Friendly Documentary Movie Grand Piano Theme Soundtrack 012','http://www.jamendo.com/es/track/1011978','','','55','http://mp3l.jamendo.com/?trackid=1011978&format=mp31&u=0');
UPDATE track SET album_id='119182' WHERE id='1011978';
UPDATE track SET text='' WHERE id='1011978';
INSERT INTO track VALUES('1011979','Cinematic Beautiful Happy Friendly Documentary Movie Grand Piano Theme Soundtrack 013','http://www.jamendo.com/es/track/1011979','','','66','http://mp3l.jamendo.com/?trackid=1011979&format=mp31&u=0');
UPDATE track SET album_id='119182' WHERE id='1011979';
UPDATE track SET text='' WHERE id='1011979';
INSERT INTO track VALUES('1011981','Cinematic Beautiful Happy Friendly Documentary Movie Grand Piano Theme Soundtrack 014','http://www.jamendo.com/es/track/1011981','','','102','http://mp3l.jamendo.com/?trackid=1011981&format=mp31&u=0');
UPDATE track SET album_id='119182' WHERE id='1011981';
UPDATE track SET text='' WHERE id='1011981';
INSERT INTO track VALUES('1011980','Cinematic Beautiful Happy Friendly Documentary Movie Grand Piano Theme Soundtrack 015','http://www.jamendo.com/es/track/1011980','','','238','http://mp3l.jamendo.com/?trackid=1011980&format=mp31&u=0');
UPDATE track SET album_id='119182' WHERE id='1011980';
UPDATE track SET text='' WHERE id='1011980';
INSERT INTO album VALUES('119186','Cinematic Beautiful Magical Mysterious Commercial Documentary Grand Piano Theme Soundtrack Album n°167','http://www.jamendo.com/es/album/119186','http://imgjam.com/albums/s119/119186/covers/1.100.jpg','2','1320');
UPDATE album SET artist_id='420766' WHERE id='119186';
INSERT INTO track VALUES('1012045','Cinematic Beautiful Magical Mysterious Commercial Documentary Grand Piano Theme Soundtrack 001','http://www.jamendo.com/es/track/1012045','','','58','http://mp3l.jamendo.com/?trackid=1012045&format=mp31&u=0');
UPDATE track SET album_id='119186' WHERE id='1012045';
UPDATE track SET text='' WHERE id='1012045';
INSERT INTO track VALUES('1012036','Cinematic Beautiful Magical Mysterious Commercial Documentary Grand Piano Theme Soundtrack 002','http://www.jamendo.com/es/track/1012036','','','55','http://mp3l.jamendo.com/?trackid=1012036&format=mp31&u=0');
UPDATE track SET album_id='119186' WHERE id='1012036';
UPDATE track SET text='' WHERE id='1012036';
INSERT INTO track VALUES('1012037','Cinematic Beautiful Magical Mysterious Commercial Documentary Grand Piano Theme Soundtrack 003','http://www.jamendo.com/es/track/1012037','','','77','http://mp3l.jamendo.com/?trackid=1012037&format=mp31&u=0');
UPDATE track SET album_id='119186' WHERE id='1012037';
UPDATE track SET text='' WHERE id='1012037';
INSERT INTO track VALUES('1012038','Cinematic Beautiful Magical Mysterious Commercial Documentary Grand Piano Theme Soundtrack 004','http://www.jamendo.com/es/track/1012038','','','87','http://mp3l.jamendo.com/?trackid=1012038&format=mp31&u=0');
UPDATE track SET album_id='119186' WHERE id='1012038';
UPDATE track SET text='' WHERE id='1012038';
INSERT INTO track VALUES('1012039','Cinematic Beautiful Magical Mysterious Commercial Documentary Grand Piano Theme Soundtrack 005','http://www.jamendo.com/es/track/1012039','','','74','http://mp3l.jamendo.com/?trackid=1012039&format=mp31&u=0');
UPDATE track SET album_id='119186' WHERE id='1012039';
UPDATE track SET text='' WHERE id='1012039';
INSERT INTO track VALUES('1012040','Cinematic Beautiful Magical Mysterious Commercial Documentary Grand Piano Theme Soundtrack 006','http://www.jamendo.com/es/track/1012040','','','58','http://mp3l.jamendo.com/?trackid=1012040&format=mp31&u=0');
UPDATE track SET album_id='119186' WHERE id='1012040';
UPDATE track SET text='' WHERE id='1012040';
INSERT INTO track VALUES('1012041','Cinematic Beautiful Magical Mysterious Commercial Documentary Grand Piano Theme Soundtrack 007','http://www.jamendo.com/es/track/1012041','','','55','http://mp3l.jamendo.com/?trackid=1012041&format=mp31&u=0');
UPDATE track SET album_id='119186' WHERE id='1012041';
UPDATE track SET text='' WHERE id='1012041';
INSERT INTO track VALUES('1012042','Cinematic Beautiful Magical Mysterious Commercial Documentary Grand Piano Theme Soundtrack 008','http://www.jamendo.com/es/track/1012042','','','66','http://mp3l.jamendo.com/?trackid=1012042&format=mp31&u=0');
UPDATE track SET album_id='119186' WHERE id='1012042';
UPDATE track SET text='' WHERE id='1012042';
INSERT INTO track VALUES('1012043','Cinematic Beautiful Magical Mysterious Commercial Documentary Grand Piano Theme Soundtrack 009','http://www.jamendo.com/es/track/1012043','','','58','http://mp3l.jamendo.com/?trackid=1012043&format=mp31&u=0');
UPDATE track SET album_id='119186' WHERE id='1012043';
UPDATE track SET text='' WHERE id='1012043';
INSERT INTO track VALUES('1012044','Cinematic Beautiful Magical Mysterious Commercial Documentary Grand Piano Theme Soundtrack 010','http://www.jamendo.com/es/track/1012044','','','55','http://mp3l.jamendo.com/?trackid=1012044&format=mp31&u=0');
UPDATE track SET album_id='119186' WHERE id='1012044';
UPDATE track SET text='' WHERE id='1012044';
INSERT INTO track VALUES('1012046','Cinematic Beautiful Magical Mysterious Commercial Documentary Grand Piano Theme Soundtrack 011','http://www.jamendo.com/es/track/1012046','','','138','http://mp3l.jamendo.com/?trackid=1012046&format=mp31&u=0');
UPDATE track SET album_id='119186' WHERE id='1012046';
UPDATE track SET text='' WHERE id='1012046';
INSERT INTO track VALUES('1012047','Cinematic Beautiful Magical Mysterious Commercial Documentary Grand Piano Theme Soundtrack 012','http://www.jamendo.com/es/track/1012047','','','152','http://mp3l.jamendo.com/?trackid=1012047&format=mp31&u=0');
UPDATE track SET album_id='119186' WHERE id='1012047';
UPDATE track SET text='' WHERE id='1012047';
INSERT INTO track VALUES('1012049','Cinematic Beautiful Magical Mysterious Commercial Documentary Grand Piano Theme Soundtrack 013','http://www.jamendo.com/es/track/1012049','','','68','http://mp3l.jamendo.com/?trackid=1012049&format=mp31&u=0');
UPDATE track SET album_id='119186' WHERE id='1012049';
UPDATE track SET text='' WHERE id='1012049';
INSERT INTO track VALUES('1012048','Cinematic Beautiful Magical Mysterious Commercial Documentary Grand Piano Theme Soundtrack 014','http://www.jamendo.com/es/track/1012048','','','89','http://mp3l.jamendo.com/?trackid=1012048&format=mp31&u=0');
UPDATE track SET album_id='119186' WHERE id='1012048';
UPDATE track SET text='' WHERE id='1012048';
INSERT INTO track VALUES('1012033','Cinematic Beautiful Magical Mysterious Commercial Documentary Grand Piano Theme Soundtrack 015','http://www.jamendo.com/es/track/1012033','','','88','http://mp3l.jamendo.com/?trackid=1012033&format=mp31&u=0');
UPDATE track SET album_id='119186' WHERE id='1012033';
UPDATE track SET text='' WHERE id='1012033';
INSERT INTO track VALUES('1012034','Cinematic Beautiful Magical Mysterious Commercial Documentary Grand Piano Theme Soundtrack 016','http://www.jamendo.com/es/track/1012034','','','39','http://mp3l.jamendo.com/?trackid=1012034&format=mp31&u=0');
UPDATE track SET album_id='119186' WHERE id='1012034';
UPDATE track SET text='' WHERE id='1012034';
INSERT INTO track VALUES('1012035','Cinematic Beautiful Magical Mysterious Commercial Documentary Grand Piano Theme Soundtrack 017','http://www.jamendo.com/es/track/1012035','','','103','http://mp3l.jamendo.com/?trackid=1012035&format=mp31&u=0');
UPDATE track SET album_id='119186' WHERE id='1012035';
UPDATE track SET text='' WHERE id='1012035';
INSERT INTO album VALUES('119190','Cinematic Desperate Hopeless Emotional Documentary Drama Movie Grand Piano Theme Soundtrack Album n°166','http://www.jamendo.com/es/album/119190','http://imgjam.com/albums/s119/119190/covers/1.100.jpg','3','788');
UPDATE album SET artist_id='420766' WHERE id='119190';
INSERT INTO track VALUES('1012083','Cinematic Desperate Hopeless Emotional Documentary Drama Movie Grand Piano Theme Soundtrack 001','http://www.jamendo.com/es/track/1012083','','','103','http://mp3l.jamendo.com/?trackid=1012083&format=mp31&u=0');
UPDATE track SET album_id='119190' WHERE id='1012083';
UPDATE track SET text='' WHERE id='1012083';
INSERT INTO track VALUES('1012084','Cinematic Desperate Hopeless Emotional Documentary Drama Movie Grand Piano Theme Soundtrack 002','http://www.jamendo.com/es/track/1012084','','','152','http://mp3l.jamendo.com/?trackid=1012084&format=mp31&u=0');
UPDATE track SET album_id='119190' WHERE id='1012084';
UPDATE track SET text='' WHERE id='1012084';
INSERT INTO track VALUES('1012085','Cinematic Desperate Hopeless Emotional Documentary Drama Movie Grand Piano Theme Soundtrack 003','http://www.jamendo.com/es/track/1012085','','','122','http://mp3l.jamendo.com/?trackid=1012085&format=mp31&u=0');
UPDATE track SET album_id='119190' WHERE id='1012085';
UPDATE track SET text='' WHERE id='1012085';
INSERT INTO track VALUES('1012086','Cinematic Desperate Hopeless Emotional Documentary Drama Movie Grand Piano Theme Soundtrack 004','http://www.jamendo.com/es/track/1012086','','','111','http://mp3l.jamendo.com/?trackid=1012086&format=mp31&u=0');
UPDATE track SET album_id='119190' WHERE id='1012086';
UPDATE track SET text='' WHERE id='1012086';
INSERT INTO track VALUES('1012087','Cinematic Desperate Hopeless Emotional Documentary Drama Movie Grand Piano Theme Soundtrack 005','http://www.jamendo.com/es/track/1012087','','','68','http://mp3l.jamendo.com/?trackid=1012087&format=mp31&u=0');
UPDATE track SET album_id='119190' WHERE id='1012087';
UPDATE track SET text='' WHERE id='1012087';
INSERT INTO track VALUES('1012088','Cinematic Desperate Hopeless Emotional Documentary Drama Movie Grand Piano Theme Soundtrack 006','http://www.jamendo.com/es/track/1012088','','','89','http://mp3l.jamendo.com/?trackid=1012088&format=mp31&u=0');
UPDATE track SET album_id='119190' WHERE id='1012088';
UPDATE track SET text='' WHERE id='1012088';
INSERT INTO track VALUES('1012089','Cinematic Desperate Hopeless Emotional Documentary Drama Movie Grand Piano Theme Soundtrack 007','http://www.jamendo.com/es/track/1012089','','','77','http://mp3l.jamendo.com/?trackid=1012089&format=mp31&u=0');
UPDATE track SET album_id='119190' WHERE id='1012089';
UPDATE track SET text='' WHERE id='1012089';
INSERT INTO track VALUES('1012090','Cinematic Desperate Hopeless Emotional Documentary Drama Movie Grand Piano Theme Soundtrack 008','http://www.jamendo.com/es/track/1012090','','','66','http://mp3l.jamendo.com/?trackid=1012090&format=mp31&u=0');
UPDATE track SET album_id='119190' WHERE id='1012090';
UPDATE track SET text='' WHERE id='1012090';
INSERT INTO album VALUES('119192','Cinematic Sad Melancholic Sentimental Documentary Drama Movie Grand Piano Theme Soundtrack Album n°168','http://www.jamendo.com/es/album/119192','http://imgjam.com/albums/s119/119192/covers/1.100.jpg','2','1603');
UPDATE album SET artist_id='420766' WHERE id='119192';
INSERT INTO track VALUES('1012127','Cinematic Sad Melancholic Sentimental Documentary Drama Movie Grand Piano Theme Soundtrack 001','http://www.jamendo.com/es/track/1012127','','','76','http://mp3l.jamendo.com/?trackid=1012127&format=mp31&u=0');
UPDATE track SET album_id='119192' WHERE id='1012127';
UPDATE track SET text='' WHERE id='1012127';
INSERT INTO track VALUES('1012104','Cinematic Sad Melancholic Sentimental Documentary Drama Movie Grand Piano Theme Soundtrack 002','http://www.jamendo.com/es/track/1012104','','','103','http://mp3l.jamendo.com/?trackid=1012104&format=mp31&u=0');
UPDATE track SET album_id='119192' WHERE id='1012104';
UPDATE track SET text='' WHERE id='1012104';
INSERT INTO track VALUES('1012105','Cinematic Sad Melancholic Sentimental Documentary Drama Movie Grand Piano Theme Soundtrack 003','http://www.jamendo.com/es/track/1012105','','','122','http://mp3l.jamendo.com/?trackid=1012105&format=mp31&u=0');
UPDATE track SET album_id='119192' WHERE id='1012105';
UPDATE track SET text='' WHERE id='1012105';
INSERT INTO track VALUES('1012106','Cinematic Sad Melancholic Sentimental Documentary Drama Movie Grand Piano Theme Soundtrack 004','http://www.jamendo.com/es/track/1012106','','','68','http://mp3l.jamendo.com/?trackid=1012106&format=mp31&u=0');
UPDATE track SET album_id='119192' WHERE id='1012106';
UPDATE track SET text='' WHERE id='1012106';
INSERT INTO track VALUES('1012107','Cinematic Sad Melancholic Sentimental Documentary Drama Movie Grand Piano Theme Soundtrack 005','http://www.jamendo.com/es/track/1012107','','','112','http://mp3l.jamendo.com/?trackid=1012107&format=mp31&u=0');
UPDATE track SET album_id='119192' WHERE id='1012107';
UPDATE track SET text='' WHERE id='1012107';
INSERT INTO track VALUES('1012108','Cinematic Sad Melancholic Sentimental Documentary Drama Movie Grand Piano Theme Soundtrack 006','http://www.jamendo.com/es/track/1012108','','','89','http://mp3l.jamendo.com/?trackid=1012108&format=mp31&u=0');
UPDATE track SET album_id='119192' WHERE id='1012108';
UPDATE track SET text='' WHERE id='1012108';
INSERT INTO track VALUES('1012121','Cinematic Sad Melancholic Sentimental Documentary Drama Movie Grand Piano Theme Soundtrack 007','http://www.jamendo.com/es/track/1012121','','','111','http://mp3l.jamendo.com/?trackid=1012121&format=mp31&u=0');
UPDATE track SET album_id='119192' WHERE id='1012121';
UPDATE track SET text='' WHERE id='1012121';
INSERT INTO track VALUES('1012122','Cinematic Sad Melancholic Sentimental Documentary Drama Movie Grand Piano Theme Soundtrack 008','http://www.jamendo.com/es/track/1012122','','','103','http://mp3l.jamendo.com/?trackid=1012122&format=mp31&u=0');
UPDATE track SET album_id='119192' WHERE id='1012122';
UPDATE track SET text='' WHERE id='1012122';
INSERT INTO track VALUES('1012123','Cinematic Sad Melancholic Sentimental Documentary Drama Movie Grand Piano Theme Soundtrack 009','http://www.jamendo.com/es/track/1012123','','','138','http://mp3l.jamendo.com/?trackid=1012123&format=mp31&u=0');
UPDATE track SET album_id='119192' WHERE id='1012123';
UPDATE track SET text='' WHERE id='1012123';
INSERT INTO track VALUES('1012124','Cinematic Sad Melancholic Sentimental Documentary Drama Movie Grand Piano Theme Soundtrack 010','http://www.jamendo.com/es/track/1012124','','','152','http://mp3l.jamendo.com/?trackid=1012124&format=mp31&u=0');
UPDATE track SET album_id='119192' WHERE id='1012124';
UPDATE track SET text='' WHERE id='1012124';
INSERT INTO track VALUES('1012125','Cinematic Sad Melancholic Sentimental Documentary Drama Movie Grand Piano Theme Soundtrack 011','http://www.jamendo.com/es/track/1012125','','','122','http://mp3l.jamendo.com/?trackid=1012125&format=mp31&u=0');
UPDATE track SET album_id='119192' WHERE id='1012125';
UPDATE track SET text='' WHERE id='1012125';
INSERT INTO track VALUES('1012126','Cinematic Sad Melancholic Sentimental Documentary Drama Movie Grand Piano Theme Soundtrack 012','http://www.jamendo.com/es/track/1012126','','','152','http://mp3l.jamendo.com/?trackid=1012126&format=mp31&u=0');
UPDATE track SET album_id='119192' WHERE id='1012126';
UPDATE track SET text='' WHERE id='1012126';
INSERT INTO track VALUES('1012120','Cinematic Sad Melancholic Sentimental Documentary Drama Movie Grand Piano Theme Soundtrack 013','http://www.jamendo.com/es/track/1012120','','','39','http://mp3l.jamendo.com/?trackid=1012120&format=mp31&u=0');
UPDATE track SET album_id='119192' WHERE id='1012120';
UPDATE track SET text='' WHERE id='1012120';
INSERT INTO track VALUES('1012128','Cinematic Sad Melancholic Sentimental Documentary Drama Movie Grand Piano Theme Soundtrack 014','http://www.jamendo.com/es/track/1012128','','','113','http://mp3l.jamendo.com/?trackid=1012128&format=mp31&u=0');
UPDATE track SET album_id='119192' WHERE id='1012128';
UPDATE track SET text='' WHERE id='1012128';
INSERT INTO track VALUES('1012129','Cinematic Sad Melancholic Sentimental Documentary Drama Movie Grand Piano Theme Soundtrack 015','http://www.jamendo.com/es/track/1012129','','','103','http://mp3l.jamendo.com/?trackid=1012129&format=mp31&u=0');
UPDATE track SET album_id='119192' WHERE id='1012129';
UPDATE track SET text='' WHERE id='1012129';
INSERT INTO album VALUES('119193','Cinematic Sentimental Touching Emotional Drama Documentary Grand Piano Theme Soundtrack Album n°169','http://www.jamendo.com/es/album/119193','http://imgjam.com/albums/s119/119193/covers/1.100.jpg','2','2640');
UPDATE album SET artist_id='420766' WHERE id='119193';
INSERT INTO track VALUES('1012141','Cinematic Sentimental Touching Emotional Drama Documentary Grand Piano Theme Soundtrack 001','http://www.jamendo.com/es/track/1012141','','','77','http://mp3l.jamendo.com/?trackid=1012141&format=mp31&u=0');
UPDATE track SET album_id='119193' WHERE id='1012141';
UPDATE track SET text='' WHERE id='1012141';
INSERT INTO track VALUES('1012153','Cinematic Sentimental Touching Emotional Drama Documentary Grand Piano Theme Soundtrack 002','http://www.jamendo.com/es/track/1012153','','','87','http://mp3l.jamendo.com/?trackid=1012153&format=mp31&u=0');
UPDATE track SET album_id='119193' WHERE id='1012153';
UPDATE track SET text='' WHERE id='1012153';
INSERT INTO track VALUES('1012154','Cinematic Sentimental Touching Emotional Drama Documentary Grand Piano Theme Soundtrack 003','http://www.jamendo.com/es/track/1012154','','','75','http://mp3l.jamendo.com/?trackid=1012154&format=mp31&u=0');
UPDATE track SET album_id='119193' WHERE id='1012154';
UPDATE track SET text='' WHERE id='1012154';
INSERT INTO track VALUES('1012155','Cinematic Sentimental Touching Emotional Drama Documentary Grand Piano Theme Soundtrack 004','http://www.jamendo.com/es/track/1012155','','','138','http://mp3l.jamendo.com/?trackid=1012155&format=mp31&u=0');
UPDATE track SET album_id='119193' WHERE id='1012155';
UPDATE track SET text='' WHERE id='1012155';
INSERT INTO track VALUES('1012156','Cinematic Sentimental Touching Emotional Drama Documentary Grand Piano Theme Soundtrack 005','http://www.jamendo.com/es/track/1012156','','','111','http://mp3l.jamendo.com/?trackid=1012156&format=mp31&u=0');
UPDATE track SET album_id='119193' WHERE id='1012156';
UPDATE track SET text='' WHERE id='1012156';
INSERT INTO track VALUES('1012157','Cinematic Sentimental Touching Emotional Drama Documentary Grand Piano Theme Soundtrack 006','http://www.jamendo.com/es/track/1012157','','','140','http://mp3l.jamendo.com/?trackid=1012157&format=mp31&u=0');
UPDATE track SET album_id='119193' WHERE id='1012157';
UPDATE track SET text='' WHERE id='1012157';
INSERT INTO track VALUES('1012158','Cinematic Sentimental Touching Emotional Drama Documentary Grand Piano Theme Soundtrack 007','http://www.jamendo.com/es/track/1012158','','','99','http://mp3l.jamendo.com/?trackid=1012158&format=mp31&u=0');
UPDATE track SET album_id='119193' WHERE id='1012158';
UPDATE track SET text='' WHERE id='1012158';
INSERT INTO track VALUES('1012137','Cinematic Sentimental Touching Emotional Drama Documentary Grand Piano Theme Soundtrack 008','http://www.jamendo.com/es/track/1012137','','','225','http://mp3l.jamendo.com/?trackid=1012137&format=mp31&u=0');
UPDATE track SET album_id='119193' WHERE id='1012137';
UPDATE track SET text='' WHERE id='1012137';
INSERT INTO track VALUES('1012138','Cinematic Sentimental Touching Emotional Drama Documentary Grand Piano Theme Soundtrack 009','http://www.jamendo.com/es/track/1012138','','','39','http://mp3l.jamendo.com/?trackid=1012138&format=mp31&u=0');
UPDATE track SET album_id='119193' WHERE id='1012138';
UPDATE track SET text='' WHERE id='1012138';
INSERT INTO track VALUES('1012139','Cinematic Sentimental Touching Emotional Drama Documentary Grand Piano Theme Soundtrack 010','http://www.jamendo.com/es/track/1012139','','','112','http://mp3l.jamendo.com/?trackid=1012139&format=mp31&u=0');
UPDATE track SET album_id='119193' WHERE id='1012139';
UPDATE track SET text='' WHERE id='1012139';
INSERT INTO track VALUES('1012142','Cinematic Sentimental Touching Emotional Drama Documentary Grand Piano Theme Soundtrack 011','http://www.jamendo.com/es/track/1012142','','','104','http://mp3l.jamendo.com/?trackid=1012142&format=mp31&u=0');
UPDATE track SET album_id='119193' WHERE id='1012142';
UPDATE track SET text='' WHERE id='1012142';
INSERT INTO track VALUES('1012144','Cinematic Sentimental Touching Emotional Drama Documentary Grand Piano Theme Soundtrack 012','http://www.jamendo.com/es/track/1012144','','','122','http://mp3l.jamendo.com/?trackid=1012144&format=mp31&u=0');
UPDATE track SET album_id='119193' WHERE id='1012144';
UPDATE track SET text='' WHERE id='1012144';
INSERT INTO track VALUES('1012146','Cinematic Sentimental Touching Emotional Drama Documentary Grand Piano Theme Soundtrack 013','http://www.jamendo.com/es/track/1012146','','','126','http://mp3l.jamendo.com/?trackid=1012146&format=mp31&u=0');
UPDATE track SET album_id='119193' WHERE id='1012146';
UPDATE track SET text='' WHERE id='1012146';
INSERT INTO track VALUES('1012145','Cinematic Sentimental Touching Emotional Drama Documentary Grand Piano Theme Soundtrack 014','http://www.jamendo.com/es/track/1012145','','','111','http://mp3l.jamendo.com/?trackid=1012145&format=mp31&u=0');
UPDATE track SET album_id='119193' WHERE id='1012145';
UPDATE track SET text='' WHERE id='1012145';
INSERT INTO track VALUES('1012147','Cinematic Sentimental Touching Emotional Drama Documentary Grand Piano Theme Soundtrack 015','http://www.jamendo.com/es/track/1012147','','','68','http://mp3l.jamendo.com/?trackid=1012147&format=mp31&u=0');
UPDATE track SET album_id='119193' WHERE id='1012147';
UPDATE track SET text='' WHERE id='1012147';
INSERT INTO track VALUES('1012149','Cinematic Sentimental Touching Emotional Drama Documentary Grand Piano Theme Soundtrack 016','http://www.jamendo.com/es/track/1012149','','','88','http://mp3l.jamendo.com/?trackid=1012149&format=mp31&u=0');
UPDATE track SET album_id='119193' WHERE id='1012149';
UPDATE track SET text='' WHERE id='1012149';
INSERT INTO track VALUES('1012152','Cinematic Sentimental Touching Emotional Drama Documentary Grand Piano Theme Soundtrack 017','http://www.jamendo.com/es/track/1012152','','','140','http://mp3l.jamendo.com/?trackid=1012152&format=mp31&u=0');
UPDATE track SET album_id='119193' WHERE id='1012152';
UPDATE track SET text='' WHERE id='1012152';
INSERT INTO track VALUES('1012148','Cinematic Sentimental Touching Emotional Drama Documentary Grand Piano Theme Soundtrack 018','http://www.jamendo.com/es/track/1012148','','','109','http://mp3l.jamendo.com/?trackid=1012148&format=mp31&u=0');
UPDATE track SET album_id='119193' WHERE id='1012148';
UPDATE track SET text='' WHERE id='1012148';
INSERT INTO track VALUES('1012151','Cinematic Sentimental Touching Emotional Drama Documentary Grand Piano Theme Soundtrack 019','http://www.jamendo.com/es/track/1012151','','','88','http://mp3l.jamendo.com/?trackid=1012151&format=mp31&u=0');
UPDATE track SET album_id='119193' WHERE id='1012151';
UPDATE track SET text='' WHERE id='1012151';
INSERT INTO track VALUES('1012140','Cinematic Sentimental Touching Emotional Drama Documentary Grand Piano Theme Soundtrack 020','http://www.jamendo.com/es/track/1012140','','','136','http://mp3l.jamendo.com/?trackid=1012140&format=mp31&u=0');
UPDATE track SET album_id='119193' WHERE id='1012140';
UPDATE track SET text='' WHERE id='1012140';
INSERT INTO track VALUES('1012143','Cinematic Sentimental Touching Emotional Drama Documentary Grand Piano Theme Soundtrack 021','http://www.jamendo.com/es/track/1012143','','','220','http://mp3l.jamendo.com/?trackid=1012143&format=mp31&u=0');
UPDATE track SET album_id='119193' WHERE id='1012143';
UPDATE track SET text='' WHERE id='1012143';
INSERT INTO track VALUES('1012150','Cinematic Sentimental Touching Emotional Drama Documentary Grand Piano Theme Soundtrack 022','http://www.jamendo.com/es/track/1012150','','','225','http://mp3l.jamendo.com/?trackid=1012150&format=mp31&u=0');
UPDATE track SET album_id='119193' WHERE id='1012150';
UPDATE track SET text='' WHERE id='1012150';
INSERT INTO album VALUES('119202','Cinematic Thrilling Suspenseful Mysterious Documentary Movie Grand Piano Theme Soundtrack Album n°170','http://www.jamendo.com/es/album/119202','http://imgjam.com/albums/s119/119202/covers/1.100.jpg','2','3347');
UPDATE album SET artist_id='420766' WHERE id='119202';
INSERT INTO track VALUES('1012167','Cinematic Thrilling Suspenseful Mysterious Documentary Movie Grand Piano Theme Soundtrack 001','http://www.jamendo.com/es/track/1012167','','','89','http://mp3l.jamendo.com/?trackid=1012167&format=mp31&u=0');
UPDATE track SET album_id='119202' WHERE id='1012167';
UPDATE track SET text='' WHERE id='1012167';
INSERT INTO track VALUES('1012159','Cinematic Thrilling Suspenseful Mysterious Documentary Movie Grand Piano Theme Soundtrack 002','http://www.jamendo.com/es/track/1012159','','','138','http://mp3l.jamendo.com/?trackid=1012159&format=mp31&u=0');
UPDATE track SET album_id='119202' WHERE id='1012159';
UPDATE track SET text='' WHERE id='1012159';
INSERT INTO track VALUES('1012173','Cinematic Thrilling Suspenseful Mysterious Documentary Movie Grand Piano Theme Soundtrack 003','http://www.jamendo.com/es/track/1012173','','','76','http://mp3l.jamendo.com/?trackid=1012173&format=mp31&u=0');
UPDATE track SET album_id='119202' WHERE id='1012173';
UPDATE track SET text='' WHERE id='1012173';
INSERT INTO track VALUES('1012160','Cinematic Thrilling Suspenseful Mysterious Documentary Movie Grand Piano Theme Soundtrack 004','http://www.jamendo.com/es/track/1012160','','','140','http://mp3l.jamendo.com/?trackid=1012160&format=mp31&u=0');
UPDATE track SET album_id='119202' WHERE id='1012160';
UPDATE track SET text='' WHERE id='1012160';
INSERT INTO track VALUES('1012174','Cinematic Thrilling Suspenseful Mysterious Documentary Movie Grand Piano Theme Soundtrack 005','http://www.jamendo.com/es/track/1012174','','','109','http://mp3l.jamendo.com/?trackid=1012174&format=mp31&u=0');
UPDATE track SET album_id='119202' WHERE id='1012174';
UPDATE track SET text='' WHERE id='1012174';
INSERT INTO track VALUES('1012161','Cinematic Thrilling Suspenseful Mysterious Documentary Movie Grand Piano Theme Soundtrack 006','http://www.jamendo.com/es/track/1012161','','','88','http://mp3l.jamendo.com/?trackid=1012161&format=mp31&u=0');
UPDATE track SET album_id='119202' WHERE id='1012161';
UPDATE track SET text='' WHERE id='1012161';
INSERT INTO track VALUES('1012176','Cinematic Thrilling Suspenseful Mysterious Documentary Movie Grand Piano Theme Soundtrack 007','http://www.jamendo.com/es/track/1012176','','','126','http://mp3l.jamendo.com/?trackid=1012176&format=mp31&u=0');
UPDATE track SET album_id='119202' WHERE id='1012176';
UPDATE track SET text='' WHERE id='1012176';
INSERT INTO track VALUES('1012162','Cinematic Thrilling Suspenseful Mysterious Documentary Movie Grand Piano Theme Soundtrack 008','http://www.jamendo.com/es/track/1012162','','','99','http://mp3l.jamendo.com/?trackid=1012162&format=mp31&u=0');
UPDATE track SET album_id='119202' WHERE id='1012162';
UPDATE track SET text='' WHERE id='1012162';
INSERT INTO track VALUES('1012177','Cinematic Thrilling Suspenseful Mysterious Documentary Movie Grand Piano Theme Soundtrack 009','http://www.jamendo.com/es/track/1012177','','','238','http://mp3l.jamendo.com/?trackid=1012177&format=mp31&u=0');
UPDATE track SET album_id='119202' WHERE id='1012177';
UPDATE track SET text='' WHERE id='1012177';
INSERT INTO track VALUES('1012163','Cinematic Thrilling Suspenseful Mysterious Documentary Movie Grand Piano Theme Soundtrack 010','http://www.jamendo.com/es/track/1012163','','','220','http://mp3l.jamendo.com/?trackid=1012163&format=mp31&u=0');
UPDATE track SET album_id='119202' WHERE id='1012163';
UPDATE track SET text='' WHERE id='1012163';
INSERT INTO track VALUES('1012179','Cinematic Thrilling Suspenseful Mysterious Documentary Movie Grand Piano Theme Soundtrack 011','http://www.jamendo.com/es/track/1012179','','','225','http://mp3l.jamendo.com/?trackid=1012179&format=mp31&u=0');
UPDATE track SET album_id='119202' WHERE id='1012179';
UPDATE track SET text='' WHERE id='1012179';
INSERT INTO track VALUES('1012170','Cinematic Thrilling Suspenseful Mysterious Documentary Movie Grand Piano Theme Soundtrack 012','http://www.jamendo.com/es/track/1012170','','','152','http://mp3l.jamendo.com/?trackid=1012170&format=mp31&u=0');
UPDATE track SET album_id='119202' WHERE id='1012170';
UPDATE track SET text='' WHERE id='1012170';
INSERT INTO track VALUES('1012183','Cinematic Thrilling Suspenseful Mysterious Documentary Movie Grand Piano Theme Soundtrack 013','http://www.jamendo.com/es/track/1012183','','','39','http://mp3l.jamendo.com/?trackid=1012183&format=mp31&u=0');
UPDATE track SET album_id='119202' WHERE id='1012183';
UPDATE track SET text='' WHERE id='1012183';
INSERT INTO track VALUES('1012172','Cinematic Thrilling Suspenseful Mysterious Documentary Movie Grand Piano Theme Soundtrack 014','http://www.jamendo.com/es/track/1012172','','','103','http://mp3l.jamendo.com/?trackid=1012172&format=mp31&u=0');
UPDATE track SET album_id='119202' WHERE id='1012172';
UPDATE track SET text='' WHERE id='1012172';
INSERT INTO track VALUES('1012169','Cinematic Thrilling Suspenseful Mysterious Documentary Movie Grand Piano Theme Soundtrack 015','http://www.jamendo.com/es/track/1012169','','','77','http://mp3l.jamendo.com/?trackid=1012169&format=mp31&u=0');
UPDATE track SET album_id='119202' WHERE id='1012169';
UPDATE track SET text='' WHERE id='1012169';
INSERT INTO track VALUES('1012178','Cinematic Thrilling Suspenseful Mysterious Documentary Movie Grand Piano Theme Soundtrack 016','http://www.jamendo.com/es/track/1012178','','','88','http://mp3l.jamendo.com/?trackid=1012178&format=mp31&u=0');
UPDATE track SET album_id='119202' WHERE id='1012178';
UPDATE track SET text='' WHERE id='1012178';
INSERT INTO track VALUES('1012164','Cinematic Thrilling Suspenseful Mysterious Documentary Movie Grand Piano Theme Soundtrack 017','http://www.jamendo.com/es/track/1012164','','','75','http://mp3l.jamendo.com/?trackid=1012164&format=mp31&u=0');
UPDATE track SET album_id='119202' WHERE id='1012164';
UPDATE track SET text='' WHERE id='1012164';
INSERT INTO track VALUES('1012180','Cinematic Thrilling Suspenseful Mysterious Documentary Movie Grand Piano Theme Soundtrack 018','http://www.jamendo.com/es/track/1012180','','','76','http://mp3l.jamendo.com/?trackid=1012180&format=mp31&u=0');
UPDATE track SET album_id='119202' WHERE id='1012180';
UPDATE track SET text='' WHERE id='1012180';
INSERT INTO track VALUES('1012168','Cinematic Thrilling Suspenseful Mysterious Documentary Movie Grand Piano Theme Soundtrack 019','http://www.jamendo.com/es/track/1012168','','','140','http://mp3l.jamendo.com/?trackid=1012168&format=mp31&u=0');
UPDATE track SET album_id='119202' WHERE id='1012168';
UPDATE track SET text='' WHERE id='1012168';
INSERT INTO track VALUES('1012182','Cinematic Thrilling Suspenseful Mysterious Documentary Movie Grand Piano Theme Soundtrack 020','http://www.jamendo.com/es/track/1012182','','','101','http://mp3l.jamendo.com/?trackid=1012182&format=mp31&u=0');
UPDATE track SET album_id='119202' WHERE id='1012182';
UPDATE track SET text='' WHERE id='1012182';
INSERT INTO track VALUES('1012171','Cinematic Thrilling Suspenseful Mysterious Documentary Movie Grand Piano Theme Soundtrack 021','http://www.jamendo.com/es/track/1012171','','','238','http://mp3l.jamendo.com/?trackid=1012171&format=mp31&u=0');
UPDATE track SET album_id='119202' WHERE id='1012171';
UPDATE track SET text='' WHERE id='1012171';
INSERT INTO track VALUES('1012166','Cinematic Thrilling Suspenseful Mysterious Documentary Movie Grand Piano Theme Soundtrack 022','http://www.jamendo.com/es/track/1012166','','','220','http://mp3l.jamendo.com/?trackid=1012166&format=mp31&u=0');
UPDATE track SET album_id='119202' WHERE id='1012166';
UPDATE track SET text='' WHERE id='1012166';
INSERT INTO track VALUES('1012175','Cinematic Thrilling Suspenseful Mysterious Documentary Movie Grand Piano Theme Soundtrack 023','http://www.jamendo.com/es/track/1012175','','','226','http://mp3l.jamendo.com/?trackid=1012175&format=mp31&u=0');
UPDATE track SET album_id='119202' WHERE id='1012175';
UPDATE track SET text='' WHERE id='1012175';
INSERT INTO track VALUES('1012165','Cinematic Thrilling Suspenseful Mysterious Documentary Movie Grand Piano Theme Soundtrack 024','http://www.jamendo.com/es/track/1012165','','','152','http://mp3l.jamendo.com/?trackid=1012165&format=mp31&u=0');
UPDATE track SET album_id='119202' WHERE id='1012165';
UPDATE track SET text='' WHERE id='1012165';
INSERT INTO track VALUES('1012181','Cinematic Thrilling Suspenseful Mysterious Documentary Movie Grand Piano Theme Soundtrack 025','http://www.jamendo.com/es/track/1012181','','','112','http://mp3l.jamendo.com/?trackid=1012181&format=mp31&u=0');
UPDATE track SET album_id='119202' WHERE id='1012181';
UPDATE track SET text='' WHERE id='1012181';
INSERT INTO juser VALUES('3056160','andersonwh','Andersonwh','http://www.jamendo.com/es/user/andersonwh','','');
INSERT INTO album_juser VALUES('119202','3056160');
INSERT INTO album VALUES('120025','African Percussion Wildlife Of Africa Convolution Reverb Drums Shakers Theme Album n°171','http://www.jamendo.com/es/album/120025','http://imgjam.com/albums/s120/120025/covers/1.100.jpg','3','862');
UPDATE album SET artist_id='420766' WHERE id='120025';
INSERT INTO track VALUES('1020742','African Percussion Wildlife Of Africa Convolution Reverb Drums Shakers Theme Track 001','http://www.jamendo.com/es/track/1020742','','','56','http://mp3l.jamendo.com/?trackid=1020742&format=mp31&u=0');
UPDATE track SET album_id='120025' WHERE id='1020742';
UPDATE track SET text='' WHERE id='1020742';
INSERT INTO track VALUES('1020740','African Percussion Wildlife Of Africa Convolution Reverb Drums Shakers Theme Track 002','http://www.jamendo.com/es/track/1020740','','','55','http://mp3l.jamendo.com/?trackid=1020740&format=mp31&u=0');
UPDATE track SET album_id='120025' WHERE id='1020740';
UPDATE track SET text='' WHERE id='1020740';
INSERT INTO track VALUES('1020739','African Percussion Wildlife Of Africa Convolution Reverb Drums Shakers Theme Track 003','http://www.jamendo.com/es/track/1020739','','','53','http://mp3l.jamendo.com/?trackid=1020739&format=mp31&u=0');
UPDATE track SET album_id='120025' WHERE id='1020739';
UPDATE track SET text='' WHERE id='1020739';
INSERT INTO track VALUES('1020738','African Percussion Wildlife Of Africa Convolution Reverb Drums Shakers Theme Track 004','http://www.jamendo.com/es/track/1020738','','','54','http://mp3l.jamendo.com/?trackid=1020738&format=mp31&u=0');
UPDATE track SET album_id='120025' WHERE id='1020738';
UPDATE track SET text='' WHERE id='1020738';
INSERT INTO track VALUES('1020737','African Percussion Wildlife Of Africa Convolution Reverb Drums Shakers Theme Track 005','http://www.jamendo.com/es/track/1020737','','','54','http://mp3l.jamendo.com/?trackid=1020737&format=mp31&u=0');
UPDATE track SET album_id='120025' WHERE id='1020737';
UPDATE track SET text='' WHERE id='1020737';
INSERT INTO track VALUES('1020736','African Percussion Wildlife Of Africa Convolution Reverb Drums Shakers Theme Track 006','http://www.jamendo.com/es/track/1020736','','','52','http://mp3l.jamendo.com/?trackid=1020736&format=mp31&u=0');
UPDATE track SET album_id='120025' WHERE id='1020736';
UPDATE track SET text='' WHERE id='1020736';
INSERT INTO track VALUES('1020735','African Percussion Wildlife Of Africa Convolution Reverb Drums Shakers Theme Track 007','http://www.jamendo.com/es/track/1020735','','','55','http://mp3l.jamendo.com/?trackid=1020735&format=mp31&u=0');
UPDATE track SET album_id='120025' WHERE id='1020735';
UPDATE track SET text='' WHERE id='1020735';
INSERT INTO track VALUES('1020733','African Percussion Wildlife Of Africa Convolution Reverb Drums Shakers Theme Track 008','http://www.jamendo.com/es/track/1020733','','','53','http://mp3l.jamendo.com/?trackid=1020733&format=mp31&u=0');
UPDATE track SET album_id='120025' WHERE id='1020733';
UPDATE track SET text='' WHERE id='1020733';
INSERT INTO track VALUES('1020732','African Percussion Wildlife Of Africa Convolution Reverb Drums Shakers Theme Track 009','http://www.jamendo.com/es/track/1020732','','','54','http://mp3l.jamendo.com/?trackid=1020732&format=mp31&u=0');
UPDATE track SET album_id='120025' WHERE id='1020732';
UPDATE track SET text='' WHERE id='1020732';
INSERT INTO track VALUES('1020741','African Percussion Wildlife Of Africa Convolution Reverb Drums Shakers Theme Track 010','http://www.jamendo.com/es/track/1020741','','','53','http://mp3l.jamendo.com/?trackid=1020741&format=mp31&u=0');
UPDATE track SET album_id='120025' WHERE id='1020741';
UPDATE track SET text='' WHERE id='1020741';
INSERT INTO track VALUES('1020727','African Percussion Wildlife Of Africa Convolution Reverb Drums Shakers Theme Track 011','http://www.jamendo.com/es/track/1020727','','','53','http://mp3l.jamendo.com/?trackid=1020727&format=mp31&u=0');
UPDATE track SET album_id='120025' WHERE id='1020727';
UPDATE track SET text='' WHERE id='1020727';
INSERT INTO track VALUES('1020728','African Percussion Wildlife Of Africa Convolution Reverb Drums Shakers Theme Track 012','http://www.jamendo.com/es/track/1020728','','','54','http://mp3l.jamendo.com/?trackid=1020728&format=mp31&u=0');
UPDATE track SET album_id='120025' WHERE id='1020728';
UPDATE track SET text='' WHERE id='1020728';
INSERT INTO track VALUES('1020730','African Percussion Wildlife Of Africa Convolution Reverb Drums Shakers Theme Track 013','http://www.jamendo.com/es/track/1020730','','','54','http://mp3l.jamendo.com/?trackid=1020730&format=mp31&u=0');
UPDATE track SET album_id='120025' WHERE id='1020730';
UPDATE track SET text='' WHERE id='1020730';
INSERT INTO track VALUES('1020731','African Percussion Wildlife Of Africa Convolution Reverb Drums Shakers Theme Track 014','http://www.jamendo.com/es/track/1020731','','','55','http://mp3l.jamendo.com/?trackid=1020731&format=mp31&u=0');
UPDATE track SET album_id='120025' WHERE id='1020731';
UPDATE track SET text='' WHERE id='1020731';
INSERT INTO track VALUES('1020734','African Percussion Wildlife Of Africa Convolution Reverb Drums Shakers Theme Track 015','http://www.jamendo.com/es/track/1020734','','','53','http://mp3l.jamendo.com/?trackid=1020734&format=mp31&u=0');
UPDATE track SET album_id='120025' WHERE id='1020734';
UPDATE track SET text='' WHERE id='1020734';
INSERT INTO track VALUES('1020729','African Percussion Wildlife Of Africa Convolution Reverb Drums Shakers Theme Track 016','http://www.jamendo.com/es/track/1020729','','','54','http://mp3l.jamendo.com/?trackid=1020729&format=mp31&u=0');
UPDATE track SET album_id='120025' WHERE id='1020729';
UPDATE track SET text='' WHERE id='1020729';
INSERT INTO album VALUES('120029','African Percussion Wildlife Of Africa Convolution Reverb Drums Shakers Theme Album n°172','http://www.jamendo.com/es/album/120029','http://imgjam.com/albums/s120/120029/covers/1.100.jpg','3','811');
UPDATE album SET artist_id='420766' WHERE id='120029';
INSERT INTO track VALUES('1020816','African Percussion Wildlife Of Africa Convolution Reverb Drums Shakers Theme Track 017','http://www.jamendo.com/es/track/1020816','','','55','http://mp3l.jamendo.com/?trackid=1020816&format=mp31&u=0');
UPDATE track SET album_id='120029' WHERE id='1020816';
UPDATE track SET text='' WHERE id='1020816';
INSERT INTO track VALUES('1020821','African Percussion Wildlife Of Africa Convolution Reverb Drums Shakers Theme Track 018','http://www.jamendo.com/es/track/1020821','','','54','http://mp3l.jamendo.com/?trackid=1020821&format=mp31&u=0');
UPDATE track SET album_id='120029' WHERE id='1020821';
UPDATE track SET text='' WHERE id='1020821';
INSERT INTO track VALUES('1020818','African Percussion Wildlife Of Africa Convolution Reverb Drums Shakers Theme Track 019','http://www.jamendo.com/es/track/1020818','','','52','http://mp3l.jamendo.com/?trackid=1020818&format=mp31&u=0');
UPDATE track SET album_id='120029' WHERE id='1020818';
UPDATE track SET text='' WHERE id='1020818';
INSERT INTO track VALUES('1020817','African Percussion Wildlife Of Africa Convolution Reverb Drums Shakers Theme Track 020','http://www.jamendo.com/es/track/1020817','','','53','http://mp3l.jamendo.com/?trackid=1020817&format=mp31&u=0');
UPDATE track SET album_id='120029' WHERE id='1020817';
UPDATE track SET text='' WHERE id='1020817';
INSERT INTO track VALUES('1020820','African Percussion Wildlife Of Africa Convolution Reverb Drums Shakers Theme Track 021','http://www.jamendo.com/es/track/1020820','','','54','http://mp3l.jamendo.com/?trackid=1020820&format=mp31&u=0');
UPDATE track SET album_id='120029' WHERE id='1020820';
UPDATE track SET text='' WHERE id='1020820';
INSERT INTO track VALUES('1020815','African Percussion Wildlife Of Africa Convolution Reverb Drums Shakers Theme Track 022','http://www.jamendo.com/es/track/1020815','','','55','http://mp3l.jamendo.com/?trackid=1020815&format=mp31&u=0');
UPDATE track SET album_id='120029' WHERE id='1020815';
UPDATE track SET text='' WHERE id='1020815';
INSERT INTO track VALUES('1020814','African Percussion Wildlife Of Africa Convolution Reverb Drums Shakers Theme Track 023','http://www.jamendo.com/es/track/1020814','','','55','http://mp3l.jamendo.com/?trackid=1020814&format=mp31&u=0');
UPDATE track SET album_id='120029' WHERE id='1020814';
UPDATE track SET text='' WHERE id='1020814';
INSERT INTO track VALUES('1020813','African Percussion Wildlife Of Africa Convolution Reverb Drums Shakers Theme Track 024','http://www.jamendo.com/es/track/1020813','','','55','http://mp3l.jamendo.com/?trackid=1020813&format=mp31&u=0');
UPDATE track SET album_id='120029' WHERE id='1020813';
UPDATE track SET text='' WHERE id='1020813';
INSERT INTO track VALUES('1020824','African Percussion Wildlife Of Africa Convolution Reverb Drums Shakers Theme Track 025','http://www.jamendo.com/es/track/1020824','','','53','http://mp3l.jamendo.com/?trackid=1020824&format=mp31&u=0');
UPDATE track SET album_id='120029' WHERE id='1020824';
UPDATE track SET text='' WHERE id='1020824';
INSERT INTO track VALUES('1020822','African Percussion Wildlife Of Africa Convolution Reverb Drums Shakers Theme Track 026','http://www.jamendo.com/es/track/1020822','','','54','http://mp3l.jamendo.com/?trackid=1020822&format=mp31&u=0');
UPDATE track SET album_id='120029' WHERE id='1020822';
UPDATE track SET text='' WHERE id='1020822';
INSERT INTO track VALUES('1020810','African Percussion Wildlife Of Africa Convolution Reverb Drums Shakers Theme Track 027','http://www.jamendo.com/es/track/1020810','','','55','http://mp3l.jamendo.com/?trackid=1020810&format=mp31&u=0');
UPDATE track SET album_id='120029' WHERE id='1020810';
UPDATE track SET text='' WHERE id='1020810';
INSERT INTO track VALUES('1020811','African Percussion Wildlife Of Africa Convolution Reverb Drums Shakers Theme Track 028','http://www.jamendo.com/es/track/1020811','','','54','http://mp3l.jamendo.com/?trackid=1020811&format=mp31&u=0');
UPDATE track SET album_id='120029' WHERE id='1020811';
UPDATE track SET text='' WHERE id='1020811';
INSERT INTO track VALUES('1020812','African Percussion Wildlife Of Africa Convolution Reverb Drums Shakers Theme Track 029','http://www.jamendo.com/es/track/1020812','','','53','http://mp3l.jamendo.com/?trackid=1020812&format=mp31&u=0');
UPDATE track SET album_id='120029' WHERE id='1020812';
UPDATE track SET text='' WHERE id='1020812';
INSERT INTO track VALUES('1020823','African Percussion Wildlife Of Africa Convolution Reverb Drums Shakers Theme Track 030','http://www.jamendo.com/es/track/1020823','','','55','http://mp3l.jamendo.com/?trackid=1020823&format=mp31&u=0');
UPDATE track SET album_id='120029' WHERE id='1020823';
UPDATE track SET text='' WHERE id='1020823';
INSERT INTO track VALUES('1020819','African Percussion Wildlife Of Africa Convolution Reverb Drums Shakers Theme Track 031','http://www.jamendo.com/es/track/1020819','','','54','http://mp3l.jamendo.com/?trackid=1020819&format=mp31&u=0');
UPDATE track SET album_id='120029' WHERE id='1020819';
UPDATE track SET text='' WHERE id='1020819';
INSERT INTO album VALUES('120031','African Percussion Wildlife Of Africa Drums Shakers Theme Album n°174','http://www.jamendo.com/es/album/120031','http://imgjam.com/albums/s120/120031/covers/1.100.jpg','3','805');
UPDATE album SET artist_id='420766' WHERE id='120031';
INSERT INTO track VALUES('1020839','African Percussion Wildlife Of Africa Drums Shakers Theme Track 001','http://www.jamendo.com/es/track/1020839','','','52','http://mp3l.jamendo.com/?trackid=1020839&format=mp31&u=0');
UPDATE track SET album_id='120031' WHERE id='1020839';
UPDATE track SET text='' WHERE id='1020839';
INSERT INTO track VALUES('1020836','African Percussion Wildlife Of Africa Drums Shakers Theme Track 002','http://www.jamendo.com/es/track/1020836','','','52','http://mp3l.jamendo.com/?trackid=1020836&format=mp31&u=0');
UPDATE track SET album_id='120031' WHERE id='1020836';
UPDATE track SET text='' WHERE id='1020836';
INSERT INTO track VALUES('1020837','African Percussion Wildlife Of Africa Drums Shakers Theme Track 003','http://www.jamendo.com/es/track/1020837','','','51','http://mp3l.jamendo.com/?trackid=1020837&format=mp31&u=0');
UPDATE track SET album_id='120031' WHERE id='1020837';
UPDATE track SET text='' WHERE id='1020837';
INSERT INTO track VALUES('1020838','African Percussion Wildlife Of Africa Drums Shakers Theme Track 004','http://www.jamendo.com/es/track/1020838','','','49','http://mp3l.jamendo.com/?trackid=1020838&format=mp31&u=0');
UPDATE track SET album_id='120031' WHERE id='1020838';
UPDATE track SET text='' WHERE id='1020838';
INSERT INTO track VALUES('1020845','African Percussion Wildlife Of Africa Drums Shakers Theme Track 005','http://www.jamendo.com/es/track/1020845','','','50','http://mp3l.jamendo.com/?trackid=1020845&format=mp31&u=0');
UPDATE track SET album_id='120031' WHERE id='1020845';
UPDATE track SET text='' WHERE id='1020845';
INSERT INTO track VALUES('1020840','African Percussion Wildlife Of Africa Drums Shakers Theme Track 006','http://www.jamendo.com/es/track/1020840','','','48','http://mp3l.jamendo.com/?trackid=1020840&format=mp31&u=0');
UPDATE track SET album_id='120031' WHERE id='1020840';
UPDATE track SET text='' WHERE id='1020840';
INSERT INTO track VALUES('1020841','African Percussion Wildlife Of Africa Drums Shakers Theme Track 007','http://www.jamendo.com/es/track/1020841','','','52','http://mp3l.jamendo.com/?trackid=1020841&format=mp31&u=0');
UPDATE track SET album_id='120031' WHERE id='1020841';
UPDATE track SET text='' WHERE id='1020841';
INSERT INTO track VALUES('1020842','African Percussion Wildlife Of Africa Drums Shakers Theme Track 008','http://www.jamendo.com/es/track/1020842','','','50','http://mp3l.jamendo.com/?trackid=1020842&format=mp31&u=0');
UPDATE track SET album_id='120031' WHERE id='1020842';
UPDATE track SET text='' WHERE id='1020842';
INSERT INTO track VALUES('1020843','African Percussion Wildlife Of Africa Drums Shakers Theme Track 009','http://www.jamendo.com/es/track/1020843','','','51','http://mp3l.jamendo.com/?trackid=1020843&format=mp31&u=0');
UPDATE track SET album_id='120031' WHERE id='1020843';
UPDATE track SET text='' WHERE id='1020843';
INSERT INTO track VALUES('1020844','African Percussion Wildlife Of Africa Drums Shakers Theme Track 010','http://www.jamendo.com/es/track/1020844','','','51','http://mp3l.jamendo.com/?trackid=1020844&format=mp31&u=0');
UPDATE track SET album_id='120031' WHERE id='1020844';
UPDATE track SET text='' WHERE id='1020844';
INSERT INTO track VALUES('1020833','African Percussion Wildlife Of Africa Drums Shakers Theme Track 011','http://www.jamendo.com/es/track/1020833','','','51','http://mp3l.jamendo.com/?trackid=1020833&format=mp31&u=0');
UPDATE track SET album_id='120031' WHERE id='1020833';
UPDATE track SET text='' WHERE id='1020833';
INSERT INTO track VALUES('1020834','African Percussion Wildlife Of Africa Drums Shakers Theme Track 012','http://www.jamendo.com/es/track/1020834','','','49','http://mp3l.jamendo.com/?trackid=1020834&format=mp31&u=0');
UPDATE track SET album_id='120031' WHERE id='1020834';
UPDATE track SET text='' WHERE id='1020834';
INSERT INTO track VALUES('1020835','African Percussion Wildlife Of Africa Drums Shakers Theme Track 013','http://www.jamendo.com/es/track/1020835','','','49','http://mp3l.jamendo.com/?trackid=1020835&format=mp31&u=0');
UPDATE track SET album_id='120031' WHERE id='1020835';
UPDATE track SET text='' WHERE id='1020835';
INSERT INTO track VALUES('1020832','African Percussion Wildlife Of Africa Drums Shakers Theme Track 014','http://www.jamendo.com/es/track/1020832','','','49','http://mp3l.jamendo.com/?trackid=1020832&format=mp31&u=0');
UPDATE track SET album_id='120031' WHERE id='1020832';
UPDATE track SET text='' WHERE id='1020832';
INSERT INTO track VALUES('1020846','African Percussion Wildlife Of Africa Drums Shakers Theme Track 015','http://www.jamendo.com/es/track/1020846','','','51','http://mp3l.jamendo.com/?trackid=1020846&format=mp31&u=0');
UPDATE track SET album_id='120031' WHERE id='1020846';
UPDATE track SET text='' WHERE id='1020846';
INSERT INTO track VALUES('1020847','African Percussion Wildlife Of Africa Drums Shakers Theme Track 016','http://www.jamendo.com/es/track/1020847','','','50','http://mp3l.jamendo.com/?trackid=1020847&format=mp31&u=0');
UPDATE track SET album_id='120031' WHERE id='1020847';
UPDATE track SET text='' WHERE id='1020847';
INSERT INTO album VALUES('120033','African Percussion Wildlife Of Africa Drums Shakers Theme Album n°173','http://www.jamendo.com/es/album/120033','http://imgjam.com/albums/s120/120033/covers/1.100.jpg','3','763','world');
UPDATE album SET artist_id='420766' WHERE id='120033';
INSERT INTO track VALUES('1020861','African Percussion Wildlife Of Africa Drums Shakers Theme Track 017','http://www.jamendo.com/es/track/1020861','','','51','http://mp3l.jamendo.com/?trackid=1020861&format=mp31&u=0');
UPDATE track SET album_id='120033' WHERE id='1020861';
UPDATE track SET text='' WHERE id='1020861';
INSERT INTO track VALUES('1020866','African Percussion Wildlife Of Africa Drums Shakers Theme Track 018','http://www.jamendo.com/es/track/1020866','','','51','http://mp3l.jamendo.com/?trackid=1020866&format=mp31&u=0');
UPDATE track SET album_id='120033' WHERE id='1020866';
UPDATE track SET text='' WHERE id='1020866';
INSERT INTO track VALUES('1020863','African Percussion Wildlife Of Africa Drums Shakers Theme Track 019','http://www.jamendo.com/es/track/1020863','','','50','http://mp3l.jamendo.com/?trackid=1020863&format=mp31&u=0');
UPDATE track SET album_id='120033' WHERE id='1020863';
UPDATE track SET text='' WHERE id='1020863';
INSERT INTO track VALUES('1020862','African Percussion Wildlife Of Africa Drums Shakers Theme Track 020','http://www.jamendo.com/es/track/1020862','','','51','http://mp3l.jamendo.com/?trackid=1020862&format=mp31&u=0');
UPDATE track SET album_id='120033' WHERE id='1020862';
UPDATE track SET text='' WHERE id='1020862';
INSERT INTO track VALUES('1020865','African Percussion Wildlife Of Africa Drums Shakers Theme Track 021','http://www.jamendo.com/es/track/1020865','','','50','http://mp3l.jamendo.com/?trackid=1020865&format=mp31&u=0');
UPDATE track SET album_id='120033' WHERE id='1020865';
UPDATE track SET text='' WHERE id='1020865';
INSERT INTO track VALUES('1020860','African Percussion Wildlife Of Africa Drums Shakers Theme Track 022','http://www.jamendo.com/es/track/1020860','','','52','http://mp3l.jamendo.com/?trackid=1020860&format=mp31&u=0');
UPDATE track SET album_id='120033' WHERE id='1020860';
UPDATE track SET text='' WHERE id='1020860';
INSERT INTO track VALUES('1020859','African Percussion Wildlife Of Africa Drums Shakers Theme Track 023','http://www.jamendo.com/es/track/1020859','','','51','http://mp3l.jamendo.com/?trackid=1020859&format=mp31&u=0');
UPDATE track SET album_id='120033' WHERE id='1020859';
UPDATE track SET text='' WHERE id='1020859';
INSERT INTO track VALUES('1020858','African Percussion Wildlife Of Africa Drums Shakers Theme Track 024','http://www.jamendo.com/es/track/1020858','','','52','http://mp3l.jamendo.com/?trackid=1020858&format=mp31&u=0');
UPDATE track SET album_id='120033' WHERE id='1020858';
UPDATE track SET text='' WHERE id='1020858';
INSERT INTO track VALUES('1020869','African Percussion Wildlife Of Africa Drums Shakers Theme Track 025','http://www.jamendo.com/es/track/1020869','','','50','http://mp3l.jamendo.com/?trackid=1020869&format=mp31&u=0');
UPDATE track SET album_id='120033' WHERE id='1020869';
UPDATE track SET text='' WHERE id='1020869';
INSERT INTO track VALUES('1020867','African Percussion Wildlife Of Africa Drums Shakers Theme Track 026','http://www.jamendo.com/es/track/1020867','','','50','http://mp3l.jamendo.com/?trackid=1020867&format=mp31&u=0');
UPDATE track SET album_id='120033' WHERE id='1020867';
UPDATE track SET text='' WHERE id='1020867';
INSERT INTO track VALUES('1020855','African Percussion Wildlife Of Africa Drums Shakers Theme Track 027','http://www.jamendo.com/es/track/1020855','','','52','http://mp3l.jamendo.com/?trackid=1020855&format=mp31&u=0');
UPDATE track SET album_id='120033' WHERE id='1020855';
UPDATE track SET text='' WHERE id='1020855';
INSERT INTO track VALUES('1020856','African Percussion Wildlife Of Africa Drums Shakers Theme Track 028','http://www.jamendo.com/es/track/1020856','','','51','http://mp3l.jamendo.com/?trackid=1020856&format=mp31&u=0');
UPDATE track SET album_id='120033' WHERE id='1020856';
UPDATE track SET text='' WHERE id='1020856';
INSERT INTO track VALUES('1020857','African Percussion Wildlife Of Africa Drums Shakers Theme Track 029','http://www.jamendo.com/es/track/1020857','','','49','http://mp3l.jamendo.com/?trackid=1020857&format=mp31&u=0');
UPDATE track SET album_id='120033' WHERE id='1020857';
UPDATE track SET text='' WHERE id='1020857';
INSERT INTO track VALUES('1020868','African Percussion Wildlife Of Africa Drums Shakers Theme Track 030','http://www.jamendo.com/es/track/1020868','','','52','http://mp3l.jamendo.com/?trackid=1020868&format=mp31&u=0');
UPDATE track SET album_id='120033' WHERE id='1020868';
UPDATE track SET text='' WHERE id='1020868';
INSERT INTO track VALUES('1020864','African Percussion Wildlife Of Africa Drums Shakers Theme Track 031','http://www.jamendo.com/es/track/1020864','','','51','http://mp3l.jamendo.com/?trackid=1020864&format=mp31&u=0');
UPDATE track SET album_id='120033' WHERE id='1020864';
UPDATE track SET text='' WHERE id='1020864';
INSERT INTO album VALUES('120037','Ambient Atmosphere Chillout Meditative Works Soundscape Theme Soundtrack Album n°175','http://www.jamendo.com/es/album/120037','http://imgjam.com/albums/s120/120037/covers/1.100.jpg','3','472');
UPDATE album SET artist_id='420766' WHERE id='120037';
INSERT INTO track VALUES('1020872','Ambient Atmosphere Chillout Meditative Works Soundscape Theme Soundtrack 002','http://www.jamendo.com/es/track/1020872','','','47','http://mp3l.jamendo.com/?trackid=1020872&format=mp31&u=0');
UPDATE track SET album_id='120037' WHERE id='1020872';
UPDATE track SET text='' WHERE id='1020872';
INSERT INTO track VALUES('1020940','Ambient Atmosphere Chillout Meditative Works Soundscape Theme Soundtrack 003','http://www.jamendo.com/es/track/1020940','','','46','http://mp3l.jamendo.com/?trackid=1020940&format=mp31&u=0');
UPDATE track SET album_id='120037' WHERE id='1020940';
UPDATE track SET text='' WHERE id='1020940';
INSERT INTO track VALUES('1020941','Ambient Atmosphere Chillout Meditative Works Soundscape Theme Soundtrack 004','http://www.jamendo.com/es/track/1020941','','','47','http://mp3l.jamendo.com/?trackid=1020941&format=mp31&u=0');
UPDATE track SET album_id='120037' WHERE id='1020941';
UPDATE track SET text='' WHERE id='1020941';
INSERT INTO track VALUES('1020871','Ambient Atmosphere Chillout Meditative Works Soundscape Theme Soundtrack 005','http://www.jamendo.com/es/track/1020871','','','48','http://mp3l.jamendo.com/?trackid=1020871&format=mp31&u=0');
UPDATE track SET album_id='120037' WHERE id='1020871';
UPDATE track SET text='' WHERE id='1020871';
INSERT INTO track VALUES('1020942','Ambient Atmosphere Chillout Meditative Works Soundscape Theme Soundtrack 006','http://www.jamendo.com/es/track/1020942','','','48','http://mp3l.jamendo.com/?trackid=1020942&format=mp31&u=0');
UPDATE track SET album_id='120037' WHERE id='1020942';
UPDATE track SET text='' WHERE id='1020942';
INSERT INTO track VALUES('1020939','Ambient Atmosphere Chillout Meditative Works Soundscape Theme Soundtrack 007','http://www.jamendo.com/es/track/1020939','','','46','http://mp3l.jamendo.com/?trackid=1020939&format=mp31&u=0');
UPDATE track SET album_id='120037' WHERE id='1020939';
UPDATE track SET text='' WHERE id='1020939';
INSERT INTO track VALUES('1020870','Ambient Atmosphere Chillout Meditative Works Soundscape Theme Soundtrack 009','http://www.jamendo.com/es/track/1020870','','','46','http://mp3l.jamendo.com/?trackid=1020870&format=mp31&u=0');
UPDATE track SET album_id='120037' WHERE id='1020870';
UPDATE track SET text='' WHERE id='1020870';
INSERT INTO track VALUES('1020951','Ambient Atmosphere Chillout Meditative Works Soundscape Theme Soundtrack 001','http://www.jamendo.com/es/track/1020951','','','48','http://mp3l.jamendo.com/?trackid=1020951&format=mp31&u=0');
UPDATE track SET album_id='120037' WHERE id='1020951';
UPDATE track SET text='' WHERE id='1020951';
INSERT INTO track VALUES('1020953','Ambient Atmosphere Chillout Meditative Works Soundscape Theme Soundtrack 008','http://www.jamendo.com/es/track/1020953','','','48','http://mp3l.jamendo.com/?trackid=1020953&format=mp31&u=0');
UPDATE track SET album_id='120037' WHERE id='1020953';
UPDATE track SET text='' WHERE id='1020953';
INSERT INTO track VALUES('1020954','Ambient Atmosphere Chillout Meditative Works Soundscape Theme Soundtrack 010','http://www.jamendo.com/es/track/1020954','','','48','http://mp3l.jamendo.com/?trackid=1020954&format=mp31&u=0');
UPDATE track SET album_id='120037' WHERE id='1020954';
UPDATE track SET text='' WHERE id='1020954';
INSERT INTO album VALUES('120039','Ambient Atmosphere Chillout Epic Skies Soundscape Theme Soundtrack Album n°177','http://www.jamendo.com/es/album/120039','http://imgjam.com/albums/s120/120039/covers/1.100.jpg','3','431');
UPDATE album SET artist_id='420766' WHERE id='120039';
INSERT INTO track VALUES('1020946','Ambient Atmosphere Chillout Epic Skies Soundscape Theme Soundtrack 001','http://www.jamendo.com/es/track/1020946','','','47','http://mp3l.jamendo.com/?trackid=1020946&format=mp31&u=0');
UPDATE track SET album_id='120039' WHERE id='1020946';
UPDATE track SET text='' WHERE id='1020946';
INSERT INTO track VALUES('1020943','Ambient Atmosphere Chillout Epic Skies Soundscape Theme Soundtrack 002','http://www.jamendo.com/es/track/1020943','','','48','http://mp3l.jamendo.com/?trackid=1020943&format=mp31&u=0');
UPDATE track SET album_id='120039' WHERE id='1020943';
UPDATE track SET text='' WHERE id='1020943';
INSERT INTO track VALUES('1020944','Ambient Atmosphere Chillout Epic Skies Soundscape Theme Soundtrack 003','http://www.jamendo.com/es/track/1020944','','','50','http://mp3l.jamendo.com/?trackid=1020944&format=mp31&u=0');
UPDATE track SET album_id='120039' WHERE id='1020944';
UPDATE track SET text='' WHERE id='1020944';
INSERT INTO track VALUES('1020945','Ambient Atmosphere Chillout Epic Skies Soundscape Theme Soundtrack 004','http://www.jamendo.com/es/track/1020945','','','49','http://mp3l.jamendo.com/?trackid=1020945&format=mp31&u=0');
UPDATE track SET album_id='120039' WHERE id='1020945';
UPDATE track SET text='' WHERE id='1020945';
INSERT INTO track VALUES('1020952','Ambient Atmosphere Chillout Epic Skies Soundscape Theme Soundtrack 005','http://www.jamendo.com/es/track/1020952','','','47','http://mp3l.jamendo.com/?trackid=1020952&format=mp31&u=0');
UPDATE track SET album_id='120039' WHERE id='1020952';
UPDATE track SET text='' WHERE id='1020952';
INSERT INTO track VALUES('1020947','Ambient Atmosphere Chillout Epic Skies Soundscape Theme Soundtrack 006','http://www.jamendo.com/es/track/1020947','','','46','http://mp3l.jamendo.com/?trackid=1020947&format=mp31&u=0');
UPDATE track SET album_id='120039' WHERE id='1020947';
UPDATE track SET text='' WHERE id='1020947';
INSERT INTO track VALUES('1020948','Ambient Atmosphere Chillout Epic Skies Soundscape Theme Soundtrack 007','http://www.jamendo.com/es/track/1020948','','','47','http://mp3l.jamendo.com/?trackid=1020948&format=mp31&u=0');
UPDATE track SET album_id='120039' WHERE id='1020948';
UPDATE track SET text='' WHERE id='1020948';
INSERT INTO track VALUES('1020949','Ambient Atmosphere Chillout Epic Skies Soundscape Theme Soundtrack 008','http://www.jamendo.com/es/track/1020949','','','48','http://mp3l.jamendo.com/?trackid=1020949&format=mp31&u=0');
UPDATE track SET album_id='120039' WHERE id='1020949';
UPDATE track SET text='' WHERE id='1020949';
INSERT INTO track VALUES('1020950','Ambient Atmosphere Chillout Epic Skies Soundscape Theme Soundtrack 009','http://www.jamendo.com/es/track/1020950','','','49','http://mp3l.jamendo.com/?trackid=1020950&format=mp31&u=0');
UPDATE track SET album_id='120039' WHERE id='1020950';
UPDATE track SET text='' WHERE id='1020950';
INSERT INTO album VALUES('120041','Ambient Atmosphere Chillout Sunrise Session Soundscape Theme Soundtrack Album n°176','http://www.jamendo.com/es/album/120041','http://imgjam.com/albums/s120/120041/covers/1.100.jpg','3','391');
UPDATE album SET artist_id='420766' WHERE id='120041';
INSERT INTO track VALUES('1020977','Ambient Atmosphere Chillout Sunrise Session Soundscape Theme Soundtrack 001','http://www.jamendo.com/es/track/1020977','','','47','http://mp3l.jamendo.com/?trackid=1020977&format=mp31&u=0');
UPDATE track SET album_id='120041' WHERE id='1020977';
UPDATE track SET text='' WHERE id='1020977';
INSERT INTO track VALUES('1020982','Ambient Atmosphere Chillout Sunrise Session Soundscape Theme Soundtrack 002','http://www.jamendo.com/es/track/1020982','','','49','http://mp3l.jamendo.com/?trackid=1020982&format=mp31&u=0');
UPDATE track SET album_id='120041' WHERE id='1020982';
UPDATE track SET text='' WHERE id='1020982';
INSERT INTO track VALUES('1020983','Ambient Atmosphere Chillout Sunrise Session Soundscape Theme Soundtrack 003','http://www.jamendo.com/es/track/1020983','','','52','http://mp3l.jamendo.com/?trackid=1020983&format=mp31&u=0');
UPDATE track SET album_id='120041' WHERE id='1020983';
UPDATE track SET text='' WHERE id='1020983';
INSERT INTO track VALUES('1020984','Ambient Atmosphere Chillout Sunrise Session Soundscape Theme Soundtrack 004','http://www.jamendo.com/es/track/1020984','','','48','http://mp3l.jamendo.com/?trackid=1020984&format=mp31&u=0');
UPDATE track SET album_id='120041' WHERE id='1020984';
UPDATE track SET text='' WHERE id='1020984';
INSERT INTO track VALUES('1020981','Ambient Atmosphere Chillout Sunrise Session Soundscape Theme Soundtrack 005','http://www.jamendo.com/es/track/1020981','','','47','http://mp3l.jamendo.com/?trackid=1020981&format=mp31&u=0');
UPDATE track SET album_id='120041' WHERE id='1020981';
UPDATE track SET text='' WHERE id='1020981';
INSERT INTO track VALUES('1020978','Ambient Atmosphere Chillout Sunrise Session Soundscape Theme Soundtrack 006','http://www.jamendo.com/es/track/1020978','','','50','http://mp3l.jamendo.com/?trackid=1020978&format=mp31&u=0');
UPDATE track SET album_id='120041' WHERE id='1020978';
UPDATE track SET text='' WHERE id='1020978';
INSERT INTO track VALUES('1020979','Ambient Atmosphere Chillout Sunrise Session Soundscape Theme Soundtrack 007','http://www.jamendo.com/es/track/1020979','','','48','http://mp3l.jamendo.com/?trackid=1020979&format=mp31&u=0');
UPDATE track SET album_id='120041' WHERE id='1020979';
UPDATE track SET text='' WHERE id='1020979';
INSERT INTO track VALUES('1020980','Ambient Atmosphere Chillout Sunrise Session Soundscape Theme Soundtrack 008','http://www.jamendo.com/es/track/1020980','','','50','http://mp3l.jamendo.com/?trackid=1020980&format=mp31&u=0');
UPDATE track SET album_id='120041' WHERE id='1020980';
UPDATE track SET text='' WHERE id='1020980';
INSERT INTO album VALUES('120043','Ambient Atmosphere Corporate Business Innovations Audio Logo Signet Intro Opener Album n°178','http://www.jamendo.com/es/album/120043','http://imgjam.com/albums/s120/120043/covers/1.100.jpg','3','335');
UPDATE album SET artist_id='420766' WHERE id='120043';
INSERT INTO track VALUES('1020993','Ambient Atmosphere Corporate Business Innovations Audio Logo 001','http://www.jamendo.com/es/track/1020993','','','13','http://mp3l.jamendo.com/?trackid=1020993&format=mp31&u=0');
UPDATE track SET album_id='120043' WHERE id='1020993';
UPDATE track SET text='' WHERE id='1020993';
INSERT INTO track VALUES('1021008','Ambient Atmosphere Corporate Business Innovations Audio Logo 002','http://www.jamendo.com/es/track/1021008','','','13','http://mp3l.jamendo.com/?trackid=1021008&format=mp31&u=0');
UPDATE track SET album_id='120043' WHERE id='1021008';
UPDATE track SET text='' WHERE id='1021008';
INSERT INTO track VALUES('1020994','Ambient Atmosphere Corporate Business Innovations Audio Logo 003','http://www.jamendo.com/es/track/1020994','','','12','http://mp3l.jamendo.com/?trackid=1020994&format=mp31&u=0');
UPDATE track SET album_id='120043' WHERE id='1020994';
UPDATE track SET text='' WHERE id='1020994';
INSERT INTO track VALUES('1021006','Ambient Atmosphere Corporate Business Innovations Audio Logo 004','http://www.jamendo.com/es/track/1021006','','','15','http://mp3l.jamendo.com/?trackid=1021006&format=mp31&u=0');
UPDATE track SET album_id='120043' WHERE id='1021006';
UPDATE track SET text='' WHERE id='1021006';
INSERT INTO track VALUES('1020997','Ambient Atmosphere Corporate Business Innovations Audio Logo 005','http://www.jamendo.com/es/track/1020997','','','14','http://mp3l.jamendo.com/?trackid=1020997&format=mp31&u=0');
UPDATE track SET album_id='120043' WHERE id='1020997';
UPDATE track SET text='' WHERE id='1020997';
INSERT INTO track VALUES('1021005','Ambient Atmosphere Corporate Business Innovations Audio Logo 006','http://www.jamendo.com/es/track/1021005','','','9','http://mp3l.jamendo.com/?trackid=1021005&format=mp31&u=0');
UPDATE track SET album_id='120043' WHERE id='1021005';
UPDATE track SET text='' WHERE id='1021005';
INSERT INTO track VALUES('1020992','Ambient Atmosphere Corporate Business Innovations Audio Logo 007','http://www.jamendo.com/es/track/1020992','','','12','http://mp3l.jamendo.com/?trackid=1020992&format=mp31&u=0');
UPDATE track SET album_id='120043' WHERE id='1020992';
UPDATE track SET text='' WHERE id='1020992';
INSERT INTO track VALUES('1021011','Ambient Atmosphere Corporate Business Innovations Audio Logo 008','http://www.jamendo.com/es/track/1021011','','','10','http://mp3l.jamendo.com/?trackid=1021011&format=mp31&u=0');
UPDATE track SET album_id='120043' WHERE id='1021011';
UPDATE track SET text='' WHERE id='1021011';
INSERT INTO track VALUES('1021012','Ambient Atmosphere Corporate Business Innovations Audio Logo 009','http://www.jamendo.com/es/track/1021012','','','11','http://mp3l.jamendo.com/?trackid=1021012&format=mp31&u=0');
UPDATE track SET album_id='120043' WHERE id='1021012';
UPDATE track SET text='' WHERE id='1021012';
INSERT INTO track VALUES('1020990','Ambient Atmosphere Corporate Business Innovations Audio Logo 010','http://www.jamendo.com/es/track/1020990','','','12','http://mp3l.jamendo.com/?trackid=1020990&format=mp31&u=0');
UPDATE track SET album_id='120043' WHERE id='1020990';
UPDATE track SET text='' WHERE id='1020990';
INSERT INTO track VALUES('1020989','Ambient Atmosphere Corporate Business Innovations Audio Logo 011','http://www.jamendo.com/es/track/1020989','','','14','http://mp3l.jamendo.com/?trackid=1020989&format=mp31&u=0');
UPDATE track SET album_id='120043' WHERE id='1020989';
UPDATE track SET text='' WHERE id='1020989';
INSERT INTO track VALUES('1021003','Ambient Atmosphere Corporate Business Innovations Audio Logo 012','http://www.jamendo.com/es/track/1021003','','','13','http://mp3l.jamendo.com/?trackid=1021003&format=mp31&u=0');
UPDATE track SET album_id='120043' WHERE id='1021003';
UPDATE track SET text='' WHERE id='1021003';
INSERT INTO track VALUES('1020995','Ambient Atmosphere Corporate Business Innovations Audio Logo 013','http://www.jamendo.com/es/track/1020995','','','10','http://mp3l.jamendo.com/?trackid=1020995&format=mp31&u=0');
UPDATE track SET album_id='120043' WHERE id='1020995';
UPDATE track SET text='' WHERE id='1020995';
INSERT INTO track VALUES('1021007','Ambient Atmosphere Corporate Business Innovations Audio Logo 014','http://www.jamendo.com/es/track/1021007','','','12','http://mp3l.jamendo.com/?trackid=1021007&format=mp31&u=0');
UPDATE track SET album_id='120043' WHERE id='1021007';
UPDATE track SET text='' WHERE id='1021007';
INSERT INTO track VALUES('1021002','Ambient Atmosphere Corporate Business Innovations Audio Logo 015','http://www.jamendo.com/es/track/1021002','','','13','http://mp3l.jamendo.com/?trackid=1021002&format=mp31&u=0');
UPDATE track SET album_id='120043' WHERE id='1021002';
UPDATE track SET text='' WHERE id='1021002';
INSERT INTO track VALUES('1021010','Ambient Atmosphere Corporate Business Innovations Audio Logo 016','http://www.jamendo.com/es/track/1021010','','','15','http://mp3l.jamendo.com/?trackid=1021010&format=mp31&u=0');
UPDATE track SET album_id='120043' WHERE id='1021010';
UPDATE track SET text='' WHERE id='1021010';
INSERT INTO track VALUES('1020999','Ambient Atmosphere Corporate Business Innovations Audio Logo 017','http://www.jamendo.com/es/track/1020999','','','12','http://mp3l.jamendo.com/?trackid=1020999&format=mp31&u=0');
UPDATE track SET album_id='120043' WHERE id='1020999';
UPDATE track SET text='' WHERE id='1020999';
INSERT INTO track VALUES('1021013','Ambient Atmosphere Corporate Business Innovations Audio Logo 018','http://www.jamendo.com/es/track/1021013','','','15','http://mp3l.jamendo.com/?trackid=1021013&format=mp31&u=0');
UPDATE track SET album_id='120043' WHERE id='1021013';
UPDATE track SET text='' WHERE id='1021013';
INSERT INTO track VALUES('1021001','Ambient Atmosphere Corporate Business Innovations Audio Logo 019','http://www.jamendo.com/es/track/1021001','','','15','http://mp3l.jamendo.com/?trackid=1021001&format=mp31&u=0');
UPDATE track SET album_id='120043' WHERE id='1021001';
UPDATE track SET text='' WHERE id='1021001';
INSERT INTO track VALUES('1020991','Ambient Atmosphere Corporate Business Innovations Audio Logo 020','http://www.jamendo.com/es/track/1020991','','','15','http://mp3l.jamendo.com/?trackid=1020991&format=mp31&u=0');
UPDATE track SET album_id='120043' WHERE id='1020991';
UPDATE track SET text='' WHERE id='1020991';
INSERT INTO track VALUES('1021004','Ambient Atmosphere Corporate Business Innovations Audio Logo 021','http://www.jamendo.com/es/track/1021004','','','15','http://mp3l.jamendo.com/?trackid=1021004&format=mp31&u=0');
UPDATE track SET album_id='120043' WHERE id='1021004';
UPDATE track SET text='' WHERE id='1021004';
INSERT INTO track VALUES('1020998','Ambient Atmosphere Corporate Business Innovations Audio Logo 022','http://www.jamendo.com/es/track/1020998','','','13','http://mp3l.jamendo.com/?trackid=1020998&format=mp31&u=0');
UPDATE track SET album_id='120043' WHERE id='1020998';
UPDATE track SET text='' WHERE id='1020998';
INSERT INTO track VALUES('1021009','Ambient Atmosphere Corporate Business Innovations Audio Logo 023','http://www.jamendo.com/es/track/1021009','','','13','http://mp3l.jamendo.com/?trackid=1021009&format=mp31&u=0');
UPDATE track SET album_id='120043' WHERE id='1021009';
UPDATE track SET text='' WHERE id='1021009';
INSERT INTO track VALUES('1021000','Ambient Atmosphere Corporate Business Innovations Audio Logo 024','http://www.jamendo.com/es/track/1021000','','','13','http://mp3l.jamendo.com/?trackid=1021000&format=mp31&u=0');
UPDATE track SET album_id='120043' WHERE id='1021000';
UPDATE track SET text='' WHERE id='1021000';
INSERT INTO track VALUES('1020996','Ambient Atmosphere Corporate Business Innovations Audio Logo 025','http://www.jamendo.com/es/track/1020996','','','12','http://mp3l.jamendo.com/?trackid=1020996&format=mp31&u=0');
UPDATE track SET album_id='120043' WHERE id='1020996';
UPDATE track SET text='' WHERE id='1020996';
INSERT INTO track VALUES('1020988','Ambient Atmosphere Corporate Business Innovations Audio Logo 026','http://www.jamendo.com/es/track/1020988','','','14','http://mp3l.jamendo.com/?trackid=1020988&format=mp31&u=0');
UPDATE track SET album_id='120043' WHERE id='1020988';
UPDATE track SET text='' WHERE id='1020988';
INSERT INTO album VALUES('120059','Ambient Atmospheric Beautiful Impulsive Motion Pictures Theme Soundtrack Album n°184 ','http://www.jamendo.com/es/album/120059','http://imgjam.com/albums/s120/120059/covers/1.100.jpg','3','115');
UPDATE album SET artist_id='420766' WHERE id='120059';
INSERT INTO track VALUES('1021124','Ambient Atmospheric Beautiful Emotional Expressive Impulsive Motion Pictures Theme Soundtrack','http://www.jamendo.com/es/track/1021124','','','62','http://mp3l.jamendo.com/?trackid=1021124&format=mp31&u=0');
UPDATE track SET album_id='120059' WHERE id='1021124';
UPDATE track SET text='' WHERE id='1021124';
INSERT INTO track VALUES('1021125','Ambient Atmospheric Beautiful Emotional Expressive Motion Pictures Intro Opener Trailer Theme','http://www.jamendo.com/es/track/1021125','','','17','http://mp3l.jamendo.com/?trackid=1021125&format=mp31&u=0');
UPDATE track SET album_id='120059' WHERE id='1021125';
UPDATE track SET text='' WHERE id='1021125';
INSERT INTO track VALUES('1021126','Ambient Atmospheric Beautiful Emotional Majestic Expressive Motion Pictures Intro Opener Trailer Theme','http://www.jamendo.com/es/track/1021126','','','19','http://mp3l.jamendo.com/?trackid=1021126&format=mp31&u=0');
UPDATE track SET album_id='120059' WHERE id='1021126';
UPDATE track SET text='' WHERE id='1021126';
INSERT INTO track VALUES('1021127','Ambient Atmospheric Beautiful Emotional Sentimental Expressive Motion Pictures Intro Opener Trailer Theme','http://www.jamendo.com/es/track/1021127','','','17','http://mp3l.jamendo.com/?trackid=1021127&format=mp31&u=0');
UPDATE track SET album_id='120059' WHERE id='1021127';
UPDATE track SET text='' WHERE id='1021127';
INSERT INTO album VALUES('120060','Ambient Atmospheric Beautiful Peaceful Motion Pictures Intro Opener Jingle Soundtrack Album n°179','http://www.jamendo.com/es/album/120060','http://imgjam.com/albums/s120/120060/covers/1.100.jpg','3','353');
UPDATE album SET artist_id='420766' WHERE id='120060';
INSERT INTO track VALUES('1021137','Ambient Atmospheric Beautiful Peaceful Emotional Expressive Motion Pictures Intro Opener Trailer Theme','http://www.jamendo.com/es/track/1021137','','','20','http://mp3l.jamendo.com/?trackid=1021137&format=mp31&u=0');
UPDATE track SET album_id='120060' WHERE id='1021137';
UPDATE track SET text='' WHERE id='1021137';
INSERT INTO track VALUES('1021128','Ambient Atmospheric Beautiful Peaceful Lovely Slow Motion Pictures Intro Opener Trailer Theme','http://www.jamendo.com/es/track/1021128','','','20','http://mp3l.jamendo.com/?trackid=1021128&format=mp31&u=0');
UPDATE track SET album_id='120060' WHERE id='1021128';
UPDATE track SET text='' WHERE id='1021128';
INSERT INTO track VALUES('1021129','Ambient Atmospheric Beautiful Peaceful Lovely Magical Expressive Motion Pictures Theme Soundtrack','http://www.jamendo.com/es/track/1021129','','','41','http://mp3l.jamendo.com/?trackid=1021129&format=mp31&u=0');
UPDATE track SET album_id='120060' WHERE id='1021129';
UPDATE track SET text='' WHERE id='1021129';
INSERT INTO track VALUES('1021130','Ambient Atmospheric Beautiful Peaceful Expressive Slow Motion Pictures Theme Soundtrack','http://www.jamendo.com/es/track/1021130','','','44','http://mp3l.jamendo.com/?trackid=1021130&format=mp31&u=0');
UPDATE track SET album_id='120060' WHERE id='1021130';
UPDATE track SET text='' WHERE id='1021130';
INSERT INTO track VALUES('1021131','Ambient Atmospheric Beautiful Peaceful Expressive Impulsive Motion Pictures Theme Soundtrack','http://www.jamendo.com/es/track/1021131','','','47','http://mp3l.jamendo.com/?trackid=1021131&format=mp31&u=0');
UPDATE track SET album_id='120060' WHERE id='1021131';
UPDATE track SET text='' WHERE id='1021131';
INSERT INTO track VALUES('1021132','Ambient Atmospheric Beautiful Peaceful Emotional Slow Motion Pictures Intro Opener Trailer Theme','http://www.jamendo.com/es/track/1021132','','','23','http://mp3l.jamendo.com/?trackid=1021132&format=mp31&u=0');
UPDATE track SET album_id='120060' WHERE id='1021132';
UPDATE track SET text='' WHERE id='1021132';
INSERT INTO track VALUES('1021133','Ambient Atmospheric Beautiful Peaceful Emotional Magical Motion Pictures Theme Soundtrack','http://www.jamendo.com/es/track/1021133','','','36','http://mp3l.jamendo.com/?trackid=1021133&format=mp31&u=0');
UPDATE track SET album_id='120060' WHERE id='1021133';
UPDATE track SET text='' WHERE id='1021133';
INSERT INTO track VALUES('1021134','Ambient Atmospheric Beautiful Peaceful Emotional Impressive Slow Motion Pictures Theme Soundtrack','http://www.jamendo.com/es/track/1021134','','','51','http://mp3l.jamendo.com/?trackid=1021134&format=mp31&u=0');
UPDATE track SET album_id='120060' WHERE id='1021134';
UPDATE track SET text='' WHERE id='1021134';
INSERT INTO track VALUES('1021135','Ambient Atmospheric Beautiful Peaceful Majestic Classical Slow Motion Pictures Theme Soundtrack','http://www.jamendo.com/es/track/1021135','','','48','http://mp3l.jamendo.com/?trackid=1021135&format=mp31&u=0');
UPDATE track SET album_id='120060' WHERE id='1021135';
UPDATE track SET text='' WHERE id='1021135';
INSERT INTO track VALUES('1021136','Ambient Atmospheric Beautiful Peaceful Romantic Motion Pictures Intro Opener Trailer Theme','http://www.jamendo.com/es/track/1021136','','','23','http://mp3l.jamendo.com/?trackid=1021136&format=mp31&u=0');
UPDATE track SET album_id='120060' WHERE id='1021136';
UPDATE track SET text='' WHERE id='1021136';
INSERT INTO album VALUES('120063','Ambient Atmospheric Beautiful Happy Motion Pictures Intro Opener Jingle Theme Soundtrack Album n°180','http://www.jamendo.com/es/album/120063','http://imgjam.com/albums/s120/120063/covers/1.100.jpg','3','457','electronic');
UPDATE album SET artist_id='420766' WHERE id='120063';
INSERT INTO track VALUES('1021138','Ambient Atmospheric Exquisite Beautiful Peaceful Classical Happy Motion Pictures Theme Soundtrack','http://www.jamendo.com/es/track/1021138','','','48','http://mp3l.jamendo.com/?trackid=1021138&format=mp31&u=0');
UPDATE track SET album_id='120063' WHERE id='1021138';
UPDATE track SET text='' WHERE id='1021138';
INSERT INTO track VALUES('1021146','Ambient Atmospheric Exquisite Beautiful Peaceful Emotional Expressive Motion Pictures Theme Soundtrack','http://www.jamendo.com/es/track/1021146','','','78','http://mp3l.jamendo.com/?trackid=1021146&format=mp31&u=0');
UPDATE track SET album_id='120063' WHERE id='1021146';
UPDATE track SET text='' WHERE id='1021146';
INSERT INTO track VALUES('1021139','Ambient Atmospheric Exquisite Beautiful Sad Romantic Heartbroken Motion Pictures Theme Soundtrack','http://www.jamendo.com/es/track/1021139','','','39','http://mp3l.jamendo.com/?trackid=1021139&format=mp31&u=0');
UPDATE track SET album_id='120063' WHERE id='1021139';
UPDATE track SET text='' WHERE id='1021139';
INSERT INTO track VALUES('1021140','Ambient Atmospheric Exquisite Beautiful Romantic Emotional Classical Motion Pictures Theme Soundtrack','http://www.jamendo.com/es/track/1021140','','','71','http://mp3l.jamendo.com/?trackid=1021140&format=mp31&u=0');
UPDATE track SET album_id='120063' WHERE id='1021140';
UPDATE track SET text='' WHERE id='1021140';
INSERT INTO track VALUES('1021141','Ambient Atmospheric Exquisite Beautiful Peaceful Romantic Lovely Motion Pictures Theme Soundtrack','http://www.jamendo.com/es/track/1021141','','','46','http://mp3l.jamendo.com/?trackid=1021141&format=mp31&u=0');
UPDATE track SET album_id='120063' WHERE id='1021141';
UPDATE track SET text='' WHERE id='1021141';
INSERT INTO track VALUES('1021142','Ambient Atmospheric Exquisite Beautiful Peaceful Romantic Classical Motion Pictures Theme Soundtrack','http://www.jamendo.com/es/track/1021142','','','85','http://mp3l.jamendo.com/?trackid=1021142&format=mp31&u=0');
UPDATE track SET album_id='120063' WHERE id='1021142';
UPDATE track SET text='' WHERE id='1021142';
INSERT INTO track VALUES('1021143','Ambient Atmospheric Exquisite Beautiful Peaceful Happy Motion Pictures Intro Opener Trailer Theme','http://www.jamendo.com/es/track/1021143','','','13','http://mp3l.jamendo.com/?trackid=1021143&format=mp31&u=0');
UPDATE track SET album_id='120063' WHERE id='1021143';
UPDATE track SET text='' WHERE id='1021143';
INSERT INTO track VALUES('1021144','Ambient Atmospheric Exquisite Beautiful Peaceful Expressive Motion Pictures Intro Opener Trailer Theme','http://www.jamendo.com/es/track/1021144','','','24','http://mp3l.jamendo.com/?trackid=1021144&format=mp31&u=0');
UPDATE track SET album_id='120063' WHERE id='1021144';
UPDATE track SET text='' WHERE id='1021144';
INSERT INTO track VALUES('1021145','Ambient Atmospheric Exquisite Beautiful Peaceful Emotional Motion Pictures Theme Soundtrack','http://www.jamendo.com/es/track/1021145','','','53','http://mp3l.jamendo.com/?trackid=1021145&format=mp31&u=0');
UPDATE track SET album_id='120063' WHERE id='1021145';
UPDATE track SET text='' WHERE id='1021145';
INSERT INTO album VALUES('120068','Ambient Atmospheric Stunning Happy Piano Motion Pictures Intro Opener Jingle Soundtrack Album n°183','http://www.jamendo.com/es/album/120068','http://imgjam.com/albums/s120/120068/covers/1.100.jpg','3','591','electronic');
UPDATE album SET artist_id='420766' WHERE id='120068';
INSERT INTO track VALUES('1021215','Ambient Atmospheric Stunning Beautiful Peaceful Lovely Expressive Motion Pictures Theme Soundtrack','http://www.jamendo.com/es/track/1021215','','','37','http://mp3l.jamendo.com/?trackid=1021215&format=mp31&u=0');
UPDATE track SET album_id='120068' WHERE id='1021215';
UPDATE track SET text='' WHERE id='1021215';
INSERT INTO track VALUES('1021216','Ambient Atmospheric Stunning Beautiful Peaceful Lovely Motion Pictures Intro Opener Trailer Theme','http://www.jamendo.com/es/track/1021216','','','24','http://mp3l.jamendo.com/?trackid=1021216&format=mp31&u=0');
UPDATE track SET album_id='120068' WHERE id='1021216';
UPDATE track SET text='' WHERE id='1021216';
INSERT INTO track VALUES('1021217','Ambient Atmospheric Stunning Beautiful Emotional Expressive Impulsive Motion Pictures Intro Opener Trailer Theme','http://www.jamendo.com/es/track/1021217','','','18','http://mp3l.jamendo.com/?trackid=1021217&format=mp31&u=0');
UPDATE track SET album_id='120068' WHERE id='1021217';
UPDATE track SET text='' WHERE id='1021217';
INSERT INTO track VALUES('1021218','Ambient Atmospheric Stunning Beautiful Peaceful Magical Expressive Motion Pictures Theme Soundtrack','http://www.jamendo.com/es/track/1021218','','','34','http://mp3l.jamendo.com/?trackid=1021218&format=mp31&u=0');
UPDATE track SET album_id='120068' WHERE id='1021218';
UPDATE track SET text='' WHERE id='1021218';
INSERT INTO track VALUES('1021219','Ambient Atmospheric Stunning Beautiful Peaceful Majestic Expressive Slow Motion Pictures Theme Soundtrack','http://www.jamendo.com/es/track/1021219','','','86','http://mp3l.jamendo.com/?trackid=1021219&format=mp31&u=0');
UPDATE track SET album_id='120068' WHERE id='1021219';
UPDATE track SET text='' WHERE id='1021219';
INSERT INTO track VALUES('1021220','Ambient Atmospheric Stunning Beautiful Emotional Expressive Motion Pictures Intro Opener Trailer Theme','http://www.jamendo.com/es/track/1021220','','','41','http://mp3l.jamendo.com/?trackid=1021220&format=mp31&u=0');
UPDATE track SET album_id='120068' WHERE id='1021220';
UPDATE track SET text='' WHERE id='1021220';
INSERT INTO track VALUES('1021221','Ambient Atmospheric Stunning Beautiful Emotional Magical Expressive Motion Pictures Theme Soundtrack','http://www.jamendo.com/es/track/1021221','','','62','http://mp3l.jamendo.com/?trackid=1021221&format=mp31&u=0');
UPDATE track SET album_id='120068' WHERE id='1021221';
UPDATE track SET text='' WHERE id='1021221';
INSERT INTO track VALUES('1021222','Ambient Atmospheric Stunning Beautiful Emotional Classical Motion Pictures Theme Soundtrack','http://www.jamendo.com/es/track/1021222','','','42','http://mp3l.jamendo.com/?trackid=1021222&format=mp31&u=0');
UPDATE track SET album_id='120068' WHERE id='1021222';
UPDATE track SET text='' WHERE id='1021222';
INSERT INTO track VALUES('1021223','Ambient Atmospheric Stunning Beautiful Emotional Sentimental Motion Pictures Theme Soundtrack','http://www.jamendo.com/es/track/1021223','','','31','http://mp3l.jamendo.com/?trackid=1021223&format=mp31&u=0');
UPDATE track SET album_id='120068' WHERE id='1021223';
UPDATE track SET text='' WHERE id='1021223';
INSERT INTO track VALUES('1021224','Ambient Atmospheric Stunning Beautiful Majestic Peaceful Lovely Motion Pictures Theme Soundtrack','http://www.jamendo.com/es/track/1021224','','','39','http://mp3l.jamendo.com/?trackid=1021224&format=mp31&u=0');
UPDATE track SET album_id='120068' WHERE id='1021224';
UPDATE track SET text='' WHERE id='1021224';
INSERT INTO track VALUES('1021225','Ambient Atmospheric Stunning Beautiful Peaceful Emotional Expressive Motion Pictures Theme Soundtrack','http://www.jamendo.com/es/track/1021225','','','76','http://mp3l.jamendo.com/?trackid=1021225&format=mp31&u=0');
UPDATE track SET album_id='120068' WHERE id='1021225';
UPDATE track SET text='' WHERE id='1021225';
INSERT INTO track VALUES('1021226','Ambient Atmospheric Stunning Beautiful Peaceful Emotional Lovely Motion Pictures Theme Soundtrack','http://www.jamendo.com/es/track/1021226','','','37','http://mp3l.jamendo.com/?trackid=1021226&format=mp31&u=0');
UPDATE track SET album_id='120068' WHERE id='1021226';
UPDATE track SET text='' WHERE id='1021226';
INSERT INTO track VALUES('1021227','Ambient Atmospheric Stunning Beautiful Peaceful Happy Motion Pictures Intro Opener Trailer Theme','http://www.jamendo.com/es/track/1021227','','','21','http://mp3l.jamendo.com/?trackid=1021227&format=mp31&u=0');
UPDATE track SET album_id='120068' WHERE id='1021227';
UPDATE track SET text='' WHERE id='1021227';
INSERT INTO track VALUES('1021228','Ambient Atmospheric Stunning Beautiful Emotional Sentimental Motion Pictures Intro Opener Trailer Theme','http://www.jamendo.com/es/track/1021228','','','17','http://mp3l.jamendo.com/?trackid=1021228&format=mp31&u=0');
UPDATE track SET album_id='120068' WHERE id='1021228';
UPDATE track SET text='' WHERE id='1021228';
INSERT INTO track VALUES('1021229','Ambient Atmospheric Stunning Beautiful Peaceful Romantic Motion Pictures Intro Opener Trailer Theme','http://www.jamendo.com/es/track/1021229','','','26','http://mp3l.jamendo.com/?trackid=1021229&format=mp31&u=0');
UPDATE track SET album_id='120068' WHERE id='1021229';
UPDATE track SET text='' WHERE id='1021229';
INSERT INTO album VALUES('120072','Ambient Emotional Sentimental Magical Keys Atmosphere Intro Opener Jingle Theme Album n°181','http://www.jamendo.com/es/album/120072','http://imgjam.com/albums/s120/120072/covers/1.100.jpg','3','390');
UPDATE album SET artist_id='420766' WHERE id='120072';
INSERT INTO track VALUES('1021252','Ambient Emotional Sentimental Magical Keys Atmosphere Intro Opener Trailer Theme 001','http://www.jamendo.com/es/track/1021252','','','19','http://mp3l.jamendo.com/?trackid=1021252&format=mp31&u=0');
UPDATE track SET album_id='120072' WHERE id='1021252';
UPDATE track SET text='' WHERE id='1021252';
INSERT INTO track VALUES('1021240','Ambient Emotional Sentimental Magical Keys Atmosphere Intro Opener Trailer Theme 002','http://www.jamendo.com/es/track/1021240','','','25','http://mp3l.jamendo.com/?trackid=1021240&format=mp31&u=0');
UPDATE track SET album_id='120072' WHERE id='1021240';
UPDATE track SET text='' WHERE id='1021240';
INSERT INTO track VALUES('1021239','Ambient Emotional Sentimental Magical Keys Atmosphere Intro Opener Trailer Theme 003','http://www.jamendo.com/es/track/1021239','','','17','http://mp3l.jamendo.com/?trackid=1021239&format=mp31&u=0');
UPDATE track SET album_id='120072' WHERE id='1021239';
UPDATE track SET text='' WHERE id='1021239';
INSERT INTO track VALUES('1021238','Ambient Emotional Sentimental Magical Keys Atmosphere Intro Opener Trailer Theme 004','http://www.jamendo.com/es/track/1021238','','','19','http://mp3l.jamendo.com/?trackid=1021238&format=mp31&u=0');
UPDATE track SET album_id='120072' WHERE id='1021238';
UPDATE track SET text='' WHERE id='1021238';
INSERT INTO track VALUES('1021243','Ambient Emotional Sentimental Magical Keys Atmosphere Intro Opener Trailer Theme 005','http://www.jamendo.com/es/track/1021243','','','21','http://mp3l.jamendo.com/?trackid=1021243&format=mp31&u=0');
UPDATE track SET album_id='120072' WHERE id='1021243';
UPDATE track SET text='' WHERE id='1021243';
INSERT INTO track VALUES('1021236','Ambient Emotional Sentimental Magical Keys Atmosphere Intro Opener Trailer Theme 006','http://www.jamendo.com/es/track/1021236','','','19','http://mp3l.jamendo.com/?trackid=1021236&format=mp31&u=0');
UPDATE track SET album_id='120072' WHERE id='1021236';
UPDATE track SET text='' WHERE id='1021236';
INSERT INTO track VALUES('1021235','Ambient Emotional Sentimental Magical Keys Atmosphere Intro Opener Trailer Theme 007','http://www.jamendo.com/es/track/1021235','','','13','http://mp3l.jamendo.com/?trackid=1021235&format=mp31&u=0');
UPDATE track SET album_id='120072' WHERE id='1021235';
UPDATE track SET text='' WHERE id='1021235';
INSERT INTO track VALUES('1021242','Ambient Emotional Sentimental Magical Keys Atmosphere Intro Opener Trailer Theme 008','http://www.jamendo.com/es/track/1021242','','','21','http://mp3l.jamendo.com/?trackid=1021242&format=mp31&u=0');
UPDATE track SET album_id='120072' WHERE id='1021242';
UPDATE track SET text='' WHERE id='1021242';
INSERT INTO track VALUES('1021245','Ambient Emotional Sentimental Magical Keys Atmosphere Intro Opener Trailer Theme 009','http://www.jamendo.com/es/track/1021245','','','21','http://mp3l.jamendo.com/?trackid=1021245&format=mp31&u=0');
UPDATE track SET album_id='120072' WHERE id='1021245';
UPDATE track SET text='' WHERE id='1021245';
INSERT INTO track VALUES('1021254','Ambient Emotional Sentimental Magical Keys Atmosphere Intro Opener Trailer Theme 010','http://www.jamendo.com/es/track/1021254','','','31','http://mp3l.jamendo.com/?trackid=1021254&format=mp31&u=0');
UPDATE track SET album_id='120072' WHERE id='1021254';
UPDATE track SET text='' WHERE id='1021254';
INSERT INTO track VALUES('1021237','Ambient Emotional Sentimental Magical Keys Atmosphere Intro Opener Trailer Theme 011','http://www.jamendo.com/es/track/1021237','','','14','http://mp3l.jamendo.com/?trackid=1021237&format=mp31&u=0');
UPDATE track SET album_id='120072' WHERE id='1021237';
UPDATE track SET text='' WHERE id='1021237';
INSERT INTO track VALUES('1021241','Ambient Emotional Sentimental Magical Keys Atmosphere Intro Opener Trailer Theme 012','http://www.jamendo.com/es/track/1021241','','','14','http://mp3l.jamendo.com/?trackid=1021241&format=mp31&u=0');
UPDATE track SET album_id='120072' WHERE id='1021241';
UPDATE track SET text='' WHERE id='1021241';
INSERT INTO track VALUES('1021255','Ambient Emotional Sentimental Magical Keys Atmosphere Intro Opener Trailer Theme 013','http://www.jamendo.com/es/track/1021255','','','44','http://mp3l.jamendo.com/?trackid=1021255&format=mp31&u=0');
UPDATE track SET album_id='120072' WHERE id='1021255';
UPDATE track SET text='' WHERE id='1021255';
INSERT INTO track VALUES('1021256','Ambient Emotional Sentimental Magical Keys Atmosphere Intro Opener Trailer Theme 014','http://www.jamendo.com/es/track/1021256','','','23','http://mp3l.jamendo.com/?trackid=1021256&format=mp31&u=0');
UPDATE track SET album_id='120072' WHERE id='1021256';
UPDATE track SET text='' WHERE id='1021256';
INSERT INTO track VALUES('1021253','Ambient Emotional Sentimental Magical Keys Atmosphere Intro Opener Trailer Theme 015','http://www.jamendo.com/es/track/1021253','','','24','http://mp3l.jamendo.com/?trackid=1021253&format=mp31&u=0');
UPDATE track SET album_id='120072' WHERE id='1021253';
UPDATE track SET text='' WHERE id='1021253';
INSERT INTO track VALUES('1021234','Ambient Emotional Sentimental Magical Keys Atmosphere Intro Opener Trailer Theme 016','http://www.jamendo.com/es/track/1021234','','','41','http://mp3l.jamendo.com/?trackid=1021234&format=mp31&u=0');
UPDATE track SET album_id='120072' WHERE id='1021234';
UPDATE track SET text='' WHERE id='1021234';
INSERT INTO track VALUES('1021244','Ambient Emotional Sentimental Magical Keys Atmosphere Intro Opener Trailer Theme 017','http://www.jamendo.com/es/track/1021244','','','24','http://mp3l.jamendo.com/?trackid=1021244&format=mp31&u=0');
UPDATE track SET album_id='120072' WHERE id='1021244';
UPDATE track SET text='' WHERE id='1021244';
INSERT INTO album VALUES('120074','Ambient Futuristic Space Pioneers Technology Atmosphere Soundscape Theme Album n°182 ','http://www.jamendo.com/es/album/120074','http://imgjam.com/albums/s120/120074/covers/1.100.jpg','3','642','electronic');
UPDATE album SET artist_id='420766' WHERE id='120074';
INSERT INTO track VALUES('1021258','Ambient Futuristic Space Pioneers Technology Atmosphere Soundscape Theme 001','http://www.jamendo.com/es/track/1021258','','','45','http://mp3l.jamendo.com/?trackid=1021258&format=mp31&u=0');
UPDATE track SET album_id='120074' WHERE id='1021258';
UPDATE track SET text='' WHERE id='1021258';
INSERT INTO track VALUES('1021263','Ambient Futuristic Space Pioneers Technology Atmosphere Soundscape Theme 002','http://www.jamendo.com/es/track/1021263','','','48','http://mp3l.jamendo.com/?trackid=1021263&format=mp31&u=0');
UPDATE track SET album_id='120074' WHERE id='1021263';
UPDATE track SET text='' WHERE id='1021263';
INSERT INTO track VALUES('1021269','Ambient Futuristic Space Pioneers Technology Atmosphere Soundscape Theme 003','http://www.jamendo.com/es/track/1021269','','','46','http://mp3l.jamendo.com/?trackid=1021269&format=mp31&u=0');
UPDATE track SET album_id='120074' WHERE id='1021269';
UPDATE track SET text='' WHERE id='1021269';
INSERT INTO track VALUES('1021259','Ambient Futuristic Space Pioneers Technology Atmosphere Soundscape Theme 004','http://www.jamendo.com/es/track/1021259','','','45','http://mp3l.jamendo.com/?trackid=1021259&format=mp31&u=0');
UPDATE track SET album_id='120074' WHERE id='1021259';
UPDATE track SET text='' WHERE id='1021259';
INSERT INTO track VALUES('1021264','Ambient Futuristic Space Pioneers Technology Atmosphere Soundscape Theme 005','http://www.jamendo.com/es/track/1021264','','','45','http://mp3l.jamendo.com/?trackid=1021264&format=mp31&u=0');
UPDATE track SET album_id='120074' WHERE id='1021264';
UPDATE track SET text='' WHERE id='1021264';
INSERT INTO track VALUES('1021266','Ambient Futuristic Space Pioneers Technology Atmosphere Soundscape Theme 006','http://www.jamendo.com/es/track/1021266','','','45','http://mp3l.jamendo.com/?trackid=1021266&format=mp31&u=0');
UPDATE track SET album_id='120074' WHERE id='1021266';
UPDATE track SET text='' WHERE id='1021266';
INSERT INTO track VALUES('1021265','Ambient Futuristic Space Pioneers Technology Atmosphere Soundscape Theme 007','http://www.jamendo.com/es/track/1021265','','','46','http://mp3l.jamendo.com/?trackid=1021265&format=mp31&u=0');
UPDATE track SET album_id='120074' WHERE id='1021265';
UPDATE track SET text='' WHERE id='1021265';
INSERT INTO track VALUES('1021268','Ambient Futuristic Space Pioneers Technology Atmosphere Soundscape Theme 008','http://www.jamendo.com/es/track/1021268','','','46','http://mp3l.jamendo.com/?trackid=1021268&format=mp31&u=0');
UPDATE track SET album_id='120074' WHERE id='1021268';
UPDATE track SET text='' WHERE id='1021268';
INSERT INTO track VALUES('1021262','Ambient Futuristic Space Pioneers Technology Atmosphere Soundscape Theme 009','http://www.jamendo.com/es/track/1021262','','','46','http://mp3l.jamendo.com/?trackid=1021262&format=mp31&u=0');
UPDATE track SET album_id='120074' WHERE id='1021262';
UPDATE track SET text='' WHERE id='1021262';
INSERT INTO track VALUES('1021257','Ambient Futuristic Space Pioneers Technology Atmosphere Soundscape Theme 010','http://www.jamendo.com/es/track/1021257','','','47','http://mp3l.jamendo.com/?trackid=1021257&format=mp31&u=0');
UPDATE track SET album_id='120074' WHERE id='1021257';
UPDATE track SET text='' WHERE id='1021257';
INSERT INTO track VALUES('1021267','Ambient Futuristic Space Pioneers Technology Atmosphere Soundscape Theme 011','http://www.jamendo.com/es/track/1021267','','','47','http://mp3l.jamendo.com/?trackid=1021267&format=mp31&u=0');
UPDATE track SET album_id='120074' WHERE id='1021267';
UPDATE track SET text='' WHERE id='1021267';
INSERT INTO track VALUES('1021270','Ambient Futuristic Space Pioneers Technology Atmosphere Soundscape Theme 012','http://www.jamendo.com/es/track/1021270','','','45','http://mp3l.jamendo.com/?trackid=1021270&format=mp31&u=0');
UPDATE track SET album_id='120074' WHERE id='1021270';
UPDATE track SET text='' WHERE id='1021270';
INSERT INTO track VALUES('1021261','Ambient Futuristic Space Pioneers Technology Atmosphere Soundscape Theme 013','http://www.jamendo.com/es/track/1021261','','','46','http://mp3l.jamendo.com/?trackid=1021261&format=mp31&u=0');
UPDATE track SET album_id='120074' WHERE id='1021261';
UPDATE track SET text='' WHERE id='1021261';
INSERT INTO track VALUES('1021260','Ambient Futuristic Space Pioneers Technology Atmosphere Soundscape Theme 014','http://www.jamendo.com/es/track/1021260','','','45','http://mp3l.jamendo.com/?trackid=1021260&format=mp31&u=0');
UPDATE track SET album_id='120074' WHERE id='1021260';
UPDATE track SET text='' WHERE id='1021260';
INSERT INTO album VALUES('120080','Beautiful Happy Emotion Yoga Chillout Relax Wellness Spa Background Atmosphere Theme Album n°185 ','http://www.jamendo.com/es/album/120080','http://imgjam.com/albums/s120/120080/covers/1.100.jpg','3','525');
UPDATE album SET artist_id='420766' WHERE id='120080';
INSERT INTO track VALUES('1021328','Beautiful Happy Emotion Commercial Yoga Chillout Relax Wellness Spa Background Atmosphere Theme 001','http://www.jamendo.com/es/track/1021328','','','149','http://mp3l.jamendo.com/?trackid=1021328&format=mp31&u=0');
UPDATE track SET album_id='120080' WHERE id='1021328';
UPDATE track SET text='' WHERE id='1021328';
INSERT INTO track VALUES('1021332','Beautiful Happy Emotion Commercial Yoga Chillout Relax Wellness Spa Background Atmosphere Theme 009','http://www.jamendo.com/es/track/1021332','','','90','http://mp3l.jamendo.com/?trackid=1021332&format=mp31&u=0');
UPDATE track SET album_id='120080' WHERE id='1021332';
UPDATE track SET text='' WHERE id='1021332';
INSERT INTO track VALUES('1021334','Beautiful Happy Emotion Commercial Yoga Chillout Relax Wellness Spa Background Atmosphere Theme 010','http://www.jamendo.com/es/track/1021334','','','122','http://mp3l.jamendo.com/?trackid=1021334&format=mp31&u=0');
UPDATE track SET album_id='120080' WHERE id='1021334';
UPDATE track SET text='' WHERE id='1021334';
INSERT INTO track VALUES('1021333','Beautiful Happy Emotion Commercial Yoga Chillout Relax Wellness Spa Background Atmosphere Theme 011','http://www.jamendo.com/es/track/1021333','','','164','http://mp3l.jamendo.com/?trackid=1021333&format=mp31&u=0');
UPDATE track SET album_id='120080' WHERE id='1021333';
UPDATE track SET text='' WHERE id='1021333';
INSERT INTO album VALUES('120171','Cinematic Atmosphere Elvolving Ambient Earth Space Colony Soundscape Theme Vol.1 Album n°186 ','http://www.jamendo.com/es/album/120171','http://imgjam.com/albums/s120/120171/covers/1.100.jpg','2','9788');
UPDATE album SET artist_id='420766' WHERE id='120171';
INSERT INTO track VALUES('1021428','Cinematic Atmosphere Elvolving Ambient Earth Space Colony Theme Soundscape 001','http://www.jamendo.com/es/track/1021428','','','464','http://mp3l.jamendo.com/?trackid=1021428&format=mp31&u=0');
UPDATE track SET album_id='120171' WHERE id='1021428';
UPDATE track SET text='' WHERE id='1021428';
INSERT INTO track VALUES('1021364','Cinematic Atmosphere Elvolving Ambient Earth Space Colony Theme Soundscape 002','http://www.jamendo.com/es/track/1021364','','','464','http://mp3l.jamendo.com/?trackid=1021364&format=mp31&u=0');
UPDATE track SET album_id='120171' WHERE id='1021364';
UPDATE track SET text='' WHERE id='1021364';
INSERT INTO track VALUES('1021426','Cinematic Atmosphere Elvolving Ambient Earth Space Colony Theme Soundscape 004','http://www.jamendo.com/es/track/1021426','','','464','http://mp3l.jamendo.com/?trackid=1021426&format=mp31&u=0');
UPDATE track SET album_id='120171' WHERE id='1021426';
UPDATE track SET text='' WHERE id='1021426';
INSERT INTO track VALUES('1021983','Cinematic Atmosphere Elvolving Ambient Earth Space Colony Theme Soundscape 003','http://www.jamendo.com/es/track/1021983','','','464','http://mp3l.jamendo.com/?trackid=1021983&format=mp31&u=0');
UPDATE track SET album_id='120171' WHERE id='1021983';
UPDATE track SET text='' WHERE id='1021983';
INSERT INTO track VALUES('1021367','Cinematic Atmosphere Elvolving Ambient Earth Space Colony Theme Soundscape 005','http://www.jamendo.com/es/track/1021367','','','464','http://mp3l.jamendo.com/?trackid=1021367&format=mp31&u=0');
UPDATE track SET album_id='120171' WHERE id='1021367';
UPDATE track SET text='' WHERE id='1021367';
INSERT INTO track VALUES('1021427','Cinematic Atmosphere Elvolving Ambient Earth Space Colony Theme Soundscape 006','http://www.jamendo.com/es/track/1021427','','','464','http://mp3l.jamendo.com/?trackid=1021427&format=mp31&u=0');
UPDATE track SET album_id='120171' WHERE id='1021427';
UPDATE track SET text='' WHERE id='1021427';
INSERT INTO track VALUES('1021432','Cinematic Atmosphere Elvolving Ambient Earth Space Colony Theme Soundscape 007','http://www.jamendo.com/es/track/1021432','','','464','http://mp3l.jamendo.com/?trackid=1021432&format=mp31&u=0');
UPDATE track SET album_id='120171' WHERE id='1021432';
UPDATE track SET text='' WHERE id='1021432';
INSERT INTO track VALUES('1021429','Cinematic Atmosphere Elvolving Ambient Earth Space Colony Theme Soundscape 008','http://www.jamendo.com/es/track/1021429','','','527','http://mp3l.jamendo.com/?trackid=1021429&format=mp31&u=0');
UPDATE track SET album_id='120171' WHERE id='1021429';
UPDATE track SET text='' WHERE id='1021429';
INSERT INTO track VALUES('1021373','Cinematic Atmosphere Elvolving Ambient Earth Space Colony Theme Soundscape 009','http://www.jamendo.com/es/track/1021373','','','510','http://mp3l.jamendo.com/?trackid=1021373&format=mp31&u=0');
UPDATE track SET album_id='120171' WHERE id='1021373';
UPDATE track SET text='' WHERE id='1021373';
INSERT INTO track VALUES('1021371','Cinematic Atmosphere Elvolving Ambient Earth Space Colony Theme Soundscape 010','http://www.jamendo.com/es/track/1021371','','','510','http://mp3l.jamendo.com/?trackid=1021371&format=mp31&u=0');
UPDATE track SET album_id='120171' WHERE id='1021371';
UPDATE track SET text='' WHERE id='1021371';
INSERT INTO track VALUES('1021372','Cinematic Atmosphere Elvolving Ambient Earth Space Colony Theme Soundscape 011','http://www.jamendo.com/es/track/1021372','','','509','http://mp3l.jamendo.com/?trackid=1021372&format=mp31&u=0');
UPDATE track SET album_id='120171' WHERE id='1021372';
UPDATE track SET text='' WHERE id='1021372';
INSERT INTO track VALUES('1021374','Cinematic Atmosphere Elvolving Ambient Earth Space Colony Theme Soundscape 012','http://www.jamendo.com/es/track/1021374','','','501','http://mp3l.jamendo.com/?trackid=1021374&format=mp31&u=0');
UPDATE track SET album_id='120171' WHERE id='1021374';
UPDATE track SET text='' WHERE id='1021374';
INSERT INTO track VALUES('1021430','Cinematic Atmosphere Elvolving Ambient Earth Space Colony Theme Soundscape 013','http://www.jamendo.com/es/track/1021430','','','501','http://mp3l.jamendo.com/?trackid=1021430&format=mp31&u=0');
UPDATE track SET album_id='120171' WHERE id='1021430';
UPDATE track SET text='' WHERE id='1021430';
INSERT INTO track VALUES('1021365','Cinematic Atmosphere Elvolving Ambient Earth Space Colony Theme Soundscape 014','http://www.jamendo.com/es/track/1021365','','','501','http://mp3l.jamendo.com/?trackid=1021365&format=mp31&u=0');
UPDATE track SET album_id='120171' WHERE id='1021365';
UPDATE track SET text='' WHERE id='1021365';
INSERT INTO track VALUES('1021369','Cinematic Atmosphere Elvolving Ambient Earth Space Colony Theme Soundscape 015','http://www.jamendo.com/es/track/1021369','','','500','http://mp3l.jamendo.com/?trackid=1021369&format=mp31&u=0');
UPDATE track SET album_id='120171' WHERE id='1021369';
UPDATE track SET text='' WHERE id='1021369';
INSERT INTO track VALUES('1021375','Cinematic Atmosphere Elvolving Ambient Earth Space Colony Theme Soundscape 016','http://www.jamendo.com/es/track/1021375','','','500','http://mp3l.jamendo.com/?trackid=1021375&format=mp31&u=0');
UPDATE track SET album_id='120171' WHERE id='1021375';
UPDATE track SET text='' WHERE id='1021375';
INSERT INTO track VALUES('1021431','Cinematic Atmosphere Elvolving Ambient Earth Space Colony Theme Soundscape 017','http://www.jamendo.com/es/track/1021431','','','498','http://mp3l.jamendo.com/?trackid=1021431&format=mp31&u=0');
UPDATE track SET album_id='120171' WHERE id='1021431';
UPDATE track SET text='' WHERE id='1021431';
INSERT INTO track VALUES('1021368','Cinematic Atmosphere Elvolving Ambient Earth Space Colony Theme Soundscape 018','http://www.jamendo.com/es/track/1021368','','','498','http://mp3l.jamendo.com/?trackid=1021368&format=mp31&u=0');
UPDATE track SET album_id='120171' WHERE id='1021368';
UPDATE track SET text='' WHERE id='1021368';
INSERT INTO track VALUES('1021370','Cinematic Atmosphere Elvolving Ambient Earth Space Colony Theme Soundscape 019','http://www.jamendo.com/es/track/1021370','','','493','http://mp3l.jamendo.com/?trackid=1021370&format=mp31&u=0');
UPDATE track SET album_id='120171' WHERE id='1021370';
UPDATE track SET text='' WHERE id='1021370';
INSERT INTO track VALUES('1021366','Cinematic Atmosphere Elvolving Ambient Earth Space Colony Theme Soundscape 020','http://www.jamendo.com/es/track/1021366','','','492','http://mp3l.jamendo.com/?trackid=1021366&format=mp31&u=0');
UPDATE track SET album_id='120171' WHERE id='1021366';
UPDATE track SET text='' WHERE id='1021366';
INSERT INTO album VALUES('120237','Cinematic Atmosphere Elvolving Ambient Earth Space Colony Soundscape Theme Vol.2 Album n°187 ','http://www.jamendo.com/es/album/120237','http://imgjam.com/albums/s120/120237/covers/1.100.jpg','2','9723');
UPDATE album SET artist_id='420766' WHERE id='120237';
INSERT INTO track VALUES('1022056','Cinematic Atmosphere Elvolving Ambient Earth Space Colony Theme Soundscape 021','http://www.jamendo.com/es/track/1022056','','','491','http://mp3l.jamendo.com/?trackid=1022056&format=mp31&u=0');
UPDATE track SET album_id='120237' WHERE id='1022056';
UPDATE track SET text='' WHERE id='1022056';
INSERT INTO track VALUES('1021991','Cinematic Atmosphere Elvolving Ambient Earth Space Colony Theme Soundscape 022','http://www.jamendo.com/es/track/1021991','','','491','http://mp3l.jamendo.com/?trackid=1021991&format=mp31&u=0');
UPDATE track SET album_id='120237' WHERE id='1021991';
UPDATE track SET text='' WHERE id='1021991';
INSERT INTO track VALUES('1022063','Cinematic Atmosphere Elvolving Ambient Earth Space Colony Theme Soundscape 023','http://www.jamendo.com/es/track/1022063','','','491','http://mp3l.jamendo.com/?trackid=1022063&format=mp31&u=0');
UPDATE track SET album_id='120237' WHERE id='1022063';
UPDATE track SET text='' WHERE id='1022063';
INSERT INTO track VALUES('1022064','Cinematic Atmosphere Elvolving Ambient Earth Space Colony Theme Soundscape 024','http://www.jamendo.com/es/track/1022064','','','490','http://mp3l.jamendo.com/?trackid=1022064&format=mp31&u=0');
UPDATE track SET album_id='120237' WHERE id='1022064';
UPDATE track SET text='' WHERE id='1022064';
INSERT INTO track VALUES('1021994','Cinematic Atmosphere Elvolving Ambient Earth Space Colony Theme Soundscape 025','http://www.jamendo.com/es/track/1021994','','','490','http://mp3l.jamendo.com/?trackid=1021994&format=mp31&u=0');
UPDATE track SET album_id='120237' WHERE id='1021994';
UPDATE track SET text='' WHERE id='1021994';
INSERT INTO track VALUES('1022065','Cinematic Atmosphere Elvolving Ambient Earth Space Colony Theme Soundscape 026','http://www.jamendo.com/es/track/1022065','','','489','http://mp3l.jamendo.com/?trackid=1022065&format=mp31&u=0');
UPDATE track SET album_id='120237' WHERE id='1022065';
UPDATE track SET text='' WHERE id='1022065';
INSERT INTO track VALUES('1022062','Cinematic Atmosphere Elvolving Ambient Earth Space Colony Theme Soundscape 027','http://www.jamendo.com/es/track/1022062','','','489','http://mp3l.jamendo.com/?trackid=1022062&format=mp31&u=0');
UPDATE track SET album_id='120237' WHERE id='1022062';
UPDATE track SET text='' WHERE id='1022062';
INSERT INTO track VALUES('1022057','Cinematic Atmosphere Elvolving Ambient Earth Space Colony Theme Soundscape 028','http://www.jamendo.com/es/track/1022057','','','489','http://mp3l.jamendo.com/?trackid=1022057&format=mp31&u=0');
UPDATE track SET album_id='120237' WHERE id='1022057';
UPDATE track SET text='' WHERE id='1022057';
INSERT INTO track VALUES('1022532','Cinematic Atmosphere Elvolving Ambient Earth Space Colony Theme Soundscape 029','http://www.jamendo.com/es/track/1022532','','','486','http://mp3l.jamendo.com/?trackid=1022532&format=mp31&u=0');
UPDATE track SET album_id='120237' WHERE id='1022532';
UPDATE track SET text='' WHERE id='1022532';
INSERT INTO track VALUES('1021998','Cinematic Atmosphere Elvolving Ambient Earth Space Colony Theme Soundscape 030','http://www.jamendo.com/es/track/1021998','','','486','http://mp3l.jamendo.com/?trackid=1021998&format=mp31&u=0');
UPDATE track SET album_id='120237' WHERE id='1021998';
UPDATE track SET text='' WHERE id='1021998';
INSERT INTO track VALUES('1021999','Cinematic Atmosphere Elvolving Ambient Earth Space Colony Theme Soundscape 031','http://www.jamendo.com/es/track/1021999','','','485','http://mp3l.jamendo.com/?trackid=1021999&format=mp31&u=0');
UPDATE track SET album_id='120237' WHERE id='1021999';
UPDATE track SET text='' WHERE id='1021999';
INSERT INTO track VALUES('1022058','Cinematic Atmosphere Elvolving Ambient Earth Space Colony Theme Soundscape 032','http://www.jamendo.com/es/track/1022058','','','485','http://mp3l.jamendo.com/?trackid=1022058&format=mp31&u=0');
UPDATE track SET album_id='120237' WHERE id='1022058';
UPDATE track SET text='' WHERE id='1022058';
INSERT INTO track VALUES('1022059','Cinematic Atmosphere Elvolving Ambient Earth Space Colony Theme Soundscape 033','http://www.jamendo.com/es/track/1022059','','','483','http://mp3l.jamendo.com/?trackid=1022059&format=mp31&u=0');
UPDATE track SET album_id='120237' WHERE id='1022059';
UPDATE track SET text='' WHERE id='1022059';
INSERT INTO track VALUES('1021992','Cinematic Atmosphere Elvolving Ambient Earth Space Colony Theme Soundscape 034','http://www.jamendo.com/es/track/1021992','','','483','http://mp3l.jamendo.com/?trackid=1021992&format=mp31&u=0');
UPDATE track SET album_id='120237' WHERE id='1021992';
UPDATE track SET text='' WHERE id='1021992';
INSERT INTO track VALUES('1022060','Cinematic Atmosphere Elvolving Ambient Earth Space Colony Theme Soundscape 036','http://www.jamendo.com/es/track/1022060','','','483','http://mp3l.jamendo.com/?trackid=1022060&format=mp31&u=0');
UPDATE track SET album_id='120237' WHERE id='1022060';
UPDATE track SET text='' WHERE id='1022060';
INSERT INTO track VALUES('1021996','Cinematic Atmosphere Elvolving Ambient Earth Space Colony Theme Soundscape 035','http://www.jamendo.com/es/track/1021996','','','483','http://mp3l.jamendo.com/?trackid=1021996&format=mp31&u=0');
UPDATE track SET album_id='120237' WHERE id='1021996';
UPDATE track SET text='' WHERE id='1021996';
INSERT INTO track VALUES('1022061','Cinematic Atmosphere Elvolving Ambient Earth Space Colony Theme Soundscape 037','http://www.jamendo.com/es/track/1022061','','','483','http://mp3l.jamendo.com/?trackid=1022061&format=mp31&u=0');
UPDATE track SET album_id='120237' WHERE id='1022061';
UPDATE track SET text='' WHERE id='1022061';
INSERT INTO track VALUES('1021995','Cinematic Atmosphere Elvolving Ambient Earth Space Colony Theme Soundscape 038','http://www.jamendo.com/es/track/1021995','','','482','http://mp3l.jamendo.com/?trackid=1021995&format=mp31&u=0');
UPDATE track SET album_id='120237' WHERE id='1021995';
UPDATE track SET text='' WHERE id='1021995';
INSERT INTO track VALUES('1021997','Cinematic Atmosphere Elvolving Ambient Earth Space Colony Theme Soundscape 039','http://www.jamendo.com/es/track/1021997','','','482','http://mp3l.jamendo.com/?trackid=1021997&format=mp31&u=0');
UPDATE track SET album_id='120237' WHERE id='1021997';
UPDATE track SET text='' WHERE id='1021997';
INSERT INTO track VALUES('1021993','Cinematic Atmosphere Elvolving Ambient Earth Space Colony Theme Soundscape 040','http://www.jamendo.com/es/track/1021993','','','482','http://mp3l.jamendo.com/?trackid=1021993&format=mp31&u=0');
UPDATE track SET album_id='120237' WHERE id='1021993';
UPDATE track SET text='' WHERE id='1021993';
INSERT INTO album VALUES('120240','Cinematic Beautiful Calm Soft Commercial Advertising Grand Piano Theme Soundtrack Album n°188','http://www.jamendo.com/es/album/120240','http://imgjam.com/albums/s120/120240/covers/1.100.jpg','2','1358');
UPDATE album SET artist_id='420766' WHERE id='120240';
INSERT INTO track VALUES('1022540','Cinematic Beautiful Calm Soft Commercial Advertising Grand Piano Theme Soundtrack 001','http://www.jamendo.com/es/track/1022540','','','149','http://mp3l.jamendo.com/?trackid=1022540&format=mp31&u=0');
UPDATE track SET album_id='120240' WHERE id='1022540';
UPDATE track SET text='' WHERE id='1022540';
INSERT INTO track VALUES('1022539','Cinematic Beautiful Calm Soft Commercial Advertising Grand Piano Theme Soundtrack 002','http://www.jamendo.com/es/track/1022539','','','123','http://mp3l.jamendo.com/?trackid=1022539&format=mp31&u=0');
UPDATE track SET album_id='120240' WHERE id='1022539';
UPDATE track SET text='' WHERE id='1022539';
INSERT INTO track VALUES('1022538','Cinematic Beautiful Calm Soft Commercial Advertising Grand Piano Theme Soundtrack 006','http://www.jamendo.com/es/track/1022538','','','165','http://mp3l.jamendo.com/?trackid=1022538&format=mp31&u=0');
UPDATE track SET album_id='120240' WHERE id='1022538';
UPDATE track SET text='' WHERE id='1022538';
INSERT INTO track VALUES('1022537','Cinematic Beautiful Calm Soft Commercial Advertising Grand Piano Theme Soundtrack 007','http://www.jamendo.com/es/track/1022537','','','210','http://mp3l.jamendo.com/?trackid=1022537&format=mp31&u=0');
UPDATE track SET album_id='120240' WHERE id='1022537';
UPDATE track SET text='' WHERE id='1022537';
INSERT INTO track VALUES('1022536','Cinematic Beautiful Calm Soft Commercial Advertising Grand Piano Theme Soundtrack 008','http://www.jamendo.com/es/track/1022536','','','172','http://mp3l.jamendo.com/?trackid=1022536&format=mp31&u=0');
UPDATE track SET album_id='120240' WHERE id='1022536';
UPDATE track SET text='' WHERE id='1022536';
INSERT INTO track VALUES('1022535','Cinematic Beautiful Calm Soft Commercial Advertising Grand Piano Theme Soundtrack 009','http://www.jamendo.com/es/track/1022535','','','87','http://mp3l.jamendo.com/?trackid=1022535&format=mp31&u=0');
UPDATE track SET album_id='120240' WHERE id='1022535';
UPDATE track SET text='' WHERE id='1022535';
INSERT INTO track VALUES('1022534','Cinematic Beautiful Calm Soft Commercial Advertising Grand Piano Theme Soundtrack 010','http://www.jamendo.com/es/track/1022534','','','150','http://mp3l.jamendo.com/?trackid=1022534&format=mp31&u=0');
UPDATE track SET album_id='120240' WHERE id='1022534';
UPDATE track SET text='' WHERE id='1022534';
INSERT INTO track VALUES('1022533','Cinematic Beautiful Calm Soft Commercial Advertising Grand Piano Theme Soundtrack 011','http://www.jamendo.com/es/track/1022533','','','157','http://mp3l.jamendo.com/?trackid=1022533&format=mp31&u=0');
UPDATE track SET album_id='120240' WHERE id='1022533';
UPDATE track SET text='' WHERE id='1022533';
INSERT INTO track VALUES('1022541','Cinematic Beautiful Calm Soft Commercial Advertising Grand Piano Art Theme Soundtrack','http://www.jamendo.com/es/track/1022541','','','145','http://mp3l.jamendo.com/?trackid=1022541&format=mp31&u=0');
UPDATE track SET album_id='120240' WHERE id='1022541';
UPDATE track SET text='' WHERE id='1022541';
INSERT INTO album VALUES('120241','Cinematic Beautiful Commercial Advertising Documentary Grand Piano Theme Soundtrack Album n°189','http://www.jamendo.com/es/album/120241','http://imgjam.com/albums/s120/120241/covers/1.100.jpg','3','714');
UPDATE album SET artist_id='420766' WHERE id='120241';
INSERT INTO track VALUES('1022546','Cinematic Beautiful Commercial Advertising Documentary Grand Piano Theme Soundtrack 001','http://www.jamendo.com/es/track/1022546','','','152','http://mp3l.jamendo.com/?trackid=1022546&format=mp31&u=0');
UPDATE track SET album_id='120241' WHERE id='1022546';
UPDATE track SET text='' WHERE id='1022546';
INSERT INTO track VALUES('1022544','Cinematic Beautiful Commercial Advertising Documentary Grand Piano Theme Soundtrack 002','http://www.jamendo.com/es/track/1022544','','','109','http://mp3l.jamendo.com/?trackid=1022544&format=mp31&u=0');
UPDATE track SET album_id='120241' WHERE id='1022544';
UPDATE track SET text='' WHERE id='1022544';
INSERT INTO track VALUES('1022543','Cinematic Beautiful Commercial Advertising Documentary Grand Piano Theme Soundtrack 003','http://www.jamendo.com/es/track/1022543','','','126','http://mp3l.jamendo.com/?trackid=1022543&format=mp31&u=0');
UPDATE track SET album_id='120241' WHERE id='1022543';
UPDATE track SET text='' WHERE id='1022543';
INSERT INTO track VALUES('1022547','Cinematic Beautiful Commercial Advertising Documentary Grand Piano Theme Soundtrack 004','http://www.jamendo.com/es/track/1022547','','','238','http://mp3l.jamendo.com/?trackid=1022547&format=mp31&u=0');
UPDATE track SET album_id='120241' WHERE id='1022547';
UPDATE track SET text='' WHERE id='1022547';
INSERT INTO track VALUES('1022545','Cinematic Beautiful Commercial Advertising Documentary Grand Piano Theme Soundtrack 006','http://www.jamendo.com/es/track/1022545','','','89','http://mp3l.jamendo.com/?trackid=1022545&format=mp31&u=0');
UPDATE track SET album_id='120241' WHERE id='1022545';
UPDATE track SET text='' WHERE id='1022545';
INSERT INTO album VALUES('120243','Cinematic Beautiful Commercial Advertising Grand Piano Notation Theme Soundtrack Album n°190','http://www.jamendo.com/es/album/120243','http://imgjam.com/albums/s120/120243/covers/1.100.jpg','3','727');
UPDATE album SET artist_id='420766' WHERE id='120243';
INSERT INTO track VALUES('1022565','Cinematic Beautiful Commercial Advertising Grand Piano Notation Theme Soundtrack 002','http://www.jamendo.com/es/track/1022565','','','87','http://mp3l.jamendo.com/?trackid=1022565&format=mp31&u=0');
UPDATE track SET album_id='120243' WHERE id='1022565';
UPDATE track SET text='' WHERE id='1022565';
INSERT INTO track VALUES('1022564','Cinematic Beautiful Commercial Advertising Grand Piano Notation Theme Soundtrack 003','http://www.jamendo.com/es/track/1022564','','','88','http://mp3l.jamendo.com/?trackid=1022564&format=mp31&u=0');
UPDATE track SET album_id='120243' WHERE id='1022564';
UPDATE track SET text='' WHERE id='1022564';
INSERT INTO track VALUES('1022563','Cinematic Beautiful Commercial Advertising Grand Piano Notation Theme Soundtrack 007','http://www.jamendo.com/es/track/1022563','','','124','http://mp3l.jamendo.com/?trackid=1022563&format=mp31&u=0');
UPDATE track SET album_id='120243' WHERE id='1022563';
UPDATE track SET text='' WHERE id='1022563';
INSERT INTO track VALUES('1022562','Cinematic Beautiful Commercial Advertising Grand Piano Notation Theme Soundtrack 009','http://www.jamendo.com/es/track/1022562','','','90','http://mp3l.jamendo.com/?trackid=1022562&format=mp31&u=0');
UPDATE track SET album_id='120243' WHERE id='1022562';
UPDATE track SET text='' WHERE id='1022562';
INSERT INTO track VALUES('1022561','Cinematic Beautiful Commercial Advertising Grand Piano Notation Theme Soundtrack 010','http://www.jamendo.com/es/track/1022561','','','98','http://mp3l.jamendo.com/?trackid=1022561&format=mp31&u=0');
UPDATE track SET album_id='120243' WHERE id='1022561';
UPDATE track SET text='' WHERE id='1022561';
INSERT INTO track VALUES('1022560','Cinematic Beautiful Commercial Advertising Grand Piano Notation Theme Soundtrack 011','http://www.jamendo.com/es/track/1022560','','','115','http://mp3l.jamendo.com/?trackid=1022560&format=mp31&u=0');
UPDATE track SET album_id='120243' WHERE id='1022560';
UPDATE track SET text='' WHERE id='1022560';
INSERT INTO track VALUES('1022559','Cinematic Beautiful Commercial Advertising Grand Piano Notation Theme Soundtrack 017','http://www.jamendo.com/es/track/1022559','','','125','http://mp3l.jamendo.com/?trackid=1022559&format=mp31&u=0');
UPDATE track SET album_id='120243' WHERE id='1022559';
UPDATE track SET text='' WHERE id='1022559';
INSERT INTO album VALUES('120247','Cinematic Beautiful Happy Friendly Documentary Movie Grand Piano Theme Soundtrack Album n°191','http://www.jamendo.com/es/album/120247','http://imgjam.com/albums/s120/120247/covers/1.100.jpg','3','1171','classical');
UPDATE album SET artist_id='420766' WHERE id='120247';
INSERT INTO track VALUES('1022572','Cinematic Beautiful Happy Friendly Documentary Movie Grand Piano Theme Soundtrack 004','http://www.jamendo.com/es/track/1022572','','','89','http://mp3l.jamendo.com/?trackid=1022572&format=mp31&u=0');
UPDATE track SET album_id='120247' WHERE id='1022572';
UPDATE track SET text='' WHERE id='1022572';
INSERT INTO track VALUES('1022566','Cinematic Beautiful Happy Friendly Documentary Movie Grand Piano Theme Soundtrack 001','http://www.jamendo.com/es/track/1022566','','','89','http://mp3l.jamendo.com/?trackid=1022566&format=mp31&u=0');
UPDATE track SET album_id='120247' WHERE id='1022566';
UPDATE track SET text='' WHERE id='1022566';
INSERT INTO track VALUES('1022573','Cinematic Beautiful Happy Friendly Documentary Movie Grand Piano Theme Soundtrack 005','http://www.jamendo.com/es/track/1022573','','','88','http://mp3l.jamendo.com/?trackid=1022573&format=mp31&u=0');
UPDATE track SET album_id='120247' WHERE id='1022573';
UPDATE track SET text='' WHERE id='1022573';
INSERT INTO track VALUES('1022574','Cinematic Beautiful Happy Friendly Documentary Movie Grand Piano Theme Soundtrack 006','http://www.jamendo.com/es/track/1022574','','','220','http://mp3l.jamendo.com/?trackid=1022574&format=mp31&u=0');
UPDATE track SET album_id='120247' WHERE id='1022574';
UPDATE track SET text='' WHERE id='1022574';
INSERT INTO track VALUES('1022571','Cinematic Beautiful Happy Friendly Documentary Movie Grand Piano Theme Soundtrack 007','http://www.jamendo.com/es/track/1022571','','','152','http://mp3l.jamendo.com/?trackid=1022571&format=mp31&u=0');
UPDATE track SET album_id='120247' WHERE id='1022571';
UPDATE track SET text='' WHERE id='1022571';
INSERT INTO track VALUES('1022567','Cinematic Beautiful Happy Friendly Documentary Movie Grand Piano Theme Soundtrack 008','http://www.jamendo.com/es/track/1022567','','','104','http://mp3l.jamendo.com/?trackid=1022567&format=mp31&u=0');
UPDATE track SET album_id='120247' WHERE id='1022567';
UPDATE track SET text='' WHERE id='1022567';
INSERT INTO track VALUES('1022568','Cinematic Beautiful Happy Friendly Documentary Movie Grand Piano Theme Soundtrack 010','http://www.jamendo.com/es/track/1022568','','','89','http://mp3l.jamendo.com/?trackid=1022568&format=mp31&u=0');
UPDATE track SET album_id='120247' WHERE id='1022568';
UPDATE track SET text='' WHERE id='1022568';
INSERT INTO track VALUES('1022569','Cinematic Beautiful Happy Friendly Documentary Movie Grand Piano Theme Soundtrack 014','http://www.jamendo.com/es/track/1022569','','','102','http://mp3l.jamendo.com/?trackid=1022569&format=mp31&u=0');
UPDATE track SET album_id='120247' WHERE id='1022569';
UPDATE track SET text='' WHERE id='1022569';
INSERT INTO track VALUES('1022570','Cinematic Beautiful Happy Friendly Documentary Movie Grand Piano Theme Soundtrack 015','http://www.jamendo.com/es/track/1022570','','','238','http://mp3l.jamendo.com/?trackid=1022570&format=mp31&u=0');
UPDATE track SET album_id='120247' WHERE id='1022570';
UPDATE track SET text='' WHERE id='1022570';
INSERT INTO album VALUES('120251','Cinematic Beautiful Hopeful Lovely Grand Piano Emotional Pictures Theme Soundtrack n°192','http://www.jamendo.com/es/album/120251','http://imgjam.com/albums/s120/120251/covers/1.100.jpg','3','675');
UPDATE album SET artist_id='420766' WHERE id='120251';
INSERT INTO track VALUES('1022588','Cinematic Beautiful Hopeful Lovely Grand Piano Emotional Pictures Theme Soundtrack 001','http://www.jamendo.com/es/track/1022588','','','111','http://mp3l.jamendo.com/?trackid=1022588&format=mp31&u=0');
UPDATE track SET album_id='120251' WHERE id='1022588';
UPDATE track SET text='' WHERE id='1022588';
INSERT INTO track VALUES('1022593','Cinematic Beautiful Hopeful Lovely Grand Piano Emotional Pictures Theme Soundtrack 002','http://www.jamendo.com/es/track/1022593','','','125','http://mp3l.jamendo.com/?trackid=1022593&format=mp31&u=0');
UPDATE track SET album_id='120251' WHERE id='1022593';
UPDATE track SET text='' WHERE id='1022593';
INSERT INTO track VALUES('1022589','Cinematic Beautiful Hopeful Lovely Grand Piano Emotional Pictures Theme Soundtrack 016','http://www.jamendo.com/es/track/1022589','','','126','http://mp3l.jamendo.com/?trackid=1022589&format=mp31&u=0');
UPDATE track SET album_id='120251' WHERE id='1022589';
UPDATE track SET text='' WHERE id='1022589';
INSERT INTO track VALUES('1022590','Cinematic Beautiful Hopeful Lovely Grand Piano Emotional Pictures Theme Soundtrack 014','http://www.jamendo.com/es/track/1022590','','','89','http://mp3l.jamendo.com/?trackid=1022590&format=mp31&u=0');
UPDATE track SET album_id='120251' WHERE id='1022590';
UPDATE track SET text='' WHERE id='1022590';
INSERT INTO track VALUES('1022591','Cinematic Beautiful Hopeful Lovely Grand Piano Emotional Pictures Theme Soundtrack 006','http://www.jamendo.com/es/track/1022591','','','91','http://mp3l.jamendo.com/?trackid=1022591&format=mp31&u=0');
UPDATE track SET album_id='120251' WHERE id='1022591';
UPDATE track SET text='' WHERE id='1022591';
INSERT INTO track VALUES('1022592','Cinematic Beautiful Hopeful Lovely Grand Piano Emotional Pictures Theme Soundtrack 003','http://www.jamendo.com/es/track/1022592','','','133','http://mp3l.jamendo.com/?trackid=1022592&format=mp31&u=0');
UPDATE track SET album_id='120251' WHERE id='1022592';
UPDATE track SET text='' WHERE id='1022592';
INSERT INTO album VALUES('120269','Cinematic Beautiful Magical Mysterious Documentary Grand Piano Theme Soundtrack Album n°193','http://www.jamendo.com/es/album/120269','http://imgjam.com/albums/s120/120269/covers/1.100.jpg','3','659');
UPDATE album SET artist_id='420766' WHERE id='120269';
INSERT INTO track VALUES('1022614','Cinematic Beautiful Magical Mysterious Commercial Documentary Grand Piano Theme Soundtrack 017','http://www.jamendo.com/es/track/1022614','','','104','http://mp3l.jamendo.com/?trackid=1022614&format=mp31&u=0');
UPDATE track SET album_id='120269' WHERE id='1022614';
UPDATE track SET text='' WHERE id='1022614';
INSERT INTO track VALUES('1022617','Cinematic Beautiful Magical Mysterious Commercial Documentary Grand Piano Theme Soundtrack 012','http://www.jamendo.com/es/track/1022617','','','152','http://mp3l.jamendo.com/?trackid=1022617&format=mp31&u=0');
UPDATE track SET album_id='120269' WHERE id='1022617';
UPDATE track SET text='' WHERE id='1022617';
INSERT INTO track VALUES('1022615','Cinematic Beautiful Magical Mysterious Commercial Documentary Grand Piano Theme Soundtrack 015','http://www.jamendo.com/es/track/1022615','','','88','http://mp3l.jamendo.com/?trackid=1022615&format=mp31&u=0');
UPDATE track SET album_id='120269' WHERE id='1022615';
UPDATE track SET text='' WHERE id='1022615';
INSERT INTO track VALUES('1022616','Cinematic Beautiful Magical Mysterious Commercial Documentary Grand Piano Theme Soundtrack 014','http://www.jamendo.com/es/track/1022616','','','89','http://mp3l.jamendo.com/?trackid=1022616&format=mp31&u=0');
UPDATE track SET album_id='120269' WHERE id='1022616';
UPDATE track SET text='' WHERE id='1022616';
INSERT INTO track VALUES('1022613','Cinematic Beautiful Magical Mysterious Commercial Documentary Grand Piano Theme Soundtrack 004','http://www.jamendo.com/es/track/1022613','','','88','http://mp3l.jamendo.com/?trackid=1022613&format=mp31&u=0');
UPDATE track SET album_id='120269' WHERE id='1022613';
UPDATE track SET text='' WHERE id='1022613';
INSERT INTO track VALUES('1022618','Cinematic Beautiful Magical Mysterious Commercial Documentary Grand Piano Theme Soundtrack 011','http://www.jamendo.com/es/track/1022618','','','138','http://mp3l.jamendo.com/?trackid=1022618&format=mp31&u=0');
UPDATE track SET album_id='120269' WHERE id='1022618';
UPDATE track SET text='' WHERE id='1022618';
INSERT INTO album VALUES('120273','Electro Minimal Techno Dance House Club Party People Album n°194 ','http://www.jamendo.com/es/album/120273','http://imgjam.com/albums/s120/120273/covers/1.100.jpg','3','791');
UPDATE album SET artist_id='420766' WHERE id='120273';
INSERT INTO track VALUES('1022741','Electro Minimal Techno Dance House Club Party Banger','http://www.jamendo.com/es/track/1022741','','','146','http://mp3l.jamendo.com/?trackid=1022741&format=mp31&u=0');
UPDATE track SET album_id='120273' WHERE id='1022741';
UPDATE track SET text='' WHERE id='1022741';
INSERT INTO track VALUES('1022747','Electro Minimal Techno Dance House Club Party Girls','http://www.jamendo.com/es/track/1022747','','','388','http://mp3l.jamendo.com/?trackid=1022747&format=mp31&u=0');
UPDATE track SET album_id='120273' WHERE id='1022747';
UPDATE track SET text='' WHERE id='1022747';
INSERT INTO track VALUES('1022746','Electro Minimal Techno Dance House Club Party Lifestyle','http://www.jamendo.com/es/track/1022746','','','257','http://mp3l.jamendo.com/?trackid=1022746&format=mp31&u=0');
UPDATE track SET album_id='120273' WHERE id='1022746';
UPDATE track SET text='' WHERE id='1022746';
INSERT INTO album VALUES('120276','Cinematic Beautiful Magical Mysterious Emotion Documentary Background Atmosphere Theme Album n°195','http://www.jamendo.com/es/album/120276','http://imgjam.com/albums/s120/120276/covers/1.100.jpg','2','2765');
UPDATE album SET artist_id='420766' WHERE id='120276';
INSERT INTO track VALUES('1022750','Cinematic Beautiful Magical Mysterious Emotion Commercial Documentary Background Atmosphere Theme 008','http://www.jamendo.com/es/track/1022750','','','112','http://mp3l.jamendo.com/?trackid=1022750&format=mp31&u=0');
UPDATE track SET album_id='120276' WHERE id='1022750';
UPDATE track SET text='' WHERE id='1022750';
INSERT INTO track VALUES('1022748','Cinematic Beautiful Magical Mysterious Emotion Commercial Documentary Background Atmosphere Theme 016','http://www.jamendo.com/es/track/1022748','','','197','http://mp3l.jamendo.com/?trackid=1022748&format=mp31&u=0');
UPDATE track SET album_id='120276' WHERE id='1022748';
UPDATE track SET text='' WHERE id='1022748';
INSERT INTO track VALUES('1022749','Cinematic Beautiful Magical Mysterious Emotion Commercial Documentary Background Atmosphere Theme 015','http://www.jamendo.com/es/track/1022749','','','109','http://mp3l.jamendo.com/?trackid=1022749&format=mp31&u=0');
UPDATE track SET album_id='120276' WHERE id='1022749';
UPDATE track SET text='' WHERE id='1022749';
INSERT INTO track VALUES('1022751','Cinematic Beautiful Magical Mysterious Emotion Commercial Documentary Background Atmosphere Theme 007','http://www.jamendo.com/es/track/1022751','','','173','http://mp3l.jamendo.com/?trackid=1022751&format=mp31&u=0');
UPDATE track SET album_id='120276' WHERE id='1022751';
UPDATE track SET text='' WHERE id='1022751';
INSERT INTO track VALUES('1022752','Cinematic Beautiful Magical Mysterious Emotion Commercial Documentary Background Atmosphere Theme 005','http://www.jamendo.com/es/track/1022752','','','128','http://mp3l.jamendo.com/?trackid=1022752&format=mp31&u=0');
UPDATE track SET album_id='120276' WHERE id='1022752';
UPDATE track SET text='' WHERE id='1022752';
INSERT INTO track VALUES('1022753','Cinematic Beautiful Magical Mysterious Emotion Commercial Documentary Background Atmosphere Theme 004','http://www.jamendo.com/es/track/1022753','','','151','http://mp3l.jamendo.com/?trackid=1022753&format=mp31&u=0');
UPDATE track SET album_id='120276' WHERE id='1022753';
UPDATE track SET text='' WHERE id='1022753';
INSERT INTO track VALUES('1022754','Cinematic Beautiful Magical Mysterious Emotion Commercial Documentary Background Atmosphere Theme 020','http://www.jamendo.com/es/track/1022754','','','93','http://mp3l.jamendo.com/?trackid=1022754&format=mp31&u=0');
UPDATE track SET album_id='120276' WHERE id='1022754';
UPDATE track SET text='' WHERE id='1022754';
INSERT INTO track VALUES('1022755','Cinematic Beautiful Magical Mysterious Emotion Commercial Documentary Background Atmosphere Theme 002','http://www.jamendo.com/es/track/1022755','','','138','http://mp3l.jamendo.com/?trackid=1022755&format=mp31&u=0');
UPDATE track SET album_id='120276' WHERE id='1022755';
UPDATE track SET text='' WHERE id='1022755';
INSERT INTO track VALUES('1022756','Cinematic Beautiful Magical Mysterious Emotion Commercial Documentary Background Atmosphere Theme 018','http://www.jamendo.com/es/track/1022756','','','111','http://mp3l.jamendo.com/?trackid=1022756&format=mp31&u=0');
UPDATE track SET album_id='120276' WHERE id='1022756';
UPDATE track SET text='' WHERE id='1022756';
INSERT INTO track VALUES('1022757','Cinematic Beautiful Magical Mysterious Emotion Commercial Documentary Background Atmosphere Theme 017','http://www.jamendo.com/es/track/1022757','','','231','http://mp3l.jamendo.com/?trackid=1022757&format=mp31&u=0');
UPDATE track SET album_id='120276' WHERE id='1022757';
UPDATE track SET text='' WHERE id='1022757';
INSERT INTO track VALUES('1022758','Cinematic Beautiful Magical Mysterious Emotion Commercial Documentary Background Atmosphere Theme 019','http://www.jamendo.com/es/track/1022758','','','117','http://mp3l.jamendo.com/?trackid=1022758&format=mp31&u=0');
UPDATE track SET album_id='120276' WHERE id='1022758';
UPDATE track SET text='' WHERE id='1022758';
INSERT INTO track VALUES('1022759','Cinematic Beautiful Magical Mysterious Emotion Commercial Documentary Background Atmosphere Theme 024','http://www.jamendo.com/es/track/1022759','','','148','http://mp3l.jamendo.com/?trackid=1022759&format=mp31&u=0');
UPDATE track SET album_id='120276' WHERE id='1022759';
UPDATE track SET text='' WHERE id='1022759';
INSERT INTO track VALUES('1022760','Cinematic Beautiful Magical Mysterious Emotion Commercial Documentary Background Atmosphere Theme 030','http://www.jamendo.com/es/track/1022760','','','89','http://mp3l.jamendo.com/?trackid=1022760&format=mp31&u=0');
UPDATE track SET album_id='120276' WHERE id='1022760';
UPDATE track SET text='' WHERE id='1022760';
INSERT INTO track VALUES('1022761','Cinematic Beautiful Magical Mysterious Emotion Commercial Documentary Background Atmosphere Theme 021','http://www.jamendo.com/es/track/1022761','','','172','http://mp3l.jamendo.com/?trackid=1022761&format=mp31&u=0');
UPDATE track SET album_id='120276' WHERE id='1022761';
UPDATE track SET text='' WHERE id='1022761';
INSERT INTO track VALUES('1022762','Cinematic Beautiful Magical Mysterious Emotion Commercial Documentary Background Atmosphere Theme 023','http://www.jamendo.com/es/track/1022762','','','100','http://mp3l.jamendo.com/?trackid=1022762&format=mp31&u=0');
UPDATE track SET album_id='120276' WHERE id='1022762';
UPDATE track SET text='' WHERE id='1022762';
INSERT INTO track VALUES('1022763','Cinematic Beautiful Magical Mysterious Emotion Commercial Documentary Background Atmosphere Theme 037','http://www.jamendo.com/es/track/1022763','','','151','http://mp3l.jamendo.com/?trackid=1022763&format=mp31&u=0');
UPDATE track SET album_id='120276' WHERE id='1022763';
UPDATE track SET text='' WHERE id='1022763';
INSERT INTO track VALUES('1022764','Cinematic Beautiful Magical Mysterious Emotion Commercial Documentary Background Atmosphere Theme 031','http://www.jamendo.com/es/track/1022764','','','122','http://mp3l.jamendo.com/?trackid=1022764&format=mp31&u=0');
UPDATE track SET album_id='120276' WHERE id='1022764';
UPDATE track SET text='' WHERE id='1022764';
INSERT INTO track VALUES('1022765','Cinematic Beautiful Magical Mysterious Emotion Commercial Documentary Background Atmosphere Theme 022','http://www.jamendo.com/es/track/1022765','','','117','http://mp3l.jamendo.com/?trackid=1022765&format=mp31&u=0');
UPDATE track SET album_id='120276' WHERE id='1022765';
UPDATE track SET text='' WHERE id='1022765';
INSERT INTO track VALUES('1022766','Cinematic Beautiful Magical Mysterious Emotion Commercial Documentary Background Atmosphere Theme 025','http://www.jamendo.com/es/track/1022766','','','149','http://mp3l.jamendo.com/?trackid=1022766&format=mp31&u=0');
UPDATE track SET album_id='120276' WHERE id='1022766';
UPDATE track SET text='' WHERE id='1022766';
INSERT INTO track VALUES('1022767','Cinematic Beautiful Magical Mysterious Emotion Commercial Documentary Background Atmosphere Theme 026','http://www.jamendo.com/es/track/1022767','','','157','http://mp3l.jamendo.com/?trackid=1022767&format=mp31&u=0');
UPDATE track SET album_id='120276' WHERE id='1022767';
UPDATE track SET text='' WHERE id='1022767';
INSERT INTO album VALUES('120281','Cinematic Beautiful Magical Mystical Documentary Series Background Music Atmosphere Theme Album n°196','http://www.jamendo.com/es/album/120281','http://imgjam.com/albums/s120/120281/covers/1.100.jpg','2','3039');
UPDATE album SET artist_id='420766' WHERE id='120281';
INSERT INTO track VALUES('1022814','Cinematic Beautiful Magical Mystical Documentary Series Background Music Atmosphere Theme 021','http://www.jamendo.com/es/track/1022814','','','266','http://mp3l.jamendo.com/?trackid=1022814&format=mp31&u=0');
UPDATE track SET album_id='120281' WHERE id='1022814';
UPDATE track SET text='' WHERE id='1022814';
INSERT INTO track VALUES('1022815','Cinematic Beautiful Magical Mystical Documentary Series Background Music Atmosphere Theme 023','http://www.jamendo.com/es/track/1022815','','','206','http://mp3l.jamendo.com/?trackid=1022815&format=mp31&u=0');
UPDATE track SET album_id='120281' WHERE id='1022815';
UPDATE track SET text='' WHERE id='1022815';
INSERT INTO track VALUES('1022816','Cinematic Beautiful Magical Mystical Documentary Series Background Music Atmosphere Theme 020','http://www.jamendo.com/es/track/1022816','','','202','http://mp3l.jamendo.com/?trackid=1022816&format=mp31&u=0');
UPDATE track SET album_id='120281' WHERE id='1022816';
UPDATE track SET text='' WHERE id='1022816';
INSERT INTO track VALUES('1022817','Cinematic Beautiful Magical Mystical Documentary Series Background Music Atmosphere Theme 014','http://www.jamendo.com/es/track/1022817','','','113','http://mp3l.jamendo.com/?trackid=1022817&format=mp31&u=0');
UPDATE track SET album_id='120281' WHERE id='1022817';
UPDATE track SET text='' WHERE id='1022817';
INSERT INTO track VALUES('1022818','Cinematic Beautiful Magical Mystical Documentary Series Background Music Atmosphere Theme 025','http://www.jamendo.com/es/track/1022818','','','208','http://mp3l.jamendo.com/?trackid=1022818&format=mp31&u=0');
UPDATE track SET album_id='120281' WHERE id='1022818';
UPDATE track SET text='' WHERE id='1022818';
INSERT INTO track VALUES('1022819','Cinematic Beautiful Magical Mystical Documentary Series Background Music Atmosphere Theme 017','http://www.jamendo.com/es/track/1022819','','','141','http://mp3l.jamendo.com/?trackid=1022819&format=mp31&u=0');
UPDATE track SET album_id='120281' WHERE id='1022819';
UPDATE track SET text='' WHERE id='1022819';
INSERT INTO track VALUES('1022813','Cinematic Beautiful Magical Mystical Documentary Series Background Music Atmosphere Theme 001','http://www.jamendo.com/es/track/1022813','','','149','http://mp3l.jamendo.com/?trackid=1022813&format=mp31&u=0');
UPDATE track SET album_id='120281' WHERE id='1022813';
UPDATE track SET text='' WHERE id='1022813';
INSERT INTO track VALUES('1022820','Cinematic Beautiful Magical Mystical Documentary Series Background Music Atmosphere Theme 019','http://www.jamendo.com/es/track/1022820','','','148','http://mp3l.jamendo.com/?trackid=1022820&format=mp31&u=0');
UPDATE track SET album_id='120281' WHERE id='1022820';
UPDATE track SET text='' WHERE id='1022820';
INSERT INTO track VALUES('1022821','Cinematic Beautiful Magical Mystical Documentary Series Background Music Atmosphere Theme 024','http://www.jamendo.com/es/track/1022821','','','189','http://mp3l.jamendo.com/?trackid=1022821&format=mp31&u=0');
UPDATE track SET album_id='120281' WHERE id='1022821';
UPDATE track SET text='' WHERE id='1022821';
INSERT INTO track VALUES('1022822','Cinematic Beautiful Magical Mystical Documentary Series Background Music Atmosphere Theme 002','http://www.jamendo.com/es/track/1022822','','','267','http://mp3l.jamendo.com/?trackid=1022822&format=mp31&u=0');
UPDATE track SET album_id='120281' WHERE id='1022822';
UPDATE track SET text='' WHERE id='1022822';
INSERT INTO track VALUES('1022823','Cinematic Beautiful Magical Mystical Documentary Series Background Music Atmosphere Theme 003','http://www.jamendo.com/es/track/1022823','','','188','http://mp3l.jamendo.com/?trackid=1022823&format=mp31&u=0');
UPDATE track SET album_id='120281' WHERE id='1022823';
UPDATE track SET text='' WHERE id='1022823';
INSERT INTO track VALUES('1022824','Cinematic Beautiful Magical Mystical Documentary Series Background Music Atmosphere Theme 004','http://www.jamendo.com/es/track/1022824','','','152','http://mp3l.jamendo.com/?trackid=1022824&format=mp31&u=0');
UPDATE track SET album_id='120281' WHERE id='1022824';
UPDATE track SET text='' WHERE id='1022824';
INSERT INTO track VALUES('1022825','Cinematic Beautiful Magical Mystical Documentary Series Background Music Atmosphere Theme 005','http://www.jamendo.com/es/track/1022825','','','165','http://mp3l.jamendo.com/?trackid=1022825&format=mp31&u=0');
UPDATE track SET album_id='120281' WHERE id='1022825';
UPDATE track SET text='' WHERE id='1022825';
INSERT INTO track VALUES('1022826','Cinematic Beautiful Magical Mystical Documentary Series Background Music Atmosphere Theme 006','http://www.jamendo.com/es/track/1022826','','','88','http://mp3l.jamendo.com/?trackid=1022826&format=mp31&u=0');
UPDATE track SET album_id='120281' WHERE id='1022826';
UPDATE track SET text='' WHERE id='1022826';
INSERT INTO track VALUES('1022856','Cinematic Beautiful Magical Mystical Documentary Series Background Music Atmosphere Theme 009','http://www.jamendo.com/es/track/1022856','','','148','http://mp3l.jamendo.com/?trackid=1022856&format=mp31&u=0');
UPDATE track SET album_id='120281' WHERE id='1022856';
UPDATE track SET text='' WHERE id='1022856';
INSERT INTO track VALUES('1022857','Cinematic Beautiful Magical Mystical Documentary Series Background Music Atmosphere Theme 010','http://www.jamendo.com/es/track/1022857','','','96','http://mp3l.jamendo.com/?trackid=1022857&format=mp31&u=0');
UPDATE track SET album_id='120281' WHERE id='1022857';
UPDATE track SET text='' WHERE id='1022857';
INSERT INTO track VALUES('1022858','Cinematic Beautiful Magical Mystical Documentary Series Background Music Atmosphere Theme 011','http://www.jamendo.com/es/track/1022858','','','125','http://mp3l.jamendo.com/?trackid=1022858&format=mp31&u=0');
UPDATE track SET album_id='120281' WHERE id='1022858';
UPDATE track SET text='' WHERE id='1022858';
INSERT INTO track VALUES('1022859','Cinematic Beautiful Magical Mystical Documentary Series Background Music Atmosphere Theme 013','http://www.jamendo.com/es/track/1022859','','','188','http://mp3l.jamendo.com/?trackid=1022859&format=mp31&u=0');
UPDATE track SET album_id='120281' WHERE id='1022859';
UPDATE track SET text='' WHERE id='1022859';
INSERT INTO album VALUES('120283','Cinematic Beautiful Magical Mystical Emotion Background Atmosphere Theme Album n°197','http://www.jamendo.com/es/album/120283','http://imgjam.com/albums/s120/120283/covers/1.100.jpg','2','1824');
UPDATE album SET artist_id='420766' WHERE id='120283';
INSERT INTO track VALUES('1022876','Cinematic Beautiful Magical Mystical Emotion Commercial Advertising Background Atmosphere Theme 020','http://www.jamendo.com/es/track/1022876','','','112','http://mp3l.jamendo.com/?trackid=1022876&format=mp31&u=0');
UPDATE track SET album_id='120283' WHERE id='1022876';
UPDATE track SET text='' WHERE id='1022876';
INSERT INTO track VALUES('1022860','Cinematic Beautiful Magical Mystical Emotion Commercial Advertising Background Atmosphere Theme 028','http://www.jamendo.com/es/track/1022860','','','122','http://mp3l.jamendo.com/?trackid=1022860&format=mp31&u=0');
UPDATE track SET album_id='120283' WHERE id='1022860';
UPDATE track SET text='' WHERE id='1022860';
INSERT INTO track VALUES('1022877','Cinematic Beautiful Magical Mystical Emotion Commercial Advertising Background Atmosphere Theme 023','http://www.jamendo.com/es/track/1022877','','','112','http://mp3l.jamendo.com/?trackid=1022877&format=mp31&u=0');
UPDATE track SET album_id='120283' WHERE id='1022877';
UPDATE track SET text='' WHERE id='1022877';
INSERT INTO track VALUES('1022878','Cinematic Beautiful Magical Mystical Emotion Commercial Advertising Background Atmosphere Theme 002','http://www.jamendo.com/es/track/1022878','','','92','http://mp3l.jamendo.com/?trackid=1022878&format=mp31&u=0');
UPDATE track SET album_id='120283' WHERE id='1022878';
UPDATE track SET text='' WHERE id='1022878';
INSERT INTO track VALUES('1022879','Cinematic Beautiful Magical Mystical Emotion Commercial Advertising Background Atmosphere Theme 027','http://www.jamendo.com/es/track/1022879','','','121','http://mp3l.jamendo.com/?trackid=1022879&format=mp31&u=0');
UPDATE track SET album_id='120283' WHERE id='1022879';
UPDATE track SET text='' WHERE id='1022879';
INSERT INTO track VALUES('1022880','Cinematic Beautiful Magical Mystical Emotion Commercial Advertising Background Atmosphere Theme 029','http://www.jamendo.com/es/track/1022880','','','97','http://mp3l.jamendo.com/?trackid=1022880&format=mp31&u=0');
UPDATE track SET album_id='120283' WHERE id='1022880';
UPDATE track SET text='' WHERE id='1022880';
INSERT INTO track VALUES('1022881','Cinematic Beautiful Magical Mystical Emotion Commercial Advertising Background Atmosphere Theme 003','http://www.jamendo.com/es/track/1022881','','','137','http://mp3l.jamendo.com/?trackid=1022881&format=mp31&u=0');
UPDATE track SET album_id='120283' WHERE id='1022881';
UPDATE track SET text='' WHERE id='1022881';
INSERT INTO track VALUES('1022882','Cinematic Beautiful Magical Mystical Emotion Commercial Advertising Background Atmosphere Theme 004','http://www.jamendo.com/es/track/1022882','','','111','http://mp3l.jamendo.com/?trackid=1022882&format=mp31&u=0');
UPDATE track SET album_id='120283' WHERE id='1022882';
UPDATE track SET text='' WHERE id='1022882';
INSERT INTO track VALUES('1022883','Cinematic Beautiful Magical Mystical Emotion Commercial Advertising Background Atmosphere Theme 001','http://www.jamendo.com/es/track/1022883','','','109','http://mp3l.jamendo.com/?trackid=1022883&format=mp31&u=0');
UPDATE track SET album_id='120283' WHERE id='1022883';
UPDATE track SET text='' WHERE id='1022883';
INSERT INTO track VALUES('1022884','Cinematic Beautiful Magical Mystical Emotion Commercial Advertising Background Atmosphere Theme 008','http://www.jamendo.com/es/track/1022884','','','107','http://mp3l.jamendo.com/?trackid=1022884&format=mp31&u=0');
UPDATE track SET album_id='120283' WHERE id='1022884';
UPDATE track SET text='' WHERE id='1022884';
INSERT INTO track VALUES('1022885','Cinematic Beautiful Magical Mystical Emotion Commercial Advertising Background Atmosphere Theme 009','http://www.jamendo.com/es/track/1022885','','','100','http://mp3l.jamendo.com/?trackid=1022885&format=mp31&u=0');
UPDATE track SET album_id='120283' WHERE id='1022885';
UPDATE track SET text='' WHERE id='1022885';
INSERT INTO track VALUES('1022886','Cinematic Beautiful Magical Mystical Emotion Commercial Advertising Background Atmosphere Theme 010','http://www.jamendo.com/es/track/1022886','','','89','http://mp3l.jamendo.com/?trackid=1022886&format=mp31&u=0');
UPDATE track SET album_id='120283' WHERE id='1022886';
UPDATE track SET text='' WHERE id='1022886';
INSERT INTO track VALUES('1022887','Cinematic Beautiful Magical Mystical Emotion Commercial Advertising Background Atmosphere Theme 011','http://www.jamendo.com/es/track/1022887','','','118','http://mp3l.jamendo.com/?trackid=1022887&format=mp31&u=0');
UPDATE track SET album_id='120283' WHERE id='1022887';
UPDATE track SET text='' WHERE id='1022887';
INSERT INTO track VALUES('1022888','Cinematic Beautiful Magical Mystical Emotion Commercial Advertising Background Atmosphere Theme 012','http://www.jamendo.com/es/track/1022888','','','124','http://mp3l.jamendo.com/?trackid=1022888&format=mp31&u=0');
UPDATE track SET album_id='120283' WHERE id='1022888';
UPDATE track SET text='' WHERE id='1022888';
INSERT INTO track VALUES('1022907','Cinematic Beautiful Magical Mystical Emotion Commercial Advertising Background Atmosphere Theme 005','http://www.jamendo.com/es/track/1022907','','','117','http://mp3l.jamendo.com/?trackid=1022907&format=mp31&u=0');
UPDATE track SET album_id='120283' WHERE id='1022907';
UPDATE track SET text='' WHERE id='1022907';
INSERT INTO track VALUES('1022908','Cinematic Beautiful Magical Mystical Emotion Commercial Advertising Background Atmosphere Theme 030','http://www.jamendo.com/es/track/1022908','','','156','http://mp3l.jamendo.com/?trackid=1022908&format=mp31&u=0');
UPDATE track SET album_id='120283' WHERE id='1022908';
UPDATE track SET text='' WHERE id='1022908';
INSERT INTO album VALUES('120284','Epic Cinematic Monumental Oriental Hollywood Fantasy Blockbuster Orchestra Theme Soundtrack Album n°198','http://www.jamendo.com/es/album/120284','http://imgjam.com/albums/s120/120284/covers/1.100.jpg','3','469');
UPDATE album SET artist_id='420766' WHERE id='120284';
INSERT INTO track VALUES('1022915','Epic Cinematic Monumental Hollywood Fantasy Movie Theme Soundtrack','http://www.jamendo.com/es/track/1022915','','','151','http://mp3l.jamendo.com/?trackid=1022915&format=mp31&u=0');
UPDATE track SET album_id='120284' WHERE id='1022915';
UPDATE track SET text='' WHERE id='1022915';
INSERT INTO track VALUES('1022916','Epic Cinematic Monumental Hollywood Fantasy Saga Theme Soundtrack','http://www.jamendo.com/es/track/1022916','','','158','http://mp3l.jamendo.com/?trackid=1022916&format=mp31&u=0');
UPDATE track SET album_id='120284' WHERE id='1022916';
UPDATE track SET text='' WHERE id='1022916';
INSERT INTO track VALUES('1022917','Epic Cinematic Monumental Hollywood Fantasy Blockbuster Theme Soundtrack','http://www.jamendo.com/es/track/1022917','','','160','http://mp3l.jamendo.com/?trackid=1022917&format=mp31&u=0');
UPDATE track SET album_id='120284' WHERE id='1022917';
UPDATE track SET text='' WHERE id='1022917';
INSERT INTO album VALUES('120297','Cinematic Atmosphere Elvolving Ambient Earth Space Colony Soundscape Theme Vol.3 Album n°199','http://www.jamendo.com/es/album/120297','http://imgjam.com/albums/s120/120297/covers/1.100.jpg','2','9561');
UPDATE album SET artist_id='420766' WHERE id='120297';
INSERT INTO track VALUES('1022943','Cinematic Atmosphere Elvolving Ambient Earth Space Colony Theme Soundscape 041','http://www.jamendo.com/es/track/1022943','','','482','http://mp3l.jamendo.com/?trackid=1022943&format=mp31&u=0');
UPDATE track SET album_id='120297' WHERE id='1022943';
UPDATE track SET text='' WHERE id='1022943';
INSERT INTO track VALUES('1022953','Cinematic Atmosphere Elvolving Ambient Earth Space Colony Theme Soundscape 042','http://www.jamendo.com/es/track/1022953','','','482','http://mp3l.jamendo.com/?trackid=1022953&format=mp31&u=0');
UPDATE track SET album_id='120297' WHERE id='1022953';
UPDATE track SET text='' WHERE id='1022953';
INSERT INTO track VALUES('1022954','Cinematic Atmosphere Elvolving Ambient Earth Space Colony Theme Soundscape 043','http://www.jamendo.com/es/track/1022954','','','482','http://mp3l.jamendo.com/?trackid=1022954&format=mp31&u=0');
UPDATE track SET album_id='120297' WHERE id='1022954';
UPDATE track SET text='' WHERE id='1022954';
INSERT INTO track VALUES('1022955','Cinematic Atmosphere Elvolving Ambient Earth Space Colony Theme Soundscape 044','http://www.jamendo.com/es/track/1022955','','','482','http://mp3l.jamendo.com/?trackid=1022955&format=mp31&u=0');
UPDATE track SET album_id='120297' WHERE id='1022955';
UPDATE track SET text='' WHERE id='1022955';
INSERT INTO track VALUES('1022956','Cinematic Atmosphere Elvolving Ambient Earth Space Colony Theme Soundscape 045','http://www.jamendo.com/es/track/1022956','','','482','http://mp3l.jamendo.com/?trackid=1022956&format=mp31&u=0');
UPDATE track SET album_id='120297' WHERE id='1022956';
UPDATE track SET text='' WHERE id='1022956';
INSERT INTO track VALUES('1022957','Cinematic Atmosphere Elvolving Ambient Earth Space Colony Theme Soundscape 046','http://www.jamendo.com/es/track/1022957','','','481','http://mp3l.jamendo.com/?trackid=1022957&format=mp31&u=0');
UPDATE track SET album_id='120297' WHERE id='1022957';
UPDATE track SET text='' WHERE id='1022957';
INSERT INTO track VALUES('1022938','Cinematic Atmosphere Elvolving Ambient Earth Space Colony Theme Soundscape 047','http://www.jamendo.com/es/track/1022938','','','480','http://mp3l.jamendo.com/?trackid=1022938&format=mp31&u=0');
UPDATE track SET album_id='120297' WHERE id='1022938';
UPDATE track SET text='' WHERE id='1022938';
INSERT INTO track VALUES('1022939','Cinematic Atmosphere Elvolving Ambient Earth Space Colony Theme Soundscape 048','http://www.jamendo.com/es/track/1022939','','','479','http://mp3l.jamendo.com/?trackid=1022939&format=mp31&u=0');
UPDATE track SET album_id='120297' WHERE id='1022939';
UPDATE track SET text='' WHERE id='1022939';
INSERT INTO track VALUES('1022940','Cinematic Atmosphere Elvolving Ambient Earth Space Colony Theme Soundscape 049','http://www.jamendo.com/es/track/1022940','','','478','http://mp3l.jamendo.com/?trackid=1022940&format=mp31&u=0');
UPDATE track SET album_id='120297' WHERE id='1022940';
UPDATE track SET text='' WHERE id='1022940';
INSERT INTO track VALUES('1022946','Cinematic Atmosphere Elvolving Ambient Earth Space Colony Theme Soundscape 050','http://www.jamendo.com/es/track/1022946','','','478','http://mp3l.jamendo.com/?trackid=1022946&format=mp31&u=0');
UPDATE track SET album_id='120297' WHERE id='1022946';
UPDATE track SET text='' WHERE id='1022946';
INSERT INTO track VALUES('1022947','Cinematic Atmosphere Elvolving Ambient Earth Space Colony Theme Soundscape 051','http://www.jamendo.com/es/track/1022947','','','477','http://mp3l.jamendo.com/?trackid=1022947&format=mp31&u=0');
UPDATE track SET album_id='120297' WHERE id='1022947';
UPDATE track SET text='' WHERE id='1022947';
INSERT INTO track VALUES('1022949','Cinematic Atmosphere Elvolving Ambient Earth Space Colony Theme Soundscape 052','http://www.jamendo.com/es/track/1022949','','','477','http://mp3l.jamendo.com/?trackid=1022949&format=mp31&u=0');
UPDATE track SET album_id='120297' WHERE id='1022949';
UPDATE track SET text='' WHERE id='1022949';
INSERT INTO track VALUES('1022951','Cinematic Atmosphere Elvolving Ambient Earth Space Colony Theme Soundscape 053','http://www.jamendo.com/es/track/1022951','','','476','http://mp3l.jamendo.com/?trackid=1022951&format=mp31&u=0');
UPDATE track SET album_id='120297' WHERE id='1022951';
UPDATE track SET text='' WHERE id='1022951';
INSERT INTO track VALUES('1022941','Cinematic Atmosphere Elvolving Ambient Earth Space Colony Theme Soundscape 054','http://www.jamendo.com/es/track/1022941','','','476','http://mp3l.jamendo.com/?trackid=1022941&format=mp31&u=0');
UPDATE track SET album_id='120297' WHERE id='1022941';
UPDATE track SET text='' WHERE id='1022941';
INSERT INTO track VALUES('1022944','Cinematic Atmosphere Elvolving Ambient Earth Space Colony Theme Soundscape 055','http://www.jamendo.com/es/track/1022944','','','476','http://mp3l.jamendo.com/?trackid=1022944&format=mp31&u=0');
UPDATE track SET album_id='120297' WHERE id='1022944';
UPDATE track SET text='' WHERE id='1022944';
INSERT INTO track VALUES('1022950','Cinematic Atmosphere Elvolving Ambient Earth Space Colony Theme Soundscape 056','http://www.jamendo.com/es/track/1022950','','','476','http://mp3l.jamendo.com/?trackid=1022950&format=mp31&u=0');
UPDATE track SET album_id='120297' WHERE id='1022950';
UPDATE track SET text='' WHERE id='1022950';
INSERT INTO track VALUES('1022952','Cinematic Atmosphere Elvolving Ambient Earth Space Colony Theme Soundscape 057','http://www.jamendo.com/es/track/1022952','','','475','http://mp3l.jamendo.com/?trackid=1022952&format=mp31&u=0');
UPDATE track SET album_id='120297' WHERE id='1022952';
UPDATE track SET text='' WHERE id='1022952';
INSERT INTO track VALUES('1022948','Cinematic Atmosphere Elvolving Ambient Earth Space Colony Theme Soundscape 058','http://www.jamendo.com/es/track/1022948','','','474','http://mp3l.jamendo.com/?trackid=1022948&format=mp31&u=0');
UPDATE track SET album_id='120297' WHERE id='1022948';
UPDATE track SET text='' WHERE id='1022948';
INSERT INTO track VALUES('1022945','Cinematic Atmosphere Elvolving Ambient Earth Space Colony Theme Soundscape 059','http://www.jamendo.com/es/track/1022945','','','474','http://mp3l.jamendo.com/?trackid=1022945&format=mp31&u=0');
UPDATE track SET album_id='120297' WHERE id='1022945';
UPDATE track SET text='' WHERE id='1022945';
INSERT INTO track VALUES('1022942','Cinematic Atmosphere Elvolving Ambient Earth Space Colony Theme Soundscape 060','http://www.jamendo.com/es/track/1022942','','','474','http://mp3l.jamendo.com/?trackid=1022942&format=mp31&u=0');
UPDATE track SET album_id='120297' WHERE id='1022942';
UPDATE track SET text='' WHERE id='1022942';
INSERT INTO album VALUES('120307','Cinematic Atmosphere Elvolving Ambient Earth Space Colony Soundscape Theme Vol.4 Album n°200','http://www.jamendo.com/es/album/120307','http://imgjam.com/albums/s120/120307/covers/1.100.jpg','2','9444');
UPDATE album SET artist_id='420766' WHERE id='120307';
INSERT INTO track VALUES('1023118','Cinematic Atmosphere Elvolving Ambient Earth Space Colony Theme Soundscape 061','http://www.jamendo.com/es/track/1023118','','','474','http://mp3l.jamendo.com/?trackid=1023118&format=mp31&u=0');
UPDATE track SET album_id='120307' WHERE id='1023118';
UPDATE track SET text='' WHERE id='1023118';
INSERT INTO track VALUES('1023007','Cinematic Atmosphere Elvolving Ambient Earth Space Colony Theme Soundscape 062','http://www.jamendo.com/es/track/1023007','','','474','http://mp3l.jamendo.com/?trackid=1023007&format=mp31&u=0');
UPDATE track SET album_id='120307' WHERE id='1023007';
UPDATE track SET text='' WHERE id='1023007';
INSERT INTO track VALUES('1023122','Cinematic Atmosphere Elvolving Ambient Earth Space Colony Theme Soundscape 063','http://www.jamendo.com/es/track/1023122','','','474','http://mp3l.jamendo.com/?trackid=1023122&format=mp31&u=0');
UPDATE track SET album_id='120307' WHERE id='1023122';
UPDATE track SET text='' WHERE id='1023122';
INSERT INTO track VALUES('1023123','Cinematic Atmosphere Elvolving Ambient Earth Space Colony Theme Soundscape 064','http://www.jamendo.com/es/track/1023123','','','473','http://mp3l.jamendo.com/?trackid=1023123&format=mp31&u=0');
UPDATE track SET album_id='120307' WHERE id='1023123';
UPDATE track SET text='' WHERE id='1023123';
INSERT INTO track VALUES('1023010','Cinematic Atmosphere Elvolving Ambient Earth Space Colony Theme Soundscape 065','http://www.jamendo.com/es/track/1023010','','','473','http://mp3l.jamendo.com/?trackid=1023010&format=mp31&u=0');
UPDATE track SET album_id='120307' WHERE id='1023010';
UPDATE track SET text='' WHERE id='1023010';
INSERT INTO track VALUES('1023124','Cinematic Atmosphere Elvolving Ambient Earth Space Colony Theme Soundscape 066','http://www.jamendo.com/es/track/1023124','','','473','http://mp3l.jamendo.com/?trackid=1023124&format=mp31&u=0');
UPDATE track SET album_id='120307' WHERE id='1023124';
UPDATE track SET text='' WHERE id='1023124';
INSERT INTO track VALUES('1023121','Cinematic Atmosphere Elvolving Ambient Earth Space Colony Theme Soundscape 067','http://www.jamendo.com/es/track/1023121','','','473','http://mp3l.jamendo.com/?trackid=1023121&format=mp31&u=0');
UPDATE track SET album_id='120307' WHERE id='1023121';
UPDATE track SET text='' WHERE id='1023121';
INSERT INTO track VALUES('1023119','Cinematic Atmosphere Elvolving Ambient Earth Space Colony Theme Soundscape 068','http://www.jamendo.com/es/track/1023119','','','472','http://mp3l.jamendo.com/?trackid=1023119&format=mp31&u=0');
UPDATE track SET album_id='120307' WHERE id='1023119';
UPDATE track SET text='' WHERE id='1023119';
INSERT INTO track VALUES('1023016','Cinematic Atmosphere Elvolving Ambient Earth Space Colony Theme Soundscape 069','http://www.jamendo.com/es/track/1023016','','','472','http://mp3l.jamendo.com/?trackid=1023016&format=mp31&u=0');
UPDATE track SET album_id='120307' WHERE id='1023016';
UPDATE track SET text='' WHERE id='1023016';
INSERT INTO track VALUES('1023014','Cinematic Atmosphere Elvolving Ambient Earth Space Colony Theme Soundscape 070','http://www.jamendo.com/es/track/1023014','','','472','http://mp3l.jamendo.com/?trackid=1023014&format=mp31&u=0');
UPDATE track SET album_id='120307' WHERE id='1023014';
UPDATE track SET text='' WHERE id='1023014';
INSERT INTO track VALUES('1023015','Cinematic Atmosphere Elvolving Ambient Earth Space Colony Theme Soundscape 071','http://www.jamendo.com/es/track/1023015','','','472','http://mp3l.jamendo.com/?trackid=1023015&format=mp31&u=0');
UPDATE track SET album_id='120307' WHERE id='1023015';
UPDATE track SET text='' WHERE id='1023015';
INSERT INTO track VALUES('1023017','Cinematic Atmosphere Elvolving Ambient Earth Space Colony Theme Soundscape 072','http://www.jamendo.com/es/track/1023017','','','472','http://mp3l.jamendo.com/?trackid=1023017&format=mp31&u=0');
UPDATE track SET album_id='120307' WHERE id='1023017';
UPDATE track SET text='' WHERE id='1023017';
INSERT INTO track VALUES('1023019','Cinematic Atmosphere Elvolving Ambient Earth Space Colony Theme Soundscape 073','http://www.jamendo.com/es/track/1023019','','','472','http://mp3l.jamendo.com/?trackid=1023019&format=mp31&u=0');
UPDATE track SET album_id='120307' WHERE id='1023019';
UPDATE track SET text='' WHERE id='1023019';
INSERT INTO track VALUES('1023008','Cinematic Atmosphere Elvolving Ambient Earth Space Colony Theme Soundscape 074','http://www.jamendo.com/es/track/1023008','','','472','http://mp3l.jamendo.com/?trackid=1023008&format=mp31&u=0');
UPDATE track SET album_id='120307' WHERE id='1023008';
UPDATE track SET text='' WHERE id='1023008';
INSERT INTO track VALUES('1023012','Cinematic Atmosphere Elvolving Ambient Earth Space Colony Theme Soundscape 075','http://www.jamendo.com/es/track/1023012','','','472','http://mp3l.jamendo.com/?trackid=1023012&format=mp31&u=0');
UPDATE track SET album_id='120307' WHERE id='1023012';
UPDATE track SET text='' WHERE id='1023012';
INSERT INTO track VALUES('1023018','Cinematic Atmosphere Elvolving Ambient Earth Space Colony Theme Soundscape 076','http://www.jamendo.com/es/track/1023018','','','471','http://mp3l.jamendo.com/?trackid=1023018&format=mp31&u=0');
UPDATE track SET album_id='120307' WHERE id='1023018';
UPDATE track SET text='' WHERE id='1023018';
INSERT INTO track VALUES('1023120','Cinematic Atmosphere Elvolving Ambient Earth Space Colony Theme Soundscape 077','http://www.jamendo.com/es/track/1023120','','','471','http://mp3l.jamendo.com/?trackid=1023120&format=mp31&u=0');
UPDATE track SET album_id='120307' WHERE id='1023120';
UPDATE track SET text='' WHERE id='1023120';
INSERT INTO track VALUES('1023011','Cinematic Atmosphere Elvolving Ambient Earth Space Colony Theme Soundscape 078','http://www.jamendo.com/es/track/1023011','','','471','http://mp3l.jamendo.com/?trackid=1023011&format=mp31&u=0');
UPDATE track SET album_id='120307' WHERE id='1023011';
UPDATE track SET text='' WHERE id='1023011';
INSERT INTO track VALUES('1023013','Cinematic Atmosphere Elvolving Ambient Earth Space Colony Theme Soundscape 079','http://www.jamendo.com/es/track/1023013','','','471','http://mp3l.jamendo.com/?trackid=1023013&format=mp31&u=0');
UPDATE track SET album_id='120307' WHERE id='1023013';
UPDATE track SET text='' WHERE id='1023013';
INSERT INTO track VALUES('1023009','Cinematic Atmosphere Elvolving Ambient Earth Space Colony Theme Soundscape 080','http://www.jamendo.com/es/track/1023009','','','470','http://mp3l.jamendo.com/?trackid=1023009&format=mp31&u=0');
UPDATE track SET album_id='120307' WHERE id='1023009';
UPDATE track SET text='' WHERE id='1023009';
INSERT INTO juser VALUES('15565','jalakas','Joakim','http://www.jamendo.com/es/user/jalakas','http://imgjam.com/avatars/questionmark/avatar.100.gif','en');
INSERT INTO juser VALUES('113418','bOHeLi','Konfu  schnibli','http://www.jamendo.com/es/user/bOHeLi','http://imgjam.com/avatars/jamendo/100/eco.png','de');
INSERT INTO juser VALUES('436276','Sparthako','Sparthako','http://www.jamendo.com/es/user/Sparthako','http://imgjam.com/avatars/jamendo/100/pro.png','es');
INSERT INTO juser VALUES('445802','Watchinofoye','Watchinofoye','http://www.jamendo.com/es/user/Watchinofoye','http://imgjam.com/avatars/802/445802.100.png','fr');
INSERT INTO juser VALUES('592122','Sunne','Sunne','http://www.jamendo.com/es/user/Sunne','http://imgjam.com/avatars/jamendo/100/pb_gzzz.png','es');
INSERT INTO artist_juser VALUES('420766','15565');
INSERT INTO artist_juser VALUES('420766','113418');
INSERT INTO artist_juser VALUES('420766','436276');
INSERT INTO artist_juser VALUES('420766','445802');
INSERT INTO artist_juser VALUES('420766','592122');
INSERT INTO juser VALUES('747873','jun940620','Jun940620','http://www.jamendo.com/es/user/jun940620','http://imgjam.com/avatars/jamendo/100/pro.png','en');
INSERT INTO juser VALUES('755559','Tom Bombadil','Tom bombadil','http://www.jamendo.com/es/user/Tom%20Bombadil','http://imgjam.com/avatars/jamendo/100/pb_design.png','de');
INSERT INTO juser VALUES('912326','KYTIE',' ','http://www.jamendo.com/es/user/KYTIE','http://imgjam.com/avatars/326/912326.100.jpg','fr');
INSERT INTO juser VALUES('999528','SaroTaz','Sarotaz','http://www.jamendo.com/es/user/SaroTaz','http://imgjam.com/avatars/jamendo/100/pro.png','en');
INSERT INTO juser VALUES('1092741','kraka',' kraka','http://www.jamendo.com/es/user/kraka','http://imgjam.com/avatars/741/1092741.100.jpg','en');
INSERT INTO artist_juser VALUES('420766','747873');
INSERT INTO artist_juser VALUES('420766','755559');
INSERT INTO artist_juser VALUES('420766','912326');
INSERT INTO artist_juser VALUES('420766','999528');
INSERT INTO artist_juser VALUES('420766','1092741');
INSERT INTO juser VALUES('1135945','ahrgs',' ','http://www.jamendo.com/es/user/ahrgs','http://imgjam.com/avatars/945/1135945.100.png','de');
INSERT INTO juser VALUES('1144462','Jaegerschnitzel',' ','http://www.jamendo.com/es/user/Jaegerschnitzel','http://imgjam.com/avatars/462/1144462.100.jpg','de');
INSERT INTO juser VALUES('1245278','Crystal Tiger','Crystal tiger','http://www.jamendo.com/es/user/Crystal%20Tiger','http://imgjam.com/avatars/278/1245278.100.jpg','de');
INSERT INTO juser VALUES('1296061','Chronologia','Gable  mickaël','http://www.jamendo.com/es/user/Chronologia','http://imgjam.com/avatars/61/1296061.100.jpg','fr');
INSERT INTO juser VALUES('1304807','Augi05','Augi05','http://www.jamendo.com/es/user/Augi05','http://imgjam.com/avatars/jamendo/100/pro.png','fr');
INSERT INTO artist_juser VALUES('420766','1135945');
INSERT INTO artist_juser VALUES('420766','1144462');
INSERT INTO artist_juser VALUES('420766','1245278');
INSERT INTO artist_juser VALUES('420766','1296061');
INSERT INTO artist_juser VALUES('420766','1304807');
INSERT INTO juser VALUES('1322832','craJ','Craj','http://www.jamendo.com/es/user/craJ','http://imgjam.com/avatars/832/1322832.100.png','de');
INSERT INTO juser VALUES('1398836','lumencreator','Lumencreator','http://www.jamendo.com/es/user/lumencreator','http://imgjam.com/avatars/836/1398836.100.jpg','de');
INSERT INTO juser VALUES('3007663','BalticLapse','Balticlapse','http://www.jamendo.com/es/user/BalticLapse','http://imgjam.com/avatars/jamendo/100/ange.png','de');
INSERT INTO juser VALUES('3035249','idr�s bilal','Idr�s bilal','http://www.jamendo.com/es/user/idr%EDs%20bilal','http://imgjam.com/avatars/jamendo/100/pro.png','');
INSERT INTO juser VALUES('3069019','m2s2m','M2s2m','http://www.jamendo.com/es/user/m2s2m','http://imgjam.com/avatars/jamendo/100/pro.png','');
INSERT INTO artist_juser VALUES('420766','1322832');
INSERT INTO artist_juser VALUES('420766','1398836');
INSERT INTO artist_juser VALUES('420766','3007663');
INSERT INTO artist_juser VALUES('420766','3035249');
INSERT INTO artist_juser VALUES('420766','3069019');
INSERT INTO artist VALUES('7872','joshwoodward','Josh Woodward','http://www.jamendo.com/es/artist/joshwoodward','http://imgjam.com/artists/j/joshwoodward.jpg');
INSERT INTO album VALUES('7098','Dirty Wings','http://www.jamendo.com/es/album/7098','http://imgjam.com/albums/s7/7098/covers/1.100.jpg','2','2569','Indie Rock');
UPDATE album SET artist_id='7872' WHERE id='7098';
INSERT INTO track VALUES('78310','The Raven and the Swan','http://www.jamendo.com/es/track/78310','','en','233','http://mp3l.jamendo.com/?trackid=78310&format=mp31&u=0');
UPDATE track SET album_id='7098' WHERE id='78310';
UPDATE track SET text='I saw you bathing in the river
I saw you throwing off the water from your beautiful wings
I want to live a life of brightness and purity
Beautiful like you

    Envy, desire
    Waiting on the wire
    Till the other birds are gone
    Wade in the springs
    To bleach those dirty wings
    The raven and the swan
    The raven and the swan

I was a circle in the water
Spreading out along the edges, and breaking up on the shore
A little bit of time and I''m beautiful
I''m beautiful like you

    [Chorus]' WHERE id='78310';
INSERT INTO playlist VALUES('121272','TooTooT','http://www.jamendo.com/es/playlist/121272','2569');
INSERT INTO playlist_track VALUES('121272','78310');
INSERT INTO playlist VALUES('23352','Spokojniejsze - rock','http://www.jamendo.com/es/playlist/23352','9602');
INSERT INTO playlist_track VALUES('23352','78310');
INSERT INTO playlist VALUES('104696','Pop/Rock','http://www.jamendo.com/es/playlist/104696','5218');
INSERT INTO playlist_track VALUES('104696','78310');
INSERT INTO playlist VALUES('21928','Josh woodward','http://www.jamendo.com/es/playlist/21928','2569');
INSERT INTO playlist_track VALUES('21928','78310');
INSERT INTO playlist VALUES('18668','Pop-rock','http://www.jamendo.com/es/playlist/18668','2302');
INSERT INTO playlist_track VALUES('18668','78310');
INSERT INTO playlist VALUES('22852','Meins','http://www.jamendo.com/es/playlist/22852','8514');
INSERT INTO playlist_track VALUES('22852','78310');
INSERT INTO playlist VALUES('22237','Indie Rock','http://www.jamendo.com/es/playlist/22237','2569');
INSERT INTO playlist_track VALUES('22237','78310');
INSERT INTO playlist VALUES('23500','Quai-G','http://www.jamendo.com/es/playlist/23500','2569');
INSERT INTO playlist_track VALUES('23500','78310');
INSERT INTO playlist VALUES('23483','American Folk','http://www.jamendo.com/es/playlist/23483','2569');
INSERT INTO playlist_track VALUES('23483','78310');
INSERT INTO playlist VALUES('10144','Rock','http://www.jamendo.com/es/playlist/10144','6107');
INSERT INTO playlist_track VALUES('10144','78310');
INSERT INTO playlist VALUES('23174','Ma PlayList','http://www.jamendo.com/es/playlist/23174','3960');
INSERT INTO playlist_track VALUES('23174','78310');
INSERT INTO playlist VALUES('22908','Entrez un nom pour la playlist ...','http://www.jamendo.com/es/playlist/22908','2569');
INSERT INTO playlist_track VALUES('22908','78310');
INSERT INTO playlist VALUES('23378','Josh Woodward','http://www.jamendo.com/es/playlist/23378','5198');
INSERT INTO playlist_track VALUES('23378','78310');
INSERT INTO playlist VALUES('23619','Josh Woodward-Dirty Wings','http://www.jamendo.com/es/playlist/23619','2569');
INSERT INTO playlist_track VALUES('23619','78310');
INSERT INTO playlist VALUES('38152','20d/1','http://www.jamendo.com/es/playlist/38152','50376');
INSERT INTO playlist_track VALUES('38152','78310');
INSERT INTO playlist VALUES('36163','Gmiadlich','http://www.jamendo.com/es/playlist/36163','11828');
INSERT INTO playlist_track VALUES('36163','78310');
INSERT INTO playlist VALUES('39429','Lavrador','http://www.jamendo.com/es/playlist/39429','2569');
INSERT INTO playlist_track VALUES('39429','78310');
INSERT INTO playlist VALUES('98775','Oizoos','http://www.jamendo.com/es/playlist/98775','12903');
INSERT INTO playlist_track VALUES('98775','78310');
INSERT INTO playlist VALUES('38099','Rock','http://www.jamendo.com/es/playlist/38099','2569');
INSERT INTO playlist_track VALUES('38099','78310');
INSERT INTO playlist VALUES('34382','Walloud','http://www.jamendo.com/es/playlist/34382','124800');
INSERT INTO playlist_track VALUES('34382','78310');
INSERT INTO track VALUES('78311','Cien Volando','http://www.jamendo.com/es/track/78311','','en','186','http://mp3l.jamendo.com/?trackid=78311&format=mp31&u=0');
UPDATE track SET album_id='7098' WHERE id='78311';
UPDATE track SET text='Desire took a seat at my side
And softly said to me
"I know you want to go your own way,
But you''re too weak to be free."

I said to it, "I know you mean well
But this time you are wrong.
I''ve thought this through, I promise you, I''ve got to move on
And I don''t want you along."

Here I stand with a bird in hand and here I will remain
I would rather let it stay than to watch a hundred fly away
You''ll be fine in a little time when I am out of view
I''m not trying to say goodbye, I know I''ll see you soon' WHERE id='78311';
INSERT INTO playlist_track VALUES('121272','78311');
INSERT INTO playlist_track VALUES('23352','78311');
INSERT INTO playlist_track VALUES('21928','78311');
INSERT INTO playlist_track VALUES('18668','78311');
INSERT INTO playlist_track VALUES('22852','78311');
INSERT INTO playlist_track VALUES('22237','78311');
INSERT INTO playlist_track VALUES('23500','78311');
INSERT INTO playlist_track VALUES('23483','78311');
INSERT INTO playlist_track VALUES('10144','78311');
INSERT INTO playlist_track VALUES('23174','78311');
INSERT INTO playlist_track VALUES('22908','78311');
INSERT INTO playlist_track VALUES('23378','78311');
INSERT INTO playlist_track VALUES('23619','78311');
INSERT INTO playlist_track VALUES('38152','78311');
INSERT INTO playlist_track VALUES('39429','78311');
INSERT INTO playlist_track VALUES('36163','78311');
INSERT INTO playlist_track VALUES('98775','78311');
INSERT INTO playlist_track VALUES('38099','78311');
INSERT INTO playlist_track VALUES('34382','78311');
INSERT INTO playlist VALUES('40639','Ruth''s Music','http://www.jamendo.com/es/playlist/40639','25512');
INSERT INTO playlist_track VALUES('40639','78311');
INSERT INTO track VALUES('78309','But It Did','http://www.jamendo.com/es/track/78309','','en','211','http://mp3l.jamendo.com/?trackid=78309&format=mp31&u=0');
UPDATE track SET album_id='7098' WHERE id='78309';
UPDATE track SET text='The skies they opened up, and now the frogs are pouring out
Splattering and scattered on the ground
Falling on the sidewalk, in the middle of the street
This couldn''t ever happen but it did

We are standing silent in a stupor at the sight
Gazing on with glazy eyes apart
Oh, you couldn''t ever see, it couldn''t ever be
This couldn''t ever happen but it did

The canvas on the parasols are ripping at the frame
The streetlights on the avenue are red
Oh, you couldn''t ever see, it couldn''t ever be
This couldn''t ever happen but it did

    This couldn''t ever happen but it did
    Streets are full of carnage and the avenues are red
    Everybody waiting for the kid
    This couldn''t ever happen but it did

History is scratching on the windows of the past
Fighting on to see the light of day
We could''ve let it out, we could''ve let it out
We could have, but we never really did

    [Chorus]' WHERE id='78309';
INSERT INTO playlist_track VALUES('121272','78309');
INSERT INTO playlist_track VALUES('23352','78309');
INSERT INTO playlist_track VALUES('104696','78309');
INSERT INTO playlist_track VALUES('21928','78309');
INSERT INTO playlist_track VALUES('18668','78309');
INSERT INTO playlist_track VALUES('22852','78309');
INSERT INTO playlist_track VALUES('22237','78309');
INSERT INTO playlist_track VALUES('23483','78309');
INSERT INTO playlist_track VALUES('10144','78309');
INSERT INTO playlist_track VALUES('23500','78309');
INSERT INTO playlist_track VALUES('23174','78309');
INSERT INTO playlist_track VALUES('22908','78309');
INSERT INTO playlist VALUES('17527','Playlist 1','http://www.jamendo.com/es/playlist/17527','3374');
INSERT INTO playlist_track VALUES('17527','78309');
INSERT INTO playlist_track VALUES('23378','78309');
INSERT INTO playlist_track VALUES('23619','78309');
INSERT INTO playlist_track VALUES('38152','78309');
INSERT INTO playlist_track VALUES('36163','78309');
INSERT INTO playlist_track VALUES('39429','78309');
INSERT INTO playlist_track VALUES('98775','78309');
INSERT INTO playlist_track VALUES('38099','78309');
INSERT INTO track VALUES('78305','Stickybee','http://www.jamendo.com/es/track/78305','','en','199','http://mp3l.jamendo.com/?trackid=78305&format=mp31&u=0');
UPDATE track SET album_id='7098' WHERE id='78305';
UPDATE track SET text='There''s safety in the numbers of this godforsaken town
It''s been a week since all of this went down
In this abandoned factory, there''s no one here but you and me
And god help any fool who comes around

    And you, with your coy and fickle eyes, you''ll get your way
    And me, I have got no say in my own destiny
    The way it''s going, Stickybee, you will be the death of me, oh no

It didn''t go the way I planned, we had it in our hands
And everyone had followed our demands
But then you shot that plainclothes cop, I heard a pop and watched him drop
Now we both have blood upon our hands

    And you, well, you made it sound so simple and it was
    And now, I am a fugitive and you''re the only cause
    The way it''s going, Stickybee, you will be the death of me, oh no

Oh shit, I think I heard a sound from over by the door
I see their shadows looming on the floor
An inch, a mile, it''s all the same, now that I am in this game
A shout is heard and time is running out

    And you, in the chaos of the moment grab your gun
    And you, you aim the barrel at that two ton oil drum
    Now I know it, Stickybee, you will be the death of me
    Now I know it, Stickybee, you will be the death of me, oh no' WHERE id='78305';
INSERT INTO playlist VALUES('132888','All','http://www.jamendo.com/es/playlist/132888','12160');
INSERT INTO playlist_track VALUES('132888','78305');
INSERT INTO playlist_track VALUES('104696','78305');
INSERT INTO playlist_track VALUES('23483','78305');
INSERT INTO playlist_track VALUES('121272','78305');
INSERT INTO playlist_track VALUES('21928','78305');
INSERT INTO playlist VALUES('104758','Albums','http://www.jamendo.com/es/playlist/104758','5818');
INSERT INTO playlist_track VALUES('104758','78305');
INSERT INTO playlist_track VALUES('22852','78305');
INSERT INTO playlist_track VALUES('22237','78305');
INSERT INTO playlist VALUES('21898','Nettes','http://www.jamendo.com/es/playlist/21898','471');
INSERT INTO playlist_track VALUES('21898','78305');
INSERT INTO playlist_track VALUES('10144','78305');
INSERT INTO playlist_track VALUES('23174','78305');
INSERT INTO playlist VALUES('190717','Fav1','http://www.jamendo.com/es/playlist/190717','2569');
INSERT INTO playlist_track VALUES('190717','78305');
INSERT INTO playlist_track VALUES('22908','78305');
INSERT INTO playlist VALUES('23197','żywe -- rock','http://www.jamendo.com/es/playlist/23197','11294');
INSERT INTO playlist_track VALUES('23197','78305');
INSERT INTO playlist_track VALUES('23378','78305');
INSERT INTO playlist_track VALUES('23500','78305');
INSERT INTO playlist_track VALUES('18668','78305');
INSERT INTO playlist_track VALUES('23619','78305');
INSERT INTO playlist_track VALUES('17527','78305');
INSERT INTO playlist VALUES('24777','RockLibreExperience_Saison 2','http://www.jamendo.com/es/playlist/24777','12147');
INSERT INTO juser VALUES('583803','ramoncin','Ramoncin','http://www.jamendo.com/es/user/ramoncin','http://imgjam.com/avatars/jamendo/100/pro.png','es');
INSERT INTO playlist_juser VALUES('24777','583803');
INSERT INTO playlist_track VALUES('24777','78305');
INSERT INTO track VALUES('78306','Insomnia','http://www.jamendo.com/es/track/78306','','en','210','http://mp3l.jamendo.com/?trackid=78306&format=mp31&u=0');
UPDATE track SET album_id='7098' WHERE id='78306';
UPDATE track SET text='Wait, where is my bed, I thought I was there
I swear that I didn''t come sit in this chair
But here I am, I guess that''s fine
It''s only something:49
I''ll sleep it off tomorrow if I can

Did I take the pills? I think I''ll take more
I thought that I left them here in this drawer
I guess I''ll sit and think about
The last time that I took them out
And maybe I will remember where they are

There, drawer
Here, floor
Where, more
Huh.

There, bed
Here, bad head
Thr heh huh' WHERE id='78306';
INSERT INTO playlist_track VALUES('23352','78306');
INSERT INTO playlist_track VALUES('23483','78306');
INSERT INTO playlist_track VALUES('121272','78306');
INSERT INTO playlist_track VALUES('21928','78306');
INSERT INTO playlist_track VALUES('22852','78306');
INSERT INTO playlist_track VALUES('22237','78306');
INSERT INTO playlist VALUES('109821','Musique cool','http://www.jamendo.com/es/playlist/109821','1108');
INSERT INTO playlist_track VALUES('109821','78306');
INSERT INTO playlist_track VALUES('10144','78306');
INSERT INTO playlist VALUES('22629','Sad tunes','http://www.jamendo.com/es/playlist/22629','438');
INSERT INTO playlist_track VALUES('22629','78306');
INSERT INTO playlist_track VALUES('23174','78306');
INSERT INTO playlist_track VALUES('22908','78306');
INSERT INTO playlist_track VALUES('23378','78306');
INSERT INTO playlist_track VALUES('23500','78306');
INSERT INTO playlist_track VALUES('18668','78306');
INSERT INTO playlist_track VALUES('23619','78306');
INSERT INTO playlist_track VALUES('38152','78306');
INSERT INTO playlist_track VALUES('36163','78306');
INSERT INTO playlist_track VALUES('39429','78306');
INSERT INTO playlist VALUES('42167','Test','http://www.jamendo.com/es/playlist/42167','5549');
INSERT INTO playlist_track VALUES('42167','78306');
INSERT INTO playlist_track VALUES('98775','78306');
INSERT INTO track VALUES('78307','Gravity','http://www.jamendo.com/es/track/78307','','en','235','http://mp3l.jamendo.com/?trackid=78307&format=mp31&u=0');
UPDATE track SET album_id='7098' WHERE id='78307';
UPDATE track SET text='Grace, I watched you sleeping
All worn out and dreaming
You slept through the fall

I know you love this time of year
It always made you smile

Grace, I watched you breathing
All quiet and peaceful
But you were so weak

When I left that night I somehow knew
Your patient heart was finally through

But I never cried
I never cried

    Everything falls for a reason
    Gravity pulls it to earth
    Everyone to a season
    Everything falls into place
    Witness the fall of Grace

Grace, none of us blamed you
Nobody shamed you
When we laid you down

Everyone was there, you know
Your folks, your friends, and me
But I never cried
I never cried' WHERE id='78307';
INSERT INTO playlist_track VALUES('121272','78307');
INSERT INTO playlist_track VALUES('23352','78307');
INSERT INTO playlist_track VALUES('21928','78307');
INSERT INTO playlist_track VALUES('18668','78307');
INSERT INTO playlist_track VALUES('22852','78307');
INSERT INTO playlist_track VALUES('22237','78307');
INSERT INTO playlist_track VALUES('23483','78307');
INSERT INTO playlist_track VALUES('10144','78307');
INSERT INTO playlist_track VALUES('23500','78307');
INSERT INTO playlist_track VALUES('23174','78307');
INSERT INTO playlist_track VALUES('22908','78307');
INSERT INTO playlist_track VALUES('23378','78307');
INSERT INTO playlist VALUES('19248','Playlists2007_Ma playlist pop rock','http://www.jamendo.com/es/playlist/19248','5020');
INSERT INTO playlist_track VALUES('19248','78307');
INSERT INTO playlist_track VALUES('23619','78307');
INSERT INTO playlist VALUES('27247','Music','http://www.jamendo.com/es/playlist/27247','390');
INSERT INTO playlist_track VALUES('27247','78307');
INSERT INTO playlist_track VALUES('38152','78307');
INSERT INTO playlist_track VALUES('36163','78307');
INSERT INTO playlist_track VALUES('39429','78307');
INSERT INTO playlist_track VALUES('42167','78307');
INSERT INTO playlist_track VALUES('98775','78307');
INSERT INTO track VALUES('78308','The Vagabond','http://www.jamendo.com/es/track/78308','','en','267','http://mp3l.jamendo.com/?trackid=78308&format=mp31&u=0');
UPDATE track SET album_id='7098' WHERE id='78308';
UPDATE track SET text='Wasted away on the edge of the city lights
    At the top of the Southern heights
    You smoked the last one

    Breaking away from the cold chains of memory
    From the us and the them, or we
    Somehow the same

        And you were the vagabond at the end of the road
        You were never really gone, but you were never really home

    You spread your arms on the edge of the jagged cliff
    I could feel my arms get stiff
    As I clenched your shoulder

    Stained skin and scars, and the glow of the Norther star
    Above the clamor of the speeding cars
    In the valley below

        And you were the vagabond at the end of the road
        You were never really gone, but you were never really home
        And you were the vagabond, lost on the way
        You were never really gone, but you were never here to stay

    Break of the day, you were standing there
    With your vacant stare
    Fixed on the view

        And you were the vagabond at the end of the road
        You were never really gone, but you were never really home
        And you were the vagabond, lost on the way
        You were never really gone, but you were never really here to stay
        And now you''re moving on' WHERE id='78308';
INSERT INTO playlist_track VALUES('121272','78308');
INSERT INTO playlist_track VALUES('23352','78308');
INSERT INTO playlist VALUES('59964','Schwoggel001','http://www.jamendo.com/es/playlist/59964','2520');
INSERT INTO playlist_track VALUES('59964','78308');
INSERT INTO playlist_track VALUES('17527','78308');
INSERT INTO playlist_track VALUES('21928','78308');
INSERT INTO playlist_track VALUES('22852','78308');
INSERT INTO playlist_track VALUES('22237','78308');
INSERT INTO playlist_track VALUES('23483','78308');
INSERT INTO playlist_track VALUES('10144','78308');
INSERT INTO playlist_track VALUES('23500','78308');
INSERT INTO playlist_track VALUES('23174','78308');
INSERT INTO playlist_track VALUES('22908','78308');
INSERT INTO playlist_track VALUES('23378','78308');
INSERT INTO playlist_track VALUES('23619','78308');
INSERT INTO playlist VALUES('14931','Hard','http://www.jamendo.com/es/playlist/14931','668');
INSERT INTO playlist_track VALUES('14931','78308');
INSERT INTO playlist_track VALUES('38152','78308');
INSERT INTO playlist_track VALUES('36163','78308');
INSERT INTO playlist_track VALUES('39429','78308');
INSERT INTO playlist_track VALUES('98775','78308');
INSERT INTO playlist_track VALUES('38099','78308');
INSERT INTO track VALUES('78304','I Want to Destroy Something Beautiful','http://www.jamendo.com/es/track/78304','','en','228','http://mp3l.jamendo.com/?trackid=78304&format=mp31&u=0');
UPDATE track SET album_id='7098' WHERE id='78304';
UPDATE track SET text='My dear, I''ll give you sixty seconds to disappear
And if you don''t get out of here... who knows?
Cuz I''ve been trying to find out if an angel bends or breaks
Or shatters like a stone

I... I want to destroy something beautiful
For you, I want to destroy for you

Tonight, there''s only an inch between pain and delight
And I''m full of Canadian whiskey and spite again
Destruction and creation are the same thing after all
The mighty always fall

I... I want to destroy something beautiful
For you, I want to destroy for you

Destruction and creation are the same thing after all
The mighty always fall

I... I want to destroy something beautiful
For you, I want to destroy something beautiful
For you, I want to destroy for...' WHERE id='78304';
INSERT INTO playlist_track VALUES('23352','78304');
INSERT INTO playlist VALUES('171961','Crazy As','http://www.jamendo.com/es/playlist/171961','228');
INSERT INTO playlist_track VALUES('171961','78304');
INSERT INTO playlist_track VALUES('121272','78304');
INSERT INTO playlist_track VALUES('21928','78304');
INSERT INTO playlist_track VALUES('23378','78304');
INSERT INTO playlist VALUES('123754','Great','http://www.jamendo.com/es/playlist/123754','5415');
INSERT INTO playlist_track VALUES('123754','78304');
INSERT INTO playlist_track VALUES('104758','78304');
INSERT INTO playlist_track VALUES('22852','78304');
INSERT INTO playlist_track VALUES('23483','78304');
INSERT INTO playlist VALUES('25327','Hits','http://www.jamendo.com/es/playlist/25327','2071');
INSERT INTO playlist_track VALUES('25327','78304');
INSERT INTO playlist_track VALUES('22237','78304');
INSERT INTO playlist VALUES('22517','Petite céline rock','http://www.jamendo.com/es/playlist/22517','3266');
INSERT INTO playlist_track VALUES('22517','78304');
INSERT INTO playlist_track VALUES('10144','78304');
INSERT INTO playlist_track VALUES('22629','78304');
INSERT INTO playlist_track VALUES('23174','78304');
INSERT INTO playlist_track VALUES('190717','78304');
INSERT INTO playlist_track VALUES('22908','78304');
INSERT INTO playlist_track VALUES('23500','78304');
INSERT INTO playlist_track VALUES('18668','78304');
INSERT INTO playlist_track VALUES('23619','78304');
INSERT INTO track VALUES('78312','Omaha','http://www.jamendo.com/es/track/78312','','','183','http://mp3l.jamendo.com/?trackid=78312&format=mp31&u=0');
UPDATE track SET album_id='7098' WHERE id='78312';
UPDATE track SET text='Midnight, we''re crashed out in a field in Missouri
Me and you in my ''82 VW in hiding

Stretched out, my frizzy hair is everywhere in tangles
You smile, and ruffle up my bangs and say to hell with it

Let''s wipe the slate and release the weight
We''ve carried for so long
Cuz here we are beneath the stars
With no one else

Sleep tight, cuz from tonight they''re never going to find us
No chains, we''ll change our names and stake our claim in Omaha' WHERE id='78312';
INSERT INTO playlist VALUES('82490','Download','http://www.jamendo.com/es/playlist/82490','33449');
INSERT INTO playlist_track VALUES('82490','78312');
INSERT INTO playlist VALUES('173261','PRO Action Movie','http://www.jamendo.com/es/playlist/173261','4960');
INSERT INTO playlist_track VALUES('173261','78312');
INSERT INTO playlist_track VALUES('23352','78312');
INSERT INTO playlist_track VALUES('21928','78312');
INSERT INTO playlist_track VALUES('18668','78312');
INSERT INTO playlist_track VALUES('22852','78312');
INSERT INTO playlist_track VALUES('22237','78312');
INSERT INTO playlist_track VALUES('121272','78312');
INSERT INTO playlist_track VALUES('23483','78312');
INSERT INTO playlist_track VALUES('10144','78312');
INSERT INTO playlist_track VALUES('23174','78312');
INSERT INTO playlist_track VALUES('22908','78312');
INSERT INTO playlist_track VALUES('23378','78312');
INSERT INTO playlist_track VALUES('23500','78312');
INSERT INTO playlist_track VALUES('23619','78312');
INSERT INTO playlist_track VALUES('38152','78312');
INSERT INTO playlist_track VALUES('39429','78312');
INSERT INTO playlist_track VALUES('36163','78312');
INSERT INTO playlist_track VALUES('98775','78312');
INSERT INTO playlist_track VALUES('38099','78312');
INSERT INTO track VALUES('78313','Methylchloroisothiazolinone','http://www.jamendo.com/es/track/78313','','en','239','http://mp3l.jamendo.com/?trackid=78313&format=mp31&u=0');
UPDATE track SET album_id='7098' WHERE id='78313';
UPDATE track SET text='The cold fever, a cellular germ
    The stray tingle, a chemical burn
    Go away, go away, cuz I don''t wanna see you

    The same cycle, everyday
    This sick head, gonna wash it away
    Go away, go away, go away

        You make me feel so clean
        You make me kick and scream
        You make me, you make me
        You make me feel so clean

    A snap, crackle, a fizzling sound
    My skin itches and twitches around
    Go away, go away, cuz I don''t wanna feel you

    My pulse races and wanders astray
    This sick head, gonna burn it away
    Go away, go away, go away

         [chorus]

    I lather and rinse and repeat
    You leave me feeling complete
    Go away, go away, cuz I don''t wanna keep you

    I lather and rinse and repeat
    You leave me feeling complete
    Go away, go away, go away

        [chorus]' WHERE id='78313';
INSERT INTO playlist_track VALUES('104696','78313');
INSERT INTO playlist_track VALUES('23352','78313');
INSERT INTO playlist_track VALUES('21928','78313');
INSERT INTO playlist_track VALUES('121272','78313');
INSERT INTO playlist_track VALUES('22852','78313');
INSERT INTO playlist_track VALUES('22237','78313');
INSERT INTO playlist_track VALUES('23378','78313');
INSERT INTO playlist VALUES('12080','Potential','http://www.jamendo.com/es/playlist/12080','1260');
INSERT INTO playlist_track VALUES('12080','78313');
INSERT INTO playlist_track VALUES('23483','78313');
INSERT INTO playlist_track VALUES('10144','78313');
INSERT INTO playlist_track VALUES('23174','78313');
INSERT INTO playlist_track VALUES('22908','78313');
INSERT INTO playlist_track VALUES('23500','78313');
INSERT INTO playlist_track VALUES('23619','78313');
INSERT INTO playlist_track VALUES('18668','78313');
INSERT INTO playlist_track VALUES('38152','78313');
INSERT INTO playlist VALUES('159799','CAJON DESASTRE JAM','http://www.jamendo.com/es/playlist/159799','89890');
INSERT INTO playlist_track VALUES('159799','78313');
INSERT INTO playlist_track VALUES('39429','78313');
INSERT INTO playlist_track VALUES('36163','78313');
INSERT INTO playlist_track VALUES('98775','78313');
INSERT INTO track VALUES('78314','Gallows Hill','http://www.jamendo.com/es/track/78314','','','266','http://mp3l.jamendo.com/?trackid=78314&format=mp31&u=0');
UPDATE track SET album_id='7098' WHERE id='78314';
UPDATE track SET text='The streets of Salem were a terrifying sight
The witches dancing with the demons in the night
Their evil minions watch the town as it''s in bed
They wish ''em dead, with ''em dead, wish ''em dead

Old Rev. Parris knew that something was amiss
He felt the evil from a spiritual abyss
He knew the time had come to purify the town
Hunt ''em down, hunt ''em down, hunt ''em down


No time was wasted in assembling a squad
This pitchfork army on a mission sent from God
No witch was safe from Rev. Parris'' brigade
Their crusade, their crusade, their crusade

"Call the magistrate and don''t you wait another minute cuz this
Town is going to hell we don''t put away the sinnin'' and..
We got no time to let a jury have their turn
Let ''em burn, let ''em burn, let ''em burn"


The damned were crammed into a carriage in the square
Their faces battered and their bodies all were bare
The Reverend brought ''em to an isolated hill
Time to kill, time to kill, time to kill

One by one their necks were snapped beneath the cedar tree
The spirits vanished and the demons all were freed
They dug a hole to hold their devilish remains
They were slain, they were slain, they were slain

    The town was safe from all these wicked dissidents
    They could continue with their life of innocence
    Dispensing justice from a higher power..

They built a church atop the spirits and the bones
Their moans were heard as they were laying down the stones
The witches got revenge beneath that steeple bell
They cast a spell, sent the Reverend to hell' WHERE id='78314';
INSERT INTO playlist_track VALUES('121272','78314');
INSERT INTO playlist_track VALUES('23352','78314');
INSERT INTO playlist_track VALUES('21928','78314');
INSERT INTO playlist_track VALUES('22237','78314');
INSERT INTO playlist_track VALUES('23483','78314');
INSERT INTO playlist_track VALUES('22852','78314');
INSERT INTO playlist_track VALUES('25327','78314');
INSERT INTO playlist_track VALUES('23378','78314');
INSERT INTO playlist_track VALUES('10144','78314');
INSERT INTO playlist_track VALUES('23174','78314');
INSERT INTO playlist_track VALUES('22908','78314');
INSERT INTO playlist_track VALUES('23197','78314');
INSERT INTO playlist_track VALUES('23500','78314');
INSERT INTO playlist VALUES('23582','Rj1','http://www.jamendo.com/es/playlist/23582','34834');
INSERT INTO playlist_track VALUES('23582','78314');
INSERT INTO playlist_track VALUES('23619','78314');
INSERT INTO playlist_track VALUES('18668','78314');
INSERT INTO playlist_track VALUES('38152','78314');
INSERT INTO playlist VALUES('26065','éclectique','http://www.jamendo.com/es/playlist/26065','21756');
INSERT INTO juser VALUES('30370','shenwoody','Zweeback ','http://www.jamendo.com/es/user/shenwoody','http://imgjam.com/avatars/370/30370.100.png','fr');
INSERT INTO juser VALUES('231321','chaman72','Chaman72','http://www.jamendo.com/es/user/chaman72','http://imgjam.com/avatars/questionmark/avatar.100.gif','fr');
INSERT INTO playlist_juser VALUES('26065','30370');
INSERT INTO playlist_juser VALUES('26065','231321');
INSERT INTO playlist_juser VALUES('26065','583803');
INSERT INTO playlist_track VALUES('26065','78314');
INSERT INTO playlist_track VALUES('39429','78314');
INSERT INTO playlist_track VALUES('36163','78314');
INSERT INTO track VALUES('78315','Nincompoop','http://www.jamendo.com/es/track/78315','','en','112','http://mp3l.jamendo.com/?trackid=78315&format=mp31&u=0');
UPDATE track SET album_id='7098' WHERE id='78315';
UPDATE track SET text='Stupid is as stupid does, and Lester''s done it all
We can''t afford to just ignore the writing on the wall
Thin the herds and purge the group
Yeah, leave behind that nincompoop

Lester is a dimwit and I''ve known my share of fools
He''s bringing down the system and he''s breaking all the rules
Thin the herds and purge the group
Yeah, leave behind that nincompoop

    And watch him roam away

The decision here is hard, but all the same it must be done
The necessity of the many far outweighs the needs of one
Thin the herds and purge the group
Yeah, leave behind that nincompoop

Lester, we must thank you but for now it''s our farewell
We wish you all the best when you are burning down in hell
Thin the herds and purge the group
Go to hell, you nincompoop

    And we watch him burn away' WHERE id='78315';
INSERT INTO playlist_track VALUES('121272','78315');
INSERT INTO playlist_track VALUES('23352','78315');
INSERT INTO playlist_track VALUES('21928','78315');
INSERT INTO playlist_track VALUES('18668','78315');
INSERT INTO playlist_track VALUES('22237','78315');
INSERT INTO playlist_track VALUES('23483','78315');
INSERT INTO playlist_track VALUES('22852','78315');
INSERT INTO playlist_track VALUES('23378','78315');
INSERT INTO playlist_track VALUES('10144','78315');
INSERT INTO playlist_track VALUES('23174','78315');
INSERT INTO playlist_track VALUES('22908','78315');
INSERT INTO playlist_track VALUES('23197','78315');
INSERT INTO playlist_track VALUES('23500','78315');
INSERT INTO playlist_track VALUES('23619','78315');
INSERT INTO playlist_track VALUES('38152','78315');
INSERT INTO playlist_track VALUES('39429','78315');
INSERT INTO playlist_track VALUES('36163','78315');
INSERT INTO playlist_track VALUES('98775','78315');
INSERT INTO playlist_track VALUES('38099','78315');
INSERT INTO playlist_track VALUES('34382','78315');
INSERT INTO juser VALUES('107215','wof','Wof','http://www.jamendo.com/es/user/wof','http://imgjam.com/avatars/questionmark/avatar.100.gif','es');
INSERT INTO juser VALUES('119807','fresco','Fresco','http://www.jamendo.com/es/user/fresco','http://imgjam.com/avatars/questionmark/avatar.100.gif','de');
INSERT INTO juser VALUES('28406','SaniOKh','Saniokh','http://www.jamendo.com/es/user/SaniOKh','http://imgjam.com/avatars/questionmark/avatar.100.gif','en');
INSERT INTO juser VALUES('231492','moi_11','Moi_11','http://www.jamendo.com/es/user/moi_11','http://imgjam.com/avatars/492/231492.100.gif','fr');
INSERT INTO juser VALUES('633850','kaoruo','Kaoruo','http://www.jamendo.com/es/user/kaoruo','http://imgjam.com/avatars/850/633850.100.jpg','en');
INSERT INTO album_juser VALUES('7098','107215');
INSERT INTO album_juser VALUES('7098','119807');
INSERT INTO album_juser VALUES('7098','28406');
INSERT INTO album_juser VALUES('7098','231492');
INSERT INTO album_juser VALUES('7098','633850');
INSERT INTO juser VALUES('694088','animatix','Animatix','http://www.jamendo.com/es/user/animatix','http://imgjam.com/avatars/jamendo/100/pro.png','es');
INSERT INTO juser VALUES('590302','xavivars','Xavivars','http://www.jamendo.com/es/user/xavivars','http://imgjam.com/avatars/302/590302.100.png','es');
INSERT INTO juser VALUES('698000','ghost_driver',' ','http://www.jamendo.com/es/user/ghost_driver','http://imgjam.com/avatars/0/698000.100.jpg','fr');
INSERT INTO juser VALUES('50607','CoSTa',' ','http://www.jamendo.com/es/user/CoSTa','http://imgjam.com/avatars/607/50607.100.jpg','pl');
INSERT INTO juser VALUES('642452','Mlle.Caro','Mlle.caro','http://www.jamendo.com/es/user/Mlle.Caro','http://imgjam.com/avatars/jamendo/100/pro.png','fr');
INSERT INTO album_juser VALUES('7098','694088');
INSERT INTO album_juser VALUES('7098','590302');
INSERT INTO album_juser VALUES('7098','698000');
INSERT INTO album_juser VALUES('7098','50607');
INSERT INTO album_juser VALUES('7098','642452');
INSERT INTO juser VALUES('65446','Casanabo','Casanabo','http://www.jamendo.com/es/user/Casanabo','http://imgjam.com/avatars/446/65446.100.jpg','en');
INSERT INTO juser VALUES('719726','nornberg','Nornberg','http://www.jamendo.com/es/user/nornberg','http://imgjam.com/avatars/jamendo/100/pro.png','br');
INSERT INTO juser VALUES('808950','trinobrito','Trino yertsin.brito cedeño','http://www.jamendo.com/es/user/trinobrito','http://imgjam.com/avatars/jamendo/100/pro.png','es');
INSERT INTO juser VALUES('489573','Orangejuice Rain','Orangejuice rain','http://www.jamendo.com/es/user/Orangejuice%20Rain','http://imgjam.com/avatars/573/489573.100.jpg','fr');
INSERT INTO juser VALUES('263882','Elwood95',' ','http://www.jamendo.com/es/user/Elwood95','http://imgjam.com/avatars/882/263882.100.jpg','fr');
INSERT INTO album_juser VALUES('7098','65446');
INSERT INTO album_juser VALUES('7098','719726');
INSERT INTO album_juser VALUES('7098','808950');
INSERT INTO album_juser VALUES('7098','489573');
INSERT INTO album_juser VALUES('7098','263882');
INSERT INTO juser VALUES('322562','kaptajn klo','Kaptajn klo','http://www.jamendo.com/es/user/kaptajn%20klo','http://imgjam.com/avatars/562/322562.100.jpg','en');
INSERT INTO juser VALUES('396769','Marsi','Marsi','http://www.jamendo.com/es/user/Marsi','http://imgjam.com/avatars/questionmark/avatar.100.gif','de');
INSERT INTO juser VALUES('51295','Aldimann','Mitja','http://www.jamendo.com/es/user/Aldimann','http://imgjam.com/avatars/295/51295.100.gif','en');
INSERT INTO juser VALUES('323698','JaxomOfBedivere','Jaxomofbedivere','http://www.jamendo.com/es/user/JaxomOfBedivere','http://imgjam.com/avatars/698/323698.100.jpg','en');
INSERT INTO juser VALUES('572127','neolis','Neolis','http://www.jamendo.com/es/user/neolis','http://imgjam.com/avatars/127/572127.100.gif','fr');
INSERT INTO album_juser VALUES('7098','322562');
INSERT INTO album_juser VALUES('7098','396769');
INSERT INTO album_juser VALUES('7098','51295');
INSERT INTO album_juser VALUES('7098','323698');
INSERT INTO album_juser VALUES('7098','572127');
INSERT INTO album VALUES('7168','Not Quite Connected','http://www.jamendo.com/es/album/7168','http://imgjam.com/albums/s7/7168/covers/1.100.jpg','2','2629','Acoustic Pop/Rock');
UPDATE album SET artist_id='7872' WHERE id='7168';
INSERT INTO track VALUES('78736','River Went Dry','http://www.jamendo.com/es/track/78736','','en','350','http://mp3l.jamendo.com/?trackid=78736&format=mp31&u=0');
UPDATE track SET album_id='7168' WHERE id='78736';
UPDATE track SET text='I picked you up at ten to four
    Just like a thousand times before
    On a thousand other days

    We took a walk in Silver Springs
    I didn''t even say a thing
    Everything just disappeared

        I was there the day the river went dry
        and I just watched it flow away
        I just stood and watched that river die
        Cuz when all is gone and nothing else remains
        You just hope for rain

    You saw the dried-out river bed
    You broke the silence and you said
    Where did all that water go?

    I didn''t know, so I replied
    It''s just the nature of the tide
    But you knew better

        I was there the day the river went dry
        and I just watched it flow away
        I just stood and watched that river die
        Cuz when all is gone and nothing else remains
        You just hope for rain

    I took you home, you said good night
    I watched you fade into the light
    Then you vanished through the door

    My skin is dry as desert air
    There''s water, water everywhere
    But I''m not thirsty

        I was there the day the river went dry
        and I just watched you flow away
        I just stood and watched that river die
        Cuz when all is gone and nothing else remains
        You just hope for rain

    And just hope for rain
    And just hope for rain
    And just hope for rain' WHERE id='78736';
INSERT INTO playlist VALUES('19874','W1','http://www.jamendo.com/es/playlist/19874','13721');
INSERT INTO playlist_track VALUES('19874','78736');
INSERT INTO playlist VALUES('172455','Kommerziell','http://www.jamendo.com/es/playlist/172455','25967');
INSERT INTO playlist_track VALUES('172455','78736');
INSERT INTO playlist VALUES('29134','Moja','http://www.jamendo.com/es/playlist/29134','19661');
INSERT INTO playlist_track VALUES('29134','78736');
INSERT INTO playlist VALUES('87825','Aaaa','http://www.jamendo.com/es/playlist/87825','7907');
INSERT INTO playlist_track VALUES('87825','78736');
INSERT INTO playlist VALUES('35432','Favorites','http://www.jamendo.com/es/playlist/35432','11206');
INSERT INTO playlist_track VALUES('35432','78736');
INSERT INTO playlist_track VALUES('23352','78736');
INSERT INTO playlist VALUES('98173','1','http://www.jamendo.com/es/playlist/98173','8766');
INSERT INTO playlist_track VALUES('98173','78736');
INSERT INTO playlist VALUES('113407','Kimwri01plst','http://www.jamendo.com/es/playlist/113407','683');
INSERT INTO playlist_track VALUES('113407','78736');
INSERT INTO playlist_track VALUES('23378','78736');
INSERT INTO playlist VALUES('208193','Divers','http://www.jamendo.com/es/playlist/208193','20666');
INSERT INTO playlist_track VALUES('208193','78736');
INSERT INTO playlist VALUES('87953','Not Quite Connected  Josh Woodward','http://www.jamendo.com/es/playlist/87953','2629');
INSERT INTO playlist_track VALUES('87953','78736');
INSERT INTO playlist VALUES('24969','Josh woodward','http://www.jamendo.com/es/playlist/24969','2629');
INSERT INTO playlist_track VALUES('24969','78736');
INSERT INTO playlist VALUES('16470','Poprock','http://www.jamendo.com/es/playlist/16470','2441');
INSERT INTO juser VALUES('117687','Storlumpan','Storlumpan','http://www.jamendo.com/es/user/Storlumpan','http://imgjam.com/avatars/questionmark/avatar.100.gif','sv');
INSERT INTO juser VALUES('138812','Zobbit','Zobbit','http://www.jamendo.com/es/user/Zobbit','http://imgjam.com/avatars/questionmark/avatar.100.gif','fr');
INSERT INTO playlist_juser VALUES('16470','117687');
INSERT INTO playlist_juser VALUES('16470','138812');
INSERT INTO playlist_track VALUES('16470','78736');
INSERT INTO playlist VALUES('22363','Josh Woodward - Not Quite Connected','http://www.jamendo.com/es/playlist/22363','2629');
INSERT INTO playlist_track VALUES('22363','78736');
INSERT INTO playlist VALUES('25880','BIBI','http://www.jamendo.com/es/playlist/25880','19343');
INSERT INTO playlist_track VALUES('25880','78736');
INSERT INTO playlist VALUES('23375','Josh Woodward','http://www.jamendo.com/es/playlist/23375','2629');
INSERT INTO playlist_track VALUES('23375','78736');
INSERT INTO playlist VALUES('21837','Folk, acoustique, etc.','http://www.jamendo.com/es/playlist/21837','4498');
INSERT INTO playlist_track VALUES('21837','78736');
INSERT INTO playlist VALUES('24453','Windows Media Player','http://www.jamendo.com/es/playlist/24453','4936');
INSERT INTO playlist_track VALUES('24453','78736');
INSERT INTO playlist VALUES('32141','Franzseiser','http://www.jamendo.com/es/playlist/32141','6669');
INSERT INTO playlist_track VALUES('32141','78736');
INSERT INTO playlist VALUES('200175','Besondere','http://www.jamendo.com/es/playlist/200175','16620');
INSERT INTO playlist_track VALUES('200175','78736');
INSERT INTO track VALUES('78730','Symmetry and the Pocket of Angels','http://www.jamendo.com/es/track/78730','','en','247','http://mp3l.jamendo.com/?trackid=78730&format=mp31&u=0');
UPDATE track SET album_id='7168' WHERE id='78730';
UPDATE track SET text='You look like hell tonight, I don''t believe this sight
I haven''t seen you since we had that awful fight
It''s been so long since I, I heard you say goodbye
And now I don''t know what to say

Why are you standing here, why did you reappear?
I thought you''d had enough, of all this stupid stuff
You wanted more from me, a perfect symmetry
But I just wasn''t ever right

    Go back into the darkness from whence you came
    Go back into the darkness and stop these games
    I don''t know what you want from me,
    I gave you all that I could be
    So take this pocket of angels and go away

You always wanted more than I was ready for
I gave you what I could and faked a little more
I''d found the secret key, to perfect symmetry
And now you''re back and I am lost

    Go back into the darkness from whence you came
    Go back into the darkness and stop these games
    I don''t know what you want from me,
    I gave you all that I could be
    So take this pocket of angels and go away

Oh, can''t you see, that I''d landed on my feet
And I am doing just fine, I am doing just fine
I don''t need you to beg or you to plead
All the things that you need, all the things that you need

    Go back into the darkness from whence you came
    Go back into the darkness and stop these games
    I don''t know what you want from me,
    I gave you all that I could be
    So take this pocket of angels and go away' WHERE id='78730';
INSERT INTO playlist_track VALUES('19874','78730');
INSERT INTO playlist VALUES('180098','Josh Woodward','http://www.jamendo.com/es/playlist/180098','2629');
INSERT INTO playlist_track VALUES('180098','78730');
INSERT INTO playlist VALUES('85806','October','http://www.jamendo.com/es/playlist/85806','3337');
INSERT INTO playlist_track VALUES('85806','78730');
INSERT INTO playlist_track VALUES('172455','78730');
INSERT INTO playlist_track VALUES('29134','78730');
INSERT INTO playlist_track VALUES('87825','78730');
INSERT INTO playlist_track VALUES('35432','78730');
INSERT INTO playlist_track VALUES('98173','78730');
INSERT INTO playlist_track VALUES('23352','78730');
INSERT INTO playlist_track VALUES('23378','78730');
INSERT INTO playlist_track VALUES('22363','78730');
INSERT INTO playlist VALUES('12077','Accoustic','http://www.jamendo.com/es/playlist/12077','2283');
INSERT INTO playlist_track VALUES('12077','78730');
INSERT INTO playlist_track VALUES('23375','78730');
INSERT INTO playlist VALUES('24306','Essai','http://www.jamendo.com/es/playlist/24306','2279');
INSERT INTO playlist_track VALUES('24306','78730');
INSERT INTO playlist_track VALUES('21837','78730');
INSERT INTO playlist_track VALUES('24969','78730');
INSERT INTO playlist_track VALUES('24453','78730');
INSERT INTO playlist_track VALUES('208193','78730');
INSERT INTO playlist_track VALUES('32141','78730');
INSERT INTO playlist VALUES('83756','Chillen','http://www.jamendo.com/es/playlist/83756','6183');
INSERT INTO playlist_track VALUES('83756','78730');
INSERT INTO track VALUES('78732','Dizzy Spells','http://www.jamendo.com/es/track/78732','','en','237','http://mp3l.jamendo.com/?trackid=78732&format=mp31&u=0');
UPDATE track SET album_id='7168' WHERE id='78732';
UPDATE track SET text='Our colony
Is shining through the shaking of the artificial moon
The light of noon

Cut ragged glass
Kalidoscope of soapy film refract the rays that pass
The blades of grass

Recite the words that you were taught

The face of man
You stare into the center as the colors bleed away
The dryest rain

You feel the same
The dirt beneath your saddle boots is snaping as you step
Into the scene

This life is just a pale frame

Don''t you ever worry bout those dizzy spells you feel
That''s just the taming of the ghosts
They can''t hurt you, they''ll desert you now

Take up your arms
The final day is here, you feel the pinging in your ear
Now disappear

The flaming sky
The rally of a lost July, the night preceds the lullabye
And takes away the last supply of day' WHERE id='78732';
INSERT INTO playlist_track VALUES('85806','78732');
INSERT INTO playlist_track VALUES('19874','78732');
INSERT INTO playlist_track VALUES('172455','78732');
INSERT INTO playlist_track VALUES('29134','78732');
INSERT INTO playlist_track VALUES('87825','78732');
INSERT INTO playlist_track VALUES('35432','78732');
INSERT INTO playlist_track VALUES('23352','78732');
INSERT INTO playlist_track VALUES('180098','78732');
INSERT INTO playlist_track VALUES('98173','78732');
INSERT INTO playlist_track VALUES('23378','78732');
INSERT INTO playlist_track VALUES('208193','78732');
INSERT INTO playlist_track VALUES('24969','78732');
INSERT INTO playlist_track VALUES('22363','78732');
INSERT INTO playlist_track VALUES('87953','78732');
INSERT INTO playlist_track VALUES('23375','78732');
INSERT INTO playlist_track VALUES('24306','78732');
INSERT INTO playlist_track VALUES('21837','78732');
INSERT INTO playlist_track VALUES('24453','78732');
INSERT INTO playlist_track VALUES('32141','78732');
INSERT INTO playlist_track VALUES('40639','78732');
INSERT INTO track VALUES('78735','Josie Has the Upper Hand','http://www.jamendo.com/es/track/78735','','en','168','http://mp3l.jamendo.com/?trackid=78735&format=mp31&u=0');
UPDATE track SET album_id='7168' WHERE id='78735';
UPDATE track SET text='I know you think she''s sweet as candy
    I know you wanna be with her
    But Josie got a reputation
    A scratch behind her purr

    She''s got her little game perfected
    She''ll let you think you have control
    Then one day when you would least expect it
    And steal away your soul

        It''s so easy when you think you''re winning
        But she''s got herself another plan
        You may think you''re being clever like a modern man
        But Josie has the upper hand

    She''s stubborn as a drunken donkey
    She''s subtle as a wrecking ball
    She''s spoiled like a bad banana
    You''re gonna slip and fall

    She''s denser than her diamond necklace
    She''s colder than a toilet seat
    She''s lazy as a dog on Sunday, but
    You''re the one who''s on a leash

        [Chorus]

    I know you''re not to blame
    And there''s no shame in falling for her siren
    But while you''re still a man
    You better get out while you can

        [Chorus x 2]' WHERE id='78735';
INSERT INTO playlist_track VALUES('19874','78735');
INSERT INTO playlist_track VALUES('172455','78735');
INSERT INTO playlist_track VALUES('29134','78735');
INSERT INTO playlist_track VALUES('87825','78735');
INSERT INTO playlist_track VALUES('35432','78735');
INSERT INTO playlist_track VALUES('23352','78735');
INSERT INTO playlist_track VALUES('98173','78735');
INSERT INTO playlist_track VALUES('23378','78735');
INSERT INTO playlist_track VALUES('208193','78735');
INSERT INTO playlist_track VALUES('87953','78735');
INSERT INTO playlist_track VALUES('24969','78735');
INSERT INTO playlist_track VALUES('22363','78735');
INSERT INTO playlist_track VALUES('23375','78735');
INSERT INTO playlist_track VALUES('21837','78735');
INSERT INTO playlist_track VALUES('24306','78735');
INSERT INTO playlist_track VALUES('24453','78735');
INSERT INTO playlist_track VALUES('32141','78735');
INSERT INTO playlist_track VALUES('200175','78735');
INSERT INTO playlist_track VALUES('40639','78735');
INSERT INTO playlist VALUES('64820','Neu','http://www.jamendo.com/es/playlist/64820','13607');
INSERT INTO playlist_track VALUES('64820','78735');
INSERT INTO track VALUES('78731','Inertia','http://www.jamendo.com/es/track/78731','','en','177','http://mp3l.jamendo.com/?trackid=78731&format=mp31&u=0');
UPDATE track SET album_id='7168' WHERE id='78731';
UPDATE track SET text='I don''t wanna be in Findlay cuz it goes to bed at nine
I don''t wanna be in Bowling Green cuz it''s plastered all the time
I don''t wanna be in Lima cuz there''s nothing there to do
I just wanna spend some time with you

I don''t wanna be in Cincy cuz it smells like burning tires
I don''t wanna be in in Cleveland cuz the lake''ll catch on fire
I don''t wanna be in Dayton, not without a .22
I just wanna spend some time with you

    Well it''s so damn hard to find a reason
    To stay in this infuriating place
    But it''s harder still, to find a reason to leave

I don''t wanna be in New York cuz it''s buried under grime
I don''t wanna be in Portland where it''s raining all the time
I don''t wanna be in San Francisco in the early morning dew
I just wanna spend some time with you

I don''t wanna be in London cuz the skies are always gray
I don''t wanna be in Paris cuz I don''t parlez no francais
I don''t wanna be in China with a horrifying flu
I just wanna spend some time with you

    It''s a rainy Sunday morning in Van Buren
    The pious folks all scurry into church
    We watch them trudge through the mud and sludge
    I guess this place could be a whole lot worse

    They say the grass is always greener
    On the other side of the county line
    But I''ll just stay, brown grass is pretty anyway
    Cuz I just wanna spend some time with you' WHERE id='78731';
INSERT INTO playlist_track VALUES('19874','78731');
INSERT INTO playlist_track VALUES('180098','78731');
INSERT INTO playlist_track VALUES('85806','78731');
INSERT INTO playlist_track VALUES('172455','78731');
INSERT INTO playlist_track VALUES('29134','78731');
INSERT INTO playlist_track VALUES('87825','78731');
INSERT INTO playlist_track VALUES('35432','78731');
INSERT INTO playlist_track VALUES('23352','78731');
INSERT INTO playlist_track VALUES('98173','78731');
INSERT INTO playlist_track VALUES('208193','78731');
INSERT INTO playlist_track VALUES('23378','78731');
INSERT INTO playlist_track VALUES('24969','78731');
INSERT INTO playlist_track VALUES('22363','78731');
INSERT INTO playlist_track VALUES('23375','78731');
INSERT INTO playlist_track VALUES('21837','78731');
INSERT INTO playlist_track VALUES('12077','78731');
INSERT INTO playlist_track VALUES('24306','78731');
INSERT INTO playlist_track VALUES('83756','78731');
INSERT INTO playlist_track VALUES('24453','78731');
INSERT INTO playlist_track VALUES('32141','78731');
INSERT INTO track VALUES('78734','Let Me Talk, Carol','http://www.jamendo.com/es/track/78734','','en','183','http://mp3l.jamendo.com/?trackid=78734&format=mp31&u=0');
UPDATE track SET album_id='7168' WHERE id='78734';
UPDATE track SET text='The barometric pressure is increasing, but it''s still below
The levels that we see in winter storms
We''re up by thirteen millibars from where we were before
And it weakens as it moves in from the shore
(But Chad...)

    Please, Carol, let me talk
    Cuz I''ve got something to say, oh
    Please, Carol, let me talk

Won''t you let me do my job, I''m trying to explain
That once the pressure builds, the storm will fizzle out
I''m sorry if your feeble brain can''t follow what I say
But I have dumbed it down as far as I will go

    [chorus]

It might not take a weatherman to know which way the wind blows
Or to tell you that it''s sunny in Palm Springs
But that''s not why I''m here, yeah, I went to school for years
So that I could tell you more about these things

    [chorus]' WHERE id='78734';
INSERT INTO playlist_track VALUES('85806','78734');
INSERT INTO playlist_track VALUES('19874','78734');
INSERT INTO playlist_track VALUES('172455','78734');
INSERT INTO playlist_track VALUES('29134','78734');
INSERT INTO playlist_track VALUES('87825','78734');
INSERT INTO playlist_track VALUES('35432','78734');
INSERT INTO playlist_track VALUES('23352','78734');
INSERT INTO playlist_track VALUES('98173','78734');
INSERT INTO playlist_track VALUES('23378','78734');
INSERT INTO playlist_track VALUES('208193','78734');
INSERT INTO playlist_track VALUES('24969','78734');
INSERT INTO playlist_track VALUES('22363','78734');
INSERT INTO playlist_track VALUES('87953','78734');
INSERT INTO playlist_track VALUES('23375','78734');
INSERT INTO playlist_track VALUES('21837','78734');
INSERT INTO playlist_track VALUES('24306','78734');
INSERT INTO playlist_track VALUES('24453','78734');
INSERT INTO playlist_track VALUES('32141','78734');
INSERT INTO playlist_track VALUES('40639','78734');
INSERT INTO playlist_track VALUES('64820','78734');
INSERT INTO track VALUES('78733','Honcho Graham From Birmingham','http://www.jamendo.com/es/track/78733','','en','268','http://mp3l.jamendo.com/?trackid=78733&format=mp31&u=0');
UPDATE track SET album_id='7168' WHERE id='78733';
UPDATE track SET text='Aching bones and creaky homes and dust clouds on the street
Leaves are pinned by restless winds and fear
Premonition, intuition, trouble''s near
Honcho Graham from Birmingham is here

The grinding fades from combine blades, the tractor''s hungry heart
At three o''clock, the blackbird flock is gone
No one knows why Jenna Rose just disappeared
But Honcho Graham from Birmingham is here

Train smoke flies and alibis are sinking in the wind
The little toys from little boys are gone
Silence fills the flour mills and streets are clear
Honcho Graham from Birmingham is here

Now every year there''s less of here as nature chews it down
A town bereft and all that''s left is rust
But any gent who''s smelled the scent of solemn fear
Knows Honcho Graham from Birmingham was here
Honcho Graham from Birmingham was here' WHERE id='78733';
INSERT INTO playlist_track VALUES('85806','78733');
INSERT INTO playlist_track VALUES('19874','78733');
INSERT INTO playlist_track VALUES('172455','78733');
INSERT INTO playlist_track VALUES('29134','78733');
INSERT INTO playlist_track VALUES('87825','78733');
INSERT INTO playlist_track VALUES('35432','78733');
INSERT INTO playlist_track VALUES('23352','78733');
INSERT INTO playlist_track VALUES('180098','78733');
INSERT INTO playlist_track VALUES('98173','78733');
INSERT INTO playlist_track VALUES('23378','78733');
INSERT INTO playlist_track VALUES('208193','78733');
INSERT INTO playlist_track VALUES('24969','78733');
INSERT INTO playlist VALUES('22355','Project 31 Playlist','http://www.jamendo.com/es/playlist/22355','2843');
INSERT INTO playlist_track VALUES('22355','78733');
INSERT INTO playlist_track VALUES('22363','78733');
INSERT INTO playlist_track VALUES('87953','78733');
INSERT INTO playlist_track VALUES('23375','78733');
INSERT INTO playlist_track VALUES('21837','78733');
INSERT INTO playlist_track VALUES('24306','78733');
INSERT INTO playlist_track VALUES('24453','78733');
INSERT INTO playlist_track VALUES('32141','78733');
INSERT INTO track VALUES('78728','She Dreams in Blue','http://www.jamendo.com/es/track/78728','','','317','http://mp3l.jamendo.com/?trackid=78728&format=mp31&u=0');
UPDATE track SET album_id='7168' WHERE id='78728';
UPDATE track SET text='The tiptoes on the bedroom floor
These quiet eyes are spinning in the dark
The secret wish that none will know
She keeps it locked up in her pale heart

    Wait for it, it''s tired and it''s true
    Wait for it, it''s all she ever knew

    She dreams in blue
    Wait for it, it''s all she ever knew

The background hum of city streets
And whispers from the neighbors intertwine
The distant glow of beacon lights are 
Breaking through the cracks between the blinds

    Wait for it, it''s hiding out of view
    Wait for it, it''s all she ever knew

    She dreams in blue
    Wait for it, it''s all she ever knew

She opens up her weary eyes
The foggy cloud of vision fills the air
She strains to make some sense of all the
Abstract shapes and colors everywhere

But all the blue just fades away dissolving in a haze of grey
And lost inside her empty mind is everything she tried to find
And all the blue just fades away, she lost it in a haze of grey

    She dreams in blue
    Wait for it, it''s all she ever knew' WHERE id='78728';
INSERT INTO playlist_track VALUES('19874','78728');
INSERT INTO playlist_track VALUES('85806','78728');
INSERT INTO playlist_track VALUES('172455','78728');
INSERT INTO playlist_track VALUES('87825','78728');
INSERT INTO playlist_track VALUES('29134','78728');
INSERT INTO playlist_track VALUES('98173','78728');
INSERT INTO playlist_track VALUES('23352','78728');
INSERT INTO playlist_track VALUES('180098','78728');
INSERT INTO playlist_track VALUES('23378','78728');
INSERT INTO playlist_track VALUES('22363','78728');
INSERT INTO playlist VALUES('22434','Podaj nazwę listy...','http://www.jamendo.com/es/playlist/22434','317');
INSERT INTO playlist_track VALUES('22434','78728');
INSERT INTO playlist VALUES('22415','Acoustic Warriors of Song','http://www.jamendo.com/es/playlist/22415','1985');
INSERT INTO playlist_track VALUES('22415','78728');
INSERT INTO playlist_track VALUES('23375','78728');
INSERT INTO playlist_track VALUES('21837','78728');
INSERT INTO playlist_track VALUES('35432','78728');
INSERT INTO playlist VALUES('15628','Zekes lista','http://www.jamendo.com/es/playlist/15628','3641');
INSERT INTO playlist_track VALUES('15628','78728');
INSERT INTO playlist_track VALUES('24306','78728');
INSERT INTO playlist_track VALUES('24969','78728');
INSERT INTO playlist_track VALUES('24453','78728');
INSERT INTO playlist VALUES('19979','J''s Picks Vol. 1','http://www.jamendo.com/es/playlist/19979','4486');
INSERT INTO juser VALUES('216464','kiki-by-kiki','Kiki-by-kiki','http://www.jamendo.com/es/user/kiki-by-kiki','http://imgjam.com/avatars/questionmark/avatar.100.gif','fr');
INSERT INTO playlist_juser VALUES('19979','216464');
INSERT INTO playlist_track VALUES('19979','78728');
INSERT INTO track VALUES('78727','Effortless','http://www.jamendo.com/es/track/78727','','en','229','http://mp3l.jamendo.com/?trackid=78727&format=mp31&u=0');
UPDATE track SET album_id='7168' WHERE id='78727';
UPDATE track SET text='Let''s pretend that this is real, 
    Let''s say this really is the deal
    The way you put me out, 
    It makes me doubt my sanity

    You toe the line until it breaks, 
    You savor all of your mistakes
    Then you do whatever pleases you,
    It''s all you know

    Clean me, and hang me out to dry
    Screaming, and live another lie
    You make it seem so effortless

    Grace is never the reward,
    It''s a price you never could afford
    You can count your change, 
    But you can''t exchange your dignity

    So sell you soul to pay the rent,
    Be sure to count up every cent
    Cuz when you lose your aim,
    In these dirty games, you''re through

    Clean me, and hang me out to dry
    Screaming, and live another lie
    You make it seem so effortless

    Solo

    Clean me, and hang me out to dry
    Scheming, until the day you die
    You make it seem so effortless' WHERE id='78727';
INSERT INTO playlist_track VALUES('19874','78727');
INSERT INTO playlist_track VALUES('85806','78727');
INSERT INTO playlist_track VALUES('172455','78727');
INSERT INTO playlist_track VALUES('87825','78727');
INSERT INTO playlist_track VALUES('29134','78727');
INSERT INTO playlist_track VALUES('98173','78727');
INSERT INTO playlist_track VALUES('23352','78727');
INSERT INTO playlist VALUES('100219','+++','http://www.jamendo.com/es/playlist/100219','12475');
INSERT INTO playlist_track VALUES('100219','78727');
INSERT INTO playlist_track VALUES('23378','78727');
INSERT INTO playlist VALUES('133005','Rythmée','http://www.jamendo.com/es/playlist/133005','9904');
INSERT INTO playlist_track VALUES('133005','78727');
INSERT INTO playlist VALUES('7461','Personal','http://www.jamendo.com/es/playlist/7461','10945');
INSERT INTO juser VALUES('113119','frediz08','Frediz08','http://www.jamendo.com/es/user/frediz08','http://imgjam.com/avatars/questionmark/avatar.100.gif','fr');
INSERT INTO playlist_juser VALUES('7461','113119');
INSERT INTO playlist_track VALUES('7461','78727');
INSERT INTO playlist_track VALUES('22363','78727');
INSERT INTO playlist_track VALUES('23375','78727');
INSERT INTO playlist_track VALUES('21837','78727');
INSERT INTO playlist_track VALUES('35432','78727');
INSERT INTO playlist_track VALUES('24306','78727');
INSERT INTO playlist_track VALUES('24969','78727');
INSERT INTO playlist_track VALUES('24453','78727');
INSERT INTO playlist_track VALUES('180098','78727');
INSERT INTO playlist_track VALUES('32141','78727');
INSERT INTO track VALUES('78729','Untitled','http://www.jamendo.com/es/track/78729','','en','207','http://mp3l.jamendo.com/?trackid=78729&format=mp31&u=0');
UPDATE track SET album_id='7168' WHERE id='78729';
UPDATE track SET text='I sat down
    With a sharpened pencil in my hand
    You were in my head and I had planned
    To write you into verses, and
    Immortalize all your virtues for a hundred years to come

    And then I thought
    About our tiny little history
    You once had you struck me as a mystery
    Now I wonder what I used to see
    And now this empty paper''s screaming that
    You''re just like all the rest

            Oh oh, oh oh, untitled
            Oh oh, oh oh, untitled

    You were real
    Yeah, I swear I thought I knew you
    But now my eyes just stare right through you
    And I don''t think I can blame you
    Yeah, I saw what I was looking for, and pushed aside the rest

    But I was wrong
    No, it''s not like you''re an ogre
    It''s just you''re bland and mediocre
    I am drunk and you are sober
    This song won''t ever write itself and so you best be on your way

            Oh oh, oh oh, untitled
            Oh oh, oh oh, untitled

    Easy come...
    It''s not like art''s some kind of charity
    I guess a true muse is a rarity
    The kind that gives your mind the clarity
    To leave that empty page behind

        Oh oh, oh oh, untitled
        Oh oh, oh oh, untitled
        I''m stuck without a spark of pain or joy
        I feel nothing, nothing
        I''m stuck without a spark of pain or joy' WHERE id='78729';
INSERT INTO playlist_track VALUES('19874','78729');
INSERT INTO playlist_track VALUES('180098','78729');
INSERT INTO playlist_track VALUES('85806','78729');
INSERT INTO playlist_track VALUES('172455','78729');
INSERT INTO playlist_track VALUES('87825','78729');
INSERT INTO playlist_track VALUES('35432','78729');
INSERT INTO playlist_track VALUES('29134','78729');
INSERT INTO playlist_track VALUES('98173','78729');
INSERT INTO playlist_track VALUES('23352','78729');
INSERT INTO playlist_track VALUES('23378','78729');
INSERT INTO playlist VALUES('177035','2010-09-09 Społecznicy on line','http://www.jamendo.com/es/playlist/177035','1094');
INSERT INTO playlist_track VALUES('177035','78729');
INSERT INTO playlist_track VALUES('22363','78729');
INSERT INTO playlist_track VALUES('23375','78729');
INSERT INTO playlist_track VALUES('21837','78729');
INSERT INTO playlist_track VALUES('24306','78729');
INSERT INTO playlist_track VALUES('24969','78729');
INSERT INTO playlist_track VALUES('24453','78729');
INSERT INTO playlist VALUES('23699','Fun listening','http://www.jamendo.com/es/playlist/23699','3376');
INSERT INTO playlist_track VALUES('23699','78729');
INSERT INTO playlist_track VALUES('208193','78729');
INSERT INTO playlist_track VALUES('32141','78729');
INSERT INTO track VALUES('78726','Darien Gap','http://www.jamendo.com/es/track/78726','','en','246','http://mp3l.jamendo.com/?trackid=78726&format=mp31&u=0');
UPDATE track SET album_id='7168' WHERE id='78726';
UPDATE track SET text='I was a waiter in North Baltimore
Down by the tracks and the video store where you worked
Three times a day you''d come in for a drink
I''d bring you a coffee, you''d pay with a wink and a smile

One day I saw you and pulled up a stool
I said, "Kathy, I''ve known you since first grade in school on the bus"
You always had talked about seeing the world
I never imagined you''d still be the girl down the street

I asked, "why are you still here?", you just looked confused
You told me "you can''t get from here to Peru in a car,
In Panama you''ll hit the Darién Gap
There''s suddenly nothing but white on the map and you''re done...

    We are one, but not quite connected
    We are one, but light years apart
    We are one, but not quite connected
    We are one..."

Now it''s been so long since I wandered away
But I still think about what you told me that day in the bar
I wonder if you''re still marooned with a globe
Waiting for someone to pave you a road to your dreams' WHERE id='78726';
INSERT INTO playlist_track VALUES('19874','78726');
INSERT INTO playlist_track VALUES('85806','78726');
INSERT INTO playlist_track VALUES('172455','78726');
INSERT INTO playlist VALUES('173783','Fnordfunk','http://www.jamendo.com/es/playlist/173783','2696');
INSERT INTO playlist_track VALUES('173783','78726');
INSERT INTO playlist_track VALUES('87825','78726');
INSERT INTO playlist_track VALUES('29134','78726');
INSERT INTO playlist_track VALUES('98173','78726');
INSERT INTO playlist_track VALUES('23352','78726');
INSERT INTO playlist_track VALUES('100219','78726');
INSERT INTO playlist_track VALUES('22363','78726');
INSERT INTO playlist_track VALUES('23375','78726');
INSERT INTO playlist_track VALUES('21837','78726');
INSERT INTO playlist_track VALUES('23378','78726');
INSERT INTO playlist VALUES('18618','A télécharger','http://www.jamendo.com/es/playlist/18618','798');
INSERT INTO playlist_track VALUES('18618','78726');
INSERT INTO playlist_track VALUES('35432','78726');
INSERT INTO playlist_track VALUES('24306','78726');
INSERT INTO playlist_track VALUES('24969','78726');
INSERT INTO playlist_track VALUES('24453','78726');
INSERT INTO playlist_track VALUES('24777','78726');
INSERT INTO playlist VALUES('24876','Rendez-Vous chez Madame Marcelle','http://www.jamendo.com/es/playlist/24876','16505');
INSERT INTO juser VALUES('77533','udeadman','Udeadman','http://www.jamendo.com/es/user/udeadman','http://imgjam.com/avatars/questionmark/avatar.100.gif','de');
INSERT INTO juser VALUES('206135','topelius77','Topelius77','http://www.jamendo.com/es/user/topelius77','http://imgjam.com/avatars/questionmark/avatar.100.gif','fr');
INSERT INTO playlist_juser VALUES('24876','77533');
INSERT INTO playlist_juser VALUES('24876','206135');
INSERT INTO playlist_track VALUES('24876','78726');
INSERT INTO juser VALUES('128347','Ohzenitho','Ohzenitho','http://www.jamendo.com/es/user/Ohzenitho','http://imgjam.com/avatars/347/128347.100.jpg','fr');
INSERT INTO juser VALUES('428269','easedale','Easedale','http://www.jamendo.com/es/user/easedale','http://imgjam.com/avatars/jamendo/100/pro.png','en');
INSERT INTO juser VALUES('678304','jir','Jir','http://www.jamendo.com/es/user/jir','http://imgjam.com/avatars/jamendo/100/pro.png','es');
INSERT INTO juser VALUES('1242114','tonnnon','Tonnnon','http://www.jamendo.com/es/user/tonnnon','http://imgjam.com/avatars/jamendo/100/pro.png','en');
INSERT INTO juser VALUES('688732','tsmock','Tsmock','http://www.jamendo.com/es/user/tsmock','http://imgjam.com/avatars/jamendo/100/pro.png','en');
INSERT INTO album_juser VALUES('7168','128347');
INSERT INTO album_juser VALUES('7168','428269');
INSERT INTO album_juser VALUES('7168','678304');
INSERT INTO album_juser VALUES('7168','1242114');
INSERT INTO album_juser VALUES('7168','688732');
INSERT INTO juser VALUES('654046','Sandskin','Sandskin','http://www.jamendo.com/es/user/Sandskin','http://imgjam.com/avatars/46/654046.100.jpg','es');
INSERT INTO juser VALUES('1020947','resonances',' ','http://www.jamendo.com/es/user/resonances','http://imgjam.com/avatars/947/1020947.100.jpg','fr');
INSERT INTO juser VALUES('638537','mossblaser','Mossblaser','http://www.jamendo.com/es/user/mossblaser','http://imgjam.com/avatars/537/638537.100.png','en');
INSERT INTO juser VALUES('623130','Nanna_93','Nanna_93','http://www.jamendo.com/es/user/Nanna_93','http://imgjam.com/avatars/jamendo/100/pro.png','en');
INSERT INTO juser VALUES('346965','tchibu','Tchibu','http://www.jamendo.com/es/user/tchibu','http://imgjam.com/avatars/questionmark/avatar.100.gif','de');
INSERT INTO album_juser VALUES('7168','654046');
INSERT INTO album_juser VALUES('7168','1020947');
INSERT INTO album_juser VALUES('7168','638537');
INSERT INTO album_juser VALUES('7168','623130');
INSERT INTO album_juser VALUES('7168','346965');
INSERT INTO juser VALUES('411470','MartyPG13','Martypg13','http://www.jamendo.com/es/user/MartyPG13','http://imgjam.com/avatars/questionmark/avatar.100.gif','en');
INSERT INTO juser VALUES('1064404','berty64','Berty64','http://www.jamendo.com/es/user/berty64','http://imgjam.com/avatars/jamendo/100/pro.png','fr');
INSERT INTO juser VALUES('130578','andreideferrer','Andreideferrer','http://www.jamendo.com/es/user/andreideferrer','http://imgjam.com/avatars/578/130578.100.jpg','br');
INSERT INTO album_juser VALUES('7168','590302');
INSERT INTO album_juser VALUES('7168','411470');
INSERT INTO album_juser VALUES('7168','65446');
INSERT INTO album_juser VALUES('7168','1064404');
INSERT INTO album_juser VALUES('7168','130578');
INSERT INTO juser VALUES('10115','lebipbip',' ','http://www.jamendo.com/es/user/lebipbip','http://imgjam.com/avatars/questionmark/avatar.100.gif','fr');
INSERT INTO juser VALUES('122076','Fangabar','Fangabar','http://www.jamendo.com/es/user/Fangabar','http://imgjam.com/avatars/76/122076.100.jpg','de');
INSERT INTO juser VALUES('403543','sunburn71','Sunburn71','http://www.jamendo.com/es/user/sunburn71','http://imgjam.com/avatars/questionmark/avatar.100.gif','de');
INSERT INTO juser VALUES('696838','69FM','69fm','http://www.jamendo.com/es/user/69FM','http://imgjam.com/avatars/838/696838.100.jpg','de');
INSERT INTO juser VALUES('953753','jabalink','Jabalink','http://www.jamendo.com/es/user/jabalink','http://imgjam.com/avatars/jamendo/100/pro.png','es');
INSERT INTO album_juser VALUES('7168','10115');
INSERT INTO album_juser VALUES('7168','122076');
INSERT INTO album_juser VALUES('7168','403543');
INSERT INTO album_juser VALUES('7168','696838');
INSERT INTO album_juser VALUES('7168','953753');
INSERT INTO album VALUES('23755','The Simple Life','http://www.jamendo.com/es/album/23755','http://imgjam.com/albums/s23/23755/covers/1.100.jpg','2','4663','Pop-Rock / Acoustic');
UPDATE album SET artist_id='7872' WHERE id='23755';
INSERT INTO track VALUES('162024','Heritage Place','http://www.jamendo.com/es/track/162024','','en','241','http://mp3l.jamendo.com/?trackid=162024&format=mp31&u=0');
UPDATE track SET album_id='23755' WHERE id='162024';
UPDATE track SET text='I was proud, and I was standing
I was lost in a crowd
But now this room is abandoned
Everybody keep on fading out

I was strong like a lion
I was firm and devout
But now my history is dying
Everybody keep on fading out

    Where do you go?
    Where do you go when everything you know is pushing you away
    Where do you go?
    Where do you go?
    Out of this empty space in a vacant place I''ll stay

I was sure that I''d found it
I was up on a cloud
While the others were grounded
Everybody keep on fading out

    Where do you go?
    Where do you go when everything you know is pushing you away
    Where do you go?
    Where do you go?
    Out of this empty space in a vacant place I''ll stay

Gone out the window
Everybody keep on fading out' WHERE id='162024';
INSERT INTO playlist_track VALUES('172455','162024');
INSERT INTO playlist VALUES('131069','Spokojne','http://www.jamendo.com/es/playlist/131069','26704');
INSERT INTO playlist_juser VALUES('131069','583803');
INSERT INTO playlist_track VALUES('131069','162024');
INSERT INTO playlist_track VALUES('208193','162024');
INSERT INTO playlist_track VALUES('173783','162024');
INSERT INTO playlist VALUES('78765','Acoustic','http://www.jamendo.com/es/playlist/78765','4663');
INSERT INTO playlist_track VALUES('78765','162024');
INSERT INTO playlist VALUES('129452','Mathias','http://www.jamendo.com/es/playlist/129452','9712');
INSERT INTO playlist_track VALUES('129452','162024');
INSERT INTO playlist VALUES('63375','1','http://www.jamendo.com/es/playlist/63375','4663');
INSERT INTO playlist_track VALUES('63375','162024');
INSERT INTO playlist VALUES('71306','Gefallen mir','http://www.jamendo.com/es/playlist/71306','15489');
INSERT INTO playlist_track VALUES('71306','162024');
INSERT INTO playlist VALUES('71733','Indie','http://www.jamendo.com/es/playlist/71733','4663');
INSERT INTO playlist_track VALUES('71733','162024');
INSERT INTO playlist VALUES('175941','Muzik.!','http://www.jamendo.com/es/playlist/175941','3471');
INSERT INTO playlist_track VALUES('175941','162024');
INSERT INTO playlist VALUES('91231','Kiffe','http://www.jamendo.com/es/playlist/91231','22664');
INSERT INTO playlist_track VALUES('91231','162024');
INSERT INTO playlist VALUES('174280','Review Later','http://www.jamendo.com/es/playlist/174280','17130');
INSERT INTO playlist_track VALUES('174280','162024');
INSERT INTO playlist VALUES('117808','Insightful folk','http://www.jamendo.com/es/playlist/117808','9282');
INSERT INTO playlist_track VALUES('117808','162024');
INSERT INTO playlist VALUES('118273','Experiment','http://www.jamendo.com/es/playlist/118273','241');
INSERT INTO playlist_track VALUES('118273','162024');
INSERT INTO playlist VALUES('106142','Diapo','http://www.jamendo.com/es/playlist/106142','11284');
INSERT INTO playlist_track VALUES('106142','162024');
INSERT INTO playlist VALUES('71729','Good Stuff','http://www.jamendo.com/es/playlist/71729','4663');
INSERT INTO playlist_track VALUES('71729','162024');
INSERT INTO playlist VALUES('182811','11/16/10','http://www.jamendo.com/es/playlist/182811','435');
INSERT INTO playlist_track VALUES('182811','162024');
INSERT INTO playlist VALUES('160383','Meine Lieblingssongs','http://www.jamendo.com/es/playlist/160383','5237');
INSERT INTO playlist_track VALUES('160383','162024');
INSERT INTO playlist VALUES('92634','Stuff I Must Listen To When I Find My Headphones','http://www.jamendo.com/es/playlist/92634','19852');
INSERT INTO playlist_track VALUES('92634','162024');
INSERT INTO playlist VALUES('62933','Odkrycia','http://www.jamendo.com/es/playlist/62933','6655');
INSERT INTO playlist_track VALUES('62933','162024');
INSERT INTO track VALUES('162025','Go','http://www.jamendo.com/es/track/162025','','en','226','http://mp3l.jamendo.com/?trackid=162025&format=mp31&u=0');
UPDATE track SET album_id='23755' WHERE id='162025';
UPDATE track SET text='We lay in the glow of the neon city lights
Eyes on the wall through another sleepless night
I just wanna be, alone again

And I''m remembering
I was a wreck when we met at the dollar store
I should have just made a run for the exit door
I was into you, but now I''m in too deep

   I was over my head but you said that I''m safer in your arms
   I was over my head so I fled to the comfort of your charms
 
I guess at the time, you were so idealized
Now in the light of the day I realize
I was into you, but now I''m in too deep

   And now I think that it is
   Sad that I had to get tangled in the wires of your snare
   It''s sad that we had to evaporate and vanish in the air


I don''t care if you go
I don''t care if you go
I don''t care if you up and walk away and just leave me with a wave in the dark
I don''t care if you go
I don''t care if you go
And now I see that it never really mattered, it''s just another chapter to close
I don''t care if you go

Do what you want, I am tired, I am sick of this
I never wanted to even admit to this
I was into you, now I''m in too deep
 
   And now I''m telling you
   I may be awake but I never really opened up my eyes
   I may be awake but I never really wanted to rise

[Chorus]' WHERE id='162025';
INSERT INTO playlist_track VALUES('172455','162025');
INSERT INTO playlist VALUES('113332','Whoooo','http://www.jamendo.com/es/playlist/113332','1504');
INSERT INTO playlist_track VALUES('113332','162025');
INSERT INTO playlist VALUES('173234','Cool rock/pop','http://www.jamendo.com/es/playlist/173234','226');
INSERT INTO playlist_track VALUES('173234','162025');
INSERT INTO playlist VALUES('166148','Main Playlist','http://www.jamendo.com/es/playlist/166148','6704');
INSERT INTO playlist_track VALUES('166148','162025');
INSERT INTO playlist_track VALUES('129452','162025');
INSERT INTO playlist_track VALUES('208193','162025');
INSERT INTO playlist_track VALUES('63375','162025');
INSERT INTO playlist_track VALUES('71306','162025');
INSERT INTO playlist VALUES('175236','Musik','http://www.jamendo.com/es/playlist/175236','5991');
INSERT INTO playlist_track VALUES('175236','162025');
INSERT INTO playlist VALUES('87829','Musique','http://www.jamendo.com/es/playlist/87829','5086');
INSERT INTO playlist_track VALUES('87829','162025');
INSERT INTO playlist_track VALUES('91231','162025');
INSERT INTO playlist VALUES('173052','Pop-rock-guitar','http://www.jamendo.com/es/playlist/173052','458');
INSERT INTO playlist_track VALUES('173052','162025');
INSERT INTO playlist_track VALUES('117808','162025');
INSERT INTO playlist VALUES('221373','Essencing','http://www.jamendo.com/es/playlist/221373','2851');
INSERT INTO playlist_track VALUES('221373','162025');
INSERT INTO playlist_track VALUES('174280','162025');
INSERT INTO playlist VALUES('173191','PRO Documentary','http://www.jamendo.com/es/playlist/173191','5110');
INSERT INTO playlist_track VALUES('173191','162025');
INSERT INTO playlist VALUES('173049','UndeterminateJustLike','http://www.jamendo.com/es/playlist/173049','3294');
INSERT INTO juser VALUES('921316','emecas',' ','http://www.jamendo.com/es/user/emecas','http://imgjam.com/avatars/316/921316.100.jpg','en');
INSERT INTO juser VALUES('924618','Mickdic','Mickael.menaut emile','http://www.jamendo.com/es/user/Mickdic','http://imgjam.com/avatars/jamendo/100/pro.png','fr');
INSERT INTO playlist_juser VALUES('173049','921316');
INSERT INTO playlist_juser VALUES('173049','924618');
INSERT INTO playlist_track VALUES('173049','162025');
INSERT INTO playlist_track VALUES('106142','162025');
INSERT INTO playlist_track VALUES('71729','162025');
INSERT INTO playlist_track VALUES('71733','162025');
INSERT INTO track VALUES('162026','Saturday','http://www.jamendo.com/es/track/162026','','en','269','http://mp3l.jamendo.com/?trackid=162026&format=mp31&u=0');
UPDATE track SET album_id='23755' WHERE id='162026';
UPDATE track SET text='Saturday
I watched you fly away
Across the empty sky
I turned around and waved goodbye

And now it''s me alone
It''s just an empty home
That''s on an empty street
In a town that always sleeps

    And a blind man in the darkness knows no difference
    But I have grown accustomed to the colors that you bring

I check the dial tone
On the telephone
But when I try to speak
The reception gets so weak

I took an hour''s drive
Into the countryside
The sky was bright and clear
But it was cold without you here

    And my mind is turning back before I knew you
    And the numbness was the only thing I''d ever really known
    And I was home

        Long ago, I was happy by myself
        Long ago, it was me and no one else
        Long ago, and then I saw your face

I got a photograph
Beneath a sheet of glass
Inside a cherry frame
But it is never quite the same

It''s just a memory
A spot in history
But that''s no good to me
When I am living here and now

    Oh, I''ve tried to make my peace with all the silence
    I have tried to patch the cracks, I''ve got my finger in the dam

    And I''ve tried to find contentment in seclusion
    But I will never really smile till the day that you return
    Till you return' WHERE id='162026';
INSERT INTO playlist_track VALUES('172455','162026');
INSERT INTO playlist VALUES('194498','Indie / Pop / Rock','http://www.jamendo.com/es/playlist/194498','12027');
INSERT INTO playlist_track VALUES('194498','162026');
INSERT INTO playlist_track VALUES('208193','162026');
INSERT INTO playlist_track VALUES('63375','162026');
INSERT INTO playlist_track VALUES('71306','162026');
INSERT INTO playlist_track VALUES('91231','162026');
INSERT INTO playlist_track VALUES('71733','162026');
INSERT INTO playlist_track VALUES('117808','162026');
INSERT INTO playlist_track VALUES('174280','162026');
INSERT INTO playlist VALUES('194477','Km','http://www.jamendo.com/es/playlist/194477','17010');
INSERT INTO playlist_track VALUES('194477','162026');
INSERT INTO playlist_track VALUES('106142','162026');
INSERT INTO playlist_track VALUES('71729','162026');
INSERT INTO playlist VALUES('59661','Music for movies','http://www.jamendo.com/es/playlist/59661','1445');
INSERT INTO playlist_track VALUES('59661','162026');
INSERT INTO playlist VALUES('126027','Préférence','http://www.jamendo.com/es/playlist/126027','9631');
INSERT INTO juser VALUES('665211','massyanchik','Massyanchik','http://www.jamendo.com/es/user/massyanchik','http://imgjam.com/avatars/jamendo/100/pro.png','ru');
INSERT INTO playlist_juser VALUES('126027','665211');
INSERT INTO playlist_track VALUES('126027','162026');
INSERT INTO playlist VALUES('54844','Beginning','http://www.jamendo.com/es/playlist/54844','4288');
INSERT INTO playlist_track VALUES('54844','162026');
INSERT INTO playlist_track VALUES('160383','162026');
INSERT INTO playlist VALUES('205734','Malbork','http://www.jamendo.com/es/playlist/205734','790');
INSERT INTO playlist_track VALUES('205734','162026');
INSERT INTO playlist VALUES('205890','Light Pop','http://www.jamendo.com/es/playlist/205890','1677');
INSERT INTO playlist_track VALUES('205890','162026');
INSERT INTO playlist_track VALUES('87829','162026');
INSERT INTO playlist_track VALUES('62933','162026');
INSERT INTO track VALUES('162027','The Parade','http://www.jamendo.com/es/track/162027','','en','267','http://mp3l.jamendo.com/?trackid=162027&format=mp31&u=0');
UPDATE track SET album_id='23755' WHERE id='162027';
UPDATE track SET text='I went down to the parade
The streets were closed and everybody huddled to the barriers
Hoping for a better view, waiting for the floats to come through
And leave a trail of confetti in their wake

   Oh, on a thousand roads
   We are coming home

Yellow streamers on the ground
And blue balloons are floating overhead like restless satellites
Focused on the concrete, and straying down the side streets
At the mercy of the temperamental breeze

   Oh, on a thousand roads
   We are coming home
   Old familiar roads
   We are coming home

Every face was to the sky
A small town on a summer day to waste away with no better plan
Than to sit and watch a stray balloon, if only for an afternoon
And then continue on their way, another day

   Oh, on a thousand roads
   We are coming home
   Old familiar roads
   We are coming home' WHERE id='162027';
INSERT INTO playlist_track VALUES('172455','162027');
INSERT INTO playlist VALUES('200327','Video match','http://www.jamendo.com/es/playlist/200327','14154');
INSERT INTO playlist_track VALUES('200327','162027');
INSERT INTO playlist_track VALUES('71306','162027');
INSERT INTO playlist_track VALUES('63375','162027');
INSERT INTO playlist VALUES('105189','Sun','http://www.jamendo.com/es/playlist/105189','7301');
INSERT INTO playlist_track VALUES('105189','162027');
INSERT INTO playlist_track VALUES('117808','162027');
INSERT INTO playlist_track VALUES('71733','162027');
INSERT INTO playlist_track VALUES('208193','162027');
INSERT INTO playlist_track VALUES('91231','162027');
INSERT INTO playlist_track VALUES('174280','162027');
INSERT INTO playlist_track VALUES('106142','162027');
INSERT INTO playlist_track VALUES('71729','162027');
INSERT INTO playlist_track VALUES('54844','162027');
INSERT INTO playlist_track VALUES('160383','162027');
INSERT INTO playlist VALUES('70352','Prise de terre','http://www.jamendo.com/es/playlist/70352','15673');
INSERT INTO playlist_track VALUES('70352','162027');
INSERT INTO playlist_track VALUES('62933','162027');
INSERT INTO playlist VALUES('55143','Playlist 2.','http://www.jamendo.com/es/playlist/55143','6195');
INSERT INTO playlist_track VALUES('55143','162027');
INSERT INTO playlist_track VALUES('64820','162027');
INSERT INTO playlist_track VALUES('92634','162027');
INSERT INTO playlist VALUES('63362','Yann','http://www.jamendo.com/es/playlist/63362','4663');
INSERT INTO playlist_track VALUES('63362','162027');
INSERT INTO track VALUES('162028','Revolution Now','http://www.jamendo.com/es/track/162028','','en','233','http://mp3l.jamendo.com/?trackid=162028&format=mp31&u=0');
UPDATE track SET album_id='23755' WHERE id='162028';
UPDATE track SET text='Hey, what are we waiting for?
We''ve come to far to let this go
Always on the outside looking in

The door is swinging in the wind
It''s time to go and march on in
It''s time to show them what we''re all about

I can feel the change is coming in the air
I can feel the revolution now
I can feel the change is coming in the air
I can feel the revolution now

I am gonna see again
And I am gonna feel again
We''re not going to take this any more
We won''t take this anymore

The shapes are hiding in the dark
The knives are out, the blades are sharp
It''s one wrong move and all the lights are out

Watch your step and look ahead
Remember what the old man said
Failure is the aftermath of doubt

[Chorus]' WHERE id='162028';
INSERT INTO playlist_track VALUES('172455','162028');
INSERT INTO playlist_track VALUES('208193','162028');
INSERT INTO playlist VALUES('121282','Gills','http://www.jamendo.com/es/playlist/121282','2940');
INSERT INTO playlist_track VALUES('121282','162028');
INSERT INTO playlist_track VALUES('71733','162028');
INSERT INTO playlist_track VALUES('71306','162028');
INSERT INTO playlist_track VALUES('63375','162028');
INSERT INTO playlist_track VALUES('117808','162028');
INSERT INTO playlist_track VALUES('70352','162028');
INSERT INTO playlist_track VALUES('91231','162028');
INSERT INTO playlist_track VALUES('174280','162028');
INSERT INTO playlist_track VALUES('106142','162028');
INSERT INTO playlist_track VALUES('71729','162028');
INSERT INTO playlist_track VALUES('160383','162028');
INSERT INTO playlist VALUES('173843','To download','http://www.jamendo.com/es/playlist/173843','19124');
INSERT INTO playlist_track VALUES('173843','162028');
INSERT INTO playlist VALUES('83134','Anzigis','http://www.jamendo.com/es/playlist/83134','120437');
INSERT INTO juser VALUES('478108','Anzigis','Anzigis','http://www.jamendo.com/es/user/Anzigis','http://imgjam.com/avatars/108/478108.100.jpg','fr');
INSERT INTO playlist_juser VALUES('83134','478108');
INSERT INTO playlist_juser VALUES('83134','583803');
INSERT INTO playlist_track VALUES('83134','162028');
INSERT INTO playlist_track VALUES('62933','162028');
INSERT INTO playlist_track VALUES('55143','162028');
INSERT INTO playlist_track VALUES('64820','162028');
INSERT INTO playlist_track VALUES('63362','162028');
INSERT INTO playlist VALUES('71952','Sound','http://www.jamendo.com/es/playlist/71952','22085');
INSERT INTO playlist_track VALUES('71952','162028');
INSERT INTO track VALUES('162029','Flypaper','http://www.jamendo.com/es/track/162029','','','163','http://mp3l.jamendo.com/?trackid=162029&format=mp31&u=0');
UPDATE track SET album_id='23755' WHERE id='162029';
UPDATE track SET text='' WHERE id='162029';
INSERT INTO playlist_track VALUES('172455','162029');
INSERT INTO playlist_track VALUES('208193','162029');
INSERT INTO playlist_track VALUES('71306','162029');
INSERT INTO playlist_track VALUES('117808','162029');
INSERT INTO playlist_track VALUES('71733','162029');
INSERT INTO playlist_track VALUES('70352','162029');
INSERT INTO playlist VALUES('178895','Meine Facebook-Favoriten','http://www.jamendo.com/es/playlist/178895','163');
INSERT INTO playlist_track VALUES('178895','162029');
INSERT INTO playlist_track VALUES('91231','162029');
INSERT INTO playlist VALUES('87931','WSIC Fall 2008 - Soft Rock','http://www.jamendo.com/es/playlist/87931','3022');
INSERT INTO playlist_track VALUES('87931','162029');
INSERT INTO playlist_track VALUES('174280','162029');
INSERT INTO playlist_track VALUES('106142','162029');
INSERT INTO playlist_track VALUES('63375','162029');
INSERT INTO playlist_track VALUES('71729','162029');
INSERT INTO playlist_track VALUES('160383','162029');
INSERT INTO playlist VALUES('14800','Playlist littlejb','http://www.jamendo.com/es/playlist/14800','59087');
INSERT INTO playlist_track VALUES('14800','162029');
INSERT INTO playlist_track VALUES('173843','162029');
INSERT INTO playlist_track VALUES('83134','162029');
INSERT INTO playlist_track VALUES('62933','162029');
INSERT INTO playlist_track VALUES('55143','162029');
INSERT INTO playlist_track VALUES('64820','162029');
INSERT INTO track VALUES('162030','I''m Letting Go','http://www.jamendo.com/es/track/162030','','en','192','http://mp3l.jamendo.com/?trackid=162030&format=mp31&u=0');
UPDATE track SET album_id='23755' WHERE id='162030';
UPDATE track SET text='I''ve been sleeping with the lights on, buried in regrets
Breaking into sweats, naked as a falling leaf

It''s a natural reaction, driven to distraction, 
Clawing at the ghosts I''ll never meet

Oh, I don''t know, where they go
When they vanish in the corner of my eye
And I, don''t know why, I don''t know
If they stay below or rise up to the sky

    But I''m letting go
    I''m letting go
    It''s a history that never really grows
    I''m letting go
    I''m letting go
    It''s a silent wind that never really blows
    I''m letting go

I''m a slave without a master, heading for disaster
Kicking up the dust in the middle of the road

I''ve been waiting on a free ride ticket
To a seaside thicket on the edge of Puget Sound

And there I''ll sit, and I''ll admit
That I was only just a guest inside my skin
And by the dawn, I''ll be gone
And I won''t be holding on to anything again

    [Chorus]' WHERE id='162030';
INSERT INTO playlist_track VALUES('172455','162030');
INSERT INTO playlist_track VALUES('71733','162030');
INSERT INTO playlist_track VALUES('208193','162030');
INSERT INTO playlist_track VALUES('117808','162030');
INSERT INTO playlist_track VALUES('71306','162030');
INSERT INTO playlist_track VALUES('70352','162030');
INSERT INTO playlist_track VALUES('91231','162030');
INSERT INTO playlist_track VALUES('174280','162030');
INSERT INTO playlist VALUES('172769','Fav','http://www.jamendo.com/es/playlist/172769','2498');
INSERT INTO playlist_track VALUES('172769','162030');
INSERT INTO playlist_track VALUES('173843','162030');
INSERT INTO playlist_track VALUES('106142','162030');
INSERT INTO playlist_track VALUES('63375','162030');
INSERT INTO playlist_track VALUES('71729','162030');
INSERT INTO playlist_track VALUES('160383','162030');
INSERT INTO playlist VALUES('165682','ESMAR 2','http://www.jamendo.com/es/playlist/165682','17210');
INSERT INTO juser VALUES('157383','Psicotropicodelia Music','Psicotropicodelia.com ','http://www.jamendo.com/es/user/Psicotropicodelia%20Music','http://imgjam.com/avatars/383/157383.100.jpg','en');
INSERT INTO playlist_juser VALUES('165682','157383');
INSERT INTO playlist_track VALUES('165682','162030');
INSERT INTO playlist VALUES('205900','Rock','http://www.jamendo.com/es/playlist/205900','1405');
INSERT INTO playlist_track VALUES('205900','162030');
INSERT INTO playlist_track VALUES('62933','162030');
INSERT INTO playlist_track VALUES('55143','162030');
INSERT INTO playlist_track VALUES('64820','162030');
INSERT INTO playlist_track VALUES('63362','162030');
INSERT INTO track VALUES('162031','Morning Blue','http://www.jamendo.com/es/track/162031','','en','246','http://mp3l.jamendo.com/?trackid=162031&format=mp31&u=0');
UPDATE track SET album_id='23755' WHERE id='162031';
UPDATE track SET text='I woke up this morning on the wrong side of the bed
The hazy sunrise wraps a veil around my head
I can''t get motivated, the swimming thoughts are drowning in my head
And if by some coincidence I do just what they said

   And the morning blue is warning you
   This avalanche is storming through
   In the dawn of the morning blue
   Just take me away
 
The fire of failed reason, the rain of every season
The patriotic treason, the ringing of the bells
The avalanche of sorrow, the soul afraid to borrow
There is no day tomorrow, keep living for today and let me

   [chorus]

    Just set me free and I will be
    Afraid enough to find it
    Take my hand or take a stand
    And I would never mind it
    Sit and stare or say a prayer
    For all you left behind
    Call on me, just never be
    The last one in the line

I woke up this morning on the wrong side of the bed
I should have stayed in bed and slept all day instead
There ain''t no profit in this day that lies ahead
These blurry images still echo in my head

   [chorus]' WHERE id='162031';
INSERT INTO playlist_track VALUES('172455','162031');
INSERT INTO playlist_track VALUES('117808','162031');
INSERT INTO playlist_track VALUES('91231','162031');
INSERT INTO playlist_track VALUES('208193','162031');
INSERT INTO playlist_track VALUES('200327','162031');
INSERT INTO playlist_track VALUES('70352','162031');
INSERT INTO playlist_track VALUES('71733','162031');
INSERT INTO playlist_track VALUES('174280','162031');
INSERT INTO playlist_track VALUES('173843','162031');
INSERT INTO playlist_track VALUES('71306','162031');
INSERT INTO playlist_track VALUES('172769','162031');
INSERT INTO playlist_track VALUES('106142','162031');
INSERT INTO playlist VALUES('189497','Pop','http://www.jamendo.com/es/playlist/189497','10617');
INSERT INTO juser VALUES('955117','Nerdfest','Nerdfest','http://www.jamendo.com/es/user/Nerdfest','http://imgjam.com/avatars/jamendo/100/pro.png','en');
INSERT INTO playlist_juser VALUES('189497','955117');
INSERT INTO playlist_track VALUES('189497','162031');
INSERT INTO playlist_track VALUES('63375','162031');
INSERT INTO playlist_track VALUES('71729','162031');
INSERT INTO playlist_track VALUES('160383','162031');
INSERT INTO playlist_track VALUES('205900','162031');
INSERT INTO playlist_track VALUES('62933','162031');
INSERT INTO playlist_track VALUES('55143','162031');
INSERT INTO playlist_track VALUES('64820','162031');
INSERT INTO track VALUES('162032','The Bottom','http://www.jamendo.com/es/track/162032','','en','156','http://mp3l.jamendo.com/?trackid=162032&format=mp31&u=0');
UPDATE track SET album_id='23755' WHERE id='162032';
UPDATE track SET text='In a crumbling land
I was singing in the junkyard choir again
And I was waiting for my moment to come
I was beating on the timpani drum in the rain

Asleep inside a rusty van
Parked beside the taxi stand
Well it''s nothing I would ever recommend to you

    The freaks are on parade
    On the uptown promenade
    If you ever wanna see the bottom, then I''ll show you

I was screaming again
I was screaming at a hot dog vendor again
I can''t remember why I snapped
Probably just a little lapse of reason

Virtues come and virtues go
I dressed up in women''s clothes
And strolled down 42nd Street today

    And I walked up to a man
    In an Acura sedan, and said that
    If you ever wanna see the bottom, then I''ll show you

    It''s a long way to the top
    And it''s way more fun to drop
    If you ever wanna see the bottom
    Do you really wanna see the bottom?
    If you really wanna see the bottom,
    Then I''ll show you' WHERE id='162032';
INSERT INTO playlist_track VALUES('208193','162032');
INSERT INTO playlist_track VALUES('172455','162032');
INSERT INTO playlist_track VALUES('91231','162032');
INSERT INTO playlist_track VALUES('71306','162032');
INSERT INTO playlist_track VALUES('70352','162032');
INSERT INTO playlist_track VALUES('160383','162032');
INSERT INTO playlist_track VALUES('173843','162032');
INSERT INTO playlist_track VALUES('71733','162032');
INSERT INTO playlist_track VALUES('174280','162032');
INSERT INTO playlist_track VALUES('106142','162032');
INSERT INTO playlist_track VALUES('63375','162032');
INSERT INTO playlist_track VALUES('71729','162032');
INSERT INTO playlist_track VALUES('62933','162032');
INSERT INTO playlist_track VALUES('55143','162032');
INSERT INTO playlist_track VALUES('92634','162032');
INSERT INTO playlist_track VALUES('64820','162032');
INSERT INTO playlist_track VALUES('63362','162032');
INSERT INTO playlist_track VALUES('71952','162032');
INSERT INTO playlist VALUES('82051','Ximire','http://www.jamendo.com/es/playlist/82051','10934');
INSERT INTO playlist_track VALUES('82051','162032');
INSERT INTO playlist VALUES('154924','Pop','http://www.jamendo.com/es/playlist/154924','4663');
INSERT INTO playlist_track VALUES('154924','162032');
INSERT INTO track VALUES('162033','Rogue Nation','http://www.jamendo.com/es/track/162033','','en','284','http://mp3l.jamendo.com/?trackid=162033&format=mp31&u=0');
UPDATE track SET album_id='23755' WHERE id='162033';
UPDATE track SET text='Well, this country''s in the pits, so I really I should admit
That I feel it''s time to do something about it
   
Our democracy is splintered, sold out to the highest bidder   
And I only see a single way around it

Let''s stop being so attendant, and declare our independence
And create a nation where we''re in control

We can find a little island, and we''ll climb up to the highlands
And we''ll paint a flag and hoist it from a pole

It''s sounding pretty sweet, but it''s a little incomplete
There''d be nothing there to eat but weeds and ants

We could bring along some friends, and they could do the odds and ends
And start a farm so we could live off of the land

They''d need a place to stay, so we could find a way to pay
To hire an architect and builders to construct it
   
I suppose they''d need to buy some rudimentary supplies
They could use my credit card, and just deduct it

In the matter of a minute, my card would hit its limit
So we''d need to find some funding from our friends
   
We''ll need to form an axis, if the mother land attacks us
And we''d better start an army to defend   

We''d be careful on the spending, we''d have banks to do the lending
And we''d stay away from selfishness and greed
   
But I think our little nation''s gonna need some light taxation
If we want to pay for everything we need

    Like schools and banks and shopping malls
    Fighter jets and border walls
    City bus and subway stops
    Doctors, cops and doughnut shops
       
    Water, gas and sewer lines
    Superhighways, traffic signs
    Museums, parks, aquariums
    Zoos and planetariums
   
I might need to think this through, cuz there''s a lot of things to do   
Just to get this little nation on the map

And I''m not sure that I would make it, yeah, this emperor is naked
And I''m tired and I''m ready for a nap

    Maybe I should stay at home
    And fix the problems on this road
    And spread out to the neighborhoods
    And make a change and do some good

    We have got so many years
    To make our mark and disappear
    And enjoy the parks, aquariums
    Zoos and planetariums' WHERE id='162033';
INSERT INTO playlist_track VALUES('172455','162033');
INSERT INTO playlist_track VALUES('91231','162033');
INSERT INTO playlist_track VALUES('208193','162033');
INSERT INTO playlist VALUES('126082','100%','http://www.jamendo.com/es/playlist/126082','34225');
INSERT INTO juser VALUES('684937','DarkBucher','Darkbucher','http://www.jamendo.com/es/user/DarkBucher','http://imgjam.com/avatars/937/684937.100.jpg','ru');
INSERT INTO playlist_juser VALUES('126082','684937');
INSERT INTO playlist_track VALUES('126082','162033');
INSERT INTO playlist_track VALUES('71306','162033');
INSERT INTO playlist VALUES('95763','Indie','http://www.jamendo.com/es/playlist/95763','946');
INSERT INTO playlist_track VALUES('95763','162033');
INSERT INTO playlist_track VALUES('70352','162033');
INSERT INTO playlist_track VALUES('173843','162033');
INSERT INTO playlist_track VALUES('174280','162033');
INSERT INTO playlist_track VALUES('106142','162033');
INSERT INTO playlist_track VALUES('63375','162033');
INSERT INTO playlist_track VALUES('71733','162033');
INSERT INTO playlist_track VALUES('71729','162033');
INSERT INTO playlist_track VALUES('62933','162033');
INSERT INTO playlist_track VALUES('55143','162033');
INSERT INTO playlist_track VALUES('64820','162033');
INSERT INTO playlist_track VALUES('92634','162033');
INSERT INTO playlist_track VALUES('63362','162033');
INSERT INTO playlist_track VALUES('71952','162033');
INSERT INTO playlist_track VALUES('154924','162033');
INSERT INTO track VALUES('162034','History Repeats','http://www.jamendo.com/es/track/162034','','en','179','http://mp3l.jamendo.com/?trackid=162034&format=mp31&u=0');
UPDATE track SET album_id='23755' WHERE id='162034';
UPDATE track SET text='History repeats itself
In the patterns in the stone
We close our eyes, and fumbling,
We listen, or we don''t

The anchorman is babbling
The weatherman''s a liar
The sports report''s a waste of time
For the bored and the tired

    And the past is all we talk about
    Cuz it''s all we''ve ever known

    I won''t go back to the simple life
    In the comfort of the womb
    I''m finding a new road home

If I''m late for my own funeral
Don''t let me hold you up
Just tell them I''ve got other plans
I''ve got work to do

    I won''t go back to the simple life
    The past is gone
    I won''t go back to the simple life
    I''m moving on' WHERE id='162034';
INSERT INTO playlist_track VALUES('172455','162034');
INSERT INTO playlist_track VALUES('208193','162034');
INSERT INTO playlist_track VALUES('91231','162034');
INSERT INTO playlist_track VALUES('126082','162034');
INSERT INTO playlist_track VALUES('71306','162034');
INSERT INTO playlist_track VALUES('70352','162034');
INSERT INTO playlist_track VALUES('173843','162034');
INSERT INTO playlist_track VALUES('174280','162034');
INSERT INTO playlist_track VALUES('106142','162034');
INSERT INTO playlist_track VALUES('63375','162034');
INSERT INTO playlist_track VALUES('71729','162034');
INSERT INTO playlist_track VALUES('71733','162034');
INSERT INTO playlist_track VALUES('62933','162034');
INSERT INTO playlist_track VALUES('55143','162034');
INSERT INTO playlist_track VALUES('92634','162034');
INSERT INTO playlist_track VALUES('64820','162034');
INSERT INTO playlist_track VALUES('63362','162034');
INSERT INTO playlist_track VALUES('71952','162034');
INSERT INTO playlist_track VALUES('154924','162034');
INSERT INTO playlist VALUES('63352','OK','http://www.jamendo.com/es/playlist/63352','6045');
INSERT INTO playlist_track VALUES('63352','162034');
INSERT INTO track VALUES('162035','Ships','http://www.jamendo.com/es/track/162035','','en','122','http://mp3l.jamendo.com/?trackid=162035&format=mp31&u=0');
UPDATE track SET album_id='23755' WHERE id='162035';
UPDATE track SET text='The tide is on the brink of extinction
    The sky is on the verge of collapse
    The birds and the trees all are falling like leaves
    The memories are floating away

    The cabins on the shore are abandoned
    The streets are just a river of dust
    The ships on the bay all go sailing away
    And they won''t be back here again' WHERE id='162035';
INSERT INTO playlist_track VALUES('172455','162035');
INSERT INTO playlist_track VALUES('173843','162035');
INSERT INTO playlist_track VALUES('208193','162035');
INSERT INTO playlist_track VALUES('126082','162035');
INSERT INTO playlist_track VALUES('71306','162035');
INSERT INTO playlist_track VALUES('70352','162035');
INSERT INTO playlist_track VALUES('174280','162035');
INSERT INTO playlist_track VALUES('106142','162035');
INSERT INTO playlist_track VALUES('63375','162035');
INSERT INTO playlist_track VALUES('71733','162035');
INSERT INTO playlist_track VALUES('71729','162035');
INSERT INTO playlist_track VALUES('205734','162035');
INSERT INTO playlist_track VALUES('62933','162035');
INSERT INTO playlist_track VALUES('55143','162035');
INSERT INTO playlist_track VALUES('92634','162035');
INSERT INTO playlist_track VALUES('64820','162035');
INSERT INTO playlist_track VALUES('63362','162035');
INSERT INTO playlist_track VALUES('71952','162035');
INSERT INTO playlist_track VALUES('154924','162035');
INSERT INTO playlist_track VALUES('63352','162035');
INSERT INTO track VALUES('162036','Flutter By, Butterfly','http://www.jamendo.com/es/track/162036','','','158','http://mp3l.jamendo.com/?trackid=162036&format=mp31&u=0');
UPDATE track SET album_id='23755' WHERE id='162036';
UPDATE track SET text='Flutter by, butterfly
Into the sky, into the sky
Till you''re out of sight
And I won''t run, I won''t fight

    I''ve got my feet on the ground

Little bird, say the word,
And I will be there, I will be there
With my hands held high
And I will reach to the sky

    I''ve got my feet on the ground

Little bee, follow me,
Into the field, into the field
Where I clipped your wings
And I will wait for your sting

    I''ve got my feet on the ground' WHERE id='162036';
INSERT INTO playlist_track VALUES('172455','162036');
INSERT INTO playlist_track VALUES('173843','162036');
INSERT INTO playlist_track VALUES('208193','162036');
INSERT INTO playlist_track VALUES('126082','162036');
INSERT INTO playlist_track VALUES('70352','162036');
INSERT INTO playlist VALUES('191624','Indie','http://www.jamendo.com/es/playlist/191624','15678');
INSERT INTO juser VALUES('955203','laniao','Laniao','http://www.jamendo.com/es/user/laniao','http://imgjam.com/avatars/jamendo/100/pro.png','fr');
INSERT INTO playlist_juser VALUES('191624','955203');
INSERT INTO playlist_track VALUES('191624','162036');
INSERT INTO playlist_track VALUES('106142','162036');
INSERT INTO playlist_track VALUES('63375','162036');
INSERT INTO playlist_track VALUES('71733','162036');
INSERT INTO playlist_track VALUES('71729','162036');
INSERT INTO playlist_track VALUES('71306','162036');
INSERT INTO playlist_track VALUES('174280','162036');
INSERT INTO playlist_track VALUES('62933','162036');
INSERT INTO playlist_track VALUES('55143','162036');
INSERT INTO playlist_track VALUES('92634','162036');
INSERT INTO playlist VALUES('92512','Nov','http://www.jamendo.com/es/playlist/92512','4975');
INSERT INTO playlist_track VALUES('92512','162036');
INSERT INTO playlist VALUES('31045','Philine','http://www.jamendo.com/es/playlist/31045','4663');
INSERT INTO playlist_track VALUES('31045','162036');
INSERT INTO playlist_track VALUES('64820','162036');
INSERT INTO playlist_track VALUES('63362','162036');
INSERT INTO playlist_track VALUES('71952','162036');
INSERT INTO track VALUES('162037','On Brevity','http://www.jamendo.com/es/track/162037','','en','190','http://mp3l.jamendo.com/?trackid=162037&format=mp31&u=0');
UPDATE track SET album_id='23755' WHERE id='162037';
UPDATE track SET text='Sometimes I wanna take it from a little to a lot and I am spinning in a circle like a dizzy little top and I am calling all the people I''d forgotten about and trying to tell them that I figured it out, but it''s a lie and all the stupid things I say and do and never really stop when I should never have begun, I really oughtta drop it but it''s faster when you don''t even have time to stop and think about the things that you are saying cuz they really never matter but it''s

    Empty spaces in the air, fill it up, fill it up, fill it up, oh no
    All the million little empty spaces in the air, fill it up, fill it up, fill it up, oh no 

But I never was a fighter and I never was a poet and I never was a writer though you''d never really know it cuz I''m full of all the knowledge that you needed to know and I will share it if you''re ready or not, because I know I heard that Jami was a Wicked fan and Timmy''s dropping out and all the other little things that I was thinking about, like how mosquitoes have malaria and dogs have lice, I could go on for half an hour cuz I hate to leave a million little

    Empty spaces in the air, fill it up, fill it up, fill it up, oh no
    All the million little empty spaces in the air, fill it up, fill it up, fill it up, oh no 

Economy of speech is not a virtue, it''s a sin because I never want to tell you once what I could say again and again and again..
I know you wanna tell me what you think of what I''m say, I promise you that I will give you time later to weigh in, to weigh in if you want to

But I forgot to tell you, I was heading out to take my puppy for a walk but then the strangest little thing came out and ran across the sidewalk, it might have been a squirrel or a chipmunk or a prairie dog but something ''bout the tail wasn''t right, but that''s another story... everyone just stopped and stared with blank expressions motionless and for a second everything was silent and commotionless.. I turned I said to Fluffy, that''s a cute little sciuridae and then it went scampering off, but that was better than the

    Empty spaces in the air, fill it up, fill it up, fill it up, oh no
    All the million little empty spaces in the air, fill it up, fill it up, fill it up, oh no' WHERE id='162037';
INSERT INTO playlist_track VALUES('172455','162037');
INSERT INTO playlist_track VALUES('173843','162037');
INSERT INTO playlist_track VALUES('208193','162037');
INSERT INTO playlist_track VALUES('126082','162037');
INSERT INTO playlist_track VALUES('70352','162037');
INSERT INTO playlist_track VALUES('174280','162037');
INSERT INTO playlist_track VALUES('106142','162037');
INSERT INTO playlist_track VALUES('63375','162037');
INSERT INTO playlist_track VALUES('71733','162037');
INSERT INTO playlist_track VALUES('71729','162037');
INSERT INTO playlist_track VALUES('71306','162037');
INSERT INTO playlist_track VALUES('92634','162037');
INSERT INTO playlist_track VALUES('62933','162037');
INSERT INTO playlist_track VALUES('55143','162037');
INSERT INTO playlist_track VALUES('92512','162037');
INSERT INTO playlist_track VALUES('64820','162037');
INSERT INTO playlist_track VALUES('63362','162037');
INSERT INTO playlist_track VALUES('71952','162037');
INSERT INTO playlist VALUES('170659','Summer Indie Pop','http://www.jamendo.com/es/playlist/170659','5488');
INSERT INTO playlist_track VALUES('170659','162037');
INSERT INTO playlist_track VALUES('154924','162037');
INSERT INTO track VALUES('162038','Don''t Close Your Eyes','http://www.jamendo.com/es/track/162038','','en','214','http://mp3l.jamendo.com/?trackid=162038&format=mp31&u=0');
UPDATE track SET album_id='23755' WHERE id='162038';
UPDATE track SET text='Cold hands, sore feet
You''ve been walking for an hour on abandoned streets

Weak knees, and fresh scars
It''s a struggle when you''re losing track of who you are

The words you stole won''t save your soul
They can only buy you time

    Light a candle, or curse the dark
    It''s all the same to me
    Start a fire, or drown the spark
    And shake away the heat
    Tell the truth or live a lie
    Just don''t close your eyes

Let down, and so spent
You''ve been holding up the world with your good intent

Help out, like you should
It''s a burden that you never really understood

But Caroline, I''m doing fine
It''s the others who are dying

    Light a candle, or curse the dark
    It''s all the same to me
    Start a fire, or drown the spark
    And shake away the heat
    Tell the truth or live a lie
    Be a burden or a prize
    Stick around or say goodbye
    Just don''t close your eyes

And you''re breaking
But you''re faking nothing''s ever wrong
And concealing what you''re feeling
Always standing strong

But you don''t need
To act like you don''t bleed
When you come falling down
Cuz there is no healing when you''re not feeling
Anything at all' WHERE id='162038';
INSERT INTO playlist_track VALUES('172455','162038');
INSERT INTO playlist_track VALUES('173843','162038');
INSERT INTO playlist_track VALUES('208193','162038');
INSERT INTO playlist_track VALUES('71733','162038');
INSERT INTO playlist_track VALUES('126082','162038');
INSERT INTO playlist_track VALUES('70352','162038');
INSERT INTO playlist_track VALUES('191624','162038');
INSERT INTO playlist_track VALUES('106142','162038');
INSERT INTO playlist_track VALUES('63375','162038');
INSERT INTO playlist_track VALUES('71729','162038');
INSERT INTO playlist_track VALUES('71306','162038');
INSERT INTO playlist_track VALUES('174280','162038');
INSERT INTO playlist_track VALUES('62933','162038');
INSERT INTO playlist_track VALUES('55143','162038');
INSERT INTO playlist_track VALUES('92634','162038');
INSERT INTO playlist_track VALUES('92512','162038');
INSERT INTO playlist_track VALUES('31045','162038');
INSERT INTO playlist_track VALUES('64820','162038');
INSERT INTO playlist_track VALUES('63362','162038');
INSERT INTO playlist_track VALUES('71952','162038');
INSERT INTO track VALUES('162039','Me and Billy Barnum','http://www.jamendo.com/es/track/162039','','','210','http://mp3l.jamendo.com/?trackid=162039&format=mp31&u=0');
UPDATE track SET album_id='23755' WHERE id='162039';
UPDATE track SET text='In 1912, I was only a boy
Hardly 10 years old
The summer was dry, the sun in the sky
Where secrets burn like matches

In my Sunday best, I went down for a walk
To Billy Barnum''s house
He was alone, no one was home
So I had an idea

    I said to Billy, "let''s go walking down in the ravine
    There''s no one here for miles so we never will be seen
    If your folks are in Peoria, they won''t be back for hours
    So let''s go have some fun."

We walked down through the tangle of trees
I lost my bearing twice
But then we emerged, the top of the earth
And watched in silent wonder

We stood tall on the edge of the bridge
When a gust of wind blew through
I stumbled and weaved, and reached for his sleeve
To try and find my balance

    But Billy lost his footing and he slipped off of the edge
    He caught himself with one hand on an overhanging ledge
    But his strength would only last him for a minute, maybe two
    Then he crashed down in the river
    He crashed down in the river

A shallow grave on the outskirts of town
Is where I laid him down
A secret it''s stayed, what happened that day
With me and Billy Barnum
With me and Billy Barnum' WHERE id='162039';
INSERT INTO playlist_track VALUES('172455','162039');
INSERT INTO playlist_track VALUES('173843','162039');
INSERT INTO playlist_track VALUES('208193','162039');
INSERT INTO playlist_track VALUES('71733','162039');
INSERT INTO playlist_track VALUES('71306','162039');
INSERT INTO playlist_track VALUES('126082','162039');
INSERT INTO playlist_track VALUES('63375','162039');
INSERT INTO playlist_track VALUES('71729','162039');
INSERT INTO playlist_track VALUES('174280','162039');
INSERT INTO playlist_track VALUES('62933','162039');
INSERT INTO playlist_track VALUES('55143','162039');
INSERT INTO playlist_track VALUES('92634','162039');
INSERT INTO playlist_track VALUES('92512','162039');
INSERT INTO playlist_track VALUES('31045','162039');
INSERT INTO playlist_track VALUES('64820','162039');
INSERT INTO playlist_track VALUES('63362','162039');
INSERT INTO playlist_track VALUES('71952','162039');
INSERT INTO playlist_track VALUES('191624','162039');
INSERT INTO playlist_track VALUES('170659','162039');
INSERT INTO playlist_track VALUES('63352','162039');
INSERT INTO track VALUES('162040','Shadows in the Moonlight','http://www.jamendo.com/es/track/162040','','en','265','http://mp3l.jamendo.com/?trackid=162040&format=mp31&u=0');
UPDATE track SET album_id='23755' WHERE id='162040';
UPDATE track SET text='Take this pill, my dear
It will keep you sharp and clear
The side effects won''t last too long

It''s stranger than it seems
In your most peculiar dreams
But it''s nothing that won''t fade with time

  Tuck the northern star in a candy jar
  And save it for a rainy day

    Shadows in the moonlight
    Always coming, always going
    While your cup is overflowing

    Shadows in the moonlight
    Just a matter of perspective
    It''s all relative, subjective,
    It''s alive

Stand up straight and tall
Keep your back against the wall
Remember what they said to you

A stranger in a crowd
A halo on a cloud
It''s lost to you but it never really went away

  The muffled speech is out of reach
  But truth has got a way of breaking through

    [Chorus]

Take these words my dear,
And as they echo in your ears
It''s closer than you think

    [Chorus x 2]' WHERE id='162040';
INSERT INTO playlist_track VALUES('172455','162040');
INSERT INTO playlist_track VALUES('208193','162040');
INSERT INTO playlist_track VALUES('173843','162040');
INSERT INTO playlist_track VALUES('71733','162040');
INSERT INTO playlist_track VALUES('71306','162040');
INSERT INTO playlist_track VALUES('126082','162040');
INSERT INTO playlist VALUES('164981','All Time Favorites','http://www.jamendo.com/es/playlist/164981','265');
INSERT INTO playlist_track VALUES('164981','162040');
INSERT INTO playlist_track VALUES('63375','162040');
INSERT INTO playlist_track VALUES('71729','162040');
INSERT INTO playlist_track VALUES('174280','162040');
INSERT INTO playlist_track VALUES('170659','162040');
INSERT INTO playlist_track VALUES('92634','162040');
INSERT INTO playlist_track VALUES('62933','162040');
INSERT INTO playlist_track VALUES('55143','162040');
INSERT INTO playlist_track VALUES('92512','162040');
INSERT INTO playlist_track VALUES('31045','162040');
INSERT INTO playlist_track VALUES('64820','162040');
INSERT INTO playlist_track VALUES('63362','162040');
INSERT INTO playlist_track VALUES('71952','162040');
INSERT INTO playlist_track VALUES('63352','162040');
INSERT INTO track VALUES('162041','Good to Go','http://www.jamendo.com/es/track/162041','','en','189','http://mp3l.jamendo.com/?trackid=162041&format=mp31&u=0');
UPDATE track SET album_id='23755' WHERE id='162041';
UPDATE track SET text='The cold moon is shining
And the stars are aligning
And I''m here knocking on your door

It''s two in the morning
And we both should be snoring
But you''re far too lovely to ignore

    So let''s go out and raise some hell
    Do what you want, I''ll never tell
    And yeah, I know I''ve been a little slow
    But hey... I''m good to go

I''m snared and I''m smitten
Like a scared little kitten
But I''m not afraid to tell you anymore

I gave up denying
And I stopped always trying
To avoid the things that freaked me out before

    I was afraid of fear itself
    It took so long to leave this shell
    And yeah, I know I''ve been a little slow
    But hey... I''m good to go

I know I''ve been distant
So detached and resistant
To the things that are perfect in my life

I once was a hermit
But inside I was yearning just to
Take off the mask and see the light

    And it was you who made me see
    You gave me hope, and set me free
    And yeah, I know I''ve been a little slow
    But hey... I''m good to go' WHERE id='162041';
INSERT INTO playlist_track VALUES('172455','162041');
INSERT INTO playlist_track VALUES('173843','162041');
INSERT INTO playlist_track VALUES('191624','162041');
INSERT INTO playlist VALUES('199854','Diejan','http://www.jamendo.com/es/playlist/199854','388');
INSERT INTO playlist_track VALUES('199854','162041');
INSERT INTO playlist_track VALUES('71733','162041');
INSERT INTO playlist_track VALUES('71306','162041');
INSERT INTO playlist_track VALUES('63375','162041');
INSERT INTO playlist_track VALUES('71729','162041');
INSERT INTO playlist_track VALUES('174280','162041');
INSERT INTO playlist_track VALUES('170659','162041');
INSERT INTO playlist_track VALUES('62933','162041');
INSERT INTO playlist_track VALUES('55143','162041');
INSERT INTO playlist_track VALUES('92634','162041');
INSERT INTO playlist_track VALUES('92512','162041');
INSERT INTO playlist_track VALUES('31045','162041');
INSERT INTO playlist_track VALUES('64820','162041');
INSERT INTO playlist_track VALUES('63362','162041');
INSERT INTO playlist_track VALUES('71952','162041');
INSERT INTO playlist_track VALUES('63352','162041');
INSERT INTO playlist VALUES('55039','Nwww','http://www.jamendo.com/es/playlist/55039','4663');
INSERT INTO playlist_track VALUES('55039','162041');
INSERT INTO track VALUES('162042','Memorized','http://www.jamendo.com/es/track/162042','','en','265','http://mp3l.jamendo.com/?trackid=162042&format=mp31&u=0');
UPDATE track SET album_id='23755' WHERE id='162042';
UPDATE track SET text='I saw your face, painted on the wall
Shapeless in space, colorless and small
        I remember you, faded and subdued

I spent the day, haunted by your sight
Hiding away, curse away the light
        I remember you, fading out of view

    You''re a memory now
    You''re all faded and brown
    You''re just namelessly hung
    On the tip of my tongue in a silent remark

    You''re a memory now
    You''re just dust on the ground
    Just a whisper of steam on the crest of a dream
    While I walk in the dark
    You''re a memory now

Sheltered and safe, hidden and concealed
Your timid face, never was revealed
        Shaded from the light, tepid and so slight

Shake off the dust, wipe away the years
Scrape off the rust, nothing more appears
        I''ve been through it all, still I can''t recall
  
    [Chorus]' WHERE id='162042';
INSERT INTO playlist_track VALUES('172455','162042');
INSERT INTO playlist_track VALUES('173843','162042');
INSERT INTO playlist_track VALUES('63375','162042');
INSERT INTO playlist_track VALUES('71733','162042');
INSERT INTO playlist_track VALUES('71306','162042');
INSERT INTO playlist_track VALUES('71729','162042');
INSERT INTO playlist_track VALUES('174280','162042');
INSERT INTO playlist_track VALUES('92512','162042');
INSERT INTO playlist_track VALUES('170659','162042');
INSERT INTO playlist_track VALUES('62933','162042');
INSERT INTO playlist_track VALUES('55143','162042');
INSERT INTO playlist_track VALUES('92634','162042');
INSERT INTO playlist VALUES('177657','Gitarre','http://www.jamendo.com/es/playlist/177657','34066');
INSERT INTO playlist_track VALUES('177657','162042');
INSERT INTO playlist_track VALUES('31045','162042');
INSERT INTO playlist_track VALUES('64820','162042');
INSERT INTO playlist_track VALUES('63362','162042');
INSERT INTO playlist_track VALUES('71952','162042');
INSERT INTO playlist_track VALUES('63352','162042');
INSERT INTO playlist_track VALUES('55039','162042');
INSERT INTO playlist VALUES('55133','Toll','http://www.jamendo.com/es/playlist/55133','6972');
INSERT INTO playlist_track VALUES('55133','162042');
INSERT INTO track VALUES('162043','The Mission','http://www.jamendo.com/es/track/162043','','en','229','http://mp3l.jamendo.com/?trackid=162043&format=mp31&u=0');
UPDATE track SET album_id='23755' WHERE id='162043';
UPDATE track SET text='Take this down to where the streets are cold and nameless
Just be sure to watch your back cuz they will 
Find you and attack you without warning
There''s trouble all around this place and danger in the strangest face
If you get lost along the way just close your eyes and softly say
The silent words you never heard when you were sleeping soundly in your bed

	They won''t go away
	They don''t leave
	They won''t go away
	They don''t sleep 

We have only just begun to see the future
In the corner of our eyes a little circle will arise and start to take you
The ships are sailing in the bay and they won''t leave till they''ve been paid
And everyone''s been bought and sold but no one''s worth their weight in gold
It''s only just a feeling but the devil has been dealing all the cards

	They won''t go away
	They don''t leave
	They won''t go away
	They don''t sleep' WHERE id='162043';
INSERT INTO playlist_track VALUES('172455','162043');
INSERT INTO playlist_track VALUES('173843','162043');
INSERT INTO playlist_track VALUES('63375','162043');
INSERT INTO playlist_track VALUES('71733','162043');
INSERT INTO playlist_track VALUES('71306','162043');
INSERT INTO playlist_track VALUES('71729','162043');
INSERT INTO playlist_track VALUES('174280','162043');
INSERT INTO playlist_track VALUES('92512','162043');
INSERT INTO playlist_track VALUES('170659','162043');
INSERT INTO playlist_track VALUES('31045','162043');
INSERT INTO playlist_track VALUES('62933','162043');
INSERT INTO playlist_track VALUES('55143','162043');
INSERT INTO playlist_track VALUES('64820','162043');
INSERT INTO playlist_track VALUES('63362','162043');
INSERT INTO playlist_track VALUES('71952','162043');
INSERT INTO playlist_track VALUES('63352','162043');
INSERT INTO playlist_track VALUES('55039','162043');
INSERT INTO playlist_track VALUES('55133','162043');
INSERT INTO playlist VALUES('49530','Pop Rock 01','http://www.jamendo.com/es/playlist/49530','6147');
INSERT INTO playlist_track VALUES('49530','162043');
INSERT INTO playlist VALUES('55262','Josh Woodward','http://www.jamendo.com/es/playlist/55262','4663');
INSERT INTO playlist_track VALUES('55262','162043');
INSERT INTO track VALUES('162044','I Wanna Know','http://www.jamendo.com/es/track/162044','','en','158','http://mp3l.jamendo.com/?trackid=162044&format=mp31&u=0');
UPDATE track SET album_id='23755' WHERE id='162044';
UPDATE track SET text='What''s your favorite color?
Why does summer make you sad?
Do you crave the snow?
Where did you get your favorite pair of shoes?
Oh, I wanna know

All the things that make you sing
And tap your little toes
Oh, I wanna know

Did you cry when your father said goodbye?
Did he leave a note?
Do you scream when you wake up from a dream?
Oh, I wanna know

I want to hear between your ears
And swim inside your brain
Oh, I wanna know

    I want to know the thin and thick
    What makes you smile, what makes you tick
    I want to know what gets you out of bed
 
    Yeah, you''re a mystery to me
    And I''m not asking for the key
    But I hope that you will let me in the door

Would you run if I told you you''re the one?
Would you stay or go?
Could it be you''ve been waiting here for me?
Oh, I wanna know

Don''t make me wait, just tell me straight
Before I have to go
Oh, I wanna know
Oh, I wanna know' WHERE id='162044';
INSERT INTO playlist_track VALUES('172455','162044');
INSERT INTO playlist_track VALUES('173843','162044');
INSERT INTO playlist_track VALUES('63375','162044');
INSERT INTO playlist_track VALUES('71733','162044');
INSERT INTO playlist_track VALUES('71306','162044');
INSERT INTO playlist_track VALUES('71729','162044');
INSERT INTO playlist_track VALUES('92512','162044');
INSERT INTO playlist_track VALUES('170659','162044');
INSERT INTO playlist_track VALUES('174280','162044');
INSERT INTO playlist_track VALUES('62933','162044');
INSERT INTO playlist_track VALUES('55143','162044');
INSERT INTO playlist_track VALUES('64820','162044');
INSERT INTO playlist_track VALUES('63362','162044');
INSERT INTO playlist_track VALUES('71952','162044');
INSERT INTO playlist_track VALUES('63352','162044');
INSERT INTO playlist_track VALUES('55039','162044');
INSERT INTO playlist_track VALUES('55133','162044');
INSERT INTO playlist_track VALUES('49530','162044');
INSERT INTO playlist_track VALUES('55262','162044');
INSERT INTO playlist VALUES('55382','Rock-indie','http://www.jamendo.com/es/playlist/55382','5968');
INSERT INTO playlist_track VALUES('55382','162044');
INSERT INTO track VALUES('162045','Afterglow','http://www.jamendo.com/es/track/162045','','en','207','http://mp3l.jamendo.com/?trackid=162045&format=mp31&u=0');
UPDATE track SET album_id='23755' WHERE id='162045';
UPDATE track SET text='Rainbow, waiting by my window
Rainbow, singing at my door
And the Georgia pines and dandelions are bobbing in the careless summer breeze

Sunshine, skipping on the sidewalk
Sunshine, but not as bright as you
When you shattered free, you blined me, and now I''m seeing stars around my head

    And it''s all I know
    You''re the afterglow
    That never fades

Tadpole, squiggle in the water
Tadpole, dancing toward the light
From a pollywog into a frog in twenty seconds flat, well how ''bout that?

Mayfly, skimming on the water
Mayfly, only for a day
And if love is just a fleeting whim, then why is it you never dimmed away?

    And it''s all I know
    You''re the afterglow
    That never fades

After all these years
Of living in your shadow
After all these years
Of bathing in your light
The only thing I know
Is you''re the afterglow
That never fades

My love, brighter than a diamond
My love, shining like the sun
But I never try to close my eyes, I never want to hide you in the dark

    And it''s all I know
    You''re the afterglow
    That never fades

    And it''s all I know
    You''re the afterglow
    So just take it slow
    Until the sun falls low
    Then light me up' WHERE id='162045';
INSERT INTO playlist_track VALUES('71306','162045');
INSERT INTO playlist_track VALUES('172455','162045');
INSERT INTO playlist_track VALUES('126082','162045');
INSERT INTO playlist_track VALUES('63375','162045');
INSERT INTO playlist_track VALUES('71733','162045');
INSERT INTO playlist VALUES('196812','Rock','http://www.jamendo.com/es/playlist/196812','12685');
INSERT INTO playlist_track VALUES('196812','162045');
INSERT INTO playlist VALUES('192894','Folk','http://www.jamendo.com/es/playlist/192894','13080');
INSERT INTO playlist_track VALUES('192894','162045');
INSERT INTO playlist_track VALUES('71729','162045');
INSERT INTO playlist_track VALUES('92512','162045');
INSERT INTO playlist_track VALUES('170659','162045');
INSERT INTO playlist_track VALUES('174280','162045');
INSERT INTO playlist_track VALUES('62933','162045');
INSERT INTO playlist_track VALUES('55143','162045');
INSERT INTO playlist_track VALUES('64820','162045');
INSERT INTO playlist_track VALUES('191624','162045');
INSERT INTO playlist_track VALUES('63362','162045');
INSERT INTO playlist_track VALUES('71952','162045');
INSERT INTO playlist_track VALUES('63352','162045');
INSERT INTO playlist_track VALUES('55039','162045');
INSERT INTO playlist_track VALUES('55133','162045');
INSERT INTO juser VALUES('1155882','cristalluz',' ','http://www.jamendo.com/es/user/cristalluz','http://imgjam.com/avatars/882/1155882.100.jpg','en');
INSERT INTO juser VALUES('449791','dedevg','Dedevg','http://www.jamendo.com/es/user/dedevg','http://imgjam.com/avatars/791/449791.100.gif','fr');
INSERT INTO juser VALUES('425886','walker1973','Walker1973','http://www.jamendo.com/es/user/walker1973','http://imgjam.com/avatars/886/425886.100.gif','de');
INSERT INTO juser VALUES('594057','Lustigo',' ','http://www.jamendo.com/es/user/Lustigo','http://imgjam.com/avatars/jamendo/100/pro.png','de');
INSERT INTO juser VALUES('484030','TobiH','Tobih','http://www.jamendo.com/es/user/TobiH','http://imgjam.com/avatars/jamendo/100/pro.png','de');
INSERT INTO album_juser VALUES('23755','1155882');
INSERT INTO album_juser VALUES('23755','449791');
INSERT INTO album_juser VALUES('23755','425886');
INSERT INTO album_juser VALUES('23755','594057');
INSERT INTO album_juser VALUES('23755','484030');
INSERT INTO juser VALUES('589419','panicoper','Panicoper','http://www.jamendo.com/es/user/panicoper','http://imgjam.com/avatars/jamendo/100/pro.png','es');
INSERT INTO juser VALUES('164569','spuddy','Spuddy','http://www.jamendo.com/es/user/spuddy','http://imgjam.com/avatars/569/164569.100.jpg','en');
INSERT INTO juser VALUES('957625','kitkat67',' katharina','http://www.jamendo.com/es/user/kitkat67','http://imgjam.com/avatars/625/957625.100.jpg','de');
INSERT INTO juser VALUES('581535','damien200','Damien200','http://www.jamendo.com/es/user/damien200','http://imgjam.com/avatars/jamendo/100/pro.png','fr');
INSERT INTO juser VALUES('921253','radioguyrick','Radioguyrick','http://www.jamendo.com/es/user/radioguyrick','http://imgjam.com/avatars/jamendo/100/pro.png','en');
INSERT INTO album_juser VALUES('23755','589419');
INSERT INTO album_juser VALUES('23755','164569');
INSERT INTO album_juser VALUES('23755','957625');
INSERT INTO album_juser VALUES('23755','581535');
INSERT INTO album_juser VALUES('23755','921253');
INSERT INTO juser VALUES('10193','Omicron','Omicron','http://www.jamendo.com/es/user/Omicron','http://imgjam.com/avatars/193/10193.100.jpg','es');
INSERT INTO juser VALUES('1033823','ooklarkaoo','Ooklarkaoo','http://www.jamendo.com/es/user/ooklarkaoo','http://imgjam.com/avatars/jamendo/100/dress.png','fr');
INSERT INTO juser VALUES('649290','cg.destroyer','Cg.destroyer','http://www.jamendo.com/es/user/cg.destroyer','http://imgjam.com/avatars/jamendo/100/pro.png','en');
INSERT INTO juser VALUES('462032','Koss1988','Koss1988','http://www.jamendo.com/es/user/Koss1988','http://imgjam.com/avatars/jamendo/100/pro.png','de');
INSERT INTO album_juser VALUES('23755','10193');
INSERT INTO album_juser VALUES('23755','1033823');
INSERT INTO album_juser VALUES('23755','50607');
INSERT INTO album_juser VALUES('23755','649290');
INSERT INTO album_juser VALUES('23755','462032');
INSERT INTO juser VALUES('664129','Dr. Katzens','Dr. katzens','http://www.jamendo.com/es/user/Dr.%20Katzens','http://imgjam.com/avatars/129/664129.100.jpg','en');
INSERT INTO juser VALUES('1220955','canalcarlosnaranjo','Canalcarlosnaranjo','http://www.jamendo.com/es/user/canalcarlosnaranjo','http://imgjam.com/avatars/jamendo/100/pro.png','es');
INSERT INTO juser VALUES('506255','mareks68','Mareks68','http://www.jamendo.com/es/user/mareks68','http://imgjam.com/avatars/255/506255.100.jpg','pl');
INSERT INTO juser VALUES('445441','mjt2289','Mjt2289','http://www.jamendo.com/es/user/mjt2289','http://imgjam.com/avatars/jamendo/100/pro.png','en');
INSERT INTO juser VALUES('63466','drakkar38',' ','http://www.jamendo.com/es/user/drakkar38','http://imgjam.com/avatars/466/63466.100.jpg','fr');
INSERT INTO album_juser VALUES('23755','664129');
INSERT INTO album_juser VALUES('23755','1220955');
INSERT INTO album_juser VALUES('23755','506255');
INSERT INTO album_juser VALUES('23755','445441');
INSERT INTO album_juser VALUES('23755','63466');
INSERT INTO album VALUES('32625','Here Today','http://www.jamendo.com/es/album/32625','http://imgjam.com/albums/s32/32625/covers/1.100.jpg','2','3099','Eclectic Acoustic Pop');
UPDATE album SET artist_id='7872' WHERE id='32625';
INSERT INTO track VALUES('215749','Incoherent','http://www.jamendo.com/es/track/215749','','en','276','http://mp3l.jamendo.com/?trackid=215749&format=mp31&u=0');
UPDATE track SET album_id='32625' WHERE id='215749';
UPDATE track SET text='' WHERE id='215749';
INSERT INTO playlist_track VALUES('172455','215749');
INSERT INTO playlist VALUES('91966','Chillas los Killahs','http://www.jamendo.com/es/playlist/91966','1465');
INSERT INTO playlist_track VALUES('91966','215749');
INSERT INTO playlist VALUES('200490','Dzień','http://www.jamendo.com/es/playlist/200490','12654');
INSERT INTO juser VALUES('1075568','retrosonic',' ','http://www.jamendo.com/es/user/retrosonic','http://imgjam.com/avatars/568/1075568.100.jpg','en');
INSERT INTO playlist_juser VALUES('200490','1075568');
INSERT INTO playlist_track VALUES('200490','215749');
INSERT INTO playlist VALUES('81177','Music','http://www.jamendo.com/es/playlist/81177','29589');
INSERT INTO juser VALUES('824356','alboka','Alboka','http://www.jamendo.com/es/user/alboka','http://imgjam.com/avatars/356/824356.100.jpg','es');
INSERT INTO playlist_juser VALUES('81177','824356');
INSERT INTO playlist_track VALUES('81177','215749');
INSERT INTO playlist VALUES('189971','Montage','http://www.jamendo.com/es/playlist/189971','3099');
INSERT INTO playlist_track VALUES('189971','215749');
INSERT INTO playlist_track VALUES('208193','215749');
INSERT INTO playlist VALUES('157396','Musique pour films pop','http://www.jamendo.com/es/playlist/157396','19104');
INSERT INTO juser VALUES('878924','loniek','Loniek','http://www.jamendo.com/es/user/loniek','http://imgjam.com/avatars/jamendo/100/pro.png','pl');
INSERT INTO playlist_juser VALUES('157396','878924');
INSERT INTO playlist_track VALUES('157396','215749');
INSERT INTO playlist VALUES('185517','JW','http://www.jamendo.com/es/playlist/185517','24340');
INSERT INTO playlist_track VALUES('185517','215749');
INSERT INTO playlist VALUES('78709','1','http://www.jamendo.com/es/playlist/78709','4086');
INSERT INTO playlist_track VALUES('78709','215749');
INSERT INTO playlist VALUES('152011','Comiendo musica','http://www.jamendo.com/es/playlist/152011','18264');
INSERT INTO playlist_track VALUES('152011','215749');
INSERT INTO playlist VALUES('177021','Favoris To Download','http://www.jamendo.com/es/playlist/177021','35556');
INSERT INTO playlist_track VALUES('177021','215749');
INSERT INTO playlist_track VALUES('191624','215749');
INSERT INTO playlist VALUES('69079','Cec42','http://www.jamendo.com/es/playlist/69079','13098');
INSERT INTO playlist_track VALUES('69079','215749');
INSERT INTO playlist VALUES('86565','Pop','http://www.jamendo.com/es/playlist/86565','7306');
INSERT INTO playlist_track VALUES('86565','215749');
INSERT INTO playlist VALUES('113665','Josh Woodward','http://www.jamendo.com/es/playlist/113665','15602');
INSERT INTO playlist_track VALUES('113665','215749');
INSERT INTO playlist VALUES('116830','Music that is good.','http://www.jamendo.com/es/playlist/116830','72178');
INSERT INTO playlist_track VALUES('116830','215749');
INSERT INTO playlist VALUES('88285','Oct31d','http://www.jamendo.com/es/playlist/88285','3099');
INSERT INTO playlist_track VALUES('88285','215749');
INSERT INTO playlist VALUES('195312','74','http://www.jamendo.com/es/playlist/195312','42193');
INSERT INTO playlist_track VALUES('195312','215749');
INSERT INTO playlist VALUES('85807','Josh woodward','http://www.jamendo.com/es/playlist/85807','3099');
INSERT INTO playlist_track VALUES('85807','215749');
INSERT INTO playlist_track VALUES('83134','215749');
INSERT INTO track VALUES('215750','Mona Lisa','http://www.jamendo.com/es/track/215750','','en','243','http://mp3l.jamendo.com/?trackid=215750&format=mp31&u=0');
UPDATE track SET album_id='32625' WHERE id='215750';
UPDATE track SET text='' WHERE id='215750';
INSERT INTO playlist_track VALUES('172455','215750');
INSERT INTO playlist VALUES('77040','My music','http://www.jamendo.com/es/playlist/77040','23978');
INSERT INTO playlist_track VALUES('77040','215750');
INSERT INTO playlist_track VALUES('104696','215750');
INSERT INTO playlist_track VALUES('189971','215750');
INSERT INTO playlist_track VALUES('208193','215750');
INSERT INTO playlist_track VALUES('157396','215750');
INSERT INTO playlist_track VALUES('185517','215750');
INSERT INTO playlist_track VALUES('191624','215750');
INSERT INTO playlist_track VALUES('69079','215750');
INSERT INTO playlist_track VALUES('177021','215750');
INSERT INTO playlist_track VALUES('113665','215750');
INSERT INTO playlist_track VALUES('116830','215750');
INSERT INTO playlist VALUES('96492','Songs to Download','http://www.jamendo.com/es/playlist/96492','26383');
INSERT INTO playlist_track VALUES('96492','215750');
INSERT INTO playlist VALUES('158318','BO Simple','http://www.jamendo.com/es/playlist/158318','3041');
INSERT INTO playlist_track VALUES('158318','215750');
INSERT INTO playlist_track VALUES('88285','215750');
INSERT INTO playlist_track VALUES('195312','215750');
INSERT INTO playlist_track VALUES('85807','215750');
INSERT INTO playlist_track VALUES('83134','215750');
INSERT INTO playlist VALUES('69803','Schön','http://www.jamendo.com/es/playlist/69803','15532');
INSERT INTO playlist_track VALUES('69803','215750');
INSERT INTO playlist VALUES('86633','Enjoyable Songs','http://www.jamendo.com/es/playlist/86633','10286');
INSERT INTO playlist_track VALUES('86633','215750');
INSERT INTO track VALUES('215751','Dust','http://www.jamendo.com/es/track/215751','','en','286','http://mp3l.jamendo.com/?trackid=215751&format=mp31&u=0');
UPDATE track SET album_id='32625' WHERE id='215751';
UPDATE track SET text='' WHERE id='215751';
INSERT INTO playlist_track VALUES('172455','215751');
INSERT INTO playlist_track VALUES('104696','215751');
INSERT INTO playlist_track VALUES('189971','215751');
INSERT INTO playlist_track VALUES('208193','215751');
INSERT INTO playlist_track VALUES('191624','215751');
INSERT INTO playlist_track VALUES('185517','215751');
INSERT INTO playlist VALUES('72484','General Union - The time of life - and more . . -','http://www.jamendo.com/es/playlist/72484','1396');
INSERT INTO playlist_track VALUES('72484','215751');
INSERT INTO playlist_track VALUES('69079','215751');
INSERT INTO playlist_track VALUES('177021','215751');
INSERT INTO playlist_track VALUES('113665','215751');
INSERT INTO playlist_track VALUES('116830','215751');
INSERT INTO playlist_track VALUES('96492','215751');
INSERT INTO playlist_track VALUES('88285','215751');
INSERT INTO playlist_track VALUES('195312','215751');
INSERT INTO playlist_track VALUES('85807','215751');
INSERT INTO playlist_track VALUES('83134','215751');
INSERT INTO playlist_track VALUES('69803','215751');
INSERT INTO playlist VALUES('88432','Awakening','http://www.jamendo.com/es/playlist/88432','6291');
INSERT INTO playlist_track VALUES('88432','215751');
INSERT INTO playlist VALUES('88310','Pop rock','http://www.jamendo.com/es/playlist/88310','5390');
INSERT INTO playlist_track VALUES('88310','215751');
INSERT INTO playlist VALUES('88439','Listening1','http://www.jamendo.com/es/playlist/88439','9091');
INSERT INTO playlist_track VALUES('88439','215751');
INSERT INTO track VALUES('215752','Troublemaker','http://www.jamendo.com/es/track/215752','','en','239','http://mp3l.jamendo.com/?trackid=215752&format=mp31&u=0');
UPDATE track SET album_id='32625' WHERE id='215752';
UPDATE track SET text='' WHERE id='215752';
INSERT INTO playlist_track VALUES('172455','215752');
INSERT INTO playlist VALUES('88707','Nice','http://www.jamendo.com/es/playlist/88707','670');
INSERT INTO playlist_track VALUES('88707','215752');
INSERT INTO playlist_track VALUES('189971','215752');
INSERT INTO playlist_track VALUES('208193','215752');
INSERT INTO playlist_track VALUES('157396','215752');
INSERT INTO playlist_track VALUES('191624','215752');
INSERT INTO playlist_track VALUES('185517','215752');
INSERT INTO playlist_track VALUES('72484','215752');
INSERT INTO playlist_track VALUES('69079','215752');
INSERT INTO playlist_track VALUES('177021','215752');
INSERT INTO playlist_track VALUES('113665','215752');
INSERT INTO playlist_track VALUES('116830','215752');
INSERT INTO playlist_track VALUES('96492','215752');
INSERT INTO playlist_track VALUES('88285','215752');
INSERT INTO playlist VALUES('82024','¿Eres lo suficientemente Funky para ser un Globetrotter?','http://www.jamendo.com/es/playlist/82024','5507');
INSERT INTO juser VALUES('463742','Psicoalbatros','Psicoalbatros','http://www.jamendo.com/es/user/Psicoalbatros','http://imgjam.com/avatars/742/463742.100.jpg','es');
INSERT INTO juser VALUES('709580','elsa_elsa','Elsa_elsa','http://www.jamendo.com/es/user/elsa_elsa','http://imgjam.com/avatars/jamendo/100/doudou.png','de');
INSERT INTO playlist_juser VALUES('82024','463742');
INSERT INTO playlist_juser VALUES('82024','709580');
INSERT INTO playlist_track VALUES('82024','215752');
INSERT INTO playlist_track VALUES('85807','215752');
INSERT INTO playlist_track VALUES('83134','215752');
INSERT INTO playlist_track VALUES('69803','215752');
INSERT INTO playlist_track VALUES('86633','215752');
INSERT INTO playlist_track VALUES('88432','215752');
INSERT INTO track VALUES('215753','House in My Head','http://www.jamendo.com/es/track/215753','','en','225','http://mp3l.jamendo.com/?trackid=215753&format=mp31&u=0');
UPDATE track SET album_id='32625' WHERE id='215753';
UPDATE track SET text='' WHERE id='215753';
INSERT INTO playlist_track VALUES('172455','215753');
INSERT INTO playlist_track VALUES('208193','215753');
INSERT INTO playlist_track VALUES('189971','215753');
INSERT INTO playlist_track VALUES('191624','215753');
INSERT INTO playlist_track VALUES('185517','215753');
INSERT INTO playlist_track VALUES('69079','215753');
INSERT INTO playlist_track VALUES('177021','215753');
INSERT INTO playlist_track VALUES('113665','215753');
INSERT INTO playlist_track VALUES('116830','215753');
INSERT INTO playlist_track VALUES('96492','215753');
INSERT INTO playlist_track VALUES('88285','215753');
INSERT INTO playlist_track VALUES('85807','215753');
INSERT INTO playlist_track VALUES('83134','215753');
INSERT INTO playlist_track VALUES('69803','215753');
INSERT INTO playlist_track VALUES('88432','215753');
INSERT INTO playlist VALUES('88101','Lista','http://www.jamendo.com/es/playlist/88101','1591');
INSERT INTO playlist_track VALUES('88101','215753');
INSERT INTO playlist_track VALUES('88310','215753');
INSERT INTO playlist_track VALUES('88439','215753');
INSERT INTO playlist VALUES('76786','Nice','http://www.jamendo.com/es/playlist/76786','13944');
INSERT INTO playlist_track VALUES('76786','215753');
INSERT INTO playlist VALUES('31714','Jazz','http://www.jamendo.com/es/playlist/31714','7173');
INSERT INTO playlist_track VALUES('31714','215753');
INSERT INTO track VALUES('215754','Learn to Fly','http://www.jamendo.com/es/track/215754','','en','206','http://mp3l.jamendo.com/?trackid=215754&format=mp31&u=0');
UPDATE track SET album_id='32625' WHERE id='215754';
UPDATE track SET text='' WHERE id='215754';
INSERT INTO playlist_track VALUES('172455','215754');
INSERT INTO playlist_track VALUES('208193','215754');
INSERT INTO playlist_track VALUES('189971','215754');
INSERT INTO playlist_track VALUES('157396','215754');
INSERT INTO playlist VALUES('159930','Vlogging','http://www.jamendo.com/es/playlist/159930','5249');
INSERT INTO playlist_track VALUES('159930','215754');
INSERT INTO playlist_track VALUES('191624','215754');
INSERT INTO playlist_track VALUES('185517','215754');
INSERT INTO playlist_track VALUES('69079','215754');
INSERT INTO playlist_track VALUES('113665','215754');
INSERT INTO playlist_track VALUES('177021','215754');
INSERT INTO playlist_track VALUES('116830','215754');
INSERT INTO playlist_track VALUES('96492','215754');
INSERT INTO playlist_track VALUES('88285','215754');
INSERT INTO playlist VALUES('118744','Indie','http://www.jamendo.com/es/playlist/118744','25262');
INSERT INTO playlist_track VALUES('118744','215754');
INSERT INTO playlist_track VALUES('85807','215754');
INSERT INTO playlist VALUES('80872','FeelTHEfourth','http://www.jamendo.com/es/playlist/80872','3863');
INSERT INTO playlist_track VALUES('80872','215754');
INSERT INTO playlist_track VALUES('83134','215754');
INSERT INTO playlist_track VALUES('69803','215754');
INSERT INTO playlist_track VALUES('88310','215754');
INSERT INTO playlist_track VALUES('88432','215754');
INSERT INTO track VALUES('215755','Nothing in the Dark','http://www.jamendo.com/es/track/215755','','en','284','http://mp3l.jamendo.com/?trackid=215755&format=mp31&u=0');
UPDATE track SET album_id='32625' WHERE id='215755';
UPDATE track SET text='' WHERE id='215755';
INSERT INTO playlist_track VALUES('172455','215755');
INSERT INTO playlist_track VALUES('208193','215755');
INSERT INTO playlist_track VALUES('189971','215755');
INSERT INTO playlist_track VALUES('191624','215755');
INSERT INTO playlist_track VALUES('185517','215755');
INSERT INTO playlist_track VALUES('72484','215755');
INSERT INTO playlist VALUES('197976','HIGHLIGHT SHOW 2009','http://www.jamendo.com/es/playlist/197976','4289');
INSERT INTO playlist_track VALUES('197976','215755');
INSERT INTO playlist_track VALUES('69079','215755');
INSERT INTO playlist_track VALUES('113665','215755');
INSERT INTO playlist_track VALUES('177021','215755');
INSERT INTO playlist_track VALUES('116830','215755');
INSERT INTO playlist_track VALUES('96492','215755');
INSERT INTO playlist_track VALUES('88285','215755');
INSERT INTO playlist_track VALUES('118744','215755');
INSERT INTO playlist_track VALUES('85807','215755');
INSERT INTO playlist_track VALUES('83134','215755');
INSERT INTO playlist_track VALUES('69803','215755');
INSERT INTO playlist_track VALUES('88310','215755');
INSERT INTO playlist_track VALUES('88432','215755');
INSERT INTO playlist_track VALUES('88439','215755');
INSERT INTO track VALUES('215756','Soft Orange Glow','http://www.jamendo.com/es/track/215756','','en','196','http://mp3l.jamendo.com/?trackid=215756&format=mp31&u=0');
UPDATE track SET album_id='32625' WHERE id='215756';
UPDATE track SET text='' WHERE id='215756';
INSERT INTO playlist_track VALUES('172455','215756');
INSERT INTO playlist VALUES('193464','__My_Favourites','http://www.jamendo.com/es/playlist/193464','11195');
INSERT INTO playlist_track VALUES('193464','215756');
INSERT INTO playlist_track VALUES('208193','215756');
INSERT INTO playlist_track VALUES('189971','215756');
INSERT INTO playlist VALUES('107598','All time favorites','http://www.jamendo.com/es/playlist/107598','743');
INSERT INTO playlist_track VALUES('107598','215756');
INSERT INTO playlist_track VALUES('191624','215756');
INSERT INTO playlist_track VALUES('185517','215756');
INSERT INTO playlist_track VALUES('72484','215756');
INSERT INTO playlist_track VALUES('69079','215756');
INSERT INTO playlist_track VALUES('157396','215756');
INSERT INTO playlist_track VALUES('113665','215756');
INSERT INTO playlist_track VALUES('177021','215756');
INSERT INTO playlist_track VALUES('116830','215756');
INSERT INTO playlist_track VALUES('96492','215756');
INSERT INTO playlist_track VALUES('88285','215756');
INSERT INTO playlist_track VALUES('85807','215756');
INSERT INTO playlist_track VALUES('83134','215756');
INSERT INTO playlist_track VALUES('69803','215756');
INSERT INTO playlist_track VALUES('88310','215756');
INSERT INTO playlist_track VALUES('88432','215756');
INSERT INTO track VALUES('215757','Morning After','http://www.jamendo.com/es/track/215757','','en','189','http://mp3l.jamendo.com/?trackid=215757&format=mp31&u=0');
UPDATE track SET album_id='32625' WHERE id='215757';
UPDATE track SET text='' WHERE id='215757';
INSERT INTO playlist_track VALUES('193464','215757');
INSERT INTO playlist_track VALUES('208193','215757');
INSERT INTO playlist_track VALUES('189971','215757');
INSERT INTO playlist_track VALUES('172455','215757');
INSERT INTO playlist_track VALUES('191624','215757');
INSERT INTO playlist_track VALUES('185517','215757');
INSERT INTO playlist_track VALUES('69079','215757');
INSERT INTO playlist_track VALUES('113665','215757');
INSERT INTO playlist_track VALUES('177021','215757');
INSERT INTO playlist_track VALUES('116830','215757');
INSERT INTO playlist_track VALUES('96492','215757');
INSERT INTO playlist_track VALUES('88285','215757');
INSERT INTO playlist_track VALUES('85807','215757');
INSERT INTO playlist_track VALUES('83134','215757');
INSERT INTO playlist_track VALUES('69803','215757');
INSERT INTO playlist_track VALUES('88432','215757');
INSERT INTO playlist_track VALUES('88439','215757');
INSERT INTO playlist_track VALUES('76786','215757');
INSERT INTO playlist VALUES('89691','ACOUSTIC POP/ROCK','http://www.jamendo.com/es/playlist/89691','12960');
INSERT INTO playlist_track VALUES('89691','215757');
INSERT INTO playlist VALUES('89858','Acoustic','http://www.jamendo.com/es/playlist/89858','6851');
INSERT INTO playlist_track VALUES('89858','215757');
INSERT INTO track VALUES('215758','Home Improvement','http://www.jamendo.com/es/track/215758','','en','244','http://mp3l.jamendo.com/?trackid=215758&format=mp31&u=0');
UPDATE track SET album_id='32625' WHERE id='215758';
UPDATE track SET text='' WHERE id='215758';
INSERT INTO playlist_track VALUES('208193','215758');
INSERT INTO playlist_track VALUES('104696','215758');
INSERT INTO playlist_track VALUES('189971','215758');
INSERT INTO playlist_track VALUES('172455','215758');
INSERT INTO playlist_track VALUES('191624','215758');
INSERT INTO playlist_track VALUES('185517','215758');
INSERT INTO playlist_track VALUES('69079','215758');
INSERT INTO playlist VALUES('122845','Jw','http://www.jamendo.com/es/playlist/122845','18457');
INSERT INTO playlist_track VALUES('122845','215758');
INSERT INTO playlist_track VALUES('113665','215758');
INSERT INTO playlist_track VALUES('177021','215758');
INSERT INTO playlist_track VALUES('116830','215758');
INSERT INTO playlist_track VALUES('96492','215758');
INSERT INTO playlist_track VALUES('88285','215758');
INSERT INTO playlist_track VALUES('195312','215758');
INSERT INTO playlist_track VALUES('85807','215758');
INSERT INTO playlist_track VALUES('83134','215758');
INSERT INTO playlist_track VALUES('69803','215758');
INSERT INTO playlist_track VALUES('88310','215758');
INSERT INTO playlist_track VALUES('88432','215758');
INSERT INTO playlist_track VALUES('88439','215758');
INSERT INTO track VALUES('215759','Midnight Sun','http://www.jamendo.com/es/track/215759','','en','214','http://mp3l.jamendo.com/?trackid=215759&format=mp31&u=0');
UPDATE track SET album_id='32625' WHERE id='215759';
UPDATE track SET text='' WHERE id='215759';
INSERT INTO playlist_track VALUES('193464','215759');
INSERT INTO playlist_track VALUES('208193','215759');
INSERT INTO playlist_track VALUES('189971','215759');
INSERT INTO playlist_track VALUES('172455','215759');
INSERT INTO playlist_track VALUES('191624','215759');
INSERT INTO playlist_track VALUES('185517','215759');
INSERT INTO playlist_track VALUES('69079','215759');
INSERT INTO playlist_track VALUES('122845','215759');
INSERT INTO playlist_track VALUES('113665','215759');
INSERT INTO playlist_track VALUES('177021','215759');
INSERT INTO playlist VALUES('212910','152','http://www.jamendo.com/es/playlist/212910','76580');
INSERT INTO playlist_track VALUES('212910','215759');
INSERT INTO playlist_track VALUES('116830','215759');
INSERT INTO playlist_track VALUES('96492','215759');
INSERT INTO playlist_track VALUES('88285','215759');
INSERT INTO playlist_track VALUES('195312','215759');
INSERT INTO playlist_track VALUES('85807','215759');
INSERT INTO playlist_track VALUES('83134','215759');
INSERT INTO playlist_track VALUES('69803','215759');
INSERT INTO playlist VALUES('86084','Old radio','http://www.jamendo.com/es/playlist/86084','3170');
INSERT INTO playlist_track VALUES('86084','215759');
INSERT INTO playlist_track VALUES('88310','215759');
INSERT INTO track VALUES('215760','Wake Up','http://www.jamendo.com/es/track/215760','','en','229','http://mp3l.jamendo.com/?trackid=215760&format=mp31&u=0');
UPDATE track SET album_id='32625' WHERE id='215760';
UPDATE track SET text='' WHERE id='215760';
INSERT INTO playlist_track VALUES('208193','215760');
INSERT INTO playlist_track VALUES('189971','215760');
INSERT INTO playlist_track VALUES('172455','215760');
INSERT INTO playlist_track VALUES('191624','215760');
INSERT INTO playlist_track VALUES('185517','215760');
INSERT INTO playlist_track VALUES('72484','215760');
INSERT INTO playlist_track VALUES('69079','215760');
INSERT INTO playlist_track VALUES('122845','215760');
INSERT INTO playlist_track VALUES('113665','215760');
INSERT INTO playlist_track VALUES('177021','215760');
INSERT INTO playlist_track VALUES('116830','215760');
INSERT INTO playlist_track VALUES('96492','215760');
INSERT INTO playlist_track VALUES('88285','215760');
INSERT INTO playlist_track VALUES('85807','215760');
INSERT INTO playlist_track VALUES('83134','215760');
INSERT INTO playlist_track VALUES('69803','215760');
INSERT INTO playlist_track VALUES('88310','215760');
INSERT INTO playlist_track VALUES('88432','215760');
INSERT INTO playlist_track VALUES('88439','215760');
INSERT INTO playlist_track VALUES('76786','215760');
INSERT INTO track VALUES('215761','Sleepy Thought','http://www.jamendo.com/es/track/215761','','en','268','http://mp3l.jamendo.com/?trackid=215761&format=mp31&u=0');
UPDATE track SET album_id='32625' WHERE id='215761';
UPDATE track SET text='' WHERE id='215761';
INSERT INTO playlist_track VALUES('208193','215761');
INSERT INTO playlist_track VALUES('172455','215761');
INSERT INTO playlist_track VALUES('185517','215761');
INSERT INTO playlist_track VALUES('191624','215761');
INSERT INTO playlist_track VALUES('69079','215761');
INSERT INTO playlist_track VALUES('122845','215761');
INSERT INTO playlist_track VALUES('113665','215761');
INSERT INTO playlist_track VALUES('177021','215761');
INSERT INTO playlist_track VALUES('116830','215761');
INSERT INTO playlist_track VALUES('88285','215761');
INSERT INTO playlist_track VALUES('85807','215761');
INSERT INTO playlist_track VALUES('83134','215761');
INSERT INTO playlist_track VALUES('69803','215761');
INSERT INTO playlist_track VALUES('96492','215761');
INSERT INTO playlist_track VALUES('88432','215761');
INSERT INTO playlist_track VALUES('88439','215761');
INSERT INTO playlist_track VALUES('76786','215761');
INSERT INTO playlist_track VALUES('89691','215761');
INSERT INTO playlist_track VALUES('89858','215761');
INSERT INTO playlist VALUES('89941','Folk Rock','http://www.jamendo.com/es/playlist/89941','3099');
INSERT INTO playlist_track VALUES('89941','215761');
INSERT INTO juser VALUES('141628','phil90','Phil90','http://www.jamendo.com/es/user/phil90','http://imgjam.com/avatars/questionmark/avatar.100.gif','en');
INSERT INTO juser VALUES('500903','jradisch','Jradisch','http://www.jamendo.com/es/user/jradisch','http://imgjam.com/avatars/jamendo/100/pro.png','en');
INSERT INTO juser VALUES('565012','loderbrab09','Loderbrab09','http://www.jamendo.com/es/user/loderbrab09','http://imgjam.com/avatars/12/565012.100.jpg','en');
INSERT INTO juser VALUES('1083803','Tanit.p','Tanit.p','http://www.jamendo.com/es/user/Tanit.p','http://imgjam.com/avatars/jamendo/100/pro.png','es');
INSERT INTO album_juser VALUES('32625','141628');
INSERT INTO album_juser VALUES('32625','500903');
INSERT INTO album_juser VALUES('32625','565012');
INSERT INTO album_juser VALUES('32625','1083803');
INSERT INTO album_juser VALUES('32625','921253');
INSERT INTO juser VALUES('266910','MikePod','Mikepod','http://www.jamendo.com/es/user/MikePod','http://imgjam.com/avatars/910/266910.100.jpg','de');
INSERT INTO juser VALUES('926957','ronspo','Ronspo','http://www.jamendo.com/es/user/ronspo','http://imgjam.com/avatars/jamendo/100/pro.png','fr');
INSERT INTO juser VALUES('669448','maxalo','Alain mathiot ','http://www.jamendo.com/es/user/maxalo','http://imgjam.com/avatars/448/669448.100.jpg','fr');
INSERT INTO juser VALUES('521409','ducnbyu','Ducnbyu','http://www.jamendo.com/es/user/ducnbyu','http://imgjam.com/avatars/jamendo/100/pro.png','en');
INSERT INTO album_juser VALUES('32625','266910');
INSERT INTO album_juser VALUES('32625','926957');
INSERT INTO album_juser VALUES('32625','669448');
INSERT INTO album_juser VALUES('32625','590302');
INSERT INTO album_juser VALUES('32625','521409');
INSERT INTO juser VALUES('576321','deutschpopjunge','Deutschpopjunge','http://www.jamendo.com/es/user/deutschpopjunge','http://imgjam.com/avatars/321/576321.100.jpg','de');
INSERT INTO juser VALUES('678049','jemartin','Jemartin','http://www.jamendo.com/es/user/jemartin','http://imgjam.com/avatars/jamendo/100/pro.png','en');
INSERT INTO juser VALUES('93101','egm683','Egm683','http://www.jamendo.com/es/user/egm683','http://imgjam.com/avatars/101/93101.100.jpg','fr');
INSERT INTO juser VALUES('742334','Cristian.Habarna','Cristian.habarna','http://www.jamendo.com/es/user/Cristian.Habarna','http://imgjam.com/avatars/jamendo/100/pro.png','es');
INSERT INTO album_juser VALUES('32625','576321');
INSERT INTO album_juser VALUES('32625','678049');
INSERT INTO album_juser VALUES('32625','93101');
INSERT INTO album_juser VALUES('32625','742334');
INSERT INTO album_juser VALUES('32625','719726');
INSERT INTO juser VALUES('38393','bichounet50','Bichounet50','http://www.jamendo.com/es/user/bichounet50','http://imgjam.com/avatars/393/38393.100.jpg','fr');
INSERT INTO juser VALUES('475634','Gaby Cardoso','Cardoso gabriel','http://www.jamendo.com/es/user/Gaby%20Cardoso','http://imgjam.com/avatars/634/475634.100.jpg','de');
INSERT INTO juser VALUES('498092','justinlelap','Yannick lefebvre','http://www.jamendo.com/es/user/justinlelap','http://imgjam.com/avatars/92/498092.100.jpg','fr');
INSERT INTO album_juser VALUES('32625','322562');
INSERT INTO album_juser VALUES('32625','38393');
INSERT INTO album_juser VALUES('32625','396769');
INSERT INTO album_juser VALUES('32625','475634');
INSERT INTO album_juser VALUES('32625','498092');
INSERT INTO album VALUES('43195','Only Whispering','http://www.jamendo.com/es/album/43195','http://imgjam.com/albums/s43/43195/covers/1.100.jpg','2','2642');
UPDATE album SET artist_id='7872' WHERE id='43195';
INSERT INTO track VALUES('301954','Adventures of the Deaf Dreamer','http://www.jamendo.com/es/track/301954','','','238','http://mp3l.jamendo.com/?trackid=301954&format=mp31&u=0');
UPDATE track SET album_id='43195' WHERE id='301954';
UPDATE track SET text='Once I had a dream that I was standing in Osaka
There was a geisha and a refugee
And deep down in her pocket was a tarnished silver locket
And a picture frame that had always been empty

She takes that refugee to town and keeps her eyes down on the ground
As if she''s waiting for the earth to open up
And pull the geisha and that man into the cauldrons of Japan
Beneath the streets that only serve to keep the gravity at bay

        She talks, I sleepwalk
        And I did not hear a thing

Once I had this dream there were two starcrossed teenage lovers
Trying to keep their secret safe from everyone
Because if their parents ever learned this, they would slash and they would burn this
And everything they know would be undone

So they hid beneath the bleachers, out of view from all the teachers
As the marching band played Hail to the Team
It was the last game of the season, they were shaking, they were freezing
There was nothing but their bodies in between

        She talks, I sleepwalk
        And I did not hear a thing

Once I had this dream that I could see inside your mind
And all the mysteries unraveled like a thread
Once I had this dream that I could see inside my own mind
Past denial and the walls inside my head

And it all was making sense as I let go of my defenses
And I saw the world for what it really was
And I opened up my eyes to see the end of the disguise
But I went blind before I even saw a thing

        She talks, I sleepwalk
        And I did not hear a thing
        She talks, I sleepwalk
        And I did not hear a thing' WHERE id='301954';
INSERT INTO playlist VALUES('199905','Jacknavodari','http://www.jamendo.com/es/playlist/199905','41141');
INSERT INTO playlist_track VALUES('199905','301954');
INSERT INTO playlist VALUES('203064','Easy Listening','http://www.jamendo.com/es/playlist/203064','2642');
INSERT INTO playlist_track VALUES('203064','301954');
INSERT INTO playlist VALUES('209082','Muestras','http://www.jamendo.com/es/playlist/209082','753');
INSERT INTO playlist_track VALUES('209082','301954');
INSERT INTO playlist VALUES('100163','Pop/rock','http://www.jamendo.com/es/playlist/100163','6076');
INSERT INTO playlist_track VALUES('100163','301954');
INSERT INTO playlist VALUES('206385','Saatchi','http://www.jamendo.com/es/playlist/206385','2413');
INSERT INTO playlist_track VALUES('206385','301954');
INSERT INTO playlist_track VALUES('172455','301954');
INSERT INTO playlist_track VALUES('177021','301954');
INSERT INTO playlist VALUES('113455','Jess','http://www.jamendo.com/es/playlist/113455','7351');
INSERT INTO playlist_track VALUES('113455','301954');
INSERT INTO playlist VALUES('110120','USA','http://www.jamendo.com/es/playlist/110120','15786');
INSERT INTO playlist_track VALUES('110120','301954');
INSERT INTO playlist VALUES('127301','Pop por la cara','http://www.jamendo.com/es/playlist/127301','4446');
INSERT INTO playlist_track VALUES('127301','301954');
INSERT INTO playlist VALUES('114066','Pop rock folk','http://www.jamendo.com/es/playlist/114066','26454');
INSERT INTO playlist_track VALUES('114066','301954');
INSERT INTO playlist VALUES('114564','CD 1','http://www.jamendo.com/es/playlist/114564','12081');
INSERT INTO playlist_track VALUES('114564','301954');
INSERT INTO playlist VALUES('177043','Josh Woodward','http://www.jamendo.com/es/playlist/177043','21511');
INSERT INTO playlist_track VALUES('177043','301954');
INSERT INTO playlist VALUES('191585','Compilation pop/songwriters','http://www.jamendo.com/es/playlist/191585','109063');
INSERT INTO playlist_track VALUES('191585','301954');
INSERT INTO playlist VALUES('156007','Terradesomnis.com','http://www.jamendo.com/es/playlist/156007','7767');
INSERT INTO playlist_track VALUES('156007','301954');
INSERT INTO playlist VALUES('48105','Claires Collection','http://www.jamendo.com/es/playlist/48105','6587');
INSERT INTO playlist_track VALUES('48105','301954');
INSERT INTO playlist_track VALUES('113665','301954');
INSERT INTO playlist_track VALUES('116830','301954');
INSERT INTO playlist_track VALUES('185517','301954');
INSERT INTO playlist VALUES('188157','Caccia al Fotone - Playlist','http://www.jamendo.com/es/playlist/188157','11226');
INSERT INTO juser VALUES('75110','jolek','De sicot fabio','http://www.jamendo.com/es/user/jolek','http://imgjam.com/avatars/110/75110.100.png','en');
INSERT INTO juser VALUES('628232','Prisma_TBFKA_MusEum','Radiopazza prisma','http://www.jamendo.com/es/user/Prisma_TBFKA_MusEum','http://imgjam.com/avatars/232/628232.100.jpg','en');
INSERT INTO playlist_juser VALUES('188157','75110');
INSERT INTO playlist_juser VALUES('188157','628232');
INSERT INTO playlist_track VALUES('188157','301954');
INSERT INTO track VALUES('301913','To Lose the War','http://www.jamendo.com/es/track/301913','','en','212','http://mp3l.jamendo.com/?trackid=301913&format=mp31&u=0');
UPDATE track SET album_id='43195' WHERE id='301913';
UPDATE track SET text='The captain of the football team
Has got the prom queen but not self esteem
And he hides beneath the sheets
While he cries himself to sleep

And that prom queen''s got her own concerns
The bottle''s dry but she just never learns
So she fills it up again
And drinks to broken men

    And we''re overboard
    Surrendered and ignored
    So this is how it feels to lose the war

The baseball man is taking shots in his ass
The skater wins by cracking kneecaps
And we all keep tuning in
As if somebody''s gonna win

Superman is just another sham
Clark works nights at the Tinker''s Damn
Selling porno mags to dirty men
So he can pay the rent in his rat trap pigpen

    [chorus]

The president''s just another man
Just pushing buttons with a half-baked plan
Like a stoner with a PS2
And he''s playing games all afternoon

He''s just trying to beat his daddy''s score
But it''s a different time, a different war
And this game is wearing thin
You need a faster thumb of you are gonna win

     [chorus]
   
     And we were strong before
     Now we''re naked on the floor
     So this is how it feels to lose the war' WHERE id='301913';
INSERT INTO playlist_track VALUES('203064','301913');
INSERT INTO playlist_track VALUES('100163','301913');
INSERT INTO playlist_track VALUES('177021','301913');
INSERT INTO playlist_track VALUES('110120','301913');
INSERT INTO playlist_track VALUES('114066','301913');
INSERT INTO playlist_track VALUES('114564','301913');
INSERT INTO playlist_track VALUES('191585','301913');
INSERT INTO playlist_track VALUES('48105','301913');
INSERT INTO playlist_track VALUES('113665','301913');
INSERT INTO playlist_track VALUES('113455','301913');
INSERT INTO playlist_track VALUES('116830','301913');
INSERT INTO playlist_track VALUES('185517','301913');
INSERT INTO playlist VALUES('23587','HYPE','http://www.jamendo.com/es/playlist/23587','11360');
INSERT INTO playlist_track VALUES('23587','301913');
INSERT INTO playlist VALUES('174511','Frühaufdreher','http://www.jamendo.com/es/playlist/174511','3236');
INSERT INTO playlist_track VALUES('174511','301913');
INSERT INTO playlist_track VALUES('118744','301913');
INSERT INTO playlist VALUES('80621','Kerrysbest','http://www.jamendo.com/es/playlist/80621','22545');
INSERT INTO playlist_track VALUES('80621','301913');
INSERT INTO playlist_track VALUES('122845','301913');
INSERT INTO playlist VALUES('112761','Pop','http://www.jamendo.com/es/playlist/112761','21945');
INSERT INTO playlist_track VALUES('112761','301913');
INSERT INTO playlist VALUES('95266','Rock','http://www.jamendo.com/es/playlist/95266','5688');
INSERT INTO playlist_track VALUES('95266','301913');
INSERT INTO playlist VALUES('92673','Free and Copyleft music','http://www.jamendo.com/es/playlist/92673','107360');
INSERT INTO juser VALUES('859226','5792','5792','http://www.jamendo.com/es/user/5792','http://imgjam.com/avatars/jamendo/100/pb_design.png','fr');
INSERT INTO playlist_juser VALUES('92673','859226');
INSERT INTO playlist_track VALUES('92673','301913');
INSERT INTO track VALUES('301914','Postcard From Hell','http://www.jamendo.com/es/track/301914','','','253','http://mp3l.jamendo.com/?trackid=301914&format=mp31&u=0');
UPDATE track SET album_id='43195' WHERE id='301914';
UPDATE track SET text='The long-empty spot in this old parking lot
With a six-pack of Mexican beer
And you''re finally here, you''re finally here

We sprawl on the hood, and drink more than we should
And watch clouds in the distance collide
How they join and divide

    In just half a day I''ll be flying away
    With the 21st Regiment B., over the sea

    They''ll give me a gun and here you go, son
    Let''s make sure that the good guys all win

There''s no room for greed with a country in need
And I know you don''t want me to leave, but you''ve gotta believe
They take what they need

No, I don''t know the reason we go, but then, what do I know?
I''m just a farmboy from East Benton Ridge
Yeah, from East Benton Ridge

    There''s plenty of guys who are smarter than I
    Who have told us that we need to fight
    So it''s gotta be right

    When I get to the spot where the men are just shells
    And the whole world is cracked like the Liberty Bell
    I''ll send you a postcard from hell

        The burden was mine, so I signed on the line
        And they gave me a number and rank
        And I promise my dear, I will write you this year
        When my mind''s in a dark shade of blank
        Yeah, I will send you a postcard from hell

Now you''re falling asleep on the hood of my Jeep
And you''re burrowed to hide your sad frown
While the sun''s going down, on this desolate town

Take a good look at this picture you took
And remember my face while I''m gone
It won''t be too long

    I''ll be back next May if this war goes away
    And I hope I can stay for awhile

    When I get to the spot where the men are just shells
    And when the whole world is cracked like the Liberty Bell
    And the faces stare back with a plan of attack
    And the voices have stopped and the boys have all fell
    I''ll send you a postcard from hell' WHERE id='301914';
INSERT INTO playlist_track VALUES('203064','301914');
INSERT INTO playlist_track VALUES('100163','301914');
INSERT INTO playlist_track VALUES('177021','301914');
INSERT INTO playlist_track VALUES('110120','301914');
INSERT INTO playlist_track VALUES('114066','301914');
INSERT INTO playlist VALUES('162435','Musik','http://www.jamendo.com/es/playlist/162435','2642');
INSERT INTO playlist_track VALUES('162435','301914');
INSERT INTO playlist_track VALUES('114564','301914');
INSERT INTO playlist_track VALUES('191585','301914');
INSERT INTO playlist_track VALUES('48105','301914');
INSERT INTO playlist_track VALUES('113665','301914');
INSERT INTO playlist_track VALUES('113455','301914');
INSERT INTO playlist_track VALUES('116830','301914');
INSERT INTO playlist_track VALUES('185517','301914');
INSERT INTO playlist_track VALUES('23587','301914');
INSERT INTO playlist_track VALUES('118744','301914');
INSERT INTO playlist_track VALUES('80621','301914');
INSERT INTO playlist_track VALUES('122845','301914');
INSERT INTO playlist_track VALUES('112761','301914');
INSERT INTO playlist_track VALUES('95266','301914');
INSERT INTO playlist_track VALUES('92673','301914');
INSERT INTO track VALUES('301942','Goodbye to Spring','http://www.jamendo.com/es/track/301942','','en','247','http://mp3l.jamendo.com/?trackid=301942&format=mp31&u=0');
UPDATE track SET album_id='43195' WHERE id='301942';
UPDATE track SET text='Lay, and put your weary soul to rest
And I will try to do my best to keep you safe inside this nest
And keep the gravity from pulling you to earth

I''d like to say this gets more clear, when it''s more cloudy every day
But summer''s gonna come and burn the stormy clouds and all the doubt away

    Sleep, little girl, cuz when you wake it''s gonna be a different world
    So close your eyes and say goodbye to spring

It''s true, this spring is coming to and end
You''re not that fragile anymore, I know what''s there behind that door
And it''s just waiting in the wings to pull you in

I know you think it''s safe in here, inside these insulated walls
But I can''t hold this house together, not forever, yeah and soon it''s gonna fall

    Sleep, little girl, cuz when you wake it''s gonna be a different world
    Everything will change, everything will change
    This door''s slamming shut, it''s gonna trap you if you''re ready or you''re not
    So close your eyes and say goodbye to spring

Slow down, cuz winter''s just around the bend
Don''t make a sound, and close your eyes and say goodbye...

    [Chorus x 2]' WHERE id='301942';
INSERT INTO playlist_track VALUES('162435','301942');
INSERT INTO playlist VALUES('176623','Josh Woodward','http://www.jamendo.com/es/playlist/176623','6977');
INSERT INTO playlist_track VALUES('176623','301942');
INSERT INTO playlist_track VALUES('113455','301942');
INSERT INTO playlist_track VALUES('116830','301942');
INSERT INTO playlist_track VALUES('203064','301942');
INSERT INTO playlist_track VALUES('100163','301942');
INSERT INTO playlist_track VALUES('114066','301942');
INSERT INTO playlist_track VALUES('177021','301942');
INSERT INTO playlist_track VALUES('110120','301942');
INSERT INTO playlist_track VALUES('114564','301942');
INSERT INTO playlist_track VALUES('185517','301942');
INSERT INTO playlist_track VALUES('23587','301942');
INSERT INTO playlist_track VALUES('191585','301942');
INSERT INTO playlist_track VALUES('48105','301942');
INSERT INTO playlist_track VALUES('113665','301942');
INSERT INTO playlist VALUES('219064','Liste A','http://www.jamendo.com/es/playlist/219064','1231');
INSERT INTO playlist_track VALUES('219064','301942');
INSERT INTO playlist_track VALUES('188157','301942');
INSERT INTO playlist_track VALUES('122845','301942');
INSERT INTO playlist_track VALUES('118744','301942');
INSERT INTO playlist_track VALUES('80621','301942');
INSERT INTO track VALUES('301950','East Side Bar','http://www.jamendo.com/es/track/301950','','en','196','http://mp3l.jamendo.com/?trackid=301950&format=mp31&u=0');
UPDATE track SET album_id='43195' WHERE id='301950';
UPDATE track SET text='West side girl, goin to an east side bar
West side girl, goin to an east side bar
No damn good could come of this
Those west side lips in an east side kiss
West side girl, goin to a east side bar

    Tonight it''s gonna all hang out
    Someone''s in without a doubt
    When a west side girl is goin to an east side bar

Buckshot Bob, sugarbaby on the prowl
Buckshot Bob, sugarbaby on the prowl
The music''s playin loud as hell
Her motivation''s is hard to tell
Buckshot Bob, sugarbaby on the prowl

Scooter D, gettin'' cruder by the hour
Scooter D, gettin'' cruder by the hour
He''s a flannel totin'' east side hick
He''s starin'' and a-winkin'' at that west side chick
Scooter''s gettin'' ruder by the hour

    Tonight it''s gonna all hang out
    Someone''s in without a doubt
    When a west side girl is goin to an east side bar

Now Buckshot Bob is sick of sippin on his Bud
Now Buckshot Bob is sick of sippin on his Bud
He''s standing up to make his play
Scooter''s gets in Bobby''s way
Now Buckshot Bobby reaches for his empty Bud

    And now he smash that bottle on the bar
    As Scooter grabs the pickle jar
    And chucks it right at Bobby''s fumin'' face

    He misses by a mile or two
    The barkeep grabs his 22
    And a-Bobby and a-Scooter went a-runnin'' from that place

I sat my ass, down beside the west side girl
I sat my ass, down beside the west side girl
I said, "well, this has been a crazy night,
Well baby, won''tcha-come-on-home-with-me tonight?" ....
Now I got a west side girl, gonna rock my east side world
Now I got a west side girl, gonna rock my east side world' WHERE id='301950';
INSERT INTO playlist_track VALUES('203064','301950');
INSERT INTO playlist_track VALUES('100163','301950');
INSERT INTO playlist_track VALUES('177021','301950');
INSERT INTO playlist_track VALUES('110120','301950');
INSERT INTO playlist_track VALUES('114066','301950');
INSERT INTO playlist_track VALUES('114564','301950');
INSERT INTO playlist_track VALUES('185517','301950');
INSERT INTO playlist VALUES('151757','Champenoise premiere soundtrack Dic21','http://www.jamendo.com/es/playlist/151757','2180');
INSERT INTO playlist_track VALUES('151757','301950');
INSERT INTO playlist_track VALUES('48105','301950');
INSERT INTO playlist_track VALUES('113665','301950');
INSERT INTO playlist_track VALUES('113455','301950');
INSERT INTO playlist_track VALUES('116830','301950');
INSERT INTO playlist_track VALUES('23587','301950');
INSERT INTO playlist_track VALUES('188157','301950');
INSERT INTO playlist_track VALUES('122845','301950');
INSERT INTO playlist_track VALUES('118744','301950');
INSERT INTO playlist_track VALUES('80621','301950');
INSERT INTO playlist_track VALUES('112761','301950');
INSERT INTO playlist_track VALUES('95266','301950');
INSERT INTO playlist_track VALUES('92673','301950');
INSERT INTO track VALUES('301955','Of Dark Rooms and Crooked Candles','http://www.jamendo.com/es/track/301955','','','83','http://mp3l.jamendo.com/?trackid=301955&format=mp31&u=0');
UPDATE track SET album_id='43195' WHERE id='301955';
UPDATE track SET text='I don''t wanna take a lot of space
I''ll leave it for the angels who are plummeting from grace

And I try not to breathe a lot of air
In case there''s someone out there gasping because there''s not enough to spare

I''m just happy living in this dark room
So light this crooked candle and I''ll give you what you need
Nothing, at all' WHERE id='301955';
INSERT INTO playlist_track VALUES('113455','301955');
INSERT INTO playlist_track VALUES('116830','301955');
INSERT INTO playlist_track VALUES('203064','301955');
INSERT INTO playlist_track VALUES('114066','301955');
INSERT INTO playlist_track VALUES('110120','301955');
INSERT INTO playlist_track VALUES('114564','301955');
INSERT INTO playlist_track VALUES('100163','301955');
INSERT INTO playlist_track VALUES('185517','301955');
INSERT INTO playlist_track VALUES('177021','301955');
INSERT INTO playlist_track VALUES('23587','301955');
INSERT INTO playlist_track VALUES('191585','301955');
INSERT INTO playlist_track VALUES('48105','301955');
INSERT INTO playlist_track VALUES('113665','301955');
INSERT INTO playlist VALUES('112695','Evelynalain aiment','http://www.jamendo.com/es/playlist/112695','15144');
INSERT INTO playlist_track VALUES('112695','301955');
INSERT INTO playlist_track VALUES('122845','301955');
INSERT INTO playlist_track VALUES('118744','301955');
INSERT INTO playlist_track VALUES('80621','301955');
INSERT INTO playlist_track VALUES('112761','301955');
INSERT INTO playlist_track VALUES('95266','301955');
INSERT INTO playlist_track VALUES('92673','301955');
INSERT INTO track VALUES('301969','Fit For a King','http://www.jamendo.com/es/track/301969','','en','225','http://mp3l.jamendo.com/?trackid=301969&format=mp31&u=0');
UPDATE track SET album_id='43195' WHERE id='301969';
UPDATE track SET text='The guest of honor to watch the slaughter
Of peasants who had dared to try for freedom
With suits and dresses and pricessless frescos
I pass the marbled halls to reach the banquet

    The dukes and lords were gathered around
    A banquet, fit for a king

With platters and grease-stained splatters
They hold a feast like non I''d ever seen
His royal highness, he wines and dines us
And boasts of all his conquests of the land

    The food was stunning, if ever I saw
    A banquet, fit for a king

When were done, he said "now comes the fun,
Where we waste all these treasonous fools
Here is my knife, I''ll let you take the life 
of the one that you think is the worst."

And so I turned and faced the king..

I stabbed that knife down on his gold crown
His royal bloodline spewing on the marble
His eyes beseeched me, this hallow screeched plea
"Oh why, oh why would someone do this to me?"

    The guards were slackjawed, I ran through the courtyard
    The prisoners were following behind

    I gave that bastard what he deserved
    A funeral, fit for a king' WHERE id='301969';
INSERT INTO playlist VALUES('121359','Acoustique','http://www.jamendo.com/es/playlist/121359','1052722');
INSERT INTO playlist_juser VALUES('121359','583803');
INSERT INTO playlist_track VALUES('121359','301969');
INSERT INTO playlist_track VALUES('203064','301969');
INSERT INTO playlist_track VALUES('100163','301969');
INSERT INTO playlist VALUES('165028','Showcase 09-10','http://www.jamendo.com/es/playlist/165028','2109');
INSERT INTO playlist_track VALUES('165028','301969');
INSERT INTO playlist_track VALUES('114066','301969');
INSERT INTO playlist_track VALUES('177021','301969');
INSERT INTO playlist_track VALUES('110120','301969');
INSERT INTO playlist_track VALUES('114564','301969');
INSERT INTO playlist_track VALUES('185517','301969');
INSERT INTO playlist_track VALUES('23587','301969');
INSERT INTO playlist_track VALUES('48105','301969');
INSERT INTO playlist_track VALUES('113665','301969');
INSERT INTO playlist_track VALUES('116830','301969');
INSERT INTO playlist_track VALUES('113455','301969');
INSERT INTO playlist_track VALUES('219064','301969');
INSERT INTO playlist_track VALUES('122845','301969');
INSERT INTO playlist_track VALUES('118744','301969');
INSERT INTO playlist_track VALUES('80621','301969');
INSERT INTO playlist_track VALUES('112761','301969');
INSERT INTO playlist_track VALUES('95266','301969');
INSERT INTO track VALUES('301971','Sugar On My Tongue','http://www.jamendo.com/es/track/301971','','en','229','http://mp3l.jamendo.com/?trackid=301971&format=mp31&u=0');
UPDATE track SET album_id='43195' WHERE id='301971';
UPDATE track SET text='This house is full of stale air, and the stench of kerosene
These windows ain''t been open since the garden here was green
For three months it''s been snowing like a monochromic dream
These dusty thoughts of you, they won''t stop ripping at my seams

Maybe you''re the medicine that I''ve been waiting for
But it seems to me the sickness might be better than the cure
I''m always drawn to poison when it''s sweet against my tongue
The sugar coating hides it while my body''s going numb

    So numb
    So numb
    Like sugar on my tongue

My vision is so narrow through this telescopic lens
It magnifies the secrets as the broken image bends, and all I 
See is the reflection of someone who looks like you
But I�m too jaded from the journey to make sense of all the truth

But the camera sees the things we miss, it freezes us in time
And it catches every frame as we go tumbling through our lives
And it holds us to a standard that we''re never gonna meet
The trying is so bitter when the sugar is so...

    [chorus]

Well, my mind has been in shambles since you crashed into my life
I''ve been balancing my weakness on the corner of a knife, and I keep
Slipping into places where I never thought I''d be
If temptation is my guardian, I never will be free

    So numb
    You''ve won
    So numb
    Like sugar on my tongue
    Like sugar on my tongue' WHERE id='301971';
INSERT INTO playlist_track VALUES('203064','301971');
INSERT INTO playlist_track VALUES('100163','301971');
INSERT INTO playlist_track VALUES('177021','301971');
INSERT INTO playlist_track VALUES('110120','301971');
INSERT INTO playlist VALUES('137335','My Facebook favorites','http://www.jamendo.com/es/playlist/137335','1640');
INSERT INTO playlist_track VALUES('137335','301971');
INSERT INTO playlist_track VALUES('114066','301971');
INSERT INTO playlist_track VALUES('114564','301971');
INSERT INTO playlist_track VALUES('185517','301971');
INSERT INTO playlist VALUES('100585','Jarto','http://www.jamendo.com/es/playlist/100585','1453');
INSERT INTO playlist_track VALUES('100585','301971');
INSERT INTO playlist_track VALUES('48105','301971');
INSERT INTO playlist_track VALUES('113665','301971');
INSERT INTO playlist_track VALUES('113455','301971');
INSERT INTO playlist_track VALUES('116830','301971');
INSERT INTO playlist_track VALUES('23587','301971');
INSERT INTO playlist_track VALUES('174511','301971');
INSERT INTO playlist_track VALUES('118744','301971');
INSERT INTO playlist_track VALUES('80621','301971');
INSERT INTO playlist_track VALUES('122845','301971');
INSERT INTO playlist VALUES('34289','Te deseo lo mejor...','http://www.jamendo.com/es/playlist/34289','30024');
INSERT INTO playlist_juser VALUES('34289','583803');
INSERT INTO playlist_track VALUES('34289','301971');
INSERT INTO playlist_track VALUES('112761','301971');
INSERT INTO track VALUES('320059','Only Whispering','http://www.jamendo.com/es/track/320059','','en','228','http://mp3l.jamendo.com/?trackid=320059&format=mp31&u=0');
UPDATE track SET album_id='43195' WHERE id='320059';
UPDATE track SET text='The secret codes, the marigolds
The twisted subway lines
The cheap motels, the dinner bells
The buzzing neon signs
The candy stores and filthy whores
The rotting picket fence
Somehow all this folderol 
Is starting to make sense

The splintered rope, the microscope
I thought I had it all figured out
The magazine, the TV screen
The faces burned with doubt
It swirled and twirled, this tiny world

Until it somehow all made sense  
This apple tree epiphany
This fleeting glimpse of common sense

    And now I''m screaming on the crowded streets
    I''m telling everyone I meet
    But no matter what try to I say, I''m only whispering

The fire codes, the one-way roads
The government conspiracy
The thin facade, the red man''s god
It all just seems to clear to me
The foreign places with the hungry faces
The broke-down Chevrolet
The race to see the ending
Past the stops on the way

    And now I''m screaming on the crowded streets
    I''m telling everyone I meet

    But no matter what I try to say, I''m only whispering
    But no matter what I try to say, no one is listening

All I got''s this same old plot
And a rusty set of strings
I''ll rehearse this same old verse
Until there''s nothing left to sing

    But no matter what I try to say, I''m only whispering
    But no matter what I try to say, nobody''s listening
    But no matter what I try to say, I''m only whispering' WHERE id='320059';
INSERT INTO playlist_track VALUES('176623','320059');
INSERT INTO playlist VALUES('200018','Manumusic','http://www.jamendo.com/es/playlist/200018','318');
INSERT INTO playlist_track VALUES('200018','320059');
INSERT INTO playlist_track VALUES('203064','320059');
INSERT INTO playlist_track VALUES('100163','320059');
INSERT INTO playlist_track VALUES('172455','320059');
INSERT INTO playlist VALUES('116260','Pop','http://www.jamendo.com/es/playlist/116260','2936');
INSERT INTO playlist_track VALUES('116260','320059');
INSERT INTO playlist_track VALUES('177021','320059');
INSERT INTO playlist_track VALUES('113455','320059');
INSERT INTO playlist VALUES('115452','Easy','http://www.jamendo.com/es/playlist/115452','2298');
INSERT INTO playlist_track VALUES('115452','320059');
INSERT INTO playlist_track VALUES('110120','320059');
INSERT INTO playlist_track VALUES('114066','320059');
INSERT INTO playlist_track VALUES('114564','320059');
INSERT INTO playlist VALUES('114876','Pop rock filk','http://www.jamendo.com/es/playlist/114876','565');
INSERT INTO playlist_track VALUES('114876','320059');
INSERT INTO playlist VALUES('145256','Blaah','http://www.jamendo.com/es/playlist/145256','1225');
INSERT INTO playlist_track VALUES('145256','320059');
INSERT INTO playlist VALUES('112506','001','http://www.jamendo.com/es/playlist/112506','3380');
INSERT INTO playlist_track VALUES('112506','320059');
INSERT INTO playlist VALUES('112579','Ma playlist','http://www.jamendo.com/es/playlist/112579','2296');
INSERT INTO playlist_track VALUES('112579','320059');
INSERT INTO playlist_track VALUES('177043','320059');
INSERT INTO playlist_track VALUES('152011','320059');
INSERT INTO playlist_track VALUES('48105','320059');
INSERT INTO playlist_track VALUES('113665','320059');
INSERT INTO track VALUES('320060','I''ll Be Right Behind You, Josephine','http://www.jamendo.com/es/track/320060','','en','259','http://mp3l.jamendo.com/?trackid=320060&format=mp31&u=0');
UPDATE track SET album_id='43195' WHERE id='320060';
UPDATE track SET text='I''ll be right behind you, Josephine
I won''t leave you waiting in between
And the cigarette you bummed from me is almost burning out
You suck it till your fingers burn, then you throw it to the ground

I''ll be right behind you, Josephine
Even after everything we''ve seen seen
In this sterile room with blinding lights and faces pointing down
I only want to scream but still I just can''t make a sound

    Now hold my hand, I''ll hold my breath
    There''s nothing in this world we really own
    And Jesus Christ, if you tore my heart out
    The only thing I''d feel is less alone

I''ll be right behind you, Josephine
I won''t leave you waiting in this dream
While you watch the people speaking words you can''t quite comprehend
You ask me if I''d pinch you but my fingers wouldn''t bend

I''ll be right behind you, Josephine
Just like I was when we were seventeen
I guess that''s only been a year but still it feels like 34
I don''t feel like I am living in the same skin anymore

    Now hold my hand, I''ll hold my breath
    There''s nothing in this world we really own
    And Jesus Christ, if you tore my heart out
    The only thing I''d feel is less alone

I''ll be right behind you, Josephine
Even when my soul''s an amputee
And my bleeding heart is sinking in the lake inside my chest
So I grab what I can cling to and I leave behind the rest

    Now hold my hand, I''ll hold my breath
    There''s nothing in this world we really own
    And Jesus Christ, if you tore my heart out
    The only thing I''d feel is less alone

    Now hold my hand, and take my breath
    And leave behind the things you''ll never own
    And Jesus Christ, please tear my heart out
    I wanna feel a little less alone' WHERE id='320060';
INSERT INTO playlist_track VALUES('123754','320060');
INSERT INTO playlist_track VALUES('203064','320060');
INSERT INTO playlist_track VALUES('100163','320060');
INSERT INTO playlist VALUES('161816','Erste Playlist','http://www.jamendo.com/es/playlist/161816','10258');
INSERT INTO playlist_track VALUES('161816','320060');
INSERT INTO playlist_track VALUES('172455','320060');
INSERT INTO playlist VALUES('113600','Chillout','http://www.jamendo.com/es/playlist/113600','551');
INSERT INTO playlist_track VALUES('113600','320060');
INSERT INTO playlist_track VALUES('177021','320060');
INSERT INTO playlist_track VALUES('113455','320060');
INSERT INTO playlist_track VALUES('110120','320060');
INSERT INTO playlist_track VALUES('114066','320060');
INSERT INTO playlist_track VALUES('162435','320060');
INSERT INTO playlist_track VALUES('114564','320060');
INSERT INTO playlist VALUES('114101','CEGAUT ANGLAIS','http://www.jamendo.com/es/playlist/114101','259');
INSERT INTO playlist_track VALUES('114101','320060');
INSERT INTO playlist_track VALUES('191585','320060');
INSERT INTO playlist_track VALUES('48105','320060');
INSERT INTO playlist_track VALUES('113665','320060');
INSERT INTO playlist_track VALUES('116830','320060');
INSERT INTO playlist_track VALUES('185517','320060');
INSERT INTO playlist_track VALUES('23587','320060');
INSERT INTO playlist_track VALUES('122845','320060');
INSERT INTO track VALUES('320061','Cardinal Brigade','http://www.jamendo.com/es/track/320061','','en','253','http://mp3l.jamendo.com/?trackid=320061&format=mp31&u=0');
UPDATE track SET album_id='43195' WHERE id='320061';
UPDATE track SET text='On the terrace, by the flower bed he waits
The purple berries, extending down into the gates

And from the garden, he gives a sign and it begins
A crimson army, it floods the sky with feathers flailing

    Step back, and cover your wings
    And shuffle your body in circles
    Downtown, this sweet serenade
    Call in the cardinal brigade

The trembled whistle, it calls the messenger around
The fields of thistle, overflowing on the ground

A quiet rustle, the dry leaf crackle on the grass
And from the bustle is heard the cracking of the glass

    [Chorus]' WHERE id='320061';
INSERT INTO playlist_track VALUES('203064','320061');
INSERT INTO playlist_track VALUES('100163','320061');
INSERT INTO playlist_track VALUES('177021','320061');
INSERT INTO playlist_track VALUES('110120','320061');
INSERT INTO playlist_track VALUES('114066','320061');
INSERT INTO playlist_track VALUES('114564','320061');
INSERT INTO playlist_track VALUES('185517','320061');
INSERT INTO playlist_track VALUES('48105','320061');
INSERT INTO playlist_track VALUES('113665','320061');
INSERT INTO playlist_track VALUES('113455','320061');
INSERT INTO playlist_track VALUES('116830','320061');
INSERT INTO playlist_track VALUES('23587','320061');
INSERT INTO playlist_track VALUES('118744','320061');
INSERT INTO playlist_track VALUES('122845','320061');
INSERT INTO playlist_track VALUES('80621','320061');
INSERT INTO playlist VALUES('82740','Mar de Tranquilidad','http://www.jamendo.com/es/playlist/82740','37830');
INSERT INTO juser VALUES('877851','ferdi.wieder','Ferdi.wieder','http://www.jamendo.com/es/user/ferdi.wieder','http://imgjam.com/avatars/jamendo/100/pro.png','de');
INSERT INTO playlist_juser VALUES('82740','877851');
INSERT INTO playlist_track VALUES('82740','320061');
INSERT INTO playlist_track VALUES('112761','320061');
INSERT INTO playlist_track VALUES('95266','320061');
INSERT INTO playlist_track VALUES('92673','320061');
INSERT INTO playlist VALUES('113624','I like it','http://www.jamendo.com/es/playlist/113624','5198');
INSERT INTO playlist_track VALUES('113624','320061');
INSERT INTO track VALUES('320062','Fool''s Gold','http://www.jamendo.com/es/track/320062','','en','219','http://mp3l.jamendo.com/?trackid=320062&format=mp31&u=0');
UPDATE track SET album_id='43195' WHERE id='320062';
UPDATE track SET text='She holds, the fool''s gold, and her face is to the wind
She holds, the fool''s gold, it''s easy to pretend

He''s cold, and so old, life gets in the way
He''s cold, and so old, and he sees it every day

    And so it was written
    And so it''s gonna be in the end
    And so it was written
    A fool is better left to pretend

    And it''s the finest line, of this grand design
    And you''re gonna have to walk it on your own

She stole, his broken soul, but it''s more than she could stand
He knows, what''s below, and it''s a long fall back to land

    And so it was written
    And so it''s gonna be in the end
    And so it was written
    A fool is better left to pretend

    And it''s the finest line, of this grand design
    And you''re gonna have to walk it on your own
    And it''s the finest line, of this grand design
    And you''re gonna have to walk it on your own' WHERE id='320062';
INSERT INTO playlist_track VALUES('121359','320062');
INSERT INTO playlist_track VALUES('203064','320062');
INSERT INTO playlist_track VALUES('112695','320062');
INSERT INTO playlist_track VALUES('100163','320062');
INSERT INTO playlist_track VALUES('177021','320062');
INSERT INTO playlist_track VALUES('110120','320062');
INSERT INTO playlist_track VALUES('114066','320062');
INSERT INTO playlist_track VALUES('114564','320062');
INSERT INTO playlist_track VALUES('185517','320062');
INSERT INTO playlist_track VALUES('113455','320062');
INSERT INTO playlist_track VALUES('23587','320062');
INSERT INTO playlist_track VALUES('48105','320062');
INSERT INTO playlist_track VALUES('113665','320062');
INSERT INTO playlist_track VALUES('116830','320062');
INSERT INTO playlist VALUES('206871','Pop rock','http://www.jamendo.com/es/playlist/206871','1698');
INSERT INTO playlist_track VALUES('206871','320062');
INSERT INTO playlist_track VALUES('122845','320062');
INSERT INTO playlist_track VALUES('118744','320062');
INSERT INTO playlist_track VALUES('80621','320062');
INSERT INTO playlist_track VALUES('112506','320062');
INSERT INTO playlist_track VALUES('112761','320062');
INSERT INTO juser VALUES('62741','kamas','Kamas','http://www.jamendo.com/es/user/kamas','http://imgjam.com/avatars/questionmark/avatar.100.gif','pl');
INSERT INTO juser VALUES('607123','BoDVa','Bodva','http://www.jamendo.com/es/user/BoDVa','http://imgjam.com/avatars/123/607123.100.jpg','ru');
INSERT INTO juser VALUES('574609','thrrydbs','Thrrydbs','http://www.jamendo.com/es/user/thrrydbs','http://imgjam.com/avatars/609/574609.100.jpg','fr');
INSERT INTO juser VALUES('383255','Miss_Behaving','Miss_behaving','http://www.jamendo.com/es/user/Miss_Behaving','http://imgjam.com/avatars/255/383255.100.jpg','en');
INSERT INTO album_juser VALUES('43195','633850');
INSERT INTO album_juser VALUES('43195','62741');
INSERT INTO album_juser VALUES('43195','607123');
INSERT INTO album_juser VALUES('43195','574609');
INSERT INTO album_juser VALUES('43195','383255');
INSERT INTO juser VALUES('871757','Kirschkernfunkeln',' ','http://www.jamendo.com/es/user/Kirschkernfunkeln','http://imgjam.com/avatars/757/871757.100.png','de');
INSERT INTO juser VALUES('338904','crpitt','Crpitt','http://www.jamendo.com/es/user/crpitt','http://imgjam.com/avatars/904/338904.100.jpg','en');
INSERT INTO juser VALUES('704140','deadbeatholiday','Deadbeatholiday','http://www.jamendo.com/es/user/deadbeatholiday','http://imgjam.com/avatars/jamendo/100/pro.png','en');
INSERT INTO juser VALUES('747889','wanda.nabialek','Wanda.nabialek','http://www.jamendo.com/es/user/wanda.nabialek','http://imgjam.com/avatars/889/747889.100.jpg','pl');
INSERT INTO juser VALUES('534951','norway56','Norway56','http://www.jamendo.com/es/user/norway56','http://imgjam.com/avatars/951/534951.100.jpg','fr');
INSERT INTO album_juser VALUES('43195','871757');
INSERT INTO album_juser VALUES('43195','338904');
INSERT INTO album_juser VALUES('43195','704140');
INSERT INTO album_juser VALUES('43195','747889');
INSERT INTO album_juser VALUES('43195','534951');
INSERT INTO juser VALUES('634255','Elwig','Elwig','http://www.jamendo.com/es/user/Elwig','http://imgjam.com/avatars/jamendo/100/pro.png','en');
INSERT INTO juser VALUES('19324','CEGAUT','Cegaut','http://www.jamendo.com/es/user/CEGAUT','http://imgjam.com/avatars/324/19324.100.png','en');
INSERT INTO juser VALUES('227346','carnev75','Carnev75','http://www.jamendo.com/es/user/carnev75','http://imgjam.com/avatars/questionmark/avatar.100.gif','it');
INSERT INTO juser VALUES('263037','nogajun','Nogajun','http://www.jamendo.com/es/user/nogajun','http://imgjam.com/avatars/37/263037.100.jpg','en');
INSERT INTO juser VALUES('759347','Pat OBrien','O''brien pat','http://www.jamendo.com/es/user/Pat%20OBrien','http://imgjam.com/avatars/347/759347.100.png','de');
INSERT INTO album_juser VALUES('43195','634255');
INSERT INTO album_juser VALUES('43195','19324');
INSERT INTO album_juser VALUES('43195','227346');
INSERT INTO album_juser VALUES('43195','263037');
INSERT INTO album_juser VALUES('43195','759347');
INSERT INTO juser VALUES('866978','vocalemily','Vocalemily','http://www.jamendo.com/es/user/vocalemily','http://imgjam.com/avatars/jamendo/100/pro.png','en');
INSERT INTO juser VALUES('587410','jukuts','Jukuts','http://www.jamendo.com/es/user/jukuts','http://imgjam.com/avatars/410/587410.100.jpg','de');
INSERT INTO juser VALUES('500715','zephiria67',' ','http://www.jamendo.com/es/user/zephiria67','http://imgjam.com/avatars/715/500715.100.jpg','fr');
INSERT INTO album_juser VALUES('43195','590302');
INSERT INTO album_juser VALUES('43195','866978');
INSERT INTO album_juser VALUES('43195','953753');
INSERT INTO album_juser VALUES('43195','587410');
INSERT INTO album_juser VALUES('43195','500715');
INSERT INTO album VALUES('54034','Breadcrumbs','http://www.jamendo.com/es/album/54034','http://imgjam.com/albums/s54/54034/covers/1.100.jpg','2','2855','Acoustic Rock');
UPDATE album SET artist_id='7872' WHERE id='54034';
INSERT INTO track VALUES('450530','Border Blaster','http://www.jamendo.com/es/track/450530','','en','279','http://mp3l.jamendo.com/?trackid=450530&format=mp31&u=0');
UPDATE track SET album_id='54034' WHERE id='450530';
UPDATE track SET text='I left in the dead of the new moon''s veil
I clung to the side of the camouflaged trail
I was over the river before the sky was awake

I kept my ear pressed to the transistor radio
This station was all I had left from my little home
I don''t want to leave but this sorrow was all I could take

    A static-y voice through the crackling speaker
    Has followed me all the way here
    The longer I go, we both will get weaker
    Till one of us just disappears
    
    I don''t want to go but my duty is stronger than fear

I worked 20 years without nothing to show
So I left behind everything that I''ve known
In the hope that my family won''t need to go hungry again

The stopped me the last time I tried this migration
I''m the overflow man in this melting pot nation
But the only thing here in this desert is a northerly wind

    I''m not really sure where the oxygen''s going
    But it followed me all the way here
    The line on the map didn''t stop it from blowing
    It''s free, and that one thing is clear

    I don''t want to go but my duty is stronger than fear

        And the sun, it doesn''t care
        If it''s here, or if it''s over there
        It just passes through the stratosphere
        Until it goes away

I once watched a sparrow fly south for the winter
Her feathers were thin, and her body was thinner
But we had enough there to feed her until she was well

The seasons are cycles, they go back and forth
One day it''s south and the next it is north
The just need a little relief till the snow starts to melt

    Today she''s returning to look for her nest
    And she''s followed me all the way here
    With nothing to hold but the meat on her breast
    And the promise of one more year

    The radio man is still playing his songs
    But the signal is not quite as clear
    I''d rather be back at the place I belong
    But my family is needing me here

    I don''t want to go but my duty is stronger than fear
    I don''t want to go but my duty is stronger than fear' WHERE id='450530';
INSERT INTO playlist VALUES('135932','Buscando','http://www.jamendo.com/es/playlist/135932','16044');
INSERT INTO playlist_track VALUES('135932','450530');
INSERT INTO playlist_track VALUES('177657','450530');
INSERT INTO playlist_track VALUES('174280','450530');
INSERT INTO playlist VALUES('148603','Josh Woodward - Breadcrumbs','http://www.jamendo.com/es/playlist/148603','2855');
INSERT INTO playlist_track VALUES('148603','450530');
INSERT INTO playlist VALUES('200464','Liked','http://www.jamendo.com/es/playlist/200464','12452');
INSERT INTO playlist_track VALUES('200464','450530');
INSERT INTO playlist VALUES('177424','Woodward','http://www.jamendo.com/es/playlist/177424','2855');
INSERT INTO playlist_track VALUES('177424','450530');
INSERT INTO playlist VALUES('141657','Playslap','http://www.jamendo.com/es/playlist/141657','39910');
INSERT INTO juser VALUES('726663','Slapslider','Slapslider','http://www.jamendo.com/es/user/Slapslider','http://imgjam.com/avatars/663/726663.100.jpg','fr');
INSERT INTO playlist_juser VALUES('141657','726663');
INSERT INTO playlist_track VALUES('141657','450530');
INSERT INTO playlist VALUES('111250','World','http://www.jamendo.com/es/playlist/111250','8586');
INSERT INTO playlist_track VALUES('111250','450530');
INSERT INTO playlist VALUES('185520','Featured','http://www.jamendo.com/es/playlist/185520','16684');
INSERT INTO playlist_track VALUES('185520','450530');
INSERT INTO playlist VALUES('215443','Guy','http://www.jamendo.com/es/playlist/215443','31950');
INSERT INTO playlist_track VALUES('215443','450530');
INSERT INTO playlist VALUES('200779','Folk-rock','http://www.jamendo.com/es/playlist/200779','14737');
INSERT INTO playlist_track VALUES('200779','450530');
INSERT INTO playlist_track VALUES('92673','450530');
INSERT INTO playlist VALUES('205468','POP/ROCK...','http://www.jamendo.com/es/playlist/205468','39275');
INSERT INTO playlist_track VALUES('205468','450530');
INSERT INTO playlist VALUES('175839','Luisteren!','http://www.jamendo.com/es/playlist/175839','11456');
INSERT INTO playlist_track VALUES('175839','450530');
INSERT INTO playlist VALUES('199095','Folk - Indie','http://www.jamendo.com/es/playlist/199095','15131');
INSERT INTO playlist_track VALUES('199095','450530');
INSERT INTO playlist_track VALUES('191585','450530');
INSERT INTO playlist_track VALUES('95266','450530');
INSERT INTO playlist VALUES('56490','Pop-Rock','http://www.jamendo.com/es/playlist/56490','151839');
INSERT INTO playlist_juser VALUES('56490','859226');
INSERT INTO playlist_track VALUES('56490','450530');
INSERT INTO playlist VALUES('140022','Amber''s music','http://www.jamendo.com/es/playlist/140022','12243');
INSERT INTO playlist_track VALUES('140022','450530');
INSERT INTO playlist_track VALUES('189497','450530');
INSERT INTO track VALUES('450531','Private Hurricane','http://www.jamendo.com/es/track/450531','','en','285','http://mp3l.jamendo.com/?trackid=450531&format=mp31&u=0');
UPDATE track SET album_id='54034' WHERE id='450531';
UPDATE track SET text='I saw you drowning in a paper cup
And I just watched as you went down
You didn''t seem to know which way was up
You just watched the world go around

The water swirled and it tugged at your feet
Your little private hurricane
And as you teetered on the edge of defeat
I could almost hear you calling my name

    Oh, did you believe what I said
    That I''m never gonna see you again
    Don''t let me follow you into this disease
    I won''t let you win

I could have reached a hand to carry you out
I could have jumped in on my own
But if you''re gonna let yourself fall down
You''ll be going to the bottom alone

This ship is sinking and there''s no way out
You are the captain, I guess that you''re trapped in, but I
I don''t know you, I don''t owe you anything' WHERE id='450531';
INSERT INTO playlist_track VALUES('135932','450531');
INSERT INTO playlist VALUES('173857','Video','http://www.jamendo.com/es/playlist/173857','1456');
INSERT INTO playlist_track VALUES('173857','450531');
INSERT INTO playlist VALUES('212341','Da smistare','http://www.jamendo.com/es/playlist/212341','20620');
INSERT INTO playlist_track VALUES('212341','450531');
INSERT INTO playlist_track VALUES('177657','450531');
INSERT INTO playlist_track VALUES('174280','450531');
INSERT INTO playlist_track VALUES('148603','450531');
INSERT INTO playlist VALUES('214588','Music In The Shop','http://www.jamendo.com/es/playlist/214588','10088');
INSERT INTO playlist_track VALUES('214588','450531');
INSERT INTO playlist_track VALUES('200464','450531');
INSERT INTO playlist_track VALUES('177424','450531');
INSERT INTO playlist_track VALUES('141657','450531');
INSERT INTO playlist VALUES('62994','My own','http://www.jamendo.com/es/playlist/62994','15087');
INSERT INTO playlist_track VALUES('62994','450531');
INSERT INTO playlist_track VALUES('111250','450531');
INSERT INTO playlist_track VALUES('185520','450531');
INSERT INTO playlist_track VALUES('215443','450531');
INSERT INTO playlist_track VALUES('200779','450531');
INSERT INTO playlist_track VALUES('92673','450531');
INSERT INTO playlist_track VALUES('205468','450531');
INSERT INTO playlist VALUES('225689','Josh woodward','http://www.jamendo.com/es/playlist/225689','5684');
INSERT INTO playlist_track VALUES('225689','450531');
INSERT INTO playlist_track VALUES('175839','450531');
INSERT INTO playlist_track VALUES('191585','450531');
INSERT INTO track VALUES('450533','Stars Collide','http://www.jamendo.com/es/track/450533','','en','288','http://mp3l.jamendo.com/?trackid=450533&format=mp31&u=0');
UPDATE track SET album_id='54034' WHERE id='450533';
UPDATE track SET text='Lean back and swallow the key to your heart
You''re hiding in your shallow skin
And you''re never gonna let me in

You''ve had a parachute on from the start
I know you wanna break your fall
But are you feeling anything at all?

    Everybody feels alone
    Everybody''s on their own
    I wanna see the stars collide
    I wanna see the burning sky inside you

You wear a permanent smile on your face
But you''re bleeding from the inside out
And you''ll never say what it''s about

But I know, yeah I know, yeah I know that it''s a lie
That you never told me
But I guess you sold me all the same

    Chorus

        And I, I wanna go blind
        And I, I want you to blind me
        Just give me a sign

Don''t go and tell me you don''t want to know
That I''m better off in the dark
That you''ll always be a shooting star

Cuz I know, yeah I know, yeah I know that it''s a lie
You shouldn''t told it
But I''ll never hold it over you

    Chorus' WHERE id='450533';
INSERT INTO playlist_track VALUES('177657','450533');
INSERT INTO playlist VALUES('138100','Cool','http://www.jamendo.com/es/playlist/138100','2855');
INSERT INTO playlist_track VALUES('138100','450533');
INSERT INTO playlist_track VALUES('174280','450533');
INSERT INTO playlist_track VALUES('148603','450533');
INSERT INTO playlist_track VALUES('200464','450533');
INSERT INTO playlist_track VALUES('177424','450533');
INSERT INTO playlist_track VALUES('208193','450533');
INSERT INTO playlist_track VALUES('141657','450533');
INSERT INTO playlist_track VALUES('177021','450533');
INSERT INTO playlist_track VALUES('111250','450533');
INSERT INTO playlist_track VALUES('225689','450533');
INSERT INTO playlist_track VALUES('185520','450533');
INSERT INTO playlist_track VALUES('215443','450533');
INSERT INTO playlist_track VALUES('200779','450533');
INSERT INTO playlist_track VALUES('92673','450533');
INSERT INTO playlist_track VALUES('205468','450533');
INSERT INTO playlist_track VALUES('191585','450533');
INSERT INTO playlist_track VALUES('95266','450533');
INSERT INTO playlist_track VALUES('175839','450533');
INSERT INTO playlist_track VALUES('56490','450533');
INSERT INTO track VALUES('450534','Grey Snow','http://www.jamendo.com/es/track/450534','','en','302','http://mp3l.jamendo.com/?trackid=450534&format=mp31&u=0');
UPDATE track SET album_id='54034' WHERE id='450534';
UPDATE track SET text='Your secret''s out, but you don''t wanna know what it was all about
You close your eyes, you are warm and wrapped inside of your disguise

    Grey snow, falling on your window in the night

You let me in, I thought this sleeping dream was ready to begin
But then you froze, and shut me out and left me naked in the snow

Secrets, why do you believe this?
You just wanna tell yourself what you already know
Secrets, why''d you never see this?
Everything was there beneath your careless little nose

Oh, in your darkest dreams
No one ever wants you, no one ever needs you
Oh, it''s a cold, bitter, broken lie
No one ever knew you' WHERE id='450534';
INSERT INTO playlist_track VALUES('177657','450534');
INSERT INTO playlist_track VALUES('174280','450534');
INSERT INTO playlist_track VALUES('148603','450534');
INSERT INTO playlist_track VALUES('200464','450534');
INSERT INTO playlist_track VALUES('177424','450534');
INSERT INTO playlist_track VALUES('141657','450534');
INSERT INTO playlist_track VALUES('208193','450534');
INSERT INTO playlist_track VALUES('95266','450534');
INSERT INTO playlist_track VALUES('111250','450534');
INSERT INTO playlist_track VALUES('177021','450534');
INSERT INTO playlist_track VALUES('225689','450534');
INSERT INTO playlist_track VALUES('185520','450534');
INSERT INTO playlist_track VALUES('215443','450534');
INSERT INTO playlist_track VALUES('200779','450534');
INSERT INTO playlist_track VALUES('92673','450534');
INSERT INTO playlist_track VALUES('205468','450534');
INSERT INTO playlist_track VALUES('191585','450534');
INSERT INTO playlist_track VALUES('175839','450534');
INSERT INTO playlist_track VALUES('56490','450534');
INSERT INTO playlist_track VALUES('140022','450534');
INSERT INTO track VALUES('450535','Overthrown','http://www.jamendo.com/es/track/450535','','en','275','http://mp3l.jamendo.com/?trackid=450535&format=mp31&u=0');
UPDATE track SET album_id='54034' WHERE id='450535';
UPDATE track SET text='The lights are out, the shades are down
He''s got his scepter and his crown

He''s waking up, and all alone, 
He''s sinking in the cushions of his throne
 
But all the gold in Macedon
Couldn''t turn his head

    He never saw the downfall coming
    And he probably never cared

	The king was overthrown
	But he didn''t even know it

He once was strong, he once was loved
He lifted everyone above

But his arms got tired, from the heavy load
And he was breaking under all the weight below

He sat down to take a breath
But never stood back up
 
    And everthing was fine without him
    So he just let it go

	The king was overthrown
	But he didn''t even know it

He never even knew that he was done
He never even saw the setting sun fall down

He''s living in the corners of his mind
The only thing alive was there behind his crown

No one had the heart to tell him that his time was through' WHERE id='450535';
INSERT INTO playlist_track VALUES('177657','450535');
INSERT INTO playlist VALUES('218862','TWDFL','http://www.jamendo.com/es/playlist/218862','12090');
INSERT INTO playlist_track VALUES('218862','450535');
INSERT INTO playlist_track VALUES('174280','450535');
INSERT INTO playlist VALUES('165747','Josh Woodward','http://www.jamendo.com/es/playlist/165747','10087');
INSERT INTO playlist_track VALUES('165747','450535');
INSERT INTO playlist_track VALUES('148603','450535');
INSERT INTO playlist_track VALUES('200464','450535');
INSERT INTO playlist_track VALUES('177424','450535');
INSERT INTO playlist_track VALUES('141657','450535');
INSERT INTO playlist_track VALUES('95266','450535');
INSERT INTO playlist_track VALUES('177021','450535');
INSERT INTO playlist_track VALUES('185520','450535');
INSERT INTO playlist_track VALUES('215443','450535');
INSERT INTO playlist_track VALUES('200779','450535');
INSERT INTO playlist_track VALUES('92673','450535');
INSERT INTO playlist_track VALUES('205468','450535');
INSERT INTO playlist_track VALUES('175839','450535');
INSERT INTO playlist_track VALUES('191585','450535');
INSERT INTO playlist_track VALUES('56490','450535');
INSERT INTO playlist_track VALUES('140022','450535');
INSERT INTO playlist_track VALUES('126082','450535');
INSERT INTO track VALUES('450541','The Voices','http://www.jamendo.com/es/track/450541','','','200','http://mp3l.jamendo.com/?trackid=450541&format=mp31&u=0');
UPDATE track SET album_id='54034' WHERE id='450541';
UPDATE track SET text='No one hears them, only you
The voices never speak in the light
They''re in the corner, out of sight, and oh
They''re only fleeting little whispers
And the creeping little shivers 
And they''re sleeping till the sun burns out
Then they''re going to scream and shout

Hold your breath and count to 10
Remember that it''s all in your head
If you let them in, they''ll breed and spread and oh
You gotta take them, gotta break them
Gotta shake them, gotta make them heave and stutter
Till they''re all burned out
You gotta drive them out' WHERE id='450541';
INSERT INTO playlist_track VALUES('174280','450541');
INSERT INTO playlist_track VALUES('165747','450541');
INSERT INTO playlist_track VALUES('148603','450541');
INSERT INTO playlist_track VALUES('92673','450541');
INSERT INTO playlist_track VALUES('200464','450541');
INSERT INTO playlist_track VALUES('177424','450541');
INSERT INTO playlist_track VALUES('95266','450541');
INSERT INTO playlist_track VALUES('177021','450541');
INSERT INTO playlist_track VALUES('141657','450541');
INSERT INTO playlist_track VALUES('185520','450541');
INSERT INTO playlist_track VALUES('215443','450541');
INSERT INTO playlist_track VALUES('200779','450541');
INSERT INTO playlist_track VALUES('205468','450541');
INSERT INTO playlist_track VALUES('175839','450541');
INSERT INTO playlist_track VALUES('191585','450541');
INSERT INTO playlist_track VALUES('56490','450541');
INSERT INTO playlist VALUES('210221','LGM','http://www.jamendo.com/es/playlist/210221','23763');
INSERT INTO playlist_track VALUES('210221','450541');
INSERT INTO playlist_track VALUES('140022','450541');
INSERT INTO playlist VALUES('176669','Josh Woodward','http://www.jamendo.com/es/playlist/176669','7747');
INSERT INTO playlist_track VALUES('176669','450541');
INSERT INTO playlist VALUES('115400','Rock, Funck, and More','http://www.jamendo.com/es/playlist/115400','35630');
INSERT INTO playlist_track VALUES('115400','450541');
INSERT INTO track VALUES('450542','Under the Stairs','http://www.jamendo.com/es/track/450542','','en','212','http://mp3l.jamendo.com/?trackid=450542&format=mp31&u=0');
UPDATE track SET album_id='54034' WHERE id='450542';
UPDATE track SET text='I took some bread to him today
He was awake, but he wouldn''t take it

He''s getting frailer every day
Tied to the chair, under the stairs

	But death is not a friend he''s ever gonna meet
	As long as I am here, he''s staying in that seat
	And he''s gonna pay, in every way

The night he broke into her home
He thought he was strong, but god he was wrong

Now he''s naked and alone
Scarred and abused, battered and bruised

	It''s only been a year but I have just begun
	As long as I am here, I never will be done
	Yeah, he''s gonna pay, in every way

	Nothing in the world could ever pay his debt
	But I am gonna get as close as I can get
	Yeah, he''s gonna pay, in every way' WHERE id='450542';
INSERT INTO playlist VALUES('173249','My lista de Musica (Nelson)','http://www.jamendo.com/es/playlist/173249','8637');
INSERT INTO playlist_track VALUES('173249','450542');
INSERT INTO playlist_track VALUES('138100','450542');
INSERT INTO playlist_track VALUES('177657','450542');
INSERT INTO playlist_track VALUES('174280','450542');
INSERT INTO playlist_track VALUES('148603','450542');
INSERT INTO playlist_track VALUES('200464','450542');
INSERT INTO playlist_track VALUES('177424','450542');
INSERT INTO playlist_track VALUES('141657','450542');
INSERT INTO playlist_track VALUES('177021','450542');
INSERT INTO playlist_track VALUES('111250','450542');
INSERT INTO playlist_track VALUES('225689','450542');
INSERT INTO playlist_track VALUES('185520','450542');
INSERT INTO playlist_track VALUES('215443','450542');
INSERT INTO playlist_track VALUES('200779','450542');
INSERT INTO playlist VALUES('211784','Awesome CC Music','http://www.jamendo.com/es/playlist/211784','36881');
INSERT INTO playlist_track VALUES('211784','450542');
INSERT INTO playlist_track VALUES('92673','450542');
INSERT INTO playlist_track VALUES('205468','450542');
INSERT INTO playlist_track VALUES('191585','450542');
INSERT INTO playlist_track VALUES('95266','450542');
INSERT INTO playlist_track VALUES('56490','450542');
INSERT INTO track VALUES('450543','Once Tomorrow','http://www.jamendo.com/es/track/450543','','en','249','http://mp3l.jamendo.com/?trackid=450543&format=mp31&u=0');
UPDATE track SET album_id='54034' WHERE id='450543';
UPDATE track SET text='Don''t let me take too long here
I''ve got a lot of things to do
These days are passing by me
I''m staring blindly at the view

I woke up one day older
Just like ten thousand days before
And all at once I''m hearing
A quiet knocking on my door

Lost chances, sideways glances
I will let them be without me
Creation, celebration
I will let them pass me by, and
Nothing ventured, nothing gained, 
But all I see is loss and pain, so screw it

Once I was star-eyed shining
Now I''m buzzing like a neon sign
That''s missing half its letters
And it''s getting dimmer all the time

Bells ringing, choirs singing
I will let them be without me
Moonshine and cherry wine, yeah
I will let them pass me by again

Wake and sleep and drink and eat and work until I''ve thrown the day away
Yesterday was once tomorrow, now it''s just another fading day' WHERE id='450543';
INSERT INTO playlist_track VALUES('177657','450543');
INSERT INTO playlist VALUES('171385','Qualif','http://www.jamendo.com/es/playlist/171385','12060');
INSERT INTO juser VALUES('9495','pelluchan','Pelluchan','http://www.jamendo.com/es/user/pelluchan','http://imgjam.com/avatars/questionmark/avatar.100.gif','en');
INSERT INTO playlist_juser VALUES('171385','9495');
INSERT INTO playlist_track VALUES('171385','450543');
INSERT INTO playlist_track VALUES('174280','450543');
INSERT INTO playlist VALUES('199619','Sample','http://www.jamendo.com/es/playlist/199619','3901');
INSERT INTO playlist_track VALUES('199619','450543');
INSERT INTO playlist_track VALUES('165747','450543');
INSERT INTO playlist_track VALUES('148603','450543');
INSERT INTO playlist_track VALUES('189497','450543');
INSERT INTO playlist_track VALUES('200464','450543');
INSERT INTO playlist_track VALUES('177424','450543');
INSERT INTO playlist VALUES('206463','Mollbeli','http://www.jamendo.com/es/playlist/206463','1978');
INSERT INTO playlist_track VALUES('206463','450543');
INSERT INTO playlist VALUES('206745','Video','http://www.jamendo.com/es/playlist/206745','5902');
INSERT INTO playlist_track VALUES('206745','450543');
INSERT INTO playlist_track VALUES('141657','450543');
INSERT INTO playlist_track VALUES('95266','450543');
INSERT INTO playlist_track VALUES('177021','450543');
INSERT INTO playlist_track VALUES('185520','450543');
INSERT INTO playlist_track VALUES('215443','450543');
INSERT INTO playlist_track VALUES('200779','450543');
INSERT INTO playlist_track VALUES('92673','450543');
INSERT INTO playlist_track VALUES('205468','450543');
INSERT INTO playlist_track VALUES('175839','450543');
INSERT INTO track VALUES('450544','I''m Not Dreaming','http://www.jamendo.com/es/track/450544','','en','291','http://mp3l.jamendo.com/?trackid=450544&format=mp31&u=0');
UPDATE track SET album_id='54034' WHERE id='450544';
UPDATE track SET text='I was a soldier boy in the twilight of my youth
When I still could feel love and a trust in above for the truth
I fought with bravery, then I left my gun behind
But the misery I''ve seen never wiped itself clean from my mind
   
    Now I never, ever close my eyes completely
    When I''m sleeping...

I barely recognize the people that I knew
The faces the same and I still couldn''t name but a few
If god isn''t dead, then I''ll kill him myself
Cuz I''ve seen the worst, I''m not scared to just burst into hell

    Now I never, ever close my eyes completely
    When I''m sleeping, I''m not dreaming' WHERE id='450544';
INSERT INTO playlist VALUES('173112','I miei preferiti di Facebook','http://www.jamendo.com/es/playlist/173112','23062');
INSERT INTO playlist_track VALUES('173112','450544');
INSERT INTO playlist_track VALUES('174280','450544');
INSERT INTO playlist VALUES('199521','Rock','http://www.jamendo.com/es/playlist/199521','4549');
INSERT INTO playlist_track VALUES('199521','450544');
INSERT INTO playlist VALUES('156822','Kolla upp','http://www.jamendo.com/es/playlist/156822','10653');
INSERT INTO playlist_track VALUES('156822','450544');
INSERT INTO playlist_track VALUES('92673','450544');
INSERT INTO playlist_track VALUES('200779','450544');
INSERT INTO playlist_track VALUES('148603','450544');
INSERT INTO playlist_track VALUES('200464','450544');
INSERT INTO playlist_track VALUES('177424','450544');
INSERT INTO playlist_track VALUES('208193','450544');
INSERT INTO playlist_track VALUES('95266','450544');
INSERT INTO playlist_track VALUES('177021','450544');
INSERT INTO playlist_track VALUES('141657','450544');
INSERT INTO playlist_track VALUES('173843','450544');
INSERT INTO playlist VALUES('184848','Songs I like','http://www.jamendo.com/es/playlist/184848','773');
INSERT INTO playlist_track VALUES('184848','450544');
INSERT INTO playlist VALUES('177201','My Facebook favorites','http://www.jamendo.com/es/playlist/177201','560');
INSERT INTO playlist_track VALUES('177201','450544');
INSERT INTO playlist_track VALUES('185520','450544');
INSERT INTO playlist_track VALUES('215443','450544');
INSERT INTO playlist_track VALUES('205468','450544');
INSERT INTO playlist_track VALUES('175839','450544');
INSERT INTO track VALUES('450545','Swansong','http://www.jamendo.com/es/track/450545','','en','261','http://mp3l.jamendo.com/?trackid=450545&format=mp31&u=0');
UPDATE track SET album_id='54034' WHERE id='450545';
UPDATE track SET text='I never thought I''d see the day
I thought that I had finally moved along
And I had let you go so long ago, so long
This is not, this is not where I belong

So I wait for this shallow itch to pass
And I wait, yeah I wait

    Hey hey, I''m ok
    I don''t need this anyway, I''m fine
    What''s yours and mine
    Oh oh, I don''t know
    What I was ever hoping I would find
    But it''s time for me to leave this all behind

I don''t regret a single thing
I couldn''t say it didn''t feel alright
But I don''t want to stay and I don''t want to fight
All alone, with my foolish appetite

So I wait for this shallow itch to pass
And I wait, yeah I wait

    Hey hey, I''m ok
    I don''t need this anyway, I''m fine
    What''s yours and mine
    Oh oh, I don''t know
    What I was ever hoping I would find
    But it''s time for me to leave this all behind

I don''t have the heart to give away to you again
I don''t have the stomach for it, no one ever wins
We had our fun but I have sung this song to you before
Here''s my last refrain

    [Chorus x 2]' WHERE id='450545';
INSERT INTO playlist VALUES('196945','Rock','http://www.jamendo.com/es/playlist/196945','9640');
INSERT INTO playlist_track VALUES('196945','450545');
INSERT INTO playlist VALUES('179208','ARTISTI POSSIBILI X VIDEOCLIP','http://www.jamendo.com/es/playlist/179208','2511');
INSERT INTO playlist_track VALUES('179208','450545');
INSERT INTO playlist_track VALUES('135932','450545');
INSERT INTO playlist_track VALUES('177657','450545');
INSERT INTO playlist_track VALUES('174280','450545');
INSERT INTO playlist_track VALUES('148603','450545');
INSERT INTO playlist_track VALUES('200464','450545');
INSERT INTO playlist_track VALUES('177424','450545');
INSERT INTO playlist_track VALUES('141657','450545');
INSERT INTO playlist VALUES('173080','Machinimas','http://www.jamendo.com/es/playlist/173080','7379');
INSERT INTO playlist_track VALUES('173080','450545');
INSERT INTO playlist_track VALUES('215443','450545');
INSERT INTO playlist VALUES('137192','Pop','http://www.jamendo.com/es/playlist/137192','550');
INSERT INTO playlist_track VALUES('137192','450545');
INSERT INTO playlist VALUES('133996','Josh Woodward','http://www.jamendo.com/es/playlist/133996','18457');
INSERT INTO playlist_track VALUES('133996','450545');
INSERT INTO playlist_track VALUES('185520','450545');
INSERT INTO playlist VALUES('118909','Pop','http://www.jamendo.com/es/playlist/118909','2021');
INSERT INTO playlist_track VALUES('118909','450545');
INSERT INTO playlist_track VALUES('200779','450545');
INSERT INTO playlist_track VALUES('92673','450545');
INSERT INTO playlist_track VALUES('205468','450545');
INSERT INTO playlist_track VALUES('175839','450545');
INSERT INTO playlist_track VALUES('191585','450545');
INSERT INTO track VALUES('450546','20/20','http://www.jamendo.com/es/track/450546','','en','213','http://mp3l.jamendo.com/?trackid=450546&format=mp31&u=0');
UPDATE track SET album_id='54034' WHERE id='450546';
UPDATE track SET text='I took a wrong turn
A thousand miles back
But I let it go so long ago
I threw away the map

I should have known where I was going
And I should know where I am
But it''s a different place, a different face, a different name
But somehow the same

    It''s like a lost and found
    When I turn around
    It''s 20/20

Well the fog was wrapped around me
It settled in for years
But now the day has pushed it all away
My mind is getting clear

So I followed all the breadcrumbs
And I tried to find the track
I can''t return, that bridge was burned the first time I went past
But I keep looking back

    It''s like a lost and found
    When I turn around
    It''s 20/20

I don''t regret what hasn''t happened
But I wonder what would be
It''s only memories I''ll never see and places I won''t go
And curiousity

    It''s like a lost and found
    When I turn around
    It''s 20/20

    And if I knew it then
    I wouldn''t run again
    It''s 20/20' WHERE id='450546';
INSERT INTO playlist_track VALUES('135932','450546');
INSERT INTO playlist_track VALUES('177657','450546');
INSERT INTO playlist_track VALUES('174280','450546');
INSERT INTO playlist_track VALUES('148603','450546');
INSERT INTO playlist_track VALUES('200464','450546');
INSERT INTO playlist_track VALUES('177424','450546');
INSERT INTO playlist_track VALUES('141657','450546');
INSERT INTO playlist_track VALUES('225689','450546');
INSERT INTO playlist_track VALUES('111250','450546');
INSERT INTO playlist_track VALUES('185520','450546');
INSERT INTO playlist_track VALUES('200779','450546');
INSERT INTO playlist_track VALUES('92673','450546');
INSERT INTO playlist_track VALUES('205468','450546');
INSERT INTO playlist_track VALUES('175839','450546');
INSERT INTO playlist_track VALUES('191585','450546');
INSERT INTO playlist_track VALUES('95266','450546');
INSERT INTO playlist VALUES('159476','Melhor do Pop','http://www.jamendo.com/es/playlist/159476','2596');
INSERT INTO playlist_track VALUES('159476','450546');
INSERT INTO playlist_track VALUES('56490','450546');
INSERT INTO playlist_track VALUES('140022','450546');
INSERT INTO playlist VALUES('197534','New','http://www.jamendo.com/es/playlist/197534','3019');
INSERT INTO playlist_track VALUES('197534','450546');
INSERT INTO juser VALUES('889869','kepasa4boo','Kepasa4boo','http://www.jamendo.com/es/user/kepasa4boo','http://imgjam.com/avatars/869/889869.100.jpg','en');
INSERT INTO juser VALUES('214861','kidpix','Kidpix ','http://www.jamendo.com/es/user/kidpix','http://imgjam.com/avatars/861/214861.100.jpg','en');
INSERT INTO juser VALUES('39202','Raclo94','Raclo94','http://www.jamendo.com/es/user/Raclo94','http://imgjam.com/avatars/202/39202.100.jpg','fr');
INSERT INTO juser VALUES('56710','EvilBisounoursX','Evilbisounoursx','http://www.jamendo.com/es/user/EvilBisounoursX','http://imgjam.com/avatars/questionmark/avatar.100.gif','fr');
INSERT INTO juser VALUES('925322','locito','Locito','http://www.jamendo.com/es/user/locito','http://imgjam.com/avatars/jamendo/100/pro.png','de');
INSERT INTO album_juser VALUES('54034','889869');
INSERT INTO album_juser VALUES('54034','214861');
INSERT INTO album_juser VALUES('54034','39202');
INSERT INTO album_juser VALUES('54034','56710');
INSERT INTO album_juser VALUES('54034','925322');
INSERT INTO juser VALUES('603273','Minidoux',' ','http://www.jamendo.com/es/user/Minidoux','http://imgjam.com/avatars/273/603273.100.jpg','en');
INSERT INTO juser VALUES('354157','stephdl','De labrusse stephane','http://www.jamendo.com/es/user/stephdl','http://imgjam.com/avatars/157/354157.100.jpg','fr');
INSERT INTO juser VALUES('1073859','Marhuenda',' susi','http://www.jamendo.com/es/user/Marhuenda','http://imgjam.com/avatars/859/1073859.100.jpg','es');
INSERT INTO album_juser VALUES('54034','603273');
INSERT INTO album_juser VALUES('54034','354157');
INSERT INTO album_juser VALUES('54034','953753');
INSERT INTO album_juser VALUES('54034','1073859');
INSERT INTO album_juser VALUES('54034','590302');
INSERT INTO juser VALUES('678016','chrisy46','Chrisy46','http://www.jamendo.com/es/user/chrisy46','http://imgjam.com/avatars/16/678016.100.jpg','fr');
INSERT INTO juser VALUES('394219','tix.cns','Tix.cns','http://www.jamendo.com/es/user/tix.cns','http://imgjam.com/avatars/jamendo/100/sherrif.png','it');
INSERT INTO juser VALUES('872781','Claire.Quigley','Claire.quigley','http://www.jamendo.com/es/user/Claire.Quigley','http://imgjam.com/avatars/jamendo/100/pro.png','en');
INSERT INTO juser VALUES('572373','Lushii','Lushii','http://www.jamendo.com/es/user/Lushii','http://imgjam.com/avatars/373/572373.100.jpg','fr');
INSERT INTO album_juser VALUES('54034','678016');
INSERT INTO album_juser VALUES('54034','394219');
INSERT INTO album_juser VALUES('54034','747889');
INSERT INTO album_juser VALUES('54034','872781');
INSERT INTO album_juser VALUES('54034','572373');
INSERT INTO juser VALUES('774588','akoskiss','Akoskiss','http://www.jamendo.com/es/user/akoskiss','http://imgjam.com/avatars/jamendo/100/pro.png','en');
INSERT INTO juser VALUES('1149865','koukourikos','Koukourikos','http://www.jamendo.com/es/user/koukourikos','http://imgjam.com/avatars/jamendo/100/pb_helmet_note.png','en');
INSERT INTO juser VALUES('766223','Balint.Erdosi','Balint.erdosi','http://www.jamendo.com/es/user/Balint.Erdosi','http://imgjam.com/avatars/jamendo/100/pro.png','en');
INSERT INTO juser VALUES('703273','nathaseba','Nathaseba','http://www.jamendo.com/es/user/nathaseba','http://imgjam.com/avatars/273/703273.100.jpg','fr');
INSERT INTO juser VALUES('644690','LuLu36','Lulu36','http://www.jamendo.com/es/user/LuLu36','http://imgjam.com/avatars/690/644690.100.jpg','fr');
INSERT INTO album_juser VALUES('54034','774588');
INSERT INTO album_juser VALUES('54034','1149865');
INSERT INTO album_juser VALUES('54034','766223');
INSERT INTO album_juser VALUES('54034','703273');
INSERT INTO album_juser VALUES('54034','644690');
INSERT INTO album VALUES('67189','Crawford Street','http://www.jamendo.com/es/album/67189','http://imgjam.com/albums/s67/67189/covers/1.100.jpg','2','3054','Acoustic Rock');
UPDATE album SET artist_id='7872' WHERE id='67189';
INSERT INTO track VALUES('582240','Frannie','http://www.jamendo.com/es/track/582240','','','182','http://mp3l.jamendo.com/?trackid=582240&format=mp31&u=0');
UPDATE track SET album_id='67189' WHERE id='582240';
UPDATE track SET text='Steel hair and a wheelchair, I''m living day by day
My mind is getting slower and my body''s in decay 
But frannie, you''re still beautiful, just like the day we met
I still know that you''re coming when I see your silhouette

My legs can''t hold my body and my arms are both so weak
The kids brush me away like I''m a dusty old antique
But frannie, you still look at me like I am 25
You''re still my blushing bride and that''s what''s keeping me alive

    I ain''t getting any younger
    And frannie, you''re older too
    But I ain''t lost my hunger
    I am still the one who waits for you, and
    I''ll be here from this day on
    Until they stick me in the lawn
    Yeah, I''ll be here

There''s no time to waste now trying to tell the world goodbye
Yesterday''s so far away and tomorrow''s all a lie
So frannie, take my hand and let''s go live another day
It might not be our last, but it''s a step along the way

    I ain''t getting any younger
    And frannie, you''re older too
    But I ain''t lost my hunger
    I am still the one who waits for you, and
    I''ll be here from this day on
    Until they stick us in the lawn
    Yeah, I''ll be here' WHERE id='582240';
INSERT INTO playlist_track VALUES('126082','582240');
INSERT INTO playlist_track VALUES('185517','582240');
INSERT INTO playlist VALUES('175634','Für unterwegs','http://www.jamendo.com/es/playlist/175634','6716');
INSERT INTO playlist_track VALUES('175634','582240');
INSERT INTO playlist_track VALUES('177021','582240');
INSERT INTO playlist VALUES('132535','POP ROCK','http://www.jamendo.com/es/playlist/132535','9010');
INSERT INTO playlist_track VALUES('132535','582240');
INSERT INTO playlist VALUES('213086','Rock','http://www.jamendo.com/es/playlist/213086','5938');
INSERT INTO playlist_track VALUES('213086','582240');
INSERT INTO playlist VALUES('177783','Rock me!','http://www.jamendo.com/es/playlist/177783','15523');
INSERT INTO playlist_track VALUES('177783','582240');
INSERT INTO playlist VALUES('63783','My Favs to Listen too!','http://www.jamendo.com/es/playlist/63783','348770');
INSERT INTO playlist_juser VALUES('63783','583803');
INSERT INTO playlist_track VALUES('63783','582240');
INSERT INTO playlist VALUES('167956','Pontradio','http://www.jamendo.com/es/playlist/167956','44528');
INSERT INTO playlist_track VALUES('167956','582240');
INSERT INTO playlist VALUES('165156','IMAGINERIA LISTA!','http://www.jamendo.com/es/playlist/165156','45430');
INSERT INTO playlist_track VALUES('165156','582240');
INSERT INTO playlist VALUES('159202','Alben','http://www.jamendo.com/es/playlist/159202','105770');
INSERT INTO playlist_track VALUES('159202','582240');
INSERT INTO playlist VALUES('164707','Folk','http://www.jamendo.com/es/playlist/164707','71587');
INSERT INTO playlist_track VALUES('164707','582240');
INSERT INTO playlist VALUES('159413','Folk','http://www.jamendo.com/es/playlist/159413','15428');
INSERT INTO playlist_track VALUES('159413','582240');
INSERT INTO playlist_track VALUES('131069','582240');
INSERT INTO playlist_track VALUES('141657','582240');
INSERT INTO playlist VALUES('168179','Min lista lugn','http://www.jamendo.com/es/playlist/168179','3352');
INSERT INTO playlist_track VALUES('168179','582240');
INSERT INTO playlist VALUES('102698','INDIE','http://www.jamendo.com/es/playlist/102698','5350');
INSERT INTO playlist_track VALUES('102698','582240');
INSERT INTO playlist VALUES('154742','Paroles','http://www.jamendo.com/es/playlist/154742','9361');
INSERT INTO playlist_track VALUES('154742','582240');
INSERT INTO playlist VALUES('161907','[Rock/Indie/Voice(s)/...]','http://www.jamendo.com/es/playlist/161907','76409');
INSERT INTO playlist_track VALUES('161907','582240');
INSERT INTO playlist VALUES('156966','Merken','http://www.jamendo.com/es/playlist/156966','3054');
INSERT INTO playlist_track VALUES('156966','582240');
INSERT INTO track VALUES('582241','Swimming to Cambodia','http://www.jamendo.com/es/track/582241','','','219','http://mp3l.jamendo.com/?trackid=582241&format=mp31&u=0');
UPDATE track SET album_id='67189' WHERE id='582241';
UPDATE track SET text='the flicker of the tv and a long forgotten memory
are the only things you''ll ever leave behind
the dust that''s on the floor, there''s noone at your door
now tell me, do you really think you''re free?
the war is done, my friend, you fought until the end
you threw your white flag down
morning, noon and night, you always seemed to lose the fight
spalding, where the hell are you?

    you say that the grasses are greener and everything''s cleaner on their shores
    today is the day where you''re going to swim to cambodia

you once were lit ablaze with the fire of your younger days
you blinded everyone you met
you never were the same, since dublin''s night consumed your flame
and stole the matches from your pocket
the hudson''s freezing, but your braincells keep on squeezing ''round the
thought that you must swim away today
from the staten island ferry on the coldest night in january
it''s cambodia or bust

you once had feared the man who held you in his hand
and controlled you when you sleep
but now the end''s your friend, you''re reaching to extend
your white flag to the sky you once had cursed 
the sun is sinking and your frozen eyes are blinking
at the cold atlantic nothingness ahead
you take a deep sigh as you wave a passing goodbye
and you set your course and swim away

    you say that the grasses are greener and everything''s cleaner on their shores
    today is the day where you''re going to swim to cambodia' WHERE id='582241';
INSERT INTO playlist_track VALUES('126082','582241');
INSERT INTO playlist_track VALUES('185517','582241');
INSERT INTO playlist_track VALUES('177021','582241');
INSERT INTO playlist_track VALUES('175634','582241');
INSERT INTO playlist_track VALUES('132535','582241');
INSERT INTO playlist_track VALUES('63783','582241');
INSERT INTO playlist_track VALUES('177043','582241');
INSERT INTO playlist_track VALUES('177783','582241');
INSERT INTO playlist_track VALUES('213086','582241');
INSERT INTO playlist_track VALUES('167956','582241');
INSERT INTO playlist_track VALUES('165156','582241');
INSERT INTO playlist_track VALUES('159202','582241');
INSERT INTO playlist_track VALUES('164707','582241');
INSERT INTO playlist_track VALUES('159413','582241');
INSERT INTO playlist_track VALUES('131069','582241');
INSERT INTO playlist_track VALUES('141657','582241');
INSERT INTO playlist_track VALUES('168179','582241');
INSERT INTO playlist_track VALUES('102698','582241');
INSERT INTO playlist_track VALUES('154742','582241');
INSERT INTO playlist_track VALUES('161907','582241');
INSERT INTO track VALUES('582242','Can''t Take Our Love Away','http://www.jamendo.com/es/track/582242','','','225','http://mp3l.jamendo.com/?trackid=582242&format=mp31&u=0');
UPDATE track SET album_id='67189' WHERE id='582242';
UPDATE track SET text='Jaws all drop at the candyshop when we walk in the store
It''s a frightening display
Mothers hide their children''s eyes and hurry toward the door
I don''t even want to know the things that they will say

But they can''t take our love away

We try to eat on Crawford Street on a summer afternoon
We''re just met with cold dismay
The owner storms the table and he takes away my spoon, and says
"We''re not some kind of new cafe
Where freaks like you are on display"

But he can''t take our love away

Whoever said that love is blind, didn''t understand mankind
What he really meant to say, was love can''t see... shades of grey

The fat old boys in Washington, they like to kill our fun fun fun
Man, they sure don''t like to play
They care more about the bedroom than they do about the boardroom
That''s the price we gotta pay

But they can''t take our love away' WHERE id='582242';
INSERT INTO playlist_track VALUES('185517','582242');
INSERT INTO playlist_track VALUES('175634','582242');
INSERT INTO playlist_track VALUES('177021','582242');
INSERT INTO playlist_track VALUES('126082','582242');
INSERT INTO playlist_track VALUES('132535','582242');
INSERT INTO playlist VALUES('112466','Just listen','http://www.jamendo.com/es/playlist/112466','32848');
INSERT INTO playlist_track VALUES('112466','582242');
INSERT INTO playlist_track VALUES('121359','582242');
INSERT INTO playlist_track VALUES('63783','582242');
INSERT INTO playlist_track VALUES('167956','582242');
INSERT INTO playlist_track VALUES('177043','582242');
INSERT INTO playlist_track VALUES('177783','582242');
INSERT INTO playlist_track VALUES('213086','582242');
INSERT INTO playlist_track VALUES('165156','582242');
INSERT INTO playlist_track VALUES('159202','582242');
INSERT INTO playlist_track VALUES('164707','582242');
INSERT INTO playlist_track VALUES('159413','582242');
INSERT INTO playlist_track VALUES('131069','582242');
INSERT INTO playlist_track VALUES('141657','582242');
INSERT INTO playlist_track VALUES('168179','582242');
INSERT INTO playlist_track VALUES('102698','582242');
INSERT INTO track VALUES('582243','Thanks For Coming','http://www.jamendo.com/es/track/582243','','','229','http://mp3l.jamendo.com/?trackid=582243&format=mp31&u=0');
UPDATE track SET album_id='67189' WHERE id='582243';
UPDATE track SET text='Anna Minster, it''s sure been awhile
I heard through the grapevine that you took a walk down the aisle

So it''s true then, oh yeah, I remember him
From grade 9 geometry, his glasses had tape on the rim

So now you''re a housewife, with a place in Lake Cascades
And you''re husband''s an architect, it sounds like you''ve really got it made

Is that your daughter, in that picture, she got your pretty eyes of blue
She got your crescent-moon smile, and that curly blonde hair just like you



No me, I''m not married, at least not anymore
I couldn''t pay all of her bills from the factory floor

I spent time in the Army, they taught me how to fight
Until I came to my senses and saw that it just wasn''t right

That''s alright though, I''ve got a dog and a bungalo
I can sit on my porch and just watch the old sycamore grow

Well thanks for coming, but now it''s time for me to go
I wish you the best for another 10 years down the road' WHERE id='582243';
INSERT INTO playlist_track VALUES('126082','582243');
INSERT INTO playlist_track VALUES('185517','582243');
INSERT INTO playlist_track VALUES('177021','582243');
INSERT INTO playlist_track VALUES('175634','582243');
INSERT INTO playlist_track VALUES('132535','582243');
INSERT INTO playlist_track VALUES('213086','582243');
INSERT INTO playlist VALUES('187311','Agrada','http://www.jamendo.com/es/playlist/187311','690');
INSERT INTO playlist_track VALUES('187311','582243');
INSERT INTO playlist_track VALUES('63783','582243');
INSERT INTO playlist_track VALUES('165682','582243');
INSERT INTO playlist_track VALUES('177043','582243');
INSERT INTO playlist_track VALUES('167956','582243');
INSERT INTO playlist_track VALUES('165156','582243');
INSERT INTO playlist_track VALUES('159202','582243');
INSERT INTO playlist_track VALUES('164707','582243');
INSERT INTO playlist_track VALUES('159413','582243');
INSERT INTO playlist_track VALUES('131069','582243');
INSERT INTO playlist_track VALUES('141657','582243');
INSERT INTO playlist_track VALUES('168179','582243');
INSERT INTO playlist_track VALUES('102698','582243');
INSERT INTO playlist_track VALUES('154742','582243');
INSERT INTO track VALUES('582244','The Spirit World','http://www.jamendo.com/es/track/582244','','','229','http://mp3l.jamendo.com/?trackid=582244&format=mp31&u=0');
UPDATE track SET album_id='67189' WHERE id='582244';
UPDATE track SET text='There''s a church on the corner of the street in my town
    Where the blind lead the blind to salvation
    They surrender their wills and the $10 bills to the sky

    And it''s one nation under god, indivisible
    With liberty and justice for some
    But the melting pot''s only got soup if you follow the one

    And they''ll fill your bowl, if you sell your soul

        The spirit world is floating by
        You will live and you will die
        And no one knows exactly why
        The spirit world''s still fighting

    Palestine lives in confusion
    While Israel burns in the night
    And they all want the same, just a place they can claim as their home

    And they pray to the same god above them
    Who is looking down on the destruction
    How proud he must be of the death and debris and the blood that is shed in his honor

        chorus

    When Allah spoke words to Muhammad
    He delivered a message of peace
    And it spread through the land but then died by the hands of a few

    Now every brown man is feared as a killer
    And he''s got no idea why
    He''s just making a living and taking and giving and doing the best that he can

        chorus

    There''s a church on the corner of the street in my town
    Where the blind lead the blind to salvation' WHERE id='582244';
INSERT INTO playlist_track VALUES('185517','582244');
INSERT INTO playlist_track VALUES('176623','582244');
INSERT INTO playlist_track VALUES('177021','582244');
INSERT INTO playlist_track VALUES('175634','582244');
INSERT INTO playlist_track VALUES('132535','582244');
INSERT INTO playlist_track VALUES('167956','582244');
INSERT INTO playlist_track VALUES('63783','582244');
INSERT INTO playlist_track VALUES('177043','582244');
INSERT INTO playlist_track VALUES('177783','582244');
INSERT INTO playlist_track VALUES('176669','582244');
INSERT INTO playlist_track VALUES('213086','582244');
INSERT INTO playlist_track VALUES('126082','582244');
INSERT INTO playlist_track VALUES('165156','582244');
INSERT INTO playlist_track VALUES('159202','582244');
INSERT INTO playlist_track VALUES('164707','582244');
INSERT INTO playlist VALUES('148583','Josh Woodward on Jam''','http://www.jamendo.com/es/playlist/148583','14475');
INSERT INTO playlist_track VALUES('148583','582244');
INSERT INTO playlist_track VALUES('159413','582244');
INSERT INTO playlist_track VALUES('131069','582244');
INSERT INTO playlist_track VALUES('141657','582244');
INSERT INTO playlist_track VALUES('168179','582244');
INSERT INTO track VALUES('582245','Fight the Sea','http://www.jamendo.com/es/track/582245','','en','276','http://mp3l.jamendo.com/?trackid=582245&format=mp31&u=0');
UPDATE track SET album_id='67189' WHERE id='582245';
UPDATE track SET text='Rotting driftwood on the foreign shores
Spilling out into the ocean floor
And the memory''s all you left without a trace

Paralyzed with the thoughts receeding
The current sweeps you with its silent bleeding
Through the heart into the darkest place

    Turn around, there''s nothing to see here
    Run away, no reason to be here
    It''s the ghost who never goes away

    Turn around, and leave this behind now
    See the ground as it bleeds into sky now
    You fight the sea, you''re always going to drown

All the secrets that you''re holding
All the memories you hide
All the frail thoughts that echo in the corners of your mind

They won''t even last a moment
The will soon be swept away
When the ocean takes you in its arms and carries you away

You carry all your burdens on the cross around your neck
You take whatever''s left that you salvage from the wreck
And that haunted past will follow you like a lost dog on the beach
Nipping at your trail till you''ve drifted out of reach

    Turn around, there''s nothing to see here
    Run away, no reason to be here
    It''s the ghost who never goes away

    Turn around, and leave this behind now    
    See the ground as it bleeds into sky now
    You fight the sea, you''re always going to drown

The broken-line horizon and the castles made of sand
You tried to hold it in your hand, you tried to understand it

But the ocean asks the questions, and it holds the answers too
It dissolves away the lies about the things you thought you knew' WHERE id='582245';
INSERT INTO playlist VALUES('168210','Play List RP #01','http://www.jamendo.com/es/playlist/168210','2526');
INSERT INTO playlist_track VALUES('168210','582245');
INSERT INTO playlist VALUES('175671','V1033','http://www.jamendo.com/es/playlist/175671','4430');
INSERT INTO playlist_track VALUES('175671','582245');
INSERT INTO playlist VALUES('158626','Best of mé','http://www.jamendo.com/es/playlist/158626','23252');
INSERT INTO playlist_track VALUES('158626','582245');
INSERT INTO playlist VALUES('122551','最近のお気に入り','http://www.jamendo.com/es/playlist/122551','1931');
INSERT INTO playlist_track VALUES('122551','582245');
INSERT INTO playlist_track VALUES('185517','582245');
INSERT INTO playlist VALUES('169641','V1023','http://www.jamendo.com/es/playlist/169641','4364');
INSERT INTO playlist_track VALUES('169641','582245');
INSERT INTO playlist_track VALUES('175634','582245');
INSERT INTO playlist_track VALUES('177021','582245');
INSERT INTO playlist VALUES('216958','Love &lt;3','http://www.jamendo.com/es/playlist/216958','2583');
INSERT INTO playlist_track VALUES('216958','582245');
INSERT INTO playlist_track VALUES('126082','582245');
INSERT INTO playlist VALUES('178782',':D','http://www.jamendo.com/es/playlist/178782','8393');
INSERT INTO playlist_track VALUES('178782','582245');
INSERT INTO playlist_track VALUES('132535','582245');
INSERT INTO playlist VALUES('167482','Favorites','http://www.jamendo.com/es/playlist/167482','276');
INSERT INTO playlist_track VALUES('167482','582245');
INSERT INTO playlist_track VALUES('112466','582245');
INSERT INTO playlist_track VALUES('121359','582245');
INSERT INTO playlist VALUES('169912','Best','http://www.jamendo.com/es/playlist/169912','4003');
INSERT INTO playlist_track VALUES('169912','582245');
INSERT INTO playlist_track VALUES('63783','582245');
INSERT INTO playlist_track VALUES('167956','582245');
INSERT INTO playlist_track VALUES('159799','582245');
INSERT INTO playlist VALUES('166755','Rock','http://www.jamendo.com/es/playlist/166755','3370');
INSERT INTO playlist_track VALUES('166755','582245');
INSERT INTO track VALUES('582246','Waiting Takes Time','http://www.jamendo.com/es/track/582246','','','184','http://mp3l.jamendo.com/?trackid=582246&format=mp31&u=0');
UPDATE track SET album_id='67189' WHERE id='582246';
UPDATE track SET text='Pack your bags and leave this town
I don''t wanna see you coming round
No, I don''t wanna waste my precious time again

With a Star Trek sticker on your Cadillac
I don''t wanna see you coming back
No, I don''t wanna see your gloomy face again

    Waiting takes more time than letting go

Sitting at a stop sign wasting time
When I''d rather be speeing on the 99
This relationship just won''t shift out of neutral

You say that you''ll be ready soon
I''ve already heard that tune
And I don''t think you''re ready for a new role

    Waiting takes more time than letting go
    Waiting takes more time than letting go

Take your car or hop a train
Call a cab or fly a plane
I''m sick of waiting in this intersection

Waiting takes time and I ain''t got it
Got my shirt all buttoned and my shoes all knotted
And I gotta start moving in some vague direction

    Waiting takes more time than letting go
    Waiting takes more time than letting go

Go away, and get your foot off of my brakes' WHERE id='582246';
INSERT INTO playlist_track VALUES('126082','582246');
INSERT INTO playlist VALUES('174373','Cl-radio_01','http://www.jamendo.com/es/playlist/174373','4866');
INSERT INTO playlist_track VALUES('174373','582246');
INSERT INTO playlist_track VALUES('185517','582246');
INSERT INTO playlist_track VALUES('175634','582246');
INSERT INTO playlist_track VALUES('177021','582246');
INSERT INTO playlist_track VALUES('132535','582246');
INSERT INTO playlist_track VALUES('213086','582246');
INSERT INTO playlist_track VALUES('177783','582246');
INSERT INTO playlist_track VALUES('63783','582246');
INSERT INTO playlist_track VALUES('167956','582246');
INSERT INTO playlist_track VALUES('165156','582246');
INSERT INTO playlist_track VALUES('159202','582246');
INSERT INTO playlist_track VALUES('164707','582246');
INSERT INTO playlist_track VALUES('148583','582246');
INSERT INTO playlist_track VALUES('159413','582246');
INSERT INTO playlist_track VALUES('131069','582246');
INSERT INTO playlist_track VALUES('141657','582246');
INSERT INTO playlist_track VALUES('168179','582246');
INSERT INTO playlist_track VALUES('102698','582246');
INSERT INTO playlist_track VALUES('154742','582246');
INSERT INTO track VALUES('582247','Twelve Monkeys','http://www.jamendo.com/es/track/582247','','','193','http://mp3l.jamendo.com/?trackid=582247&format=mp31&u=0');
UPDATE track SET album_id='67189' WHERE id='582247';
UPDATE track SET text='They caught me back in ''85
When they dropped a net down from the sky
In the jungle, I was so alive
Now I just survive

Twelve monkeys in this cell with me
Eight of them are family
I fathered them in captivity
Prisoners from the start

    Smeared glass cage
    As we spend our days on stage
    And it''s all they''ll know

Nylon ropes and plastic slides
A concrete world for abstract minds
It''s all controlled by man''s designs
Nothing here is real

And we''re all just keeping busy
In this everlasting zoo
And we''re all just killing time
Because there''s nothing else to do

    [chorus]

I see, the life that used to be
The dancing of the leaves
As I''m swinging through the trees and I am
Searching, for a place to pay my head
The forest is my bed
Till the ring a bell to feed us
And they flash a light to lead us, in this

    [chorus]' WHERE id='582247';
INSERT INTO playlist_track VALUES('126082','582247');
INSERT INTO playlist_track VALUES('185517','582247');
INSERT INTO playlist_track VALUES('177021','582247');
INSERT INTO playlist_track VALUES('175634','582247');
INSERT INTO playlist_track VALUES('200779','582247');
INSERT INTO playlist_track VALUES('132535','582247');
INSERT INTO playlist_track VALUES('63783','582247');
INSERT INTO playlist_track VALUES('177043','582247');
INSERT INTO playlist_track VALUES('177783','582247');
INSERT INTO playlist_track VALUES('213086','582247');
INSERT INTO playlist_track VALUES('167956','582247');
INSERT INTO playlist_track VALUES('165156','582247');
INSERT INTO playlist_track VALUES('159202','582247');
INSERT INTO playlist_track VALUES('164707','582247');
INSERT INTO playlist_track VALUES('148583','582247');
INSERT INTO playlist_track VALUES('159413','582247');
INSERT INTO playlist_track VALUES('131069','582247');
INSERT INTO playlist_track VALUES('141657','582247');
INSERT INTO playlist_track VALUES('168179','582247');
INSERT INTO playlist_track VALUES('102698','582247');
INSERT INTO track VALUES('582248','Big Disco Ball','http://www.jamendo.com/es/track/582248','','','235','http://mp3l.jamendo.com/?trackid=582248&format=mp31&u=0');
UPDATE track SET album_id='67189' WHERE id='582248';
UPDATE track SET text='We broke into the old Bay Shore Roller Rink
Through a hole in the back wall
The echoes of our sneakers amplified themselves like speakers
Through the corners of the long-forgotten hall

    And the cobwebs spanned the door frames
    As I kneeled down to spell your name
    In the dust on the floor that we''d
    Danced on so many times before

The musty aroma is filling my head
And the broken windows let the birds in
Our breath, it made clouds and they wrapped us like shrouds
To keep November from reaching our skin

    And the ghost of the DJ floats in from the freeway
    He puts on your favorite waltz
    So I take your hand, the invisible band
    Leads us dancing around in the hall

The glow from the sunset caught the big disco ball
And sent dusty rays of light into your face
And the light from the ball hit the frost on the walls
And sent oranges and reds into space

    I caught a glance in the midst of our dance
    For a moment I stopped in my tracks
    The room was ablaze with the fiery rays
    While the frozen air blew through the cracks

And our bodies are frozen in time' WHERE id='582248';
INSERT INTO playlist_track VALUES('185517','582248');
INSERT INTO playlist_track VALUES('175634','582248');
INSERT INTO playlist_track VALUES('177021','582248');
INSERT INTO playlist VALUES('163776','Eclectica Must-Haves','http://www.jamendo.com/es/playlist/163776','25112');
INSERT INTO juser VALUES('858453','ylluria','Ylluria','http://www.jamendo.com/es/user/ylluria','http://imgjam.com/avatars/453/858453.100.jpg','en');
INSERT INTO playlist_juser VALUES('163776','858453');
INSERT INTO playlist_track VALUES('163776','582248');
INSERT INTO playlist_track VALUES('132535','582248');
INSERT INTO playlist_track VALUES('112466','582248');
INSERT INTO playlist_track VALUES('121359','582248');
INSERT INTO playlist_track VALUES('63783','582248');
INSERT INTO playlist_track VALUES('177043','582248');
INSERT INTO playlist_track VALUES('177783','582248');
INSERT INTO playlist_track VALUES('213086','582248');
INSERT INTO playlist_track VALUES('126082','582248');
INSERT INTO playlist_track VALUES('165156','582248');
INSERT INTO playlist_track VALUES('159202','582248');
INSERT INTO playlist_track VALUES('164707','582248');
INSERT INTO playlist_track VALUES('159413','582248');
INSERT INTO playlist_track VALUES('167956','582248');
INSERT INTO playlist_track VALUES('131069','582248');
INSERT INTO playlist_track VALUES('141657','582248');
INSERT INTO playlist_track VALUES('168179','582248');
INSERT INTO track VALUES('582249','Cherry','http://www.jamendo.com/es/track/582249','','en','251','http://mp3l.jamendo.com/?trackid=582249&format=mp31&u=0');
UPDATE track SET album_id='67189' WHERE id='582249';
UPDATE track SET text='Sweet little Cherry got her hands in her pockets
and she''s waiting for a downtown train

High heel boots with the straps hung low
And her head hanging down in shame

    The wolves all dress up just like sheep
    and the go and hit the town
    Cherry never sees ''em
    But they''re hanging all around

Sweet little Cherry got a switchblade Jimmy
Come and take her down to 4th and Main

Her mind in a haze of the better days
Before her body was an ad campaign

    But now the filthy crooks and pocketbooks
    Are all that Cherry sees
    The dashboard dogs and backseat hogs and
    Down onto her knees

        I am tempted, I am weak
        I''m too weak to try to speak
        I am tempted, I''m ashamed
        Yeah, I''m ashamed and I''m to blame

            You''ll see
            Yeah I''m tempted by the cherry tree
            You''ll see
            Yeah I''m tempted by the cherry tree

Sweet little Cherry took the last bus home
In the middle of the pouring rain

She saw the bad boys sleeping and the good girls weeping
Through the fog on the window panes

    And Cherry wants to make it right
    But she never has a prayer
    Cuz as long as there are bad boys
    They''ll be penny millionaires' WHERE id='582249';
INSERT INTO playlist_track VALUES('185517','582249');
INSERT INTO playlist_track VALUES('175634','582249');
INSERT INTO playlist_track VALUES('177021','582249');
INSERT INTO playlist_track VALUES('126082','582249');
INSERT INTO playlist VALUES('209873','Meins','http://www.jamendo.com/es/playlist/209873','3470');
INSERT INTO playlist_track VALUES('209873','582249');
INSERT INTO playlist_track VALUES('132535','582249');
INSERT INTO playlist VALUES('168142','Sampling Plus 1.0 - 3.0 Unported','http://www.jamendo.com/es/playlist/168142','7491');
INSERT INTO juser VALUES('944884','pussycat67',' ','http://www.jamendo.com/es/user/pussycat67','http://imgjam.com/avatars/884/944884.100.jpg','it');
INSERT INTO playlist_juser VALUES('168142','944884');
INSERT INTO playlist_track VALUES('168142','582249');
INSERT INTO playlist_track VALUES('112466','582249');
INSERT INTO playlist_track VALUES('121359','582249');
INSERT INTO playlist_track VALUES('63783','582249');
INSERT INTO playlist_track VALUES('177043','582249');
INSERT INTO playlist_track VALUES('177783','582249');
INSERT INTO playlist_track VALUES('213086','582249');
INSERT INTO playlist_track VALUES('165156','582249');
INSERT INTO playlist_track VALUES('159202','582249');
INSERT INTO playlist_track VALUES('164707','582249');
INSERT INTO playlist_track VALUES('148583','582249');
INSERT INTO playlist VALUES('162555','Pop','http://www.jamendo.com/es/playlist/162555','3012');
INSERT INTO playlist_track VALUES('162555','582249');
INSERT INTO playlist_track VALUES('159413','582249');
INSERT INTO playlist_track VALUES('167956','582249');
INSERT INTO track VALUES('582250','Sundown','http://www.jamendo.com/es/track/582250','','en','255','http://mp3l.jamendo.com/?trackid=582250&format=mp31&u=0');
UPDATE track SET album_id='67189' WHERE id='582250';
UPDATE track SET text='The sun is hanging low on the skyline
    On this sleepy old Ohio town
    The people think that change is the devil
    So the sun is not allowed to go down

        And the drivers eyes are glued to the rearview
        Cuz his car is always in reverse
        And if you race to where you''ve already been, then
        You are always gonna get there first

            Welcome to the town of the sundown
            Welcome to the town of the sundown
            Welcome to the land that time forgot
            Welcome to the town of the sundown
            Welcome to the town of the sundown
            It sure ain''t much, but it''s the only town I''ve got

    Every time I open the paper
    To the letters to the editor page
    The trogolodytes who can''t keep their mouths shut
    They''ve really got me in a fumin'' rage

        This self-appointed king of the virtues
        Trying to sell us what we threw away
        He''s a dumpster-diving prophet
        He could rule the USA

            Welcome to the town of the sundown
            Welcome to the town of the sundown
            Welcome to the land that time forgot
            Welcome to the town of the sundown
            Welcome to the town of the sundown
            It sure ain''t much, but it''s the only town I''ve got

    So this is what our children inherit
    It''s what our parents left behind for us
    The trophies from our grandpa''s old basement
    With a thicker coat of rust and dust

        I guess there''s nothing left to discover
        So let''s just park our cars and rest
        Cuz the mission here''s accomplished
        Don''t it feel like a success?' WHERE id='582250';
INSERT INTO playlist_track VALUES('126082','582250');
INSERT INTO playlist VALUES('167993','Coche','http://www.jamendo.com/es/playlist/167993','15339');
INSERT INTO playlist_track VALUES('167993','582250');
INSERT INTO playlist_track VALUES('185517','582250');
INSERT INTO playlist_track VALUES('177021','582250');
INSERT INTO playlist_track VALUES('175634','582250');
INSERT INTO playlist_track VALUES('176623','582250');
INSERT INTO playlist_track VALUES('132535','582250');
INSERT INTO playlist_track VALUES('213086','582250');
INSERT INTO playlist VALUES('215250','Work','http://www.jamendo.com/es/playlist/215250','12839');
INSERT INTO juser VALUES('1081125','KenSuvy','Kensuvy','http://www.jamendo.com/es/user/KenSuvy','http://imgjam.com/avatars/jamendo/100/pro.png','en');
INSERT INTO playlist_juser VALUES('215250','1081125');
INSERT INTO playlist_track VALUES('215250','582250');
INSERT INTO playlist_track VALUES('63783','582250');
INSERT INTO playlist_track VALUES('177043','582250');
INSERT INTO playlist_track VALUES('167956','582250');
INSERT INTO playlist_track VALUES('165156','582250');
INSERT INTO playlist_track VALUES('159202','582250');
INSERT INTO playlist_track VALUES('164707','582250');
INSERT INTO playlist_track VALUES('159413','582250');
INSERT INTO playlist_track VALUES('131069','582250');
INSERT INTO playlist_track VALUES('141657','582250');
INSERT INTO playlist_track VALUES('168179','582250');
INSERT INTO playlist_track VALUES('102698','582250');
INSERT INTO track VALUES('582251','Shower Scene','http://www.jamendo.com/es/track/582251','','','130','http://mp3l.jamendo.com/?trackid=582251&format=mp31&u=0');
UPDATE track SET album_id='67189' WHERE id='582251';
UPDATE track SET text='The camera starts, the shower scene
I wield the knife, the girl screams
But she sounded like a wounded hen
The camera stops, we try again

Take nineteen, the shower scene
The cameraman got caught between between
The curtains, so he blew the take
The director says to take a break


The second break this afternoon
Her fingers look like shriveled prunes
She''s screaming at the makeup man
To get the wrinkles off her hands

Why''d I go to school to act
There''s noone here but freaks and hacks
These drama queens have got me down
I want to kill this whole damn town


I want to rule the silver screen
Not some B-list shower scene
With a plastic knife and sound effects
Like a porno flick without the sex

But I''ll grin and bear this lousy film
And I''ll play my stupid part until
I get my break and land a role
Where I don''t need to puncture holes in bodies' WHERE id='582251';
INSERT INTO playlist_track VALUES('168210','582251');
INSERT INTO playlist_track VALUES('185517','582251');
INSERT INTO playlist_track VALUES('177021','582251');
INSERT INTO playlist_track VALUES('175634','582251');
INSERT INTO playlist_track VALUES('132535','582251');
INSERT INTO playlist VALUES('197965','Wedding','http://www.jamendo.com/es/playlist/197965','2434');
INSERT INTO playlist_track VALUES('197965','582251');
INSERT INTO playlist_track VALUES('167956','582251');
INSERT INTO playlist_track VALUES('176623','582251');
INSERT INTO playlist VALUES('169824','MF','http://www.jamendo.com/es/playlist/169824','278');
INSERT INTO playlist_track VALUES('169824','582251');
INSERT INTO playlist_track VALUES('63783','582251');
INSERT INTO playlist_track VALUES('177043','582251');
INSERT INTO playlist_track VALUES('177783','582251');
INSERT INTO playlist_track VALUES('213086','582251');
INSERT INTO playlist_track VALUES('126082','582251');
INSERT INTO playlist_track VALUES('165156','582251');
INSERT INTO playlist_track VALUES('159202','582251');
INSERT INTO playlist_track VALUES('164707','582251');
INSERT INTO playlist_track VALUES('159413','582251');
INSERT INTO playlist_track VALUES('131069','582251');
INSERT INTO playlist_track VALUES('141657','582251');
INSERT INTO track VALUES('582252','Hey Ruth','http://www.jamendo.com/es/track/582252','','','200','http://mp3l.jamendo.com/?trackid=582252&format=mp31&u=0');
UPDATE track SET album_id='67189' WHERE id='582252';
UPDATE track SET text='hey ruth
        i don''t mean to listen in, but these walls are paper thin, you know
        hey ruth
        i heard the fighting last night, he doesn''t treat you right at all

        so maybe you don''t even know my name
        just open your eyes and i know you would feel the same way


        hey ruth
        the truth isn''t always clear, it''s hard to see when you''re so near
        hey ruth
        he wants to suck you dry, you''re out of luck, too blind to see

        the way that he treats you is a crime
        don''t let him hold you back this time, no no no


        i know that you probably can''t read my mind
        but why is it so hard to leave him behind now

        hey ruth
        we all want to leave this highrise, move onto bluer skies, i know
        so turn off that tv set
        and get on your feet again, remember the times when you were free' WHERE id='582252';
INSERT INTO playlist_track VALUES('126082','582252');
INSERT INTO playlist_track VALUES('185517','582252');
INSERT INTO playlist_track VALUES('200779','582252');
INSERT INTO playlist_track VALUES('177021','582252');
INSERT INTO playlist_track VALUES('175634','582252');
INSERT INTO playlist_track VALUES('132535','582252');
INSERT INTO playlist_track VALUES('213086','582252');
INSERT INTO playlist_track VALUES('63783','582252');
INSERT INTO playlist_track VALUES('177043','582252');
INSERT INTO playlist_track VALUES('167956','582252');
INSERT INTO playlist_track VALUES('165156','582252');
INSERT INTO playlist_track VALUES('159202','582252');
INSERT INTO playlist_track VALUES('164707','582252');
INSERT INTO playlist_track VALUES('148583','582252');
INSERT INTO playlist_track VALUES('159413','582252');
INSERT INTO playlist_track VALUES('131069','582252');
INSERT INTO playlist_track VALUES('141657','582252');
INSERT INTO playlist_track VALUES('168179','582252');
INSERT INTO playlist_track VALUES('102698','582252');
INSERT INTO playlist_track VALUES('154742','582252');
INSERT INTO track VALUES('582253','The Pawnbroker''s Stepdaughter','http://www.jamendo.com/es/track/582253','','','246','http://mp3l.jamendo.com/?trackid=582253&format=mp31&u=0');
UPDATE track SET album_id='67189' WHERE id='582253';
UPDATE track SET text='The pawnbroker''s stepdaughter
Fought away the cold December air

On a park bench sitting by a fallen pine
She folds her bloody hands and sees the sign

Saying
All we are we are we are is
All we are we are we are is sin
All we are we are we are is 
All we are we are we are is sin

On the corner of North Main and High
The trains would shake the walls as they passed by

The clamor of the steel rails would
Drown her voice as she screamed in the night

    A smile would cross his empty face
    As he put that girl in her place again
    
    She shut down her last defenses
    She turned off her tattered senses
    And looked up to the sky with glassy eyes
    
        The pawnbroker''s stepdaughter
        Floats above the ground where she had stood
        The pawnbroker''s stepdaughter 
        Made it right the one way she could
        
She lift up her trembling hands
The room was spinning like a carousel

She felt her body spin around
With crimson running to the ground before her

    The room turned silent, the train was gone
    The melting snow, the the crack of dawn was here
    
    This is how the story ends
    The same way that it all begins
    Cuz no one here forgives our sins on this world
    
        The pawnbroker''s stepdaughter
        Floats above the ground where she had stood
        The pawnbroker''s stepdaughter 
        Made it right the one way she could

        All we are we are we are is
        All we are we are we are is sin
        All we are we are we are is
        All we are we are we are is sin
        All we are we are we are is
        All we are we are we are is
        All we are is sin' WHERE id='582253';
INSERT INTO playlist_track VALUES('185517','582253');
INSERT INTO playlist_track VALUES('175634','582253');
INSERT INTO playlist_track VALUES('177021','582253');
INSERT INTO playlist VALUES('21993','Radio jamendo','http://www.jamendo.com/es/playlist/21993','7889');
INSERT INTO playlist_track VALUES('21993','582253');
INSERT INTO playlist_track VALUES('132535','582253');
INSERT INTO playlist_track VALUES('167956','582253');
INSERT INTO playlist_track VALUES('63783','582253');
INSERT INTO playlist_track VALUES('177043','582253');
INSERT INTO playlist_track VALUES('177783','582253');
INSERT INTO playlist_track VALUES('213086','582253');
INSERT INTO playlist_track VALUES('126082','582253');
INSERT INTO playlist_track VALUES('165156','582253');
INSERT INTO playlist_track VALUES('159202','582253');
INSERT INTO playlist_track VALUES('164707','582253');
INSERT INTO playlist_track VALUES('148583','582253');
INSERT INTO playlist_track VALUES('159413','582253');
INSERT INTO playlist_track VALUES('131069','582253');
INSERT INTO playlist_track VALUES('141657','582253');
INSERT INTO playlist_track VALUES('168179','582253');
INSERT INTO playlist_track VALUES('102698','582253');
INSERT INTO juser VALUES('1135826','Lucaclimb','Lucaclimb','http://www.jamendo.com/es/user/Lucaclimb','http://imgjam.com/avatars/jamendo/100/pro.png','it');
INSERT INTO juser VALUES('937429','play-it',' anna','http://www.jamendo.com/es/user/play-it','http://imgjam.com/avatars/429/937429.100.jpg','ru');
INSERT INTO juser VALUES('949331','Majczals',' ','http://www.jamendo.com/es/user/Majczals','http://imgjam.com/avatars/jamendo/100/pro.png','pl');
INSERT INTO album_juser VALUES('67189','1135826');
INSERT INTO album_juser VALUES('67189','937429');
INSERT INTO album_juser VALUES('67189','957625');
INSERT INTO album_juser VALUES('67189','949331');
INSERT INTO album_juser VALUES('67189','590302');
INSERT INTO juser VALUES('911169','myfelicity','Joy joy','http://www.jamendo.com/es/user/myfelicity','http://imgjam.com/avatars/169/911169.100.jpg','en');
INSERT INTO juser VALUES('1310064','Tosin OJ','Tosin oj','http://www.jamendo.com/es/user/Tosin%20OJ','http://imgjam.com/avatars/jamendo/100/dress.png','en');
INSERT INTO juser VALUES('1167702','Drizzle','Drizzle','http://www.jamendo.com/es/user/Drizzle','http://imgjam.com/avatars/jamendo/100/pro.png','de');
INSERT INTO album_juser VALUES('67189','953753');
INSERT INTO album_juser VALUES('67189','911169');
INSERT INTO album_juser VALUES('67189','719726');
INSERT INTO album_juser VALUES('67189','1310064');
INSERT INTO album_juser VALUES('67189','1167702');
INSERT INTO juser VALUES('711533','nodietaforme','Nodietaforme','http://www.jamendo.com/es/user/nodietaforme','http://imgjam.com/avatars/533/711533.100.jpg','it');
INSERT INTO juser VALUES('643827','Bonzo2112','Bonzo2112','http://www.jamendo.com/es/user/Bonzo2112','http://imgjam.com/avatars/827/643827.100.jpg','en');
INSERT INTO juser VALUES('962436','Jime norbou','Jime norbou','http://www.jamendo.com/es/user/Jime%20norbou','http://imgjam.com/avatars/jamendo/100/pro.png','fr');
INSERT INTO juser VALUES('89046','yorx',' ','http://www.jamendo.com/es/user/yorx','http://imgjam.com/avatars/jamendo/100/pro.png','es');
INSERT INTO album_juser VALUES('67189','711533');
INSERT INTO album_juser VALUES('67189','643827');
INSERT INTO album_juser VALUES('67189','1020947');
INSERT INTO album_juser VALUES('67189','962436');
INSERT INTO album_juser VALUES('67189','89046');
INSERT INTO juser VALUES('521742','joseahernandez','Joseahernandez','http://www.jamendo.com/es/user/joseahernandez','http://imgjam.com/avatars/jamendo/100/pro.png','es');
INSERT INTO juser VALUES('207205','nelsondovale',' ','http://www.jamendo.com/es/user/nelsondovale','http://imgjam.com/avatars/questionmark/avatar.100.gif','br');
INSERT INTO juser VALUES('66379','Kubecz3k','Kubecz3k','http://www.jamendo.com/es/user/Kubecz3k','http://imgjam.com/avatars/jamendo/100/demon.png','pl');
INSERT INTO juser VALUES('3073810','aserenko','Aserenko','http://www.jamendo.com/es/user/aserenko','http://imgjam.com/avatars/810/3073810.100.png','');
INSERT INTO juser VALUES('696677','AliceChan10210','Alicechan10210','http://www.jamendo.com/es/user/AliceChan10210','http://imgjam.com/avatars/jamendo/100/pro.png','en');
INSERT INTO album_juser VALUES('67189','521742');
INSERT INTO album_juser VALUES('67189','207205');
INSERT INTO album_juser VALUES('67189','66379');
INSERT INTO album_juser VALUES('67189','3073810');
INSERT INTO album_juser VALUES('67189','696677');
INSERT INTO album VALUES('79549','Ashes','http://www.jamendo.com/es/album/79549','http://imgjam.com/albums/s79/79549/covers/1.100.jpg','2','2829','Indie Folk/Rock');
UPDATE album SET artist_id='7872' WHERE id='79549';
INSERT INTO track VALUES('683796','Together On Our Own','http://www.jamendo.com/es/track/683796','','','296','http://mp3l.jamendo.com/?trackid=683796&format=mp31&u=0');
UPDATE track SET album_id='79549' WHERE id='683796';
UPDATE track SET text='I learned to walk when I was one
Beneath the Oklahoma sun 
And from that day, I started walking my own route 
I learned to read when I was two
And I believed it all was true 
Too young to fill my mind with questions and with doubt 

I made made my first friend when I was three 
But by four, he moved away so very far from me 
At five I wondered why, people live and people die 
Why the things I loved just slowly slipped away from me 
And only stars remained the same 

    Cold night, starlight
    We are not alone 
    Cold night, starlight
    We are not alone 
    We''re together on our own    

I said goodbye when I was ten
To Santa Claus and all his friends 
I had to leave those childish stories all behind 
But when they told me god was real
I just couldn''t help but feel 
This burning question that was tugging on my mind 

By the time I was eleven, I had given up on heaven 
And everything was falling into place 
I kept my mouth shut, so I wouldn''t rock the boat 
Cuz a kid who''s fallen overboard is too ashamed to float 
And still the stars remained the same 

    [Chorus]

    I learned to walk, when I was one
    Without a crutch to lean upon 
    I had to relearn everything
    My legs were weak without the wings 

    But I''m stronger now, my mind is free
    Controlling my own destiny
    When I write the final chapter
    That''s the last you''ll read of me
    There''s not a finish line / But there is nothing that I fear

Today I went to see a friend
His days are almost at an end 
The doctors say he''s got a month or two to live 
He called to me there from his bed
And with a weakening voice he said 
&quot;If there''s no god, then tell me what''s the point&quot; 

I didn''t have the answer, so I looked at him and said 
You were always giving love, you could have taken it instead 
This journey may be pointless, but at least I sure can say 
You made it better for the rest of us you crossed along the way 
And still the stars remain the same

    [Chorus]' WHERE id='683796';
INSERT INTO playlist VALUES('213214','Test','http://www.jamendo.com/es/playlist/213214','5713');
INSERT INTO playlist_track VALUES('213214','683796');
INSERT INTO playlist VALUES('173506','Por gusto','http://www.jamendo.com/es/playlist/173506','12769');
INSERT INTO playlist_track VALUES('173506','683796');
INSERT INTO playlist_track VALUES('200464','683796');
INSERT INTO playlist VALUES('185518','Favorite','http://www.jamendo.com/es/playlist/185518','2829');
INSERT INTO playlist_track VALUES('185518','683796');
INSERT INTO playlist VALUES('218067','Josh Woodward','http://www.jamendo.com/es/playlist/218067','5684');
INSERT INTO playlist_track VALUES('218067','683796');
INSERT INTO playlist_track VALUES('185520','683796');
INSERT INTO playlist_track VALUES('200779','683796');
INSERT INTO playlist VALUES('180262','CONDUCIENDO','http://www.jamendo.com/es/playlist/180262','52307');
INSERT INTO playlist_track VALUES('180262','683796');
INSERT INTO playlist VALUES('202399','Josh','http://www.jamendo.com/es/playlist/202399','27073');
INSERT INTO playlist_track VALUES('202399','683796');
INSERT INTO playlist_track VALUES('191585','683796');
INSERT INTO playlist VALUES('190945','Some nice','http://www.jamendo.com/es/playlist/190945','3904');
INSERT INTO playlist_track VALUES('190945','683796');
INSERT INTO playlist VALUES('190940','Rock','http://www.jamendo.com/es/playlist/190940','2829');
INSERT INTO playlist_track VALUES('190940','683796');
INSERT INTO playlist_track VALUES('191624','683796');
INSERT INTO playlist VALUES('191168','Pop','http://www.jamendo.com/es/playlist/191168','4103');
INSERT INTO playlist_track VALUES('191168','683796');
INSERT INTO playlist VALUES('191728','Bello','http://www.jamendo.com/es/playlist/191728','3256');
INSERT INTO playlist_track VALUES('191728','683796');
INSERT INTO playlist VALUES('191780','Love','http://www.jamendo.com/es/playlist/191780','2829');
INSERT INTO playlist_track VALUES('191780','683796');
INSERT INTO playlist_track VALUES('199905','683796');
INSERT INTO playlist_track VALUES('192894','683796');
INSERT INTO playlist VALUES('172122','Josh Woodward','http://www.jamendo.com/es/playlist/172122','30461');
INSERT INTO playlist_track VALUES('172122','683796');
INSERT INTO playlist VALUES('212064','Pop Rock','http://www.jamendo.com/es/playlist/212064','3077');
INSERT INTO playlist_track VALUES('212064','683796');
INSERT INTO track VALUES('683797','Swimming In Turpentine','http://www.jamendo.com/es/track/683797','','en','202','http://mp3l.jamendo.com/?trackid=683797&format=mp31&u=0');
UPDATE track SET album_id='79549' WHERE id='683797';
UPDATE track SET text='I didn''t want to take your honor away 
You''re just another toy to me 
Discarded prey and I, 

I didn''t want to hear you crying today 
But everything is what it is 
And you won''t stay in pain for long 
No, you are strong 

    Please, I''m down with a bad disease 
    You''re torn and holy 
    My mind, is swimming in turpentine 
    Dissolving slowly 

You shivered like an earthquake shaking your heart 
You crack a fissure, exposing every inch of your 
Deepest part, and I 

I didn''t mean to make you crumble apart 
But you have got a life a head 
So go and start to cauterize 
Your wounded cries

    [Chorus]' WHERE id='683797';
INSERT INTO playlist_track VALUES('213214','683797');
INSERT INTO playlist VALUES('206308','Aa.vv.','http://www.jamendo.com/es/playlist/206308','4183');
INSERT INTO playlist_track VALUES('206308','683797');
INSERT INTO playlist_track VALUES('173506','683797');
INSERT INTO playlist_track VALUES('200464','683797');
INSERT INTO playlist_track VALUES('185518','683797');
INSERT INTO playlist_track VALUES('185520','683797');
INSERT INTO playlist_track VALUES('200779','683797');
INSERT INTO playlist_track VALUES('180262','683797');
INSERT INTO playlist_track VALUES('190945','683797');
INSERT INTO playlist_track VALUES('191585','683797');
INSERT INTO playlist_track VALUES('190940','683797');
INSERT INTO playlist_track VALUES('191168','683797');
INSERT INTO playlist_track VALUES('191780','683797');
INSERT INTO playlist_track VALUES('199905','683797');
INSERT INTO playlist VALUES('192277','Alex''s World','http://www.jamendo.com/es/playlist/192277','2829');
INSERT INTO playlist_track VALUES('192277','683797');
INSERT INTO playlist VALUES('209159','Music for videos','http://www.jamendo.com/es/playlist/209159','671');
INSERT INTO playlist_track VALUES('209159','683797');
INSERT INTO playlist VALUES('215183','1','http://www.jamendo.com/es/playlist/215183','2829');
INSERT INTO playlist_track VALUES('215183','683797');
INSERT INTO playlist_track VALUES('192894','683797');
INSERT INTO playlist_track VALUES('172122','683797');
INSERT INTO playlist_track VALUES('212064','683797');
INSERT INTO track VALUES('683798','Infinite Horizon','http://www.jamendo.com/es/track/683798','','en','163','http://mp3l.jamendo.com/?trackid=683798&format=mp31&u=0');
UPDATE track SET album_id='79549' WHERE id='683798';
UPDATE track SET text='Adrift at sea, in the searing sunlight 
Veering forthright, toward nothingness 

The ceaseless waves, they will rend and shake us 
They''ll bend and break us, until we quit 

	So lay me down, and let me fall apart 
	We''re lost at sea, without a chart 

		Wake me, if we should crash ashore 
		But I refuse to steer her anymore 

We float alone through this virgin ocean 
The surging motion, a fate resigned

My bones are weak, slowly decomposing
The sea is closing down my mind 

	So lay me down, and let me fall apart 
	We''re lost at sea, forget the chart

		Wake me, if we should crash ashore 
		But I refuse to steer her anymore 

No hope to lose 
The infinite horizon wraps around us like a noose 
But hangs so loose' WHERE id='683798';
INSERT INTO playlist_track VALUES('213214','683798');
INSERT INTO playlist_track VALUES('173506','683798');
INSERT INTO playlist VALUES('185500','V1049','http://www.jamendo.com/es/playlist/185500','4484');
INSERT INTO playlist_track VALUES('185500','683798');
INSERT INTO playlist_track VALUES('172122','683798');
INSERT INTO playlist_track VALUES('200779','683798');
INSERT INTO playlist_track VALUES('200464','683798');
INSERT INTO playlist_track VALUES('185518','683798');
INSERT INTO playlist_track VALUES('185520','683798');
INSERT INTO playlist_track VALUES('191585','683798');
INSERT INTO playlist VALUES('179763','Stuff that catches my interest','http://www.jamendo.com/es/playlist/179763','2829');
INSERT INTO playlist_track VALUES('179763','683798');
INSERT INTO playlist_track VALUES('190945','683798');
INSERT INTO playlist_track VALUES('190940','683798');
INSERT INTO playlist_track VALUES('202399','683798');
INSERT INTO playlist_track VALUES('192277','683798');
INSERT INTO playlist_track VALUES('191624','683798');
INSERT INTO playlist_track VALUES('191168','683798');
INSERT INTO playlist_track VALUES('191728','683798');
INSERT INTO playlist_track VALUES('191780','683798');
INSERT INTO playlist_track VALUES('199905','683798');
INSERT INTO playlist_track VALUES('192894','683798');
INSERT INTO track VALUES('683799','Let It In','http://www.jamendo.com/es/track/683799','','en','241','http://mp3l.jamendo.com/?trackid=683799&format=mp31&u=0');
UPDATE track SET album_id='79549' WHERE id='683799';
UPDATE track SET text='It starts with an itch and a tingle 
Then it builds and expands 
And suddenly all at once my legs won''t let me stand 

I scratch till my fingers go numb 
But my skin never bleeds 
A silent accomplice waits and feeds when I''m asleep 

    There''s something that lives inside me 
    I promise I never let it in 
    It grows and divides inside me 
    It''s making a home beneath my skin 

The seeds have been buried deeply
The roots are in place 
It''s crowding the sun and it''s darkened my days 

I''ve taken it all for granted 
But now it''s too late 
There''s nothing that''s left to do but wait' WHERE id='683799';
INSERT INTO playlist_track VALUES('213214','683799');
INSERT INTO playlist VALUES('213187','Dobre - tekst','http://www.jamendo.com/es/playlist/213187','1450');
INSERT INTO playlist_track VALUES('213187','683799');
INSERT INTO playlist VALUES('29639','On the road','http://www.jamendo.com/es/playlist/29639','13377');
INSERT INTO playlist_track VALUES('29639','683799');
INSERT INTO playlist VALUES('200156','Pop','http://www.jamendo.com/es/playlist/200156','241');
INSERT INTO playlist_track VALUES('200156','683799');
INSERT INTO playlist VALUES('213184','Auch mal nett','http://www.jamendo.com/es/playlist/213184','241');
INSERT INTO playlist_track VALUES('213184','683799');
INSERT INTO playlist VALUES('185408','Otros','http://www.jamendo.com/es/playlist/185408','15603');
INSERT INTO playlist_juser VALUES('185408','157383');
INSERT INTO playlist_track VALUES('185408','683799');
INSERT INTO playlist VALUES('190951','Yea','http://www.jamendo.com/es/playlist/190951','241');
INSERT INTO playlist_track VALUES('190951','683799');
INSERT INTO playlist_track VALUES('172122','683799');
INSERT INTO playlist VALUES('203058','Non male','http://www.jamendo.com/es/playlist/203058','5050');
INSERT INTO playlist_juser VALUES('203058','1075568');
INSERT INTO playlist_track VALUES('203058','683799');
INSERT INTO playlist VALUES('214015','Cool stufff','http://www.jamendo.com/es/playlist/214015','795');
INSERT INTO playlist_track VALUES('214015','683799');
INSERT INTO playlist_track VALUES('200779','683799');
INSERT INTO playlist VALUES('205944','MaPlaylist','http://www.jamendo.com/es/playlist/205944','10056');
INSERT INTO playlist_track VALUES('205944','683799');
INSERT INTO playlist VALUES('209401','Peaks','http://www.jamendo.com/es/playlist/209401','6953');
INSERT INTO playlist_track VALUES('209401','683799');
INSERT INTO playlist_track VALUES('200464','683799');
INSERT INTO playlist VALUES('206508','Pop rock','http://www.jamendo.com/es/playlist/206508','739');
INSERT INTO playlist_track VALUES('206508','683799');
INSERT INTO playlist VALUES('205513','Try again','http://www.jamendo.com/es/playlist/205513','2388');
INSERT INTO playlist_track VALUES('205513','683799');
INSERT INTO playlist VALUES('185523','Top100_2010','http://www.jamendo.com/es/playlist/185523','10568');
INSERT INTO juser VALUES('244310','iKonaK','Ikonak','http://www.jamendo.com/es/user/iKonaK','http://imgjam.com/avatars/310/244310.100.png','en');
INSERT INTO playlist_juser VALUES('185523','244310');
INSERT INTO playlist_track VALUES('185523','683799');
INSERT INTO playlist_track VALUES('185518','683799');
INSERT INTO playlist VALUES('202072','Fäden ziehen','http://www.jamendo.com/es/playlist/202072','1982');
INSERT INTO playlist_track VALUES('202072','683799');
INSERT INTO playlist VALUES('209617','Transalpine','http://www.jamendo.com/es/playlist/209617','241');
INSERT INTO playlist_track VALUES('209617','683799');
INSERT INTO track VALUES('683800','A Thousand Skins (Part 1)','http://www.jamendo.com/es/track/683800','','en','386','http://mp3l.jamendo.com/?trackid=683800&format=mp31&u=0');
UPDATE track SET album_id='79549' WHERE id='683800';
UPDATE track SET text='Your fingers tapping on the table 
My feet are bouncing on the floor 
I haven''t slept for 40 hours, and I will wait for 40 more 
Until the last shot of the war 

They say the waiting is the worst part 
I only hope that that''s the case 
But I won''t let a single instant or a moment or go to waste 
To watch a memory erased 

	Hold on 
	Hold on 
	Cuz I don''t have the time to wait 
	No, I don''t want to be too late 

Your face is burned into my memory 
I''ve traced the lines so carefully 
I''ve memorized the hills and valleys
And the freckles on your cheek 
The way you smile in your sleep 

You told me nothing lasts forever 
But won''t let you fade away 
As time begins its slow destruction, the inescapable decay 
The colors bleaching into gray

    [Chorus]' WHERE id='683800';
INSERT INTO playlist_track VALUES('213214','683800');
INSERT INTO playlist_track VALUES('206308','683800');
INSERT INTO playlist_track VALUES('173506','683800');
INSERT INTO playlist_track VALUES('200464','683800');
INSERT INTO playlist_track VALUES('185520','683800');
INSERT INTO playlist_track VALUES('200779','683800');
INSERT INTO playlist_track VALUES('190945','683800');
INSERT INTO playlist_track VALUES('191585','683800');
INSERT INTO playlist_track VALUES('191624','683800');
INSERT INTO playlist VALUES('175057','OUTSTANDING!','http://www.jamendo.com/es/playlist/175057','3339');
INSERT INTO playlist_track VALUES('175057','683800');
INSERT INTO playlist_track VALUES('190940','683800');
INSERT INTO playlist_track VALUES('192277','683800');
INSERT INTO playlist_track VALUES('191168','683800');
INSERT INTO playlist_track VALUES('191780','683800');
INSERT INTO playlist_track VALUES('199905','683800');
INSERT INTO playlist_track VALUES('180262','683800');
INSERT INTO playlist_track VALUES('192894','683800');
INSERT INTO playlist_track VALUES('172122','683800');
INSERT INTO playlist_track VALUES('212064','683800');
INSERT INTO playlist VALUES('191198','Musi','http://www.jamendo.com/es/playlist/191198','55836');
INSERT INTO playlist_track VALUES('191198','683800');
INSERT INTO track VALUES('683801','Already There','http://www.jamendo.com/es/track/683801','','','221','http://mp3l.jamendo.com/?trackid=683801&format=mp31&u=0');
UPDATE track SET album_id='79549' WHERE id='683801';
UPDATE track SET text='I spent so long just wandering
For years I was adrift
Directionless and wayward lost
Like a swallow on a cliff

But slowly I found purpose
And my life became more clear
I found my destination
But now, where to go from here?

Cuz I''m already there, I''m already everywhere

    I''ve got a wife, two kids and a picket fence
    Everything was hazy, now it''s making sense
    Alright, I made it, so now what?

I paid my dues in factories
I worked until I bled
The suffering made me stronger
So I pushed to get ahead

Now I''m perched above the factory floor
Looking down at my friends below
In my comfy car I drive away
But there''s nowhere left to go

	[chorus]

No one ever told me
That when the race is done
The finish line''s behind you
And you have lost, or you have won

The crowd goes home and you''re still standing
On that empty track
The lights are off, the crowd is gone
And there''s no going back

        [chorus]' WHERE id='683801';
INSERT INTO playlist_track VALUES('213214','683801');
INSERT INTO playlist_track VALUES('173506','683801');
INSERT INTO playlist_track VALUES('180262','683801');
INSERT INTO playlist_track VALUES('200464','683801');
INSERT INTO playlist_track VALUES('185518','683801');
INSERT INTO playlist_track VALUES('185520','683801');
INSERT INTO playlist_track VALUES('200779','683801');
INSERT INTO playlist_track VALUES('202399','683801');
INSERT INTO playlist_track VALUES('191585','683801');
INSERT INTO playlist_track VALUES('190945','683801');
INSERT INTO playlist_track VALUES('172122','683801');
INSERT INTO playlist_track VALUES('190940','683801');
INSERT INTO playlist_track VALUES('191624','683801');
INSERT INTO playlist_track VALUES('191168','683801');
INSERT INTO playlist_track VALUES('191728','683801');
INSERT INTO playlist_track VALUES('191780','683801');
INSERT INTO playlist_track VALUES('199905','683801');
INSERT INTO playlist_track VALUES('192894','683801');
INSERT INTO playlist_track VALUES('218067','683801');
INSERT INTO playlist_track VALUES('212064','683801');
INSERT INTO track VALUES('683802','Pompeii','http://www.jamendo.com/es/track/683802','','','216','http://mp3l.jamendo.com/?trackid=683802&format=mp31&u=0');
UPDATE track SET album_id='79549' WHERE id='683802';
UPDATE track SET text='The last remains of Pompeii burned 
The gadabout had just returned 
To see the ashes covering the town 

Empires burned and cities fell 
While lovers kissed and said farewell 
And laid their fragile bodies on the ground 

	But I''m not scared to burn 
	To dust, I will return again 
        If you''ll stay by my side 
	I''ll lay down and I won''t hide from fate 

Vesuvius was growing colder 
Embers that had hotly smoldered 
Settled into lifeless dust below 

The gadabout was still alive 
But not another soul survived 
So through the blackened streets he walked alone 

	[chorus]

The centuries will come and go 
The sun will shine, the wind will blow 
And we will curse the passing of the years

But time''s eternal, day by day
It''s us who pass, and blow away		 
Soon no one will remember we were here' WHERE id='683802';
INSERT INTO playlist_track VALUES('213214','683802');
INSERT INTO playlist_track VALUES('206308','683802');
INSERT INTO playlist VALUES('133023','My LIST','http://www.jamendo.com/es/playlist/133023','26421');
INSERT INTO playlist_track VALUES('133023','683802');
INSERT INTO playlist_track VALUES('173506','683802');
INSERT INTO playlist_track VALUES('200464','683802');
INSERT INTO playlist_track VALUES('185518','683802');
INSERT INTO playlist_track VALUES('218067','683802');
INSERT INTO playlist_track VALUES('185520','683802');
INSERT INTO playlist_track VALUES('200779','683802');
INSERT INTO playlist_track VALUES('180262','683802');
INSERT INTO playlist_track VALUES('190945','683802');
INSERT INTO playlist_track VALUES('191585','683802');
INSERT INTO playlist_track VALUES('190940','683802');
INSERT INTO playlist_track VALUES('191624','683802');
INSERT INTO playlist_track VALUES('191168','683802');
INSERT INTO playlist_track VALUES('191780','683802');
INSERT INTO playlist_track VALUES('199905','683802');
INSERT INTO playlist_track VALUES('192894','683802');
INSERT INTO playlist_track VALUES('172122','683802');
INSERT INTO playlist_track VALUES('212064','683802');
INSERT INTO track VALUES('683803','Cherubs','http://www.jamendo.com/es/track/683803','','en','256','http://mp3l.jamendo.com/?trackid=683803&format=mp31&u=0');
UPDATE track SET album_id='79549' WHERE id='683803';
UPDATE track SET text='Running in the sand
Living on the land 
The salty breeze was in our eyes 
We stood beneath the dragonflies and danced all night

We polished all the chrome
On our rusty little home 
We slept all night in parking lots 
We tied our hearts in double knots, so tight
So free, so right 

	Remember when
	We were just cherubs in our tender skin
	Waiting patiently for life to begin

Flowing so free
Blowing in the breeze 
The songs we sung so long ago 
With whiskey and an afterglow, we sang so loud 

But there along the way
Something seemed to change 
As weeks turned into months we knew 
As life caught up we slowly grew, apart
And untied our hearts 

	The summer went away and the skies went gray 
	We slowly ran out of things to say 
	The river turned into drought 
	Our time was fading out 

	Defeated and alone, we returned back home 
	Like a bird without a wing who had never flown 
	Surrendered to, suspended dreams 

Remember when 
You walked away in the December wind 
I felt the stinging on my pale skin 
I knew that things would never be the same again 

Remember when 
The clouds rolled in and then the sunlight dimmed 
And what will be, it killed what might have been' WHERE id='683803';
INSERT INTO playlist_track VALUES('185500','683803');
INSERT INTO playlist_track VALUES('213214','683803');
INSERT INTO playlist VALUES('198084','Pop','http://www.jamendo.com/es/playlist/198084','27129');
INSERT INTO playlist_track VALUES('198084','683803');
INSERT INTO playlist VALUES('185469','Sympathique','http://www.jamendo.com/es/playlist/185469','993');
INSERT INTO playlist_track VALUES('185469','683803');
INSERT INTO playlist VALUES('209616','Corsica','http://www.jamendo.com/es/playlist/209616','697');
INSERT INTO playlist_track VALUES('209616','683803');
INSERT INTO playlist_track VALUES('172122','683803');
INSERT INTO playlist VALUES('202161','Bel ritmo','http://www.jamendo.com/es/playlist/202161','7842');
INSERT INTO playlist_track VALUES('202161','683803');
INSERT INTO playlist_track VALUES('200779','683803');
INSERT INTO playlist_track VALUES('185523','683803');
INSERT INTO playlist_track VALUES('200464','683803');
INSERT INTO playlist VALUES('190680','Tbs','http://www.jamendo.com/es/playlist/190680','1167');
INSERT INTO playlist_track VALUES('190680','683803');
INSERT INTO playlist_track VALUES('185518','683803');
INSERT INTO playlist VALUES('189931','Jazz-ambiente','http://www.jamendo.com/es/playlist/189931','7782');
INSERT INTO juser VALUES('1140013','aiza21','Aiza21','http://www.jamendo.com/es/user/aiza21','http://imgjam.com/avatars/13/1140013.100.jpg','fr');
INSERT INTO playlist_juser VALUES('189931','1140013');
INSERT INTO playlist_track VALUES('189931','683803');
INSERT INTO playlist VALUES('205075','2011','http://www.jamendo.com/es/playlist/205075','16195');
INSERT INTO juser VALUES('480481','chochlax','Chochlax','http://www.jamendo.com/es/user/chochlax','http://imgjam.com/avatars/jamendo/100/lapin.png','pl');
INSERT INTO playlist_juser VALUES('205075','480481');
INSERT INTO playlist_track VALUES('205075','683803');
INSERT INTO playlist_track VALUES('185520','683803');
INSERT INTO playlist VALUES('173837','Varia','http://www.jamendo.com/es/playlist/173837','4174');
INSERT INTO playlist_track VALUES('173837','683803');
INSERT INTO playlist_track VALUES('191585','683803');
INSERT INTO playlist VALUES('191869','Soft_alt','http://www.jamendo.com/es/playlist/191869','880');
INSERT INTO playlist_track VALUES('191869','683803');
INSERT INTO playlist VALUES('191581','Trabajandodesdecasa','http://www.jamendo.com/es/playlist/191581','5533');
INSERT INTO playlist_track VALUES('191581','683803');
INSERT INTO playlist_track VALUES('190945','683803');
INSERT INTO track VALUES('683804','Motionless Land','http://www.jamendo.com/es/track/683804','','en','211','http://mp3l.jamendo.com/?trackid=683804&format=mp31&u=0');
UPDATE track SET album_id='79549' WHERE id='683804';
UPDATE track SET text='The TV man spoke of death on some coast
I saw all the crumbling debris
It dealt me a blow, but I''m thankful to know
That it could never happen to me

I am standing on motionless land
A constant under my feet
I''ve got four walls and a roof overhead
It could never happen to me 

    I feel for the poor folks who wander the streets 
    In search of their daughters and sons 
    It''s sad there are people with nothing to eat 
    I''m thankful I''ll never be one

I''ve worked for my family and home
My whole life I fought to be free
No one deserves to be homeless, alone
But it could never happen to me

I''ve lived my life, righteous and wise
And chosen my path carefully
Someone just has to be smiling on high
Cuz this could never happen to me 

    No I''m not without flaws, and I''ve suffered through loss 
    I''ve got problems that weigh on my mind 
    I''ve got bills to pay, and a son on the way 
    So I''ve got to save every dime

These things always happen so far from my door
As if tragedy lives overseas
I wish I could help, but I''m glad for myself
That it could never happen to me' WHERE id='683804';
INSERT INTO playlist_track VALUES('213214','683804');
INSERT INTO playlist_track VALUES('206308','683804');
INSERT INTO playlist_track VALUES('173506','683804');
INSERT INTO playlist_track VALUES('200464','683804');
INSERT INTO playlist_track VALUES('215183','683804');
INSERT INTO playlist_track VALUES('185520','683804');
INSERT INTO playlist_track VALUES('200779','683804');
INSERT INTO playlist_track VALUES('190945','683804');
INSERT INTO playlist_track VALUES('191585','683804');
INSERT INTO playlist_track VALUES('191624','683804');
INSERT INTO playlist_track VALUES('190940','683804');
INSERT INTO playlist_track VALUES('191168','683804');
INSERT INTO playlist_track VALUES('191780','683804');
INSERT INTO playlist_track VALUES('199905','683804');
INSERT INTO playlist_track VALUES('180262','683804');
INSERT INTO playlist_track VALUES('192894','683804');
INSERT INTO playlist_track VALUES('172122','683804');
INSERT INTO playlist_track VALUES('212064','683804');
INSERT INTO playlist_track VALUES('191198','683804');
INSERT INTO playlist VALUES('191899','Pop/rock','http://www.jamendo.com/es/playlist/191899','5896');
INSERT INTO playlist_track VALUES('191899','683804');
INSERT INTO track VALUES('683805','A Thousand Skins (Part 2)','http://www.jamendo.com/es/track/683805','','en','201','http://mp3l.jamendo.com/?trackid=683805&format=mp31&u=0');
UPDATE track SET album_id='79549' WHERE id='683805';
UPDATE track SET text='I thought I saw you in a grocery store 
The hair was frizzy and the eyes were yours 
But you turned and walked away 
You turned and walked away 

I swear I''ve seen you in a thousand skins 
But every time I try to look within 
You turn and walked away' WHERE id='683805';
INSERT INTO playlist_track VALUES('213214','683805');
INSERT INTO playlist_track VALUES('173506','683805');
INSERT INTO playlist_track VALUES('185500','683805');
INSERT INTO playlist_track VALUES('200779','683805');
INSERT INTO playlist_track VALUES('200464','683805');
INSERT INTO playlist_track VALUES('185518','683805');
INSERT INTO playlist_track VALUES('185520','683805');
INSERT INTO playlist_track VALUES('191585','683805');
INSERT INTO playlist_track VALUES('190945','683805');
INSERT INTO playlist_track VALUES('190940','683805');
INSERT INTO playlist_track VALUES('202399','683805');
INSERT INTO playlist_track VALUES('191624','683805');
INSERT INTO playlist_track VALUES('191168','683805');
INSERT INTO playlist_track VALUES('191780','683805');
INSERT INTO playlist_track VALUES('199905','683805');
INSERT INTO playlist_track VALUES('192894','683805');
INSERT INTO playlist_track VALUES('191728','683805');
INSERT INTO playlist_track VALUES('172122','683805');
INSERT INTO playlist_track VALUES('212064','683805');
INSERT INTO playlist_track VALUES('180262','683805');
INSERT INTO track VALUES('683806','The Handyman''s Lament','http://www.jamendo.com/es/track/683806','','en','230','http://mp3l.jamendo.com/?trackid=683806&format=mp31&u=0');
UPDATE track SET album_id='79549' WHERE id='683806';
UPDATE track SET text='When I drop a plate, I sweep the shards of glass into the trash 
When I pop an E string, I can change a new one in a flash 
But when you break, I''m stuck without a clue 
I never learned to fix a thing like you 
  
When the server''s down, you sudo /sbin/reboot in a shell 
When the market tanks, you call a broker, tell him &quot;sell sell sell&quot;
But when you''re down, I don''t know what to do 
I never learned to fix a thing like you 

    I''ll lend an ear 
    To find out what I need to repair 
    But I will try and dry your eyes and fix the scattered parts 
    Yeah, I will learn to mend your troubled heart 

When I cut my hand, I grab the Neosporin from the shelf 
When I stub my toe, I curse in flowing verses to myself 
But when you hurt, I''m stuck without a clue 
I never learned to fix a thing like you 

When a faucet leaks, I tighten up the gasket with a wrench 
When a toilet''s stuck, I plunge it down before the floor is drenched 
But when you cry, I don''t know what to do 
I never learned to fix a thing like you 

    [Chorus]

I know, I''m slow 
I''ve got so much to learn 
But you''ll see, I''ll be 
The place that you can turn 

    [Chorus x 2]' WHERE id='683806';
INSERT INTO playlist_track VALUES('213214','683806');
INSERT INTO playlist_track VALUES('173506','683806');
INSERT INTO playlist_track VALUES('200779','683806');
INSERT INTO playlist_track VALUES('200464','683806');
INSERT INTO playlist_track VALUES('185518','683806');
INSERT INTO playlist_track VALUES('185520','683806');
INSERT INTO playlist_track VALUES('202399','683806');
INSERT INTO playlist_track VALUES('191585','683806');
INSERT INTO playlist_track VALUES('190945','683806');
INSERT INTO playlist_track VALUES('190940','683806');
INSERT INTO playlist_track VALUES('191624','683806');
INSERT INTO playlist_track VALUES('191168','683806');
INSERT INTO playlist_track VALUES('191780','683806');
INSERT INTO playlist_track VALUES('199905','683806');
INSERT INTO playlist_track VALUES('192894','683806');
INSERT INTO playlist_track VALUES('180262','683806');
INSERT INTO playlist_track VALUES('191728','683806');
INSERT INTO playlist_track VALUES('172122','683806');
INSERT INTO playlist_track VALUES('185500','683806');
INSERT INTO playlist_track VALUES('212064','683806');
INSERT INTO track VALUES('683807','Anchor','http://www.jamendo.com/es/track/683807','','en','206','http://mp3l.jamendo.com/?trackid=683807&format=mp31&u=0');
UPDATE track SET album_id='79549' WHERE id='683807';
UPDATE track SET text='The last bus is leaving, but you''re on the curb 
You wanted to run but you''re lacking the nerve 
And motionless standing, you can''t find a word 

The tail lights are fading, your feet on the ground 
Your bags, like an anchor, are weighing you down 
You''re moored to the future, you''re stuck in this town 


You turn to your left and I''m standing alone
With a numbness that''s lingering deep in my bones
And it looks like you''re gonna be coming back home 

And there for a moment we''re caught in a stare 
The city just stops while it hangs in the air 
I once would have saved you, but now I don''t care

So I turn around and go
And I turn around and go

Take another way, take another way, take another way, take another way
Take another way home
Take another way, take another way, take another way, take another way
Take another way home' WHERE id='683807';
INSERT INTO playlist_track VALUES('213214','683807');
INSERT INTO playlist_track VALUES('173506','683807');
INSERT INTO playlist_track VALUES('200464','683807');
INSERT INTO playlist_track VALUES('185518','683807');
INSERT INTO playlist_track VALUES('185500','683807');
INSERT INTO playlist_track VALUES('200779','683807');
INSERT INTO playlist_track VALUES('185520','683807');
INSERT INTO playlist_track VALUES('202399','683807');
INSERT INTO playlist_track VALUES('191585','683807');
INSERT INTO playlist_track VALUES('190945','683807');
INSERT INTO playlist_track VALUES('190940','683807');
INSERT INTO playlist_track VALUES('191624','683807');
INSERT INTO playlist_track VALUES('191168','683807');
INSERT INTO playlist_track VALUES('191728','683807');
INSERT INTO playlist_track VALUES('191780','683807');
INSERT INTO playlist_track VALUES('199905','683807');
INSERT INTO playlist VALUES('213265','ThisMyRock','http://www.jamendo.com/es/playlist/213265','1243');
INSERT INTO playlist_track VALUES('213265','683807');
INSERT INTO playlist_track VALUES('192894','683807');
INSERT INTO playlist_track VALUES('180262','683807');
INSERT INTO playlist_track VALUES('172122','683807');
INSERT INTO juser VALUES('1207212','kezual7','Kezual7','http://www.jamendo.com/es/user/kezual7','http://imgjam.com/avatars/jamendo/100/pro.png','de');
INSERT INTO juser VALUES('902379','souka33','Souka33','http://www.jamendo.com/es/user/souka33','http://imgjam.com/avatars/379/902379.100.jpg','fr');
INSERT INTO juser VALUES('516554','ArkBlitz','Arkblitz','http://www.jamendo.com/es/user/ArkBlitz','http://imgjam.com/avatars/554/516554.100.png','es');
INSERT INTO juser VALUES('1048725','jadween',' ','http://www.jamendo.com/es/user/jadween','http://imgjam.com/avatars/jamendo/100/pro.png','pl');
INSERT INTO album_juser VALUES('79549','1207212');
INSERT INTO album_juser VALUES('79549','902379');
INSERT INTO album_juser VALUES('79549','516554');
INSERT INTO album_juser VALUES('79549','1073859');
INSERT INTO album_juser VALUES('79549','1048725');
INSERT INTO juser VALUES('811597','MrWallace','Mrwallace','http://www.jamendo.com/es/user/MrWallace','http://imgjam.com/avatars/597/811597.100.jpg','es');
INSERT INTO juser VALUES('75365','Schlaffi','Schlaffi','http://www.jamendo.com/es/user/Schlaffi','http://imgjam.com/avatars/365/75365.100.jpg','de');
INSERT INTO juser VALUES('430032','tankryt','Tankryt','http://www.jamendo.com/es/user/tankryt','http://imgjam.com/avatars/jamendo/100/dj.png','pl');
INSERT INTO juser VALUES('652193','PatrikSelin','Patrikselin','http://www.jamendo.com/es/user/PatrikSelin','http://imgjam.com/avatars/193/652193.100.jpg','en');
INSERT INTO album_juser VALUES('79549','811597');
INSERT INTO album_juser VALUES('79549','75365');
INSERT INTO album_juser VALUES('79549','766223');
INSERT INTO album_juser VALUES('79549','430032');
INSERT INTO album_juser VALUES('79549','652193');
INSERT INTO juser VALUES('1280778','redeye.it','Redeye.it','http://www.jamendo.com/es/user/redeye.it','http://imgjam.com/avatars/jamendo/100/pro.png','it');
INSERT INTO juser VALUES('1227382','Realian42','Realian42','http://www.jamendo.com/es/user/Realian42','http://imgjam.com/avatars/jamendo/100/pro.png','fr');
INSERT INTO juser VALUES('1064288','Xarina','Xarina','http://www.jamendo.com/es/user/Xarina','http://imgjam.com/avatars/jamendo/100/pro.png','en');
INSERT INTO juser VALUES('1080445','Lynetsil','Lynetsil','http://www.jamendo.com/es/user/Lynetsil','http://imgjam.com/avatars/445/1080445.100.jpg','fr');
INSERT INTO juser VALUES('615030','Wartung','Wartung','http://www.jamendo.com/es/user/Wartung','http://imgjam.com/avatars/jamendo/100/pro.png','fr');
INSERT INTO album_juser VALUES('79549','1280778');
INSERT INTO album_juser VALUES('79549','1227382');
INSERT INTO album_juser VALUES('79549','1064288');
INSERT INTO album_juser VALUES('79549','1080445');
INSERT INTO album_juser VALUES('79549','615030');
INSERT INTO juser VALUES('1064476','anais94fr','Anais94fr','http://www.jamendo.com/es/user/anais94fr','http://imgjam.com/avatars/jamendo/100/pro.png','fr');
INSERT INTO juser VALUES('210886','Xentalion','Xentalion','http://www.jamendo.com/es/user/Xentalion','http://imgjam.com/avatars/jamendo/100/geek.png','en');
INSERT INTO juser VALUES('77930','zorgon80','Zorgon80','http://www.jamendo.com/es/user/zorgon80','http://imgjam.com/avatars/930/77930.100.png','fr');
INSERT INTO juser VALUES('1025622','Franz.dm_68','Franz.dm_68','http://www.jamendo.com/es/user/Franz.dm_68','http://imgjam.com/avatars/jamendo/100/pro.png','de');
INSERT INTO juser VALUES('1076599','BlackTenShi',' ','http://www.jamendo.com/es/user/BlackTenShi','http://imgjam.com/avatars/599/1076599.100.png','es');
INSERT INTO album_juser VALUES('79549','1064476');
INSERT INTO album_juser VALUES('79549','210886');
INSERT INTO album_juser VALUES('79549','77930');
INSERT INTO album_juser VALUES('79549','1025622');
INSERT INTO album_juser VALUES('79549','1076599');
INSERT INTO album VALUES('84877','Sunny Side of the Street','http://www.jamendo.com/es/album/84877','http://imgjam.com/albums/s84/84877/covers/1.100.jpg','2','2733','Comedic Folk/Rock');
UPDATE album SET artist_id='7872' WHERE id='84877';
INSERT INTO track VALUES('726451','Snooter','http://www.jamendo.com/es/track/726451','','en','176','http://mp3l.jamendo.com/?trackid=726451&format=mp31&u=0');
UPDATE track SET album_id='84877' WHERE id='726451';
UPDATE track SET text='' WHERE id='726451';
INSERT INTO playlist_track VALUES('192894','726451');
INSERT INTO playlist VALUES('194430','Josh Woodward','http://www.jamendo.com/es/playlist/194430','2733');
INSERT INTO playlist_track VALUES('194430','726451');
INSERT INTO playlist VALUES('131255','Soft rock indy','http://www.jamendo.com/es/playlist/131255','16338');
INSERT INTO playlist_track VALUES('131255','726451');
INSERT INTO playlist VALUES('158182','Folk','http://www.jamendo.com/es/playlist/158182','97317');
INSERT INTO playlist_track VALUES('158182','726451');
INSERT INTO playlist VALUES('123869','Mes tounes','http://www.jamendo.com/es/playlist/123869','9893');
INSERT INTO playlist_track VALUES('123869','726451');
INSERT INTO playlist VALUES('171463','Free Music: BY and BY-SA (Part 2)','http://www.jamendo.com/es/playlist/171463','267322');
INSERT INTO juser VALUES('624346','5h2','Rytel krzysztof','http://www.jamendo.com/es/user/5h2','http://imgjam.com/avatars/346/624346.100.png','pl');
INSERT INTO juser VALUES('998943','shackra','Jorge araya navarro','http://www.jamendo.com/es/user/shackra','http://imgjam.com/avatars/943/998943.100.png','es');
INSERT INTO juser VALUES('1089340','undacovabroda','Undacovabroda','http://www.jamendo.com/es/user/undacovabroda','http://imgjam.com/avatars/jamendo/100/pro.png','en');
INSERT INTO playlist_juser VALUES('171463','516554');
INSERT INTO playlist_juser VALUES('171463','624346');
INSERT INTO playlist_juser VALUES('171463','998943');
INSERT INTO playlist_juser VALUES('171463','1089340');
INSERT INTO playlist_track VALUES('171463','726451');
INSERT INTO playlist VALUES('127736','Just good','http://www.jamendo.com/es/playlist/127736','49150');
INSERT INTO playlist_track VALUES('127736','726451');
INSERT INTO playlist VALUES('194645','Pessoal','http://www.jamendo.com/es/playlist/194645','13637');
INSERT INTO playlist_track VALUES('194645','726451');
INSERT INTO playlist VALUES('194513','Soft','http://www.jamendo.com/es/playlist/194513','10636');
INSERT INTO playlist_track VALUES('194513','726451');
INSERT INTO playlist VALUES('226406','JamendoProRadioZip_poprock','http://www.jamendo.com/es/playlist/226406','67881');
INSERT INTO playlist_track VALUES('226406','726451');
INSERT INTO playlist VALUES('189274','Music','http://www.jamendo.com/es/playlist/189274','36877');
INSERT INTO playlist_track VALUES('189274','726451');
INSERT INTO playlist VALUES('192849','Radioattiva.net','http://www.jamendo.com/es/playlist/192849','42559');
INSERT INTO playlist_track VALUES('192849','726451');
INSERT INTO playlist VALUES('179591','Radio Music','http://www.jamendo.com/es/playlist/179591','8049');
INSERT INTO playlist_track VALUES('179591','726451');
INSERT INTO playlist VALUES('194033','POP WOODWARD','http://www.jamendo.com/es/playlist/194033','27073');
INSERT INTO playlist_track VALUES('194033','726451');
INSERT INTO playlist VALUES('194282','Josh Woodward','http://www.jamendo.com/es/playlist/194282','2733');
INSERT INTO playlist_track VALUES('194282','726451');
INSERT INTO playlist VALUES('194274','Josh Woodward','http://www.jamendo.com/es/playlist/194274','10225');
INSERT INTO playlist_track VALUES('194274','726451');
INSERT INTO playlist VALUES('77042','Tolle Musik','http://www.jamendo.com/es/playlist/77042','26899');
INSERT INTO playlist_track VALUES('77042','726451');
INSERT INTO playlist VALUES('194508','05','http://www.jamendo.com/es/playlist/194508','23976');
INSERT INTO playlist_track VALUES('194508','726451');
INSERT INTO playlist_track VALUES('191585','726451');
INSERT INTO playlist VALUES('194669','Josh Woodward','http://www.jamendo.com/es/playlist/194669','15878');
INSERT INTO playlist_track VALUES('194669','726451');
INSERT INTO track VALUES('726452','Fast Food Fantasy','http://www.jamendo.com/es/track/726452','','en','223','http://mp3l.jamendo.com/?trackid=726452&format=mp31&u=0');
UPDATE track SET album_id='84877' WHERE id='726452';
UPDATE track SET text='' WHERE id='726452';
INSERT INTO playlist_track VALUES('192894','726452');
INSERT INTO playlist_track VALUES('131255','726452');
INSERT INTO playlist_track VALUES('123869','726452');
INSERT INTO playlist_track VALUES('189274','726452');
INSERT INTO playlist_track VALUES('158182','726452');
INSERT INTO playlist_track VALUES('191585','726452');
INSERT INTO playlist_track VALUES('127736','726452');
INSERT INTO playlist_track VALUES('194645','726452');
INSERT INTO playlist_track VALUES('194430','726452');
INSERT INTO playlist_track VALUES('226406','726452');
INSERT INTO playlist_track VALUES('159799','726452');
INSERT INTO playlist_track VALUES('171463','726452');
INSERT INTO playlist_track VALUES('192849','726452');
INSERT INTO playlist_track VALUES('179591','726452');
INSERT INTO playlist_track VALUES('194282','726452');
INSERT INTO playlist VALUES('194010','Radio_show_5','http://www.jamendo.com/es/playlist/194010','2543');
INSERT INTO juser VALUES('895128','amsterdammack','Rob foulsham','http://www.jamendo.com/es/user/amsterdammack','http://imgjam.com/avatars/128/895128.100.jpg','en');
INSERT INTO playlist_juser VALUES('194010','895128');
INSERT INTO playlist_track VALUES('194010','726452');
INSERT INTO playlist_track VALUES('194033','726452');
INSERT INTO playlist_track VALUES('194274','726452');
INSERT INTO playlist_track VALUES('77042','726452');
INSERT INTO playlist_track VALUES('194508','726452');
INSERT INTO track VALUES('726453','Chainsaw','http://www.jamendo.com/es/track/726453','','','218','http://mp3l.jamendo.com/?trackid=726453&format=mp31&u=0');
UPDATE track SET album_id='84877' WHERE id='726453';
UPDATE track SET text='' WHERE id='726453';
INSERT INTO playlist_track VALUES('192894','726453');
INSERT INTO playlist_track VALUES('194430','726453');
INSERT INTO playlist VALUES('190729','BONH 01/FEV/2011','http://www.jamendo.com/es/playlist/190729','604');
INSERT INTO playlist_track VALUES('190729','726453');
INSERT INTO playlist_track VALUES('131255','726453');
INSERT INTO playlist VALUES('202272','Musica buenaza que la mierda','http://www.jamendo.com/es/playlist/202272','3321');
INSERT INTO playlist_track VALUES('202272','726453');
INSERT INTO playlist VALUES('212893','Playlist 1','http://www.jamendo.com/es/playlist/212893','461');
INSERT INTO playlist_track VALUES('212893','726453');
INSERT INTO playlist_track VALUES('158182','726453');
INSERT INTO playlist_track VALUES('171463','726453');
INSERT INTO playlist_track VALUES('194645','726453');
INSERT INTO playlist_track VALUES('123869','726453');
INSERT INTO playlist_track VALUES('127736','726453');
INSERT INTO playlist_track VALUES('179591','726453');
INSERT INTO playlist_track VALUES('189274','726453');
INSERT INTO playlist VALUES('158867','Me gustan','http://www.jamendo.com/es/playlist/158867','61366');
INSERT INTO juser VALUES('1390499','Enthouz','Enthouz','http://www.jamendo.com/es/user/Enthouz','http://imgjam.com/avatars/jamendo/100/lapin.png','fr');
INSERT INTO playlist_juser VALUES('158867','1390499');
INSERT INTO playlist_track VALUES('158867','726453');
INSERT INTO playlist_track VALUES('192849','726453');
INSERT INTO playlist_track VALUES('194033','726453');
INSERT INTO playlist_track VALUES('194282','726453');
INSERT INTO playlist_track VALUES('194274','726453');
INSERT INTO playlist_track VALUES('77042','726453');
INSERT INTO playlist_track VALUES('194508','726453');
INSERT INTO track VALUES('726454','Cheapskate Romantic','http://www.jamendo.com/es/track/726454','','','195','http://mp3l.jamendo.com/?trackid=726454&format=mp31&u=0');
UPDATE track SET album_id='84877' WHERE id='726454';
UPDATE track SET text='' WHERE id='726454';
INSERT INTO playlist VALUES('199220','My favourites','http://www.jamendo.com/es/playlist/199220','5211');
INSERT INTO playlist_track VALUES('199220','726454');
INSERT INTO playlist_track VALUES('131255','726454');
INSERT INTO playlist_track VALUES('123869','726454');
INSERT INTO playlist_track VALUES('189274','726454');
INSERT INTO playlist_track VALUES('158182','726454');
INSERT INTO playlist_track VALUES('194513','726454');
INSERT INTO playlist_track VALUES('191585','726454');
INSERT INTO playlist_track VALUES('194645','726454');
INSERT INTO playlist_track VALUES('127736','726454');
INSERT INTO playlist_track VALUES('192894','726454');
INSERT INTO playlist_track VALUES('194430','726454');
INSERT INTO playlist_track VALUES('226406','726454');
INSERT INTO playlist_track VALUES('171463','726454');
INSERT INTO playlist_track VALUES('192849','726454');
INSERT INTO playlist_track VALUES('179591','726454');
INSERT INTO playlist_track VALUES('194282','726454');
INSERT INTO playlist_track VALUES('194033','726454');
INSERT INTO playlist_track VALUES('194274','726454');
INSERT INTO playlist_track VALUES('77042','726454');
INSERT INTO playlist_track VALUES('194508','726454');
INSERT INTO track VALUES('726455','Brown Boxes','http://www.jamendo.com/es/track/726455','','en','176','http://mp3l.jamendo.com/?trackid=726455&format=mp31&u=0');
UPDATE track SET album_id='84877' WHERE id='726455';
UPDATE track SET text='' WHERE id='726455';
INSERT INTO playlist_track VALUES('194430','726455');
INSERT INTO playlist_track VALUES('192894','726455');
INSERT INTO playlist_track VALUES('131255','726455');
INSERT INTO playlist_track VALUES('123869','726455');
INSERT INTO playlist_track VALUES('189274','726455');
INSERT INTO playlist_track VALUES('158182','726455');
INSERT INTO playlist_track VALUES('127736','726455');
INSERT INTO playlist_track VALUES('194645','726455');
INSERT INTO playlist_track VALUES('226406','726455');
INSERT INTO playlist_track VALUES('194513','726455');
INSERT INTO playlist_track VALUES('171463','726455');
INSERT INTO playlist_track VALUES('192849','726455');
INSERT INTO playlist_track VALUES('179591','726455');
INSERT INTO playlist_track VALUES('194033','726455');
INSERT INTO playlist_track VALUES('194282','726455');
INSERT INTO playlist_track VALUES('194274','726455');
INSERT INTO playlist_track VALUES('77042','726455');
INSERT INTO playlist_track VALUES('194508','726455');
INSERT INTO playlist_track VALUES('191585','726455');
INSERT INTO playlist_track VALUES('194669','726455');
INSERT INTO track VALUES('726456','Bonjour Mon Amie','http://www.jamendo.com/es/track/726456','','en','129','http://mp3l.jamendo.com/?trackid=726456&format=mp31&u=0');
UPDATE track SET album_id='84877' WHERE id='726456';
UPDATE track SET text='' WHERE id='726456';
INSERT INTO playlist_track VALUES('209616','726456');
INSERT INTO playlist_track VALUES('192894','726456');
INSERT INTO playlist_track VALUES('199220','726456');
INSERT INTO playlist_track VALUES('194430','726456');
INSERT INTO playlist_track VALUES('131255','726456');
INSERT INTO playlist_track VALUES('158182','726456');
INSERT INTO playlist_track VALUES('194513','726456');
INSERT INTO playlist_track VALUES('171463','726456');
INSERT INTO playlist_track VALUES('194645','726456');
INSERT INTO playlist_track VALUES('123869','726456');
INSERT INTO playlist_track VALUES('127736','726456');
INSERT INTO playlist_track VALUES('226406','726456');
INSERT INTO playlist_track VALUES('179591','726456');
INSERT INTO playlist_track VALUES('189274','726456');
INSERT INTO playlist_track VALUES('192849','726456');
INSERT INTO playlist_track VALUES('194033','726456');
INSERT INTO playlist VALUES('143992','Best off pop songs puis instrumental','http://www.jamendo.com/es/playlist/143992','95281');
INSERT INTO playlist_track VALUES('143992','726456');
INSERT INTO playlist_track VALUES('194282','726456');
INSERT INTO playlist_track VALUES('194274','726456');
INSERT INTO playlist_track VALUES('77042','726456');
INSERT INTO track VALUES('726457','I Hate You','http://www.jamendo.com/es/track/726457','','','147','http://mp3l.jamendo.com/?trackid=726457&format=mp31&u=0');
UPDATE track SET album_id='84877' WHERE id='726457';
UPDATE track SET text='' WHERE id='726457';
INSERT INTO playlist_track VALUES('194430','726457');
INSERT INTO playlist_track VALUES('192894','726457');
INSERT INTO playlist_track VALUES('131255','726457');
INSERT INTO playlist_track VALUES('159799','726457');
INSERT INTO playlist VALUES('191717','Posibles','http://www.jamendo.com/es/playlist/191717','3067');
INSERT INTO playlist_track VALUES('191717','726457');
INSERT INTO playlist_track VALUES('158182','726457');
INSERT INTO playlist_track VALUES('127736','726457');
INSERT INTO playlist_track VALUES('194645','726457');
INSERT INTO playlist_track VALUES('226406','726457');
INSERT INTO playlist_track VALUES('123869','726457');
INSERT INTO playlist_track VALUES('194513','726457');
INSERT INTO playlist_track VALUES('171463','726457');
INSERT INTO playlist VALUES('194673','I Like','http://www.jamendo.com/es/playlist/194673','929');
INSERT INTO playlist_track VALUES('194673','726457');
INSERT INTO playlist_track VALUES('189274','726457');
INSERT INTO playlist_track VALUES('192849','726457');
INSERT INTO playlist_track VALUES('179591','726457');
INSERT INTO playlist_track VALUES('194033','726457');
INSERT INTO playlist_track VALUES('194282','726457');
INSERT INTO playlist_track VALUES('194274','726457');
INSERT INTO playlist_track VALUES('77042','726457');
INSERT INTO track VALUES('726458','Are You Having Fun?','http://www.jamendo.com/es/track/726458','','','163','http://mp3l.jamendo.com/?trackid=726458&format=mp31&u=0');
UPDATE track SET album_id='84877' WHERE id='726458';
UPDATE track SET text='' WHERE id='726458';
INSERT INTO playlist_track VALUES('192894','726458');
INSERT INTO playlist_track VALUES('131255','726458');
INSERT INTO playlist_track VALUES('123869','726458');
INSERT INTO playlist_track VALUES('189274','726458');
INSERT INTO playlist_track VALUES('158182','726458');
INSERT INTO playlist_track VALUES('191585','726458');
INSERT INTO playlist_track VALUES('127736','726458');
INSERT INTO playlist_track VALUES('194645','726458');
INSERT INTO playlist_track VALUES('171463','726458');
INSERT INTO playlist_track VALUES('194430','726458');
INSERT INTO playlist_track VALUES('226406','726458');
INSERT INTO playlist_track VALUES('194513','726458');
INSERT INTO playlist_track VALUES('192849','726458');
INSERT INTO playlist_track VALUES('179591','726458');
INSERT INTO playlist_track VALUES('194282','726458');
INSERT INTO playlist_track VALUES('194033','726458');
INSERT INTO playlist_track VALUES('194274','726458');
INSERT INTO playlist_track VALUES('77042','726458');
INSERT INTO playlist_track VALUES('194508','726458');
INSERT INTO playlist_track VALUES('194669','726458');
INSERT INTO track VALUES('726459','Up Kilkenny','http://www.jamendo.com/es/track/726459','','','172','http://mp3l.jamendo.com/?trackid=726459&format=mp31&u=0');
UPDATE track SET album_id='84877' WHERE id='726459';
UPDATE track SET text='' WHERE id='726459';
INSERT INTO playlist_track VALUES('194513','726459');
INSERT INTO playlist VALUES('188607','TMP 01-02-11','http://www.jamendo.com/es/playlist/188607','648');
INSERT INTO playlist_track VALUES('188607','726459');
INSERT INTO playlist_track VALUES('192894','726459');
INSERT INTO playlist_track VALUES('131255','726459');
INSERT INTO playlist_track VALUES('159799','726459');
INSERT INTO playlist_track VALUES('123869','726459');
INSERT INTO playlist_track VALUES('189274','726459');
INSERT INTO playlist_track VALUES('158182','726459');
INSERT INTO playlist_track VALUES('127736','726459');
INSERT INTO playlist_track VALUES('194645','726459');
INSERT INTO playlist_track VALUES('194430','726459');
INSERT INTO playlist_track VALUES('171463','726459');
INSERT INTO playlist_track VALUES('158867','726459');
INSERT INTO playlist_track VALUES('192849','726459');
INSERT INTO playlist_track VALUES('179591','726459');
INSERT INTO playlist_track VALUES('194033','726459');
INSERT INTO playlist_track VALUES('194282','726459');
INSERT INTO playlist_track VALUES('194274','726459');
INSERT INTO playlist_track VALUES('77042','726459');
INSERT INTO playlist_track VALUES('194508','726459');
INSERT INTO track VALUES('726460','Violet Wants It Her Way','http://www.jamendo.com/es/track/726460','','','178','http://mp3l.jamendo.com/?trackid=726460&format=mp31&u=0');
UPDATE track SET album_id='84877' WHERE id='726460';
UPDATE track SET text='' WHERE id='726460';
INSERT INTO playlist_track VALUES('131255','726460');
INSERT INTO playlist_track VALUES('189274','726460');
INSERT INTO playlist_track VALUES('158182','726460');
INSERT INTO playlist_track VALUES('191585','726460');
INSERT INTO playlist_track VALUES('194645','726460');
INSERT INTO playlist_track VALUES('123869','726460');
INSERT INTO playlist_track VALUES('127736','726460');
INSERT INTO playlist_track VALUES('192894','726460');
INSERT INTO playlist_track VALUES('194430','726460');
INSERT INTO playlist_track VALUES('171463','726460');
INSERT INTO playlist_track VALUES('192849','726460');
INSERT INTO playlist_track VALUES('179591','726460');
INSERT INTO playlist_track VALUES('194282','726460');
INSERT INTO playlist_track VALUES('194513','726460');
INSERT INTO playlist_track VALUES('194033','726460');
INSERT INTO playlist_track VALUES('194274','726460');
INSERT INTO playlist_track VALUES('77042','726460');
INSERT INTO playlist_track VALUES('194508','726460');
INSERT INTO playlist_track VALUES('194669','726460');
INSERT INTO playlist VALUES('52413','Jammit-1','http://www.jamendo.com/es/playlist/52413','50335');
INSERT INTO playlist_track VALUES('52413','726460');
INSERT INTO track VALUES('726461','She''s On My Mind','http://www.jamendo.com/es/track/726461','','','221','http://mp3l.jamendo.com/?trackid=726461&format=mp31&u=0');
UPDATE track SET album_id='84877' WHERE id='726461';
UPDATE track SET text='' WHERE id='726461';
INSERT INTO playlist_track VALUES('194430','726461');
INSERT INTO playlist_track VALUES('192894','726461');
INSERT INTO playlist_track VALUES('131255','726461');
INSERT INTO playlist_track VALUES('158182','726461');
INSERT INTO playlist_track VALUES('127736','726461');
INSERT INTO playlist_track VALUES('194645','726461');
INSERT INTO playlist_track VALUES('226406','726461');
INSERT INTO playlist_track VALUES('123869','726461');
INSERT INTO playlist_track VALUES('179591','726461');
INSERT INTO playlist_track VALUES('171463','726461');
INSERT INTO playlist_track VALUES('143992','726461');
INSERT INTO playlist_track VALUES('194513','726461');
INSERT INTO playlist_track VALUES('189274','726461');
INSERT INTO playlist_track VALUES('192849','726461');
INSERT INTO playlist_track VALUES('188157','726461');
INSERT INTO playlist_track VALUES('194033','726461');
INSERT INTO playlist_track VALUES('194282','726461');
INSERT INTO playlist_track VALUES('194274','726461');
INSERT INTO playlist_track VALUES('77042','726461');
INSERT INTO playlist_track VALUES('194508','726461');
INSERT INTO track VALUES('726462','Talk About Your Feelings','http://www.jamendo.com/es/track/726462','','en','163','http://mp3l.jamendo.com/?trackid=726462&format=mp31&u=0');
UPDATE track SET album_id='84877' WHERE id='726462';
UPDATE track SET text='' WHERE id='726462';
INSERT INTO playlist VALUES('194035','Soft sounds','http://www.jamendo.com/es/playlist/194035','163');
INSERT INTO playlist_track VALUES('194035','726462');
INSERT INTO playlist VALUES('193635','Smooth','http://www.jamendo.com/es/playlist/193635','373');
INSERT INTO playlist_track VALUES('193635','726462');
INSERT INTO playlist_track VALUES('192849','726462');
INSERT INTO playlist_track VALUES('192894','726462');
INSERT INTO playlist_track VALUES('194430','726462');
INSERT INTO playlist_track VALUES('131255','726462');
INSERT INTO playlist VALUES('193929','Vidéo BT 2010','http://www.jamendo.com/es/playlist/193929','1287');
INSERT INTO playlist_track VALUES('193929','726462');
INSERT INTO playlist VALUES('148938','Solo exitos jamendo','http://www.jamendo.com/es/playlist/148938','7423');
INSERT INTO playlist_track VALUES('148938','726462');
INSERT INTO playlist VALUES('182931','2011','http://www.jamendo.com/es/playlist/182931','12782');
INSERT INTO playlist_track VALUES('182931','726462');
INSERT INTO playlist_track VALUES('158182','726462');
INSERT INTO playlist_track VALUES('171463','726462');
INSERT INTO playlist VALUES('191533','1','http://www.jamendo.com/es/playlist/191533','5350');
INSERT INTO playlist_track VALUES('191533','726462');
INSERT INTO playlist VALUES('150140','Mes favoris Facebook','http://www.jamendo.com/es/playlist/150140','18352');
INSERT INTO playlist_track VALUES('150140','726462');
INSERT INTO playlist VALUES('191729','First','http://www.jamendo.com/es/playlist/191729','2820');
INSERT INTO playlist_track VALUES('191729','726462');
INSERT INTO playlist VALUES('220444','Para videos','http://www.jamendo.com/es/playlist/220444','4940');
INSERT INTO playlist_track VALUES('220444','726462');
INSERT INTO playlist VALUES('194783','Free songs','http://www.jamendo.com/es/playlist/194783','163');
INSERT INTO playlist_track VALUES('194783','726462');
INSERT INTO playlist_track VALUES('194645','726462');
INSERT INTO playlist_track VALUES('123869','726462');
INSERT INTO playlist_track VALUES('127736','726462');
INSERT INTO playlist_track VALUES('226406','726462');
INSERT INTO track VALUES('726463','Baba Ganoush','http://www.jamendo.com/es/track/726463','','','211','http://mp3l.jamendo.com/?trackid=726463&format=mp31&u=0');
UPDATE track SET album_id='84877' WHERE id='726463';
UPDATE track SET text='' WHERE id='726463';
INSERT INTO playlist_track VALUES('127736','726463');
INSERT INTO playlist_track VALUES('131255','726463');
INSERT INTO playlist_track VALUES('189274','726463');
INSERT INTO playlist_track VALUES('158182','726463');
INSERT INTO playlist_track VALUES('191585','726463');
INSERT INTO playlist_track VALUES('194645','726463');
INSERT INTO playlist_track VALUES('123869','726463');
INSERT INTO playlist_track VALUES('192894','726463');
INSERT INTO playlist_track VALUES('194430','726463');
INSERT INTO playlist_track VALUES('171463','726463');
INSERT INTO playlist_track VALUES('194513','726463');
INSERT INTO playlist_track VALUES('192849','726463');
INSERT INTO playlist_track VALUES('179591','726463');
INSERT INTO playlist_track VALUES('194282','726463');
INSERT INTO playlist_track VALUES('194033','726463');
INSERT INTO playlist_track VALUES('194274','726463');
INSERT INTO playlist_track VALUES('77042','726463');
INSERT INTO playlist_track VALUES('194508','726463');
INSERT INTO playlist_track VALUES('194669','726463');
INSERT INTO playlist_track VALUES('52413','726463');
INSERT INTO track VALUES('726464','Coffee','http://www.jamendo.com/es/track/726464','','','174','http://mp3l.jamendo.com/?trackid=726464&format=mp31&u=0');
UPDATE track SET album_id='84877' WHERE id='726464';
UPDATE track SET text='' WHERE id='726464';
INSERT INTO playlist VALUES('195195','Top100','http://www.jamendo.com/es/playlist/195195','7496');
INSERT INTO playlist_track VALUES('195195','726464');
INSERT INTO playlist_track VALUES('123869','726464');
INSERT INTO playlist_track VALUES('192894','726464');
INSERT INTO playlist VALUES('196187','Best20-1','http://www.jamendo.com/es/playlist/196187','4097');
INSERT INTO playlist_track VALUES('196187','726464');
INSERT INTO playlist VALUES('195918','Film festival','http://www.jamendo.com/es/playlist/195918','4005');
INSERT INTO playlist_track VALUES('195918','726464');
INSERT INTO playlist_track VALUES('131255','726464');
INSERT INTO playlist VALUES('222711','Dave1','http://www.jamendo.com/es/playlist/222711','5563');
INSERT INTO playlist_track VALUES('222711','726464');
INSERT INTO playlist VALUES('119329','Einfach gut','http://www.jamendo.com/es/playlist/119329','3164');
INSERT INTO playlist_track VALUES('119329','726464');
INSERT INTO playlist_track VALUES('158182','726464');
INSERT INTO playlist_track VALUES('189274','726464');
INSERT INTO playlist_track VALUES('194513','726464');
INSERT INTO playlist VALUES('194648','Soundtrack plataforma','http://www.jamendo.com/es/playlist/194648','1317');
INSERT INTO playlist_track VALUES('194648','726464');
INSERT INTO playlist_track VALUES('127736','726464');
INSERT INTO playlist_track VALUES('194645','726464');
INSERT INTO playlist_track VALUES('194430','726464');
INSERT INTO playlist VALUES('205198','Seleccion EU','http://www.jamendo.com/es/playlist/205198','8847');
INSERT INTO playlist_track VALUES('205198','726464');
INSERT INTO playlist_track VALUES('226406','726464');
INSERT INTO playlist VALUES('194815','Boot Camp Zero','http://www.jamendo.com/es/playlist/194815','4647');
INSERT INTO playlist_track VALUES('194815','726464');
INSERT INTO playlist_track VALUES('171463','726464');
INSERT INTO playlist VALUES('207417','Music','http://www.jamendo.com/es/playlist/207417','4075');
INSERT INTO playlist_track VALUES('207417','726464');
INSERT INTO track VALUES('726465','A Song','http://www.jamendo.com/es/track/726465','','','187','http://mp3l.jamendo.com/?trackid=726465&format=mp31&u=0');
UPDATE track SET album_id='84877' WHERE id='726465';
UPDATE track SET text='' WHERE id='726465';
INSERT INTO playlist_track VALUES('194513','726465');
INSERT INTO playlist_track VALUES('192894','726465');
INSERT INTO playlist_track VALUES('123869','726465');
INSERT INTO playlist_track VALUES('199220','726465');
INSERT INTO playlist_track VALUES('131255','726465');
INSERT INTO playlist_track VALUES('189274','726465');
INSERT INTO playlist_track VALUES('158182','726465');
INSERT INTO playlist_track VALUES('191585','726465');
INSERT INTO playlist_track VALUES('194645','726465');
INSERT INTO playlist_track VALUES('127736','726465');
INSERT INTO playlist_track VALUES('194430','726465');
INSERT INTO playlist_track VALUES('171463','726465');
INSERT INTO playlist_track VALUES('143992','726465');
INSERT INTO playlist_track VALUES('192849','726465');
INSERT INTO playlist_track VALUES('179591','726465');
INSERT INTO playlist_track VALUES('194282','726465');
INSERT INTO playlist_track VALUES('194033','726465');
INSERT INTO playlist_track VALUES('194274','726465');
INSERT INTO playlist_track VALUES('77042','726465');
INSERT INTO playlist_track VALUES('194508','726465');
INSERT INTO juser VALUES('1146384','josuf107','Josuf107','http://www.jamendo.com/es/user/josuf107','http://imgjam.com/avatars/jamendo/100/pro.png','en');
INSERT INTO juser VALUES('837754','kmacphail','Kmacphail','http://www.jamendo.com/es/user/kmacphail','http://imgjam.com/avatars/754/837754.100.jpg','en');
INSERT INTO juser VALUES('674147','vivi-abou','Pelletier violaine','http://www.jamendo.com/es/user/vivi-abou','http://imgjam.com/avatars/147/674147.100.gif','fr');
INSERT INTO juser VALUES('1320616','cairon','Cairon','http://www.jamendo.com/es/user/cairon','http://imgjam.com/avatars/jamendo/100/pro.png','es');
INSERT INTO album_juser VALUES('84877','1146384');
INSERT INTO album_juser VALUES('84877','66379');
INSERT INTO album_juser VALUES('84877','837754');
INSERT INTO album_juser VALUES('84877','674147');
INSERT INTO album_juser VALUES('84877','1320616');
INSERT INTO juser VALUES('1077223','theskjo','Theskjo','http://www.jamendo.com/es/user/theskjo','http://imgjam.com/avatars/223/1077223.100.jpg','it');
INSERT INTO juser VALUES('1081767','Ueberlicht','Ueberlicht','http://www.jamendo.com/es/user/Ueberlicht','http://imgjam.com/avatars/jamendo/100/pro.png','de');
INSERT INTO juser VALUES('347575','Freyelise','Simo sainio','http://www.jamendo.com/es/user/Freyelise','http://imgjam.com/avatars/575/347575.100.jpg','en');
INSERT INTO juser VALUES('693642','JohannSchwarzbart','Johannschwarzbart','http://www.jamendo.com/es/user/JohannSchwarzbart','http://imgjam.com/avatars/jamendo/100/pro.png','de');
INSERT INTO album_juser VALUES('84877','1077223');
INSERT INTO album_juser VALUES('84877','1081767');
INSERT INTO album_juser VALUES('84877','347575');
INSERT INTO album_juser VALUES('84877','615030');
INSERT INTO album_juser VALUES('84877','693642');
INSERT INTO juser VALUES('705250','edmdob5038','Edmdob5038','http://www.jamendo.com/es/user/edmdob5038','http://imgjam.com/avatars/250/705250.100.jpg','fr');
INSERT INTO juser VALUES('853383','ivanla','Ivanla','http://www.jamendo.com/es/user/ivanla','http://imgjam.com/avatars/jamendo/100/pro.png','ru');
INSERT INTO album_juser VALUES('84877','705250');
INSERT INTO album_juser VALUES('84877','911169');
INSERT INTO album_juser VALUES('84877','853383');
INSERT INTO album_juser VALUES('84877','3073810');
INSERT INTO album_juser VALUES('84877','696677');
INSERT INTO juser VALUES('521715','marcoboccaccio','Marcoboccaccio','http://www.jamendo.com/es/user/marcoboccaccio','http://imgjam.com/avatars/715/521715.100.png','it');
INSERT INTO juser VALUES('29786','breizharvro','Breizharvro','http://www.jamendo.com/es/user/breizharvro','http://imgjam.com/avatars/questionmark/avatar.100.gif','fr');
INSERT INTO juser VALUES('1064331','EricZed','Zed eric','http://www.jamendo.com/es/user/EricZed','http://imgjam.com/avatars/331/1064331.100.jpg','en');
INSERT INTO juser VALUES('1054708','Wolfhowler','Wolfhowler','http://www.jamendo.com/es/user/Wolfhowler','http://imgjam.com/avatars/jamendo/100/dj.png','en');
INSERT INTO album_juser VALUES('84877','521715');
INSERT INTO album_juser VALUES('84877','29786');
INSERT INTO album_juser VALUES('84877','1064331');
INSERT INTO album_juser VALUES('84877','1054708');
INSERT INTO album_juser VALUES('84877','207205');
INSERT INTO album VALUES('112820','The Wake','http://www.jamendo.com/es/album/112820','http://imgjam.com/albums/s112/112820/covers/1.100.jpg','2','2808');
UPDATE album SET artist_id='7872' WHERE id='112820';
INSERT INTO track VALUES('959587','Oh Mallory','http://www.jamendo.com/es/track/959587','','','196','http://mp3l.jamendo.com/?trackid=959587&format=mp31&u=0');
UPDATE track SET album_id='112820' WHERE id='959587';
UPDATE track SET text='' WHERE id='959587';
INSERT INTO track VALUES('959588','I Will Not Let You Let Me Down','http://www.jamendo.com/es/track/959588','','','181','http://mp3l.jamendo.com/?trackid=959588&format=mp31&u=0');
UPDATE track SET album_id='112820' WHERE id='959588';
UPDATE track SET text='' WHERE id='959588';
INSERT INTO playlist_track VALUES('227311','959588');
INSERT INTO track VALUES('959589','Crazy Glue','http://www.jamendo.com/es/track/959589','','en','164','http://mp3l.jamendo.com/?trackid=959589&format=mp31&u=0');
UPDATE track SET album_id='112820' WHERE id='959589';
UPDATE track SET text='' WHERE id='959589';
INSERT INTO playlist_track VALUES('227311','959589');
INSERT INTO playlist VALUES('227323','E-Movideo','http://www.jamendo.com/es/playlist/227323','902');
INSERT INTO playlist_track VALUES('227323','959589');
INSERT INTO track VALUES('959590','Hollow Grove','http://www.jamendo.com/es/track/959590','','','234','http://mp3l.jamendo.com/?trackid=959590&format=mp31&u=0');
UPDATE track SET album_id='112820' WHERE id='959590';
UPDATE track SET text='' WHERE id='959590';
INSERT INTO track VALUES('959591','This Is Everything','http://www.jamendo.com/es/track/959591','','','206','http://mp3l.jamendo.com/?trackid=959591&format=mp31&u=0');
UPDATE track SET album_id='112820' WHERE id='959591';
UPDATE track SET text='' WHERE id='959591';
INSERT INTO playlist_track VALUES('227311','959591');
INSERT INTO track VALUES('959592','Water in the Creek','http://www.jamendo.com/es/track/959592','','','183','http://mp3l.jamendo.com/?trackid=959592&format=mp31&u=0');
UPDATE track SET album_id='112820' WHERE id='959592';
UPDATE track SET text='' WHERE id='959592';
INSERT INTO playlist_track VALUES('227311','959592');
INSERT INTO track VALUES('959593','Lafayette','http://www.jamendo.com/es/track/959593','','','303','http://mp3l.jamendo.com/?trackid=959593&format=mp31&u=0');
UPDATE track SET album_id='112820' WHERE id='959593';
UPDATE track SET text='' WHERE id='959593';
INSERT INTO track VALUES('959594','Invisible Light','http://www.jamendo.com/es/track/959594','','en','250','http://mp3l.jamendo.com/?trackid=959594&format=mp31&u=0');
UPDATE track SET album_id='112820' WHERE id='959594';
UPDATE track SET text='' WHERE id='959594';
INSERT INTO playlist VALUES('226722','JamendoProRadioZip_hotrock','http://www.jamendo.com/es/playlist/226722','65836');
INSERT INTO playlist_track VALUES('226722','959594');
INSERT INTO playlist VALUES('226843','JamendoProRadioZip_hotrock','http://www.jamendo.com/es/playlist/226843','66429');
INSERT INTO playlist_track VALUES('226843','959594');
INSERT INTO playlist VALUES('226936','JamendoProRadioZip_hotrock','http://www.jamendo.com/es/playlist/226936','95378');
INSERT INTO playlist_track VALUES('226936','959594');
INSERT INTO playlist VALUES('227108','JamendoProRadioZip_hotrock','http://www.jamendo.com/es/playlist/227108','95243');
INSERT INTO playlist_track VALUES('227108','959594');
INSERT INTO playlist VALUES('227286','JamendoProRadioZip_hotrock','http://www.jamendo.com/es/playlist/227286','94657');
INSERT INTO playlist_track VALUES('227286','959594');
INSERT INTO playlist_track VALUES('227311','959594');
INSERT INTO playlist VALUES('227483','JamendoProRadioZip_hotrock','http://www.jamendo.com/es/playlist/227483','93175');
INSERT INTO playlist_track VALUES('227483','959594');
INSERT INTO playlist VALUES('227509','','http://www.jamendo.com/es/playlist/227509','56771');
INSERT INTO playlist_track VALUES('227509','959594');
INSERT INTO playlist VALUES('227533','JamendoProRadioZip_hotrock','http://www.jamendo.com/es/playlist/227533','103207');
INSERT INTO playlist_track VALUES('227533','959594');
INSERT INTO playlist VALUES('227775','JamendoProRadioZip_hotrock','http://www.jamendo.com/es/playlist/227775','95171');
INSERT INTO playlist_track VALUES('227775','959594');
INSERT INTO track VALUES('959595','Little Tomcat','http://www.jamendo.com/es/track/959595','','en','197','http://mp3l.jamendo.com/?trackid=959595&format=mp31&u=0');
UPDATE track SET album_id='112820' WHERE id='959595';
UPDATE track SET text='' WHERE id='959595';
INSERT INTO track VALUES('959596','Golden Sunrise','http://www.jamendo.com/es/track/959596','','','251','http://mp3l.jamendo.com/?trackid=959596&format=mp31&u=0');
UPDATE track SET album_id='112820' WHERE id='959596';
UPDATE track SET text='' WHERE id='959596';
INSERT INTO playlist_track VALUES('227311','959596');
INSERT INTO track VALUES('959597','The Gloaming','http://www.jamendo.com/es/track/959597','','','183','http://mp3l.jamendo.com/?trackid=959597&format=mp31&u=0');
UPDATE track SET album_id='112820' WHERE id='959597';
UPDATE track SET text='' WHERE id='959597';
INSERT INTO track VALUES('959598','Gemini','http://www.jamendo.com/es/track/959598','','en','251','http://mp3l.jamendo.com/?trackid=959598&format=mp31&u=0');
UPDATE track SET album_id='112820' WHERE id='959598';
UPDATE track SET text='' WHERE id='959598';
INSERT INTO track VALUES('959599','Epilogue','http://www.jamendo.com/es/track/959599','','','209','http://mp3l.jamendo.com/?trackid=959599&format=mp31&u=0');
UPDATE track SET album_id='112820' WHERE id='959599';
UPDATE track SET text='' WHERE id='959599';
INSERT INTO playlist_track VALUES('227311','959599');
INSERT INTO juser VALUES('63257','david_n','David_n','http://www.jamendo.com/es/user/david_n','http://imgjam.com/avatars/questionmark/avatar.100.gif','en');
INSERT INTO juser VALUES('107762','robertdupper','Robertdupper','http://www.jamendo.com/es/user/robertdupper','http://imgjam.com/avatars/questionmark/avatar.100.gif','en');
INSERT INTO juser VALUES('329082','pdm217','Pdm217','http://www.jamendo.com/es/user/pdm217','http://imgjam.com/avatars/questionmark/avatar.100.gif','fr');
INSERT INTO juser VALUES('358456','hejo','Hejo','http://www.jamendo.com/es/user/hejo','http://imgjam.com/avatars/456/358456.100.jpg','de');
INSERT INTO album_juser VALUES('112820','63257');
INSERT INTO album_juser VALUES('112820','66379');
INSERT INTO album_juser VALUES('112820','107762');
INSERT INTO album_juser VALUES('112820','329082');
INSERT INTO album_juser VALUES('112820','358456');
INSERT INTO juser VALUES('394801','jordonk27','Jordonk27','http://www.jamendo.com/es/user/jordonk27','http://imgjam.com/avatars/questionmark/avatar.100.gif','en');
INSERT INTO juser VALUES('459551','kswenson','Kswenson','http://www.jamendo.com/es/user/kswenson','http://imgjam.com/avatars/551/459551.100.jpg','en');
INSERT INTO juser VALUES('594502','saaper',' ','http://www.jamendo.com/es/user/saaper','http://imgjam.com/avatars/502/594502.100.png','pl');
INSERT INTO juser VALUES('624429','soma_delay','Soma_delay','http://www.jamendo.com/es/user/soma_delay','http://imgjam.com/avatars/jamendo/100/dj.png','it');
INSERT INTO juser VALUES('683545','pcmatis','Pcmatis','http://www.jamendo.com/es/user/pcmatis','http://imgjam.com/avatars/jamendo/100/pro.png','en');
INSERT INTO album_juser VALUES('112820','394801');
INSERT INTO album_juser VALUES('112820','459551');
INSERT INTO album_juser VALUES('112820','594502');
INSERT INTO album_juser VALUES('112820','624429');
INSERT INTO album_juser VALUES('112820','683545');
INSERT INTO juser VALUES('784991','alfeliche','Alfeliche','http://www.jamendo.com/es/user/alfeliche','http://imgjam.com/avatars/991/784991.100.jpg','es');
INSERT INTO juser VALUES('796677','brujoquizz','Brujoquizz','http://www.jamendo.com/es/user/brujoquizz','http://imgjam.com/avatars/jamendo/100/vador.png','en');
INSERT INTO juser VALUES('923833','PolishGal',' ','http://www.jamendo.com/es/user/PolishGal','http://imgjam.com/avatars/833/923833.100.jpg','pl');
INSERT INTO juser VALUES('936637','carlozacomo','Carlozacomo','http://www.jamendo.com/es/user/carlozacomo','http://imgjam.com/avatars/jamendo/100/pro.png','es');
INSERT INTO juser VALUES('961854','ckoelle','Ckoelle','http://www.jamendo.com/es/user/ckoelle','http://imgjam.com/avatars/jamendo/100/pro.png','en');
INSERT INTO album_juser VALUES('112820','784991');
INSERT INTO album_juser VALUES('112820','796677');
INSERT INTO album_juser VALUES('112820','923833');
INSERT INTO album_juser VALUES('112820','936637');
INSERT INTO album_juser VALUES('112820','961854');
INSERT INTO juser VALUES('1135093','YatooStyle',' ','http://www.jamendo.com/es/user/YatooStyle','http://imgjam.com/avatars/93/1135093.100.png','fr');
INSERT INTO juser VALUES('1183254','pacyfist','Pacyfist','http://www.jamendo.com/es/user/pacyfist','http://imgjam.com/avatars/jamendo/100/pro.png','pl');
INSERT INTO juser VALUES('3017073','elsie5','Elsie5','http://www.jamendo.com/es/user/elsie5','http://imgjam.com/avatars/jamendo/100/girl_pink.png','');
INSERT INTO juser VALUES('3019453','Goldenmoon','Goldenmoon','http://www.jamendo.com/es/user/Goldenmoon','http://imgjam.com/avatars/jamendo/100/pro.png','');
INSERT INTO juser VALUES('3050635','netpage','Netpage','http://www.jamendo.com/es/user/netpage','http://imgjam.com/avatars/jamendo/100/pro.png','');
INSERT INTO album_juser VALUES('112820','1135093');
INSERT INTO album_juser VALUES('112820','1183254');
INSERT INTO album_juser VALUES('112820','3017073');
INSERT INTO album_juser VALUES('112820','3019453');
INSERT INTO album_juser VALUES('112820','3050635');
INSERT INTO album VALUES('117648','Faded War (Single)','http://www.jamendo.com/es/album/117648','http://imgjam.com/albums/s117/117648/covers/1.100.jpg','3','213','Pop Rock');
UPDATE album SET artist_id='7872' WHERE id='117648';
INSERT INTO track VALUES('1000079','Faded War','http://www.jamendo.com/es/track/1000079','','en','213','http://mp3l.jamendo.com/?trackid=1000079&format=mp31&u=0');
UPDATE track SET album_id='117648' WHERE id='1000079';
UPDATE track SET text='There''s something missing
This apparition where the light once shined
I know it''s hollow
I guess we all know when it''s time

With no emotion
A slow explosion with a flash of light
But I, I won''t close my eyes

And we, are blinded by it all
And we, are waiting for the faded war to fall

There''s no surrender
The last defenders walked away and died
Is this attrition?
Or just submission to the tide

These final moments
Our last opponents are upon us now
And I, can only see your face

[Chorus]

And we won''t stay
And we won''t go
There is no road to follow

In the cold snow
In our wet clothes
We wave the white flag high
But I''m hearing no reply' WHERE id='1000079';
INSERT INTO playlist VALUES('226725','JamendoProRadioZip_poprock','http://www.jamendo.com/es/playlist/226725','68382');
INSERT INTO playlist_track VALUES('226725','1000079');
INSERT INTO playlist VALUES('226771','JamendoProRadioZip_poprock','http://www.jamendo.com/es/playlist/226771','116190');
INSERT INTO playlist_track VALUES('226771','1000079');
INSERT INTO playlist VALUES('226939','JamendoProRadioZip_poprock','http://www.jamendo.com/es/playlist/226939','130712');
INSERT INTO playlist_track VALUES('226939','1000079');
INSERT INTO playlist VALUES('226927','JamendoProRadioZip_poprock','http://www.jamendo.com/es/playlist/226927','115605');
INSERT INTO playlist_track VALUES('226927','1000079');
INSERT INTO playlist VALUES('227111','JamendoProRadioZip_poprock','http://www.jamendo.com/es/playlist/227111','130584');
INSERT INTO playlist_track VALUES('227111','1000079');
INSERT INTO playlist VALUES('227289','JamendoProRadioZip_poprock','http://www.jamendo.com/es/playlist/227289','129916');
INSERT INTO playlist_track VALUES('227289','1000079');
INSERT INTO playlist_track VALUES('227311','1000079');
INSERT INTO playlist VALUES('227486','JamendoProRadioZip_poprock','http://www.jamendo.com/es/playlist/227486','129336');
INSERT INTO playlist_track VALUES('227486','1000079');
INSERT INTO playlist VALUES('227536','JamendoProRadioZip_poprock','http://www.jamendo.com/es/playlist/227536','135915');
INSERT INTO playlist_track VALUES('227536','1000079');
INSERT INTO playlist VALUES('227778','JamendoProRadioZip_poprock','http://www.jamendo.com/es/playlist/227778','132891');
INSERT INTO playlist_track VALUES('227778','1000079');
INSERT INTO juser VALUES('3234544','zanzy82','Zanzy82','http://www.jamendo.com/es/user/zanzy82','http://imgjam.com/avatars/jamendo/100/pro.png','it');
INSERT INTO album_juser VALUES('117648','3234544');
INSERT INTO album VALUES('118684','Shot Down (Single)','http://www.jamendo.com/es/album/118684','http://imgjam.com/albums/s118/118684/covers/1.100.jpg','3','508','Pop/Rock');
UPDATE album SET artist_id='7872' WHERE id='118684';
INSERT INTO track VALUES('1008348','Shot Down','http://www.jamendo.com/es/track/1008348','','en','254','http://mp3l.jamendo.com/?trackid=1008348&format=mp31&u=0');
UPDATE track SET album_id='118684' WHERE id='1008348';
UPDATE track SET text='' WHERE id='1008348';
INSERT INTO playlist_track VALUES('226725','1008348');
INSERT INTO playlist_track VALUES('226771','1008348');
INSERT INTO playlist_track VALUES('226939','1008348');
INSERT INTO playlist_track VALUES('226927','1008348');
INSERT INTO playlist_track VALUES('227111','1008348');
INSERT INTO playlist_track VALUES('227289','1008348');
INSERT INTO playlist_track VALUES('227311','1008348');
INSERT INTO playlist_track VALUES('227486','1008348');
INSERT INTO playlist_track VALUES('227536','1008348');
INSERT INTO playlist_track VALUES('227778','1008348');
INSERT INTO track VALUES('1008369','Shot Down (Instrumental Version)','http://www.jamendo.com/es/track/1008369','','','254','http://mp3l.jamendo.com/?trackid=1008369&format=mp31&u=0');
UPDATE track SET album_id='118684' WHERE id='1008369';
UPDATE track SET text='' WHERE id='1008369';
INSERT INTO album_juser VALUES('118684','329082');
INSERT INTO album VALUES('120008','She Lost Her Wings (Single)','http://www.jamendo.com/es/album/120008','http://imgjam.com/albums/s120/120008/covers/1.100.jpg','3','636');
UPDATE album SET artist_id='7872' WHERE id='120008';
INSERT INTO track VALUES('1020535','She Lost Her Wings','http://www.jamendo.com/es/track/1020535','','en','318','http://mp3l.jamendo.com/?trackid=1020535&format=mp31&u=0');
UPDATE track SET album_id='120008' WHERE id='1020535';
UPDATE track SET text='' WHERE id='1020535';
INSERT INTO playlist_track VALUES('192085','1020535');
INSERT INTO track VALUES('1020534','She Lost Her Wings (Instrumental Version)','http://www.jamendo.com/es/track/1020534','','','318','http://mp3l.jamendo.com/?trackid=1020534&format=mp31&u=0');
UPDATE track SET album_id='120008' WHERE id='1020534';
UPDATE track SET text='' WHERE id='1020534';
INSERT INTO album VALUES('120747','California Lullabye (Single)','http://www.jamendo.com/es/album/120747','http://imgjam.com/albums/s120/120747/covers/1.100.jpg','3','506','Pop Rock');
UPDATE album SET artist_id='7872' WHERE id='120747';
INSERT INTO track VALUES('1026956','California Lullabye','http://www.jamendo.com/es/track/1026956','','','253','http://mp3l.jamendo.com/?trackid=1026956&format=mp31&u=0');
UPDATE track SET album_id='120747' WHERE id='1026956';
UPDATE track SET text='' WHERE id='1026956';
INSERT INTO playlist_track VALUES('227311','1026956');
INSERT INTO track VALUES('1026955','California Lullabye (Instrumental Version)','http://www.jamendo.com/es/track/1026955','','','253','http://mp3l.jamendo.com/?trackid=1026955&format=mp31&u=0');
UPDATE track SET album_id='120747' WHERE id='1026955';
UPDATE track SET text='' WHERE id='1026955';
INSERT INTO album VALUES('121841','Follow the Road (Single)','http://www.jamendo.com/es/album/121841','http://imgjam.com/albums/s121/121841/covers/1.100.jpg','3','618');
UPDATE album SET artist_id='7872' WHERE id='121841';
INSERT INTO track VALUES('1035128','Follow the Road','http://www.jamendo.com/es/track/1035128','','','309','http://mp3l.jamendo.com/?trackid=1035128&format=mp31&u=0');
UPDATE track SET album_id='121841' WHERE id='1035128';
UPDATE track SET text='' WHERE id='1035128';
INSERT INTO track VALUES('1035127','Follow the Road (Instrumental Version)','http://www.jamendo.com/es/track/1035127','','','309','http://mp3l.jamendo.com/?trackid=1035127&format=mp31&u=0');
UPDATE track SET album_id='121841' WHERE id='1035127';
UPDATE track SET text='' WHERE id='1035127';
INSERT INTO album VALUES('124697','Airplane Mode (Single)','http://www.jamendo.com/es/album/124697','http://imgjam.com/albums/s124/124697/covers/1.100.jpg','3','432');
UPDATE album SET artist_id='7872' WHERE id='124697';
INSERT INTO track VALUES('1057411','Airplane Mode','http://www.jamendo.com/es/track/1057411','','','216','http://mp3l.jamendo.com/?trackid=1057411&format=mp31&u=0');
UPDATE track SET album_id='124697' WHERE id='1057411';
UPDATE track SET text='' WHERE id='1057411';
INSERT INTO track VALUES('1057412','Airplane Mode (Instrumental Version)','http://www.jamendo.com/es/track/1057412','','','216','http://mp3l.jamendo.com/?trackid=1057412&format=mp31&u=0');
UPDATE track SET album_id='124697' WHERE id='1057412';
UPDATE track SET text='' WHERE id='1057412';
INSERT INTO album VALUES('125536','Memory Replaced (Single)','http://www.jamendo.com/es/album/125536','http://imgjam.com/albums/s125/125536/covers/1.100.jpg','3','518','Acoustic Pop');
UPDATE album SET artist_id='7872' WHERE id='125536';
INSERT INTO track VALUES('1063105','Memory Replaced','http://www.jamendo.com/es/track/1063105','','','259','http://mp3l.jamendo.com/?trackid=1063105&format=mp31&u=0');
UPDATE track SET album_id='125536' WHERE id='1063105';
UPDATE track SET text='' WHERE id='1063105';
INSERT INTO track VALUES('1063106','Memory Replaced (Instrumental Version)','http://www.jamendo.com/es/track/1063106','','','259','http://mp3l.jamendo.com/?trackid=1063106&format=mp31&u=0');
UPDATE track SET album_id='125536' WHERE id='1063106';
UPDATE track SET text='' WHERE id='1063106';
INSERT INTO album VALUES('126405','The Dreamers (Single)','http://www.jamendo.com/es/album/126405','http://imgjam.com/albums/s126/126405/covers/1.100.jpg','3','436');
UPDATE album SET artist_id='7872' WHERE id='126405';
INSERT INTO track VALUES('1069008','The Dreamers','http://www.jamendo.com/es/track/1069008','','','218','http://mp3l.jamendo.com/?trackid=1069008&format=mp31&u=0');
UPDATE track SET album_id='126405' WHERE id='1069008';
UPDATE track SET text='' WHERE id='1069008';
INSERT INTO track VALUES('1069009','The Dreamers (Instrumental Version)','http://www.jamendo.com/es/track/1069009','','','218','http://mp3l.jamendo.com/?trackid=1069009&format=mp31&u=0');
UPDATE track SET album_id='126405' WHERE id='1069009';
UPDATE track SET text='' WHERE id='1069009';
INSERT INTO album VALUES('128866','Bully (Single)','http://www.jamendo.com/es/album/128866','http://imgjam.com/albums/s128/128866/covers/1.100.jpg','3','494');
UPDATE album SET artist_id='7872' WHERE id='128866';
INSERT INTO track VALUES('1081715','Bully','http://www.jamendo.com/es/track/1081715','','','247','http://mp3l.jamendo.com/?trackid=1081715&format=mp31&u=0');
UPDATE track SET album_id='128866' WHERE id='1081715';
UPDATE track SET text='' WHERE id='1081715';
INSERT INTO playlist_track VALUES('227311','1081715');
INSERT INTO track VALUES('1081716','Bully (Instrumental Version)','http://www.jamendo.com/es/track/1081716','','','247','http://mp3l.jamendo.com/?trackid=1081716&format=mp31&u=0');
UPDATE track SET album_id='128866' WHERE id='1081716';
UPDATE track SET text='' WHERE id='1081716';
INSERT INTO album VALUES('129765','The Last Slice of Pecan Pie (Single)','http://www.jamendo.com/es/album/129765','http://imgjam.com/albums/s129/129765/covers/1.100.jpg','3','118');
UPDATE album SET artist_id='7872' WHERE id='129765';
INSERT INTO track VALUES('1088397','The Last Slice of Pecan Pie','http://www.jamendo.com/es/track/1088397','','','59','http://mp3l.jamendo.com/?trackid=1088397&format=mp31&u=0');
UPDATE track SET album_id='129765' WHERE id='1088397';
UPDATE track SET text='' WHERE id='1088397';
INSERT INTO track VALUES('1088398','The Last Slice of Pecan Pie (Instrumental Version)','http://www.jamendo.com/es/track/1088398','','','59','http://mp3l.jamendo.com/?trackid=1088398&format=mp31&u=0');
UPDATE track SET album_id='129765' WHERE id='1088398';
UPDATE track SET text='' WHERE id='1088398';
INSERT INTO album VALUES('130638','Bags of Water (Single)','http://www.jamendo.com/es/album/130638','http://imgjam.com/albums/s130/130638/covers/1.100.jpg','3','400');
UPDATE album SET artist_id='7872' WHERE id='130638';
INSERT INTO track VALUES('1095701','Bags of Water','http://www.jamendo.com/es/track/1095701','','','200','http://mp3l.jamendo.com/?trackid=1095701&format=mp31&u=0');
UPDATE track SET album_id='130638' WHERE id='1095701';
UPDATE track SET text='' WHERE id='1095701';
INSERT INTO playlist_track VALUES('227311','1095701');
INSERT INTO track VALUES('1095702','Bags of Water (Instrumental Version)','http://www.jamendo.com/es/track/1095702','','','200','http://mp3l.jamendo.com/?trackid=1095702&format=mp31&u=0');
UPDATE track SET album_id='130638' WHERE id='1095702';
UPDATE track SET text='' WHERE id='1095702';
INSERT INTO album VALUES('135128','The Beautiful Machine','http://www.jamendo.com/es/album/135128','http://imgjam.com/albums/s135/135128/covers/1.100.jpg','2','3069');
UPDATE album SET artist_id='7872' WHERE id='135128';
INSERT INTO track VALUES('1128212','California Lullabye','http://www.jamendo.com/es/track/1128212','','','253','http://mp3l.jamendo.com/?trackid=1128212&format=mp31&u=0');
UPDATE track SET album_id='135128' WHERE id='1128212';
UPDATE track SET text='' WHERE id='1128212';
INSERT INTO track VALUES('1128217','Shot Down','http://www.jamendo.com/es/track/1128217','','','254','http://mp3l.jamendo.com/?trackid=1128217&format=mp31&u=0');
UPDATE track SET album_id='135128' WHERE id='1128217';
UPDATE track SET text='' WHERE id='1128217';
INSERT INTO track VALUES('1128218','Faded War','http://www.jamendo.com/es/track/1128218','','','213','http://mp3l.jamendo.com/?trackid=1128218&format=mp31&u=0');
UPDATE track SET album_id='135128' WHERE id='1128218';
UPDATE track SET text='' WHERE id='1128218';
INSERT INTO track VALUES('1128221','She Lost Her Wings','http://www.jamendo.com/es/track/1128221','','','318','http://mp3l.jamendo.com/?trackid=1128221&format=mp31&u=0');
UPDATE track SET album_id='135128' WHERE id='1128221';
UPDATE track SET text='' WHERE id='1128221';
INSERT INTO track VALUES('1128220','Evolution','http://www.jamendo.com/es/track/1128220','','','237','http://mp3l.jamendo.com/?trackid=1128220&format=mp31&u=0');
UPDATE track SET album_id='135128' WHERE id='1128220';
UPDATE track SET text='' WHERE id='1128220';
INSERT INTO track VALUES('1128209','Memory Replaced','http://www.jamendo.com/es/track/1128209','','','260','http://mp3l.jamendo.com/?trackid=1128209&format=mp31&u=0');
UPDATE track SET album_id='135128' WHERE id='1128209';
UPDATE track SET text='' WHERE id='1128209';
INSERT INTO track VALUES('1128210','Tick Tock','http://www.jamendo.com/es/track/1128210','','','189','http://mp3l.jamendo.com/?trackid=1128210&format=mp31&u=0');
UPDATE track SET album_id='135128' WHERE id='1128210';
UPDATE track SET text='' WHERE id='1128210';
INSERT INTO track VALUES('1128219','Bags of Water','http://www.jamendo.com/es/track/1128219','','','209','http://mp3l.jamendo.com/?trackid=1128219&format=mp31&u=0');
UPDATE track SET album_id='135128' WHERE id='1128219';
UPDATE track SET text='' WHERE id='1128219';
INSERT INTO track VALUES('1128215','The Last Slice of Pecan Pie','http://www.jamendo.com/es/track/1128215','','','107','http://mp3l.jamendo.com/?trackid=1128215&format=mp31&u=0');
UPDATE track SET album_id='135128' WHERE id='1128215';
UPDATE track SET text='' WHERE id='1128215';
INSERT INTO track VALUES('1128211','Follow the Road','http://www.jamendo.com/es/track/1128211','','','297','http://mp3l.jamendo.com/?trackid=1128211&format=mp31&u=0');
UPDATE track SET album_id='135128' WHERE id='1128211';
UPDATE track SET text='' WHERE id='1128211';
INSERT INTO track VALUES('1128214','Airplane Mode','http://www.jamendo.com/es/track/1128214','','','216','http://mp3l.jamendo.com/?trackid=1128214&format=mp31&u=0');
UPDATE track SET album_id='135128' WHERE id='1128214';
UPDATE track SET text='' WHERE id='1128214';
INSERT INTO track VALUES('1128213','Branches','http://www.jamendo.com/es/track/1128213','','','297','http://mp3l.jamendo.com/?trackid=1128213&format=mp31&u=0');
UPDATE track SET album_id='135128' WHERE id='1128213';
UPDATE track SET text='' WHERE id='1128213';
INSERT INTO track VALUES('1128216','The Dreamers','http://www.jamendo.com/es/track/1128216','','','219','http://mp3l.jamendo.com/?trackid=1128216&format=mp31&u=0');
UPDATE track SET album_id='135128' WHERE id='1128216';
UPDATE track SET text='' WHERE id='1128216';
INSERT INTO album VALUES('138012','Disappear (Single)','http://www.jamendo.com/es/album/138012','http://imgjam.com/albums/s138/138012/covers/1.100.jpg','3','522');
UPDATE album SET artist_id='7872' WHERE id='138012';
INSERT INTO track VALUES('1150739','Disappear','http://www.jamendo.com/es/track/1150739','','','261','http://mp3l.jamendo.com/?trackid=1150739&format=mp31&u=0');
UPDATE track SET album_id='138012' WHERE id='1150739';
UPDATE track SET text='' WHERE id='1150739';
INSERT INTO track VALUES('1150738','Disappear (Instrumental Version)','http://www.jamendo.com/es/track/1150738','','','261','http://mp3l.jamendo.com/?trackid=1150738&format=mp31&u=0');
UPDATE track SET album_id='138012' WHERE id='1150738';
UPDATE track SET text='' WHERE id='1150738';
INSERT INTO album VALUES('136650','Half-Life (Single)','http://www.jamendo.com/es/album/136650','http://imgjam.com/albums/s136/136650/covers/1.100.jpg','3','532');
UPDATE album SET artist_id='7872' WHERE id='136650';
INSERT INTO track VALUES('1137710','Half-Life','http://www.jamendo.com/es/track/1137710','','','266','http://mp3l.jamendo.com/?trackid=1137710&format=mp31&u=0');
UPDATE track SET album_id='136650' WHERE id='1137710';
UPDATE track SET text='' WHERE id='1137710';
INSERT INTO track VALUES('1137711','Half-Life (Instrumental Version)','http://www.jamendo.com/es/track/1137711','','','266','http://mp3l.jamendo.com/?trackid=1137711&format=mp31&u=0');
UPDATE track SET album_id='136650' WHERE id='1137711';
UPDATE track SET text='' WHERE id='1137711';
INSERT INTO album VALUES('137066','Perfect (Single)','http://www.jamendo.com/es/album/137066','http://imgjam.com/albums/s137/137066/covers/1.100.jpg','3','342');
UPDATE album SET artist_id='7872' WHERE id='137066';
INSERT INTO track VALUES('1143112','Perfect','http://www.jamendo.com/es/track/1143112','','','171','http://mp3l.jamendo.com/?trackid=1143112&format=mp31&u=0');
UPDATE track SET album_id='137066' WHERE id='1143112';
UPDATE track SET text='' WHERE id='1143112';
INSERT INTO track VALUES('1143113','Perfect (Instrumental Version)','http://www.jamendo.com/es/track/1143113','','','171','http://mp3l.jamendo.com/?trackid=1143113&format=mp31&u=0');
UPDATE track SET album_id='137066' WHERE id='1143113';
UPDATE track SET text='' WHERE id='1143113';
INSERT INTO album VALUES('139353','Words Fall Apart (Single)','http://www.jamendo.com/es/album/139353','http://imgjam.com/albums/s139/139353/covers/1.100.jpg','3','224');
UPDATE album SET artist_id='7872' WHERE id='139353';
INSERT INTO track VALUES('1160423','Words Fall Apart','http://www.jamendo.com/es/track/1160423','','','112','http://mp3l.jamendo.com/?trackid=1160423&format=mp31&u=0');
UPDATE track SET album_id='139353' WHERE id='1160423';
UPDATE track SET text='' WHERE id='1160423';
INSERT INTO track VALUES('1160422','Words Fall Apart (Instrumental Mix)','http://www.jamendo.com/es/track/1160422','','','112','http://mp3l.jamendo.com/?trackid=1160422&format=mp31&u=0');
UPDATE track SET album_id='139353' WHERE id='1160422';
UPDATE track SET text='' WHERE id='1160422';
INSERT INTO juser VALUES('37','pierreneo','Pierreneo ','http://www.jamendo.com/es/user/pierreneo','http://imgjam.com/avatars/37/37.100.jpg','fr');
INSERT INTO juser VALUES('521','dageou','Dageou','http://www.jamendo.com/es/user/dageou','http://imgjam.com/avatars/questionmark/avatar.100.gif','fr');
INSERT INTO juser VALUES('557','GnomeInWonderland','Gnomeinwonderland','http://www.jamendo.com/es/user/GnomeInWonderland','http://imgjam.com/avatars/557/557.100.jpg','fr');
INSERT INTO juser VALUES('724','pititjo','Pititjo','http://www.jamendo.com/es/user/pititjo','http://imgjam.com/avatars/724/724.100.png','fr');
INSERT INTO juser VALUES('1693','schupin','Schupin','http://www.jamendo.com/es/user/schupin','http://imgjam.com/avatars/questionmark/avatar.100.gif','fr');
INSERT INTO artist_juser VALUES('7872','37');
INSERT INTO artist_juser VALUES('7872','521');
INSERT INTO artist_juser VALUES('7872','557');
INSERT INTO artist_juser VALUES('7872','724');
INSERT INTO artist_juser VALUES('7872','1693');
INSERT INTO juser VALUES('3293','fimagina','Fimagina','http://www.jamendo.com/es/user/fimagina','http://imgjam.com/avatars/293/3293.100.jpg','fr');
INSERT INTO juser VALUES('4036','jrduboc','Duboc jean-rémy','http://www.jamendo.com/es/user/jrduboc','http://imgjam.com/avatars/questionmark/avatar.100.gif','en');
INSERT INTO juser VALUES('5925','Hubbub Hum','Guillaume debout','http://www.jamendo.com/es/user/Hubbub%20Hum','http://imgjam.com/avatars/925/5925.100.png','fr');
INSERT INTO juser VALUES('6220','NunoXEI','Nunoxei','http://www.jamendo.com/es/user/NunoXEI','http://imgjam.com/avatars/220/6220.100.jpg','en');
INSERT INTO juser VALUES('7045','raps','Cattiez jean-michel','http://www.jamendo.com/es/user/raps','http://imgjam.com/avatars/45/7045.100.jpg','fr');
INSERT INTO artist_juser VALUES('7872','3293');
INSERT INTO artist_juser VALUES('7872','4036');
INSERT INTO artist_juser VALUES('7872','5925');
INSERT INTO artist_juser VALUES('7872','6220');
INSERT INTO artist_juser VALUES('7872','7045');
INSERT INTO juser VALUES('7176','orooro','Orooro','http://www.jamendo.com/es/user/orooro','http://imgjam.com/avatars/questionmark/avatar.100.gif','fr');
INSERT INTO juser VALUES('8266','doctor_hu','Doctor_hu','http://www.jamendo.com/es/user/doctor_hu','http://imgjam.com/avatars/questionmark/avatar.100.gif','en');
INSERT INTO juser VALUES('9407','stonyhill','Steven dunston','http://www.jamendo.com/es/user/stonyhill','http://imgjam.com/avatars/jamendo/100/pb_helmet_note.png','en');
INSERT INTO juser VALUES('9684','ArthurSucks','Arthursucks','http://www.jamendo.com/es/user/ArthurSucks','http://imgjam.com/avatars/684/9684.100.jpg','en');
INSERT INTO artist_juser VALUES('7872','7176');
INSERT INTO artist_juser VALUES('7872','8266');
INSERT INTO artist_juser VALUES('7872','9407');
INSERT INTO artist_juser VALUES('7872','9495');
INSERT INTO artist_juser VALUES('7872','9684');
INSERT INTO juser VALUES('10086','krakus','Krakus','http://www.jamendo.com/es/user/krakus','http://imgjam.com/avatars/86/10086.100.jpg','en');
INSERT INTO juser VALUES('10690','aatos','Aatos','http://www.jamendo.com/es/user/aatos','http://imgjam.com/avatars/questionmark/avatar.100.gif','fr');
INSERT INTO juser VALUES('12498','tib71','Tib71','http://www.jamendo.com/es/user/tib71','http://imgjam.com/avatars/questionmark/avatar.100.gif','fr');
INSERT INTO juser VALUES('12588','Derwin','Derwin','http://www.jamendo.com/es/user/Derwin','http://imgjam.com/avatars/588/12588.100.png','fr');
INSERT INTO juser VALUES('12605','pornboy','Pornboy','http://www.jamendo.com/es/user/pornboy','http://imgjam.com/avatars/605/12605.100.jpg','fr');
INSERT INTO artist_juser VALUES('7872','10086');
INSERT INTO artist_juser VALUES('7872','10690');
INSERT INTO artist_juser VALUES('7872','12498');
INSERT INTO artist_juser VALUES('7872','12588');
INSERT INTO artist_juser VALUES('7872','12605');
INSERT INTO artist VALUES('357359','Kellee_Maize','Kellee Maize','http://www.jamendo.com/es/artist/Kellee_Maize','http://imgjam.com/artists/K/Kellee_Maize.jpg');
INSERT INTO album VALUES('60891','Aligned Archetype (2010)','http://www.jamendo.com/es/album/60891','http://imgjam.com/albums/s60/60891/covers/1.100.jpg','2','4585');
UPDATE album SET artist_id='357359' WHERE id='60891';
INSERT INTO track VALUES('520924','Future Remix ','http://www.jamendo.com/es/track/520924','','en','260','http://mp3l.jamendo.com/?trackid=520924&format=mp31&u=0');
UPDATE track SET album_id='60891' WHERE id='520924';
UPDATE track SET text='' WHERE id='520924';
INSERT INTO playlist VALUES('165644','V1017','http://www.jamendo.com/es/playlist/165644','4520');
INSERT INTO playlist_track VALUES('165644','520924');
INSERT INTO playlist VALUES('133668','Hiphop funk fusion','http://www.jamendo.com/es/playlist/133668','10945');
INSERT INTO playlist_track VALUES('133668','520924');
INSERT INTO playlist VALUES('164416','Probando','http://www.jamendo.com/es/playlist/164416','4585');
INSERT INTO playlist_track VALUES('164416','520924');
INSERT INTO playlist VALUES('199855','Kellee Maize','http://www.jamendo.com/es/playlist/199855','4585');
INSERT INTO playlist_track VALUES('199855','520924');
INSERT INTO playlist VALUES('177818','Teen Pop','http://www.jamendo.com/es/playlist/177818','3296');
INSERT INTO playlist_track VALUES('177818','520924');
INSERT INTO playlist VALUES('73674','J''adore !!!','http://www.jamendo.com/es/playlist/73674','24665');
INSERT INTO playlist_track VALUES('73674','520924');
INSERT INTO playlist VALUES('175247','Audioagency_19_08_2010','http://www.jamendo.com/es/playlist/175247','9843');
INSERT INTO playlist_track VALUES('175247','520924');
INSERT INTO playlist VALUES('119859','Electro','http://www.jamendo.com/es/playlist/119859','13440');
INSERT INTO playlist_track VALUES('119859','520924');
INSERT INTO playlist VALUES('148843','Chief''s','http://www.jamendo.com/es/playlist/148843','4585');
INSERT INTO playlist_track VALUES('148843','520924');
INSERT INTO playlist VALUES('164913','Electro divers','http://www.jamendo.com/es/playlist/164913','260');
INSERT INTO playlist_track VALUES('164913','520924');
INSERT INTO playlist VALUES('59883','Hiphop','http://www.jamendo.com/es/playlist/59883','4966');
INSERT INTO playlist_track VALUES('59883','520924');
INSERT INTO playlist VALUES('156995','Dance - Trance - Electro','http://www.jamendo.com/es/playlist/156995','22266');
INSERT INTO playlist_track VALUES('156995','520924');
INSERT INTO playlist VALUES('215429','Mark3','http://www.jamendo.com/es/playlist/215429','10938');
INSERT INTO playlist_track VALUES('215429','520924');
INSERT INTO playlist VALUES('166069','Techno-Dj ATTack','http://www.jamendo.com/es/playlist/166069','5091');
INSERT INTO playlist_track VALUES('166069','520924');
INSERT INTO playlist VALUES('161464','March2010#1','http://www.jamendo.com/es/playlist/161464','2385');
INSERT INTO juser VALUES('531460','Telperien','Augusto fornitani ','http://www.jamendo.com/es/user/Telperien','http://imgjam.com/avatars/460/531460.100.jpg','en');
INSERT INTO playlist_juser VALUES('161464','531460');
INSERT INTO playlist_track VALUES('161464','520924');
INSERT INTO playlist VALUES('161625','DANCE','http://www.jamendo.com/es/playlist/161625','11499');
INSERT INTO playlist_track VALUES('161625','520924');
INSERT INTO playlist VALUES('163062','Spellfound','http://www.jamendo.com/es/playlist/163062','5174');
INSERT INTO playlist_track VALUES('163062','520924');
INSERT INTO playlist VALUES('163712','Kellee Maize - Aligned Archetype','http://www.jamendo.com/es/playlist/163712','4585');
INSERT INTO juser VALUES('568361','Vicotop','Vicotop','http://www.jamendo.com/es/user/Vicotop','http://imgjam.com/avatars/jamendo/100/cat.png','fr');
INSERT INTO playlist_juser VALUES('163712','568361');
INSERT INTO playlist_track VALUES('163712','520924');
INSERT INTO playlist VALUES('164417','Vocalistas femeninas','http://www.jamendo.com/es/playlist/164417','4585');
INSERT INTO playlist_track VALUES('164417','520924');
INSERT INTO playlist VALUES('164418','Xxx','http://www.jamendo.com/es/playlist/164418','4585');
INSERT INTO playlist_track VALUES('164418','520924');
INSERT INTO track VALUES('520923','Open Minded Medal (Intro)','http://www.jamendo.com/es/track/520923','','en','26','http://mp3l.jamendo.com/?trackid=520923&format=mp31&u=0');
UPDATE track SET album_id='60891' WHERE id='520923';
UPDATE track SET text='' WHERE id='520923';
INSERT INTO playlist_track VALUES('165644','520923');
INSERT INTO playlist VALUES('180172','My fave female artists!','http://www.jamendo.com/es/playlist/180172','7469');
INSERT INTO playlist_track VALUES('180172','520923');
INSERT INTO playlist_track VALUES('133668','520923');
INSERT INTO playlist_track VALUES('199855','520923');
INSERT INTO playlist VALUES('166434','V1018','http://www.jamendo.com/es/playlist/166434','4468');
INSERT INTO playlist_track VALUES('166434','520923');
INSERT INTO playlist_track VALUES('73674','520923');
INSERT INTO playlist_track VALUES('119859','520923');
INSERT INTO playlist_track VALUES('148843','520923');
INSERT INTO playlist VALUES('122377','Chillll ;)','http://www.jamendo.com/es/playlist/122377','22499');
INSERT INTO playlist_track VALUES('122377','520923');
INSERT INTO playlist_track VALUES('59883','520923');
INSERT INTO playlist_track VALUES('156995','520923');
INSERT INTO playlist_track VALUES('215429','520923');
INSERT INTO playlist_track VALUES('161625','520923');
INSERT INTO playlist_track VALUES('164416','520923');
INSERT INTO playlist_track VALUES('163712','520923');
INSERT INTO playlist_track VALUES('164417','520923');
INSERT INTO playlist_track VALUES('164418','520923');
INSERT INTO playlist VALUES('164422','Listen later','http://www.jamendo.com/es/playlist/164422','4585');
INSERT INTO playlist_track VALUES('164422','520923');
INSERT INTO playlist VALUES('164425','Minhas musicas','http://www.jamendo.com/es/playlist/164425','4585');
INSERT INTO playlist_track VALUES('164425','520923');
INSERT INTO playlist VALUES('164442','Kelle Maize-Aligned Archetype','http://www.jamendo.com/es/playlist/164442','4585');
INSERT INTO playlist_track VALUES('164442','520923');
INSERT INTO track VALUES('520926','Start None ','http://www.jamendo.com/es/track/520926','','en','299','http://mp3l.jamendo.com/?trackid=520926&format=mp31&u=0');
UPDATE track SET album_id='60891' WHERE id='520926';
UPDATE track SET text='' WHERE id='520926';
INSERT INTO playlist_track VALUES('165644','520926');
INSERT INTO playlist_track VALUES('133668','520926');
INSERT INTO playlist_track VALUES('199855','520926');
INSERT INTO playlist_track VALUES('194477','520926');
INSERT INTO playlist VALUES('177273','Rap-electro','http://www.jamendo.com/es/playlist/177273','299');
INSERT INTO playlist_track VALUES('177273','520926');
INSERT INTO playlist_track VALUES('173261','520926');
INSERT INTO playlist_track VALUES('73674','520926');
INSERT INTO playlist_track VALUES('164416','520926');
INSERT INTO playlist_track VALUES('119859','520926');
INSERT INTO playlist VALUES('165393','Mes favoris Facebook','http://www.jamendo.com/es/playlist/165393','1911');
INSERT INTO playlist_track VALUES('165393','520926');
INSERT INTO playlist VALUES('165593','Richtig gut!','http://www.jamendo.com/es/playlist/165593','4844');
INSERT INTO playlist_track VALUES('165593','520926');
INSERT INTO playlist_track VALUES('59883','520926');
INSERT INTO playlist VALUES('110849','Dance','http://www.jamendo.com/es/playlist/110849','65602');
INSERT INTO playlist_track VALUES('110849','520926');
INSERT INTO playlist_track VALUES('156995','520926');
INSERT INTO playlist_track VALUES('215429','520926');
INSERT INTO playlist_track VALUES('161625','520926');
INSERT INTO playlist VALUES('162522','April2010#1','http://www.jamendo.com/es/playlist/162522','4121');
INSERT INTO juser VALUES('5492','rikrd','Rikrd','http://www.jamendo.com/es/user/rikrd','http://imgjam.com/avatars/questionmark/avatar.100.gif','en');
INSERT INTO juser VALUES('701533','Ngawang','Ngawang','http://www.jamendo.com/es/user/Ngawang','http://imgjam.com/avatars/jamendo/100/pro.png','en');
INSERT INTO juser VALUES('802696','schlap86','Schlap86','http://www.jamendo.com/es/user/schlap86','http://imgjam.com/avatars/696/802696.100.jpg','fr');
INSERT INTO playlist_juser VALUES('162522','5492');
INSERT INTO playlist_juser VALUES('162522','701533');
INSERT INTO playlist_juser VALUES('162522','802696');
INSERT INTO playlist_track VALUES('162522','520926');
INSERT INTO playlist_track VALUES('163712','520926');
INSERT INTO playlist_track VALUES('164417','520926');
INSERT INTO playlist_track VALUES('164418','520926');
INSERT INTO track VALUES('520933','Signs','http://www.jamendo.com/es/track/520933','','en','277','http://mp3l.jamendo.com/?trackid=520933&format=mp31&u=0');
UPDATE track SET album_id='60891' WHERE id='520933';
UPDATE track SET text='' WHERE id='520933';
INSERT INTO playlist_track VALUES('133668','520933');
INSERT INTO playlist_track VALUES('164416','520933');
INSERT INTO playlist VALUES('173187','Playlist summer 2010','http://www.jamendo.com/es/playlist/173187','930');
INSERT INTO playlist_track VALUES('173187','520933');
INSERT INTO playlist_track VALUES('199855','520933');
INSERT INTO playlist_track VALUES('175247','520933');
INSERT INTO playlist_track VALUES('177818','520933');
INSERT INTO playlist_track VALUES('73674','520933');
INSERT INTO playlist_track VALUES('119859','520933');
INSERT INTO playlist_track VALUES('59883','520933');
INSERT INTO playlist_track VALUES('110849','520933');
INSERT INTO playlist_track VALUES('156995','520933');
INSERT INTO playlist_track VALUES('215429','520933');
INSERT INTO playlist_track VALUES('161625','520933');
INSERT INTO playlist_track VALUES('163712','520933');
INSERT INTO playlist_track VALUES('164417','520933');
INSERT INTO playlist_track VALUES('164418','520933');
INSERT INTO playlist_track VALUES('164422','520933');
INSERT INTO playlist_track VALUES('164425','520933');
INSERT INTO playlist_track VALUES('164442','520933');
INSERT INTO playlist_track VALUES('148843','520933');
INSERT INTO track VALUES('520937','Mothership ','http://www.jamendo.com/es/track/520937','','en','218','http://mp3l.jamendo.com/?trackid=520937&format=mp31&u=0');
UPDATE track SET album_id='60891' WHERE id='520937';
UPDATE track SET text='' WHERE id='520937';
INSERT INTO playlist_track VALUES('133668','520937');
INSERT INTO playlist_track VALUES('199855','520937');
INSERT INTO playlist VALUES('199848','BYT','http://www.jamendo.com/es/playlist/199848','3645');
INSERT INTO playlist_track VALUES('199848','520937');
INSERT INTO playlist VALUES('198241','Favorite','http://www.jamendo.com/es/playlist/198241','7745');
INSERT INTO playlist_track VALUES('198241','520937');
INSERT INTO playlist VALUES('171846','Una que otra','http://www.jamendo.com/es/playlist/171846','13018');
INSERT INTO juser VALUES('1261739','jaspe','Jaspe','http://www.jamendo.com/es/user/jaspe','http://imgjam.com/avatars/739/1261739.100.jpg','fr');
INSERT INTO playlist_juser VALUES('171846','1261739');
INSERT INTO playlist_track VALUES('171846','520937');
INSERT INTO playlist_track VALUES('119859','520937');
INSERT INTO playlist_track VALUES('110849','520937');
INSERT INTO playlist_track VALUES('59883','520937');
INSERT INTO playlist_track VALUES('156995','520937');
INSERT INTO playlist_track VALUES('215429','520937');
INSERT INTO playlist_track VALUES('166069','520937');
INSERT INTO playlist_track VALUES('161625','520937');
INSERT INTO playlist_track VALUES('163712','520937');
INSERT INTO playlist_track VALUES('73674','520937');
INSERT INTO playlist_track VALUES('164416','520937');
INSERT INTO playlist_track VALUES('164417','520937');
INSERT INTO playlist_track VALUES('164418','520937');
INSERT INTO playlist_track VALUES('164422','520937');
INSERT INTO playlist_track VALUES('164425','520937');
INSERT INTO playlist_track VALUES('164442','520937');
INSERT INTO track VALUES('520938','Godette','http://www.jamendo.com/es/track/520938','','en','236','http://mp3l.jamendo.com/?trackid=520938&format=mp31&u=0');
UPDATE track SET album_id='60891' WHERE id='520938';
UPDATE track SET text='' WHERE id='520938';
INSERT INTO playlist_track VALUES('133668','520938');
INSERT INTO playlist VALUES('206306','VOLUME 1','http://www.jamendo.com/es/playlist/206306','3560');
INSERT INTO playlist_track VALUES('206306','520938');
INSERT INTO playlist VALUES('206565','JM','http://www.jamendo.com/es/playlist/206565','2175');
INSERT INTO playlist_track VALUES('206565','520938');
INSERT INTO playlist_track VALUES('175247','520938');
INSERT INTO playlist_track VALUES('199855','520938');
INSERT INTO playlist_track VALUES('110849','520938');
INSERT INTO playlist_track VALUES('59883','520938');
INSERT INTO playlist_track VALUES('156995','520938');
INSERT INTO playlist_track VALUES('215429','520938');
INSERT INTO playlist_track VALUES('161625','520938');
INSERT INTO playlist_track VALUES('119859','520938');
INSERT INTO playlist_track VALUES('163712','520938');
INSERT INTO playlist_track VALUES('73674','520938');
INSERT INTO playlist_track VALUES('164416','520938');
INSERT INTO playlist_track VALUES('164417','520938');
INSERT INTO playlist_track VALUES('164418','520938');
INSERT INTO playlist_track VALUES('164422','520938');
INSERT INTO playlist_track VALUES('164425','520938');
INSERT INTO playlist_track VALUES('164442','520938');
INSERT INTO playlist_track VALUES('148843','520938');
INSERT INTO track VALUES('520945','Say Watcha Want','http://www.jamendo.com/es/track/520945','','en','271','http://mp3l.jamendo.com/?trackid=520945&format=mp31&u=0');
UPDATE track SET album_id='60891' WHERE id='520945';
UPDATE track SET text='' WHERE id='520945';
INSERT INTO playlist_track VALUES('133668','520945');
INSERT INTO playlist_track VALUES('199855','520945');
INSERT INTO playlist_track VALUES('110849','520945');
INSERT INTO playlist_track VALUES('59883','520945');
INSERT INTO playlist_track VALUES('156995','520945');
INSERT INTO playlist_track VALUES('215429','520945');
INSERT INTO playlist_track VALUES('161625','520945');
INSERT INTO playlist_track VALUES('119859','520945');
INSERT INTO playlist_track VALUES('163712','520945');
INSERT INTO playlist_track VALUES('73674','520945');
INSERT INTO playlist_track VALUES('164416','520945');
INSERT INTO playlist_track VALUES('164417','520945');
INSERT INTO playlist_track VALUES('164418','520945');
INSERT INTO playlist_track VALUES('164422','520945');
INSERT INTO playlist_track VALUES('164425','520945');
INSERT INTO playlist_track VALUES('164442','520945');
INSERT INTO playlist_track VALUES('148843','520945');
INSERT INTO playlist VALUES('164458','X','http://www.jamendo.com/es/playlist/164458','4585');
INSERT INTO playlist_track VALUES('164458','520945');
INSERT INTO playlist VALUES('164484','Rapp','http://www.jamendo.com/es/playlist/164484','4585');
INSERT INTO playlist_track VALUES('164484','520945');
INSERT INTO playlist VALUES('164516','Rap','http://www.jamendo.com/es/playlist/164516','4585');
INSERT INTO playlist_track VALUES('164516','520945');
INSERT INTO track VALUES('520951','City of Champions','http://www.jamendo.com/es/track/520951','','en','257','http://mp3l.jamendo.com/?trackid=520951&format=mp31&u=0');
UPDATE track SET album_id='60891' WHERE id='520951';
UPDATE track SET text='' WHERE id='520951';
INSERT INTO playlist_track VALUES('133668','520951');
INSERT INTO playlist_track VALUES('175247','520951');
INSERT INTO playlist_track VALUES('199855','520951');
INSERT INTO playlist VALUES('179424','Berenjenal''s hotest groove - street tape one','http://www.jamendo.com/es/playlist/179424','2291');
INSERT INTO playlist_track VALUES('179424','520951');
INSERT INTO playlist_track VALUES('110849','520951');
INSERT INTO playlist_track VALUES('59883','520951');
INSERT INTO playlist_track VALUES('156995','520951');
INSERT INTO playlist_track VALUES('215429','520951');
INSERT INTO playlist_track VALUES('161625','520951');
INSERT INTO playlist_track VALUES('119859','520951');
INSERT INTO playlist_track VALUES('163712','520951');
INSERT INTO playlist_track VALUES('73674','520951');
INSERT INTO playlist_track VALUES('164416','520951');
INSERT INTO playlist_track VALUES('164417','520951');
INSERT INTO playlist_track VALUES('164418','520951');
INSERT INTO playlist_track VALUES('164422','520951');
INSERT INTO playlist_track VALUES('164425','520951');
INSERT INTO playlist_track VALUES('164442','520951');
INSERT INTO playlist_track VALUES('148843','520951');
INSERT INTO playlist_track VALUES('164458','520951');
INSERT INTO track VALUES('521016','Struggle Remix, AKA White Girl Socialist ','http://www.jamendo.com/es/track/521016','','en','254','http://mp3l.jamendo.com/?trackid=521016&format=mp31&u=0');
UPDATE track SET album_id='60891' WHERE id='521016';
UPDATE track SET text='' WHERE id='521016';
INSERT INTO playlist_track VALUES('133668','521016');
INSERT INTO playlist_track VALUES('199855','521016');
INSERT INTO playlist VALUES('206018','GoodGois','http://www.jamendo.com/es/playlist/206018','254');
INSERT INTO playlist_track VALUES('206018','521016');
INSERT INTO playlist_track VALUES('59883','521016');
INSERT INTO playlist_track VALUES('110849','521016');
INSERT INTO playlist_track VALUES('215429','521016');
INSERT INTO playlist_track VALUES('156995','521016');
INSERT INTO playlist_track VALUES('161625','521016');
INSERT INTO playlist_track VALUES('119859','521016');
INSERT INTO playlist_track VALUES('163712','521016');
INSERT INTO playlist_track VALUES('73674','521016');
INSERT INTO playlist_track VALUES('164416','521016');
INSERT INTO playlist_track VALUES('164417','521016');
INSERT INTO playlist_track VALUES('164418','521016');
INSERT INTO playlist_track VALUES('164422','521016');
INSERT INTO playlist_track VALUES('164425','521016');
INSERT INTO playlist_track VALUES('164442','521016');
INSERT INTO playlist_track VALUES('148843','521016');
INSERT INTO playlist_track VALUES('164458','521016');
INSERT INTO playlist_track VALUES('164484','521016');
INSERT INTO track VALUES('520984','Big Plans','http://www.jamendo.com/es/track/520984','','','189','http://mp3l.jamendo.com/?trackid=520984&format=mp31&u=0');
UPDATE track SET album_id='60891' WHERE id='520984';
UPDATE track SET text='' WHERE id='520984';
INSERT INTO playlist_track VALUES('133668','520984');
INSERT INTO playlist_track VALUES('175247','520984');
INSERT INTO playlist_track VALUES('199855','520984');
INSERT INTO playlist_track VALUES('110849','520984');
INSERT INTO playlist_track VALUES('59883','520984');
INSERT INTO playlist_track VALUES('156995','520984');
INSERT INTO playlist_track VALUES('215429','520984');
INSERT INTO playlist_track VALUES('161625','520984');
INSERT INTO playlist_track VALUES('119859','520984');
INSERT INTO playlist_track VALUES('163712','520984');
INSERT INTO playlist_track VALUES('73674','520984');
INSERT INTO playlist_track VALUES('164416','520984');
INSERT INTO playlist_track VALUES('164417','520984');
INSERT INTO playlist_track VALUES('164418','520984');
INSERT INTO playlist_track VALUES('164422','520984');
INSERT INTO playlist_track VALUES('164425','520984');
INSERT INTO playlist_track VALUES('164442','520984');
INSERT INTO playlist_track VALUES('148843','520984');
INSERT INTO playlist_track VALUES('164458','520984');
INSERT INTO playlist_track VALUES('164484','520984');
INSERT INTO track VALUES('520989','Friday Night Flu Remix ','http://www.jamendo.com/es/track/520989','','en','270','http://mp3l.jamendo.com/?trackid=520989&format=mp31&u=0');
UPDATE track SET album_id='60891' WHERE id='520989';
UPDATE track SET text='' WHERE id='520989';
INSERT INTO playlist_track VALUES('199855','520989');
INSERT INTO playlist_track VALUES('133668','520989');
INSERT INTO playlist_track VALUES('110849','520989');
INSERT INTO playlist_track VALUES('215429','520989');
INSERT INTO playlist_track VALUES('59883','520989');
INSERT INTO playlist_track VALUES('156995','520989');
INSERT INTO playlist_track VALUES('161625','520989');
INSERT INTO playlist_track VALUES('119859','520989');
INSERT INTO playlist_track VALUES('163712','520989');
INSERT INTO playlist_track VALUES('73674','520989');
INSERT INTO playlist_track VALUES('164416','520989');
INSERT INTO playlist_track VALUES('164417','520989');
INSERT INTO playlist_track VALUES('164418','520989');
INSERT INTO playlist_track VALUES('164422','520989');
INSERT INTO playlist_track VALUES('164425','520989');
INSERT INTO playlist_track VALUES('164442','520989');
INSERT INTO playlist_track VALUES('148843','520989');
INSERT INTO playlist_track VALUES('164458','520989');
INSERT INTO playlist_track VALUES('164484','520989');
INSERT INTO playlist_track VALUES('164516','520989');
INSERT INTO track VALUES('520993','Third Eye ','http://www.jamendo.com/es/track/520993','','','278','http://mp3l.jamendo.com/?trackid=520993&format=mp31&u=0');
UPDATE track SET album_id='60891' WHERE id='520993';
UPDATE track SET text='' WHERE id='520993';
INSERT INTO playlist_track VALUES('133668','520993');
INSERT INTO playlist_track VALUES('199855','520993');
INSERT INTO playlist_track VALUES('175247','520993');
INSERT INTO playlist VALUES('175843','Gemma','http://www.jamendo.com/es/playlist/175843','4350');
INSERT INTO juser VALUES('938852','Sunshine Concerts','Concerts sunshine','http://www.jamendo.com/es/user/Sunshine%20Concerts','http://imgjam.com/avatars/852/938852.100.jpg','en');
INSERT INTO juser VALUES('945952','Sammy Geerts','Sammy geerts','http://www.jamendo.com/es/user/Sammy%20Geerts','http://imgjam.com/avatars/952/945952.100.jpg','en');
INSERT INTO playlist_juser VALUES('175843','938852');
INSERT INTO playlist_juser VALUES('175843','945952');
INSERT INTO playlist_track VALUES('175843','520993');
INSERT INTO playlist VALUES('174540','PRO Birth Announcement','http://www.jamendo.com/es/playlist/174540','4218');
INSERT INTO playlist_track VALUES('174540','520993');
INSERT INTO playlist VALUES('181312','Art-en-direct','http://www.jamendo.com/es/playlist/181312','1952');
INSERT INTO juser VALUES('592597','morganejamendo','Morgane dourthe','http://www.jamendo.com/es/user/morganejamendo','http://imgjam.com/avatars/597/592597.100.jpg','fr');
INSERT INTO playlist_juser VALUES('181312','592597');
INSERT INTO playlist_track VALUES('181312','520993');
INSERT INTO playlist_track VALUES('110849','520993');
INSERT INTO playlist VALUES('126560','Lancinant','http://www.jamendo.com/es/playlist/126560','47991');
INSERT INTO playlist_track VALUES('126560','520993');
INSERT INTO playlist VALUES('122674','Beat','http://www.jamendo.com/es/playlist/122674','24223');
INSERT INTO juser VALUES('646501','nicothespider','Nicothespider','http://www.jamendo.com/es/user/nicothespider','http://imgjam.com/avatars/jamendo/100/pro.png','fr');
INSERT INTO playlist_juser VALUES('122674','646501');
INSERT INTO playlist_track VALUES('122674','520993');
INSERT INTO playlist_track VALUES('215429','520993');
INSERT INTO playlist_track VALUES('59883','520993');
INSERT INTO playlist_track VALUES('156995','520993');
INSERT INTO playlist_track VALUES('161625','520993');
INSERT INTO playlist_track VALUES('119859','520993');
INSERT INTO playlist_track VALUES('163712','520993');
INSERT INTO playlist_track VALUES('73674','520993');
INSERT INTO playlist_track VALUES('164416','520993');
INSERT INTO playlist_track VALUES('164417','520993');
INSERT INTO playlist_track VALUES('164418','520993');
INSERT INTO playlist_track VALUES('164422','520993');
INSERT INTO track VALUES('520998','Thought to Thing','http://www.jamendo.com/es/track/520998','','','312','http://mp3l.jamendo.com/?trackid=520998&format=mp31&u=0');
UPDATE track SET album_id='60891' WHERE id='520998';
UPDATE track SET text='' WHERE id='520998';
INSERT INTO playlist_track VALUES('133668','520998');
INSERT INTO playlist_track VALUES('199855','520998');
INSERT INTO playlist_track VALUES('59883','520998');
INSERT INTO playlist_track VALUES('110849','520998');
INSERT INTO playlist_track VALUES('215429','520998');
INSERT INTO playlist_track VALUES('156995','520998');
INSERT INTO playlist_track VALUES('161625','520998');
INSERT INTO playlist_track VALUES('119859','520998');
INSERT INTO playlist_track VALUES('163712','520998');
INSERT INTO playlist_track VALUES('73674','520998');
INSERT INTO playlist_track VALUES('164416','520998');
INSERT INTO playlist_track VALUES('164417','520998');
INSERT INTO playlist_track VALUES('164418','520998');
INSERT INTO playlist_track VALUES('164422','520998');
INSERT INTO playlist_track VALUES('164425','520998');
INSERT INTO playlist_track VALUES('164442','520998');
INSERT INTO playlist_track VALUES('148843','520998');
INSERT INTO playlist_track VALUES('164458','520998');
INSERT INTO playlist_track VALUES('164484','520998');
INSERT INTO playlist_track VALUES('164516','520998');
INSERT INTO track VALUES('521015','Freakuency','http://www.jamendo.com/es/track/521015','','','225','http://mp3l.jamendo.com/?trackid=521015&format=mp31&u=0');
UPDATE track SET album_id='60891' WHERE id='521015';
UPDATE track SET text='' WHERE id='521015';
INSERT INTO playlist_track VALUES('133668','521015');
INSERT INTO playlist_track VALUES('199855','521015');
INSERT INTO playlist_track VALUES('126560','521015');
INSERT INTO playlist_track VALUES('59883','521015');
INSERT INTO playlist_track VALUES('110849','521015');
INSERT INTO playlist_track VALUES('215429','521015');
INSERT INTO playlist_track VALUES('156995','521015');
INSERT INTO playlist_track VALUES('161625','521015');
INSERT INTO playlist_track VALUES('119859','521015');
INSERT INTO playlist_track VALUES('163712','521015');
INSERT INTO playlist_track VALUES('73674','521015');
INSERT INTO playlist_track VALUES('164416','521015');
INSERT INTO playlist_track VALUES('164417','521015');
INSERT INTO playlist_track VALUES('164418','521015');
INSERT INTO playlist_track VALUES('164422','521015');
INSERT INTO playlist_track VALUES('164425','521015');
INSERT INTO playlist_track VALUES('164442','521015');
INSERT INTO playlist_track VALUES('148843','521015');
INSERT INTO playlist_track VALUES('164458','521015');
INSERT INTO playlist_track VALUES('164484','521015');
INSERT INTO track VALUES('521021','Something Sacred','http://www.jamendo.com/es/track/521021','','en','260','http://mp3l.jamendo.com/?trackid=521021&format=mp31&u=0');
UPDATE track SET album_id='60891' WHERE id='521021';
UPDATE track SET text='' WHERE id='521021';
INSERT INTO playlist_track VALUES('133668','521021');
INSERT INTO playlist_track VALUES('122674','521021');
INSERT INTO playlist_track VALUES('175247','521021');
INSERT INTO playlist_track VALUES('59883','521021');
INSERT INTO playlist_track VALUES('199855','521021');
INSERT INTO playlist_track VALUES('110849','521021');
INSERT INTO playlist_track VALUES('215429','521021');
INSERT INTO playlist_track VALUES('156995','521021');
INSERT INTO playlist_track VALUES('161625','521021');
INSERT INTO playlist_track VALUES('119859','521021');
INSERT INTO playlist_track VALUES('163712','521021');
INSERT INTO playlist_track VALUES('164416','521021');
INSERT INTO playlist_track VALUES('164417','521021');
INSERT INTO playlist_track VALUES('164418','521021');
INSERT INTO playlist_track VALUES('164422','521021');
INSERT INTO playlist_track VALUES('164425','521021');
INSERT INTO playlist_track VALUES('164442','521021');
INSERT INTO playlist_track VALUES('148843','521021');
INSERT INTO playlist_track VALUES('164458','521021');
INSERT INTO playlist_track VALUES('73674','521021');
INSERT INTO track VALUES('521023','Evolution Remix','http://www.jamendo.com/es/track/521023','','en','239','http://mp3l.jamendo.com/?trackid=521023&format=mp31&u=0');
UPDATE track SET album_id='60891' WHERE id='521023';
UPDATE track SET text='' WHERE id='521023';
INSERT INTO playlist_track VALUES('133668','521023');
INSERT INTO playlist_track VALUES('175247','521023');
INSERT INTO playlist_track VALUES('59883','521023');
INSERT INTO playlist_track VALUES('199855','521023');
INSERT INTO playlist_track VALUES('215429','521023');
INSERT INTO playlist_track VALUES('156995','521023');
INSERT INTO playlist VALUES('158784','Dance','http://www.jamendo.com/es/playlist/158784','699');
INSERT INTO playlist_track VALUES('158784','521023');
INSERT INTO playlist_track VALUES('161625','521023');
INSERT INTO playlist_track VALUES('119859','521023');
INSERT INTO playlist_track VALUES('163712','521023');
INSERT INTO playlist_track VALUES('164416','521023');
INSERT INTO playlist_track VALUES('164417','521023');
INSERT INTO playlist_track VALUES('164418','521023');
INSERT INTO playlist_track VALUES('164422','521023');
INSERT INTO playlist_track VALUES('164425','521023');
INSERT INTO playlist_track VALUES('164442','521023');
INSERT INTO playlist_track VALUES('148843','521023');
INSERT INTO playlist_track VALUES('164458','521023');
INSERT INTO playlist_track VALUES('73674','521023');
INSERT INTO playlist_track VALUES('164484','521023');
INSERT INTO track VALUES('521025','Pulse','http://www.jamendo.com/es/track/521025','','en','257','http://mp3l.jamendo.com/?trackid=521025&format=mp31&u=0');
UPDATE track SET album_id='60891' WHERE id='521025';
UPDATE track SET text='' WHERE id='521025';
INSERT INTO playlist_track VALUES('133668','521025');
INSERT INTO playlist_track VALUES('59883','521025');
INSERT INTO playlist_track VALUES('199855','521025');
INSERT INTO playlist_track VALUES('175247','521025');
INSERT INTO playlist_track VALUES('215429','521025');
INSERT INTO playlist_track VALUES('156995','521025');
INSERT INTO playlist_track VALUES('161464','521025');
INSERT INTO playlist_track VALUES('161625','521025');
INSERT INTO playlist_track VALUES('119859','521025');
INSERT INTO playlist_track VALUES('163712','521025');
INSERT INTO playlist VALUES('163891','Favs','http://www.jamendo.com/es/playlist/163891','257');
INSERT INTO playlist_track VALUES('163891','521025');
INSERT INTO playlist_track VALUES('164416','521025');
INSERT INTO playlist_track VALUES('164417','521025');
INSERT INTO playlist_track VALUES('164418','521025');
INSERT INTO playlist_track VALUES('164422','521025');
INSERT INTO playlist_track VALUES('164425','521025');
INSERT INTO playlist_track VALUES('164442','521025');
INSERT INTO playlist_track VALUES('148843','521025');
INSERT INTO playlist_track VALUES('164458','521025');
INSERT INTO playlist_track VALUES('73674','521025');
INSERT INTO track VALUES('521026','Eleven 11','http://www.jamendo.com/es/track/521026','','','224','http://mp3l.jamendo.com/?trackid=521026&format=mp31&u=0');
UPDATE track SET album_id='60891' WHERE id='521026';
UPDATE track SET text='' WHERE id='521026';
INSERT INTO playlist_track VALUES('133668','521026');
INSERT INTO playlist_track VALUES('59883','521026');
INSERT INTO playlist_track VALUES('199855','521026');
INSERT INTO playlist_track VALUES('215429','521026');
INSERT INTO playlist_track VALUES('156995','521026');
INSERT INTO playlist_track VALUES('161625','521026');
INSERT INTO playlist_track VALUES('119859','521026');
INSERT INTO playlist_track VALUES('163712','521026');
INSERT INTO playlist_track VALUES('164416','521026');
INSERT INTO playlist_track VALUES('164417','521026');
INSERT INTO playlist_track VALUES('164418','521026');
INSERT INTO playlist_track VALUES('164422','521026');
INSERT INTO playlist_track VALUES('164425','521026');
INSERT INTO playlist_track VALUES('164442','521026');
INSERT INTO playlist_track VALUES('148843','521026');
INSERT INTO playlist_track VALUES('164458','521026');
INSERT INTO playlist_track VALUES('73674','521026');
INSERT INTO playlist_track VALUES('164484','521026');
INSERT INTO playlist_track VALUES('164516','521026');
INSERT INTO playlist VALUES('164529','Kk','http://www.jamendo.com/es/playlist/164529','4585');
INSERT INTO playlist_track VALUES('164529','521026');
INSERT INTO track VALUES('521029','Thx Bobos','http://www.jamendo.com/es/track/521029','','','30','http://mp3l.jamendo.com/?trackid=521029&format=mp31&u=0');
UPDATE track SET album_id='60891' WHERE id='521029';
UPDATE track SET text='' WHERE id='521029';
INSERT INTO playlist_track VALUES('133668','521029');
INSERT INTO playlist_track VALUES('59883','521029');
INSERT INTO playlist_track VALUES('199855','521029');
INSERT INTO playlist_track VALUES('215429','521029');
INSERT INTO playlist_track VALUES('156995','521029');
INSERT INTO playlist_track VALUES('161625','521029');
INSERT INTO playlist_track VALUES('119859','521029');
INSERT INTO playlist_track VALUES('163712','521029');
INSERT INTO playlist_track VALUES('164416','521029');
INSERT INTO playlist_track VALUES('164417','521029');
INSERT INTO playlist_track VALUES('164418','521029');
INSERT INTO playlist_track VALUES('164422','521029');
INSERT INTO playlist_track VALUES('164425','521029');
INSERT INTO playlist_track VALUES('164442','521029');
INSERT INTO playlist_track VALUES('148843','521029');
INSERT INTO playlist_track VALUES('164458','521029');
INSERT INTO playlist_track VALUES('73674','521029');
INSERT INTO playlist_track VALUES('164484','521029');
INSERT INTO playlist_track VALUES('164516','521029');
INSERT INTO playlist_track VALUES('164529','521029');
INSERT INTO track VALUES('521030','Big Plans Remix','http://www.jamendo.com/es/track/521030','','','203','http://mp3l.jamendo.com/?trackid=521030&format=mp31&u=0');
UPDATE track SET album_id='60891' WHERE id='521030';
UPDATE track SET text='' WHERE id='521030';
INSERT INTO playlist_track VALUES('133668','521030');
INSERT INTO playlist_track VALUES('59883','521030');
INSERT INTO playlist_track VALUES('199855','521030');
INSERT INTO playlist_track VALUES('215429','521030');
INSERT INTO playlist_track VALUES('156995','521030');
INSERT INTO playlist VALUES('125484','Electro/house','http://www.jamendo.com/es/playlist/125484','8195');
INSERT INTO juser VALUES('872431','rosy-87','Rosy-87','http://www.jamendo.com/es/user/rosy-87','http://imgjam.com/avatars/431/872431.100.jpg','it');
INSERT INTO playlist_juser VALUES('125484','872431');
INSERT INTO playlist_track VALUES('125484','521030');
INSERT INTO playlist_track VALUES('161625','521030');
INSERT INTO playlist_track VALUES('119859','521030');
INSERT INTO playlist_track VALUES('163712','521030');
INSERT INTO playlist_track VALUES('164416','521030');
INSERT INTO playlist_track VALUES('164417','521030');
INSERT INTO playlist_track VALUES('164418','521030');
INSERT INTO playlist_track VALUES('164422','521030');
INSERT INTO playlist_track VALUES('164425','521030');
INSERT INTO playlist_track VALUES('164442','521030');
INSERT INTO playlist_track VALUES('148843','521030');
INSERT INTO playlist_track VALUES('164458','521030');
INSERT INTO playlist_track VALUES('73674','521030');
INSERT INTO playlist_track VALUES('164484','521030');
INSERT INTO playlist VALUES('164497','Rap hiphop','http://www.jamendo.com/es/playlist/164497','998');
INSERT INTO playlist_track VALUES('164497','521030');
INSERT INTO juser VALUES('637825','jussta','Jussta','http://www.jamendo.com/es/user/jussta','http://imgjam.com/avatars/825/637825.100.jpg','pl');
INSERT INTO juser VALUES('973216','IsobelandRB','Isobelandrb','http://www.jamendo.com/es/user/IsobelandRB','http://imgjam.com/avatars/jamendo/100/dress.png','en');
INSERT INTO juser VALUES('973203','moody miya','Moody miya','http://www.jamendo.com/es/user/moody%20miya','http://imgjam.com/avatars/jamendo/100/girl_pink.png','en');
INSERT INTO juser VALUES('973099','andyra',' ','http://www.jamendo.com/es/user/andyra','http://imgjam.com/avatars/jamendo/100/girl_note.png','en');
INSERT INTO juser VALUES('816648','steinier dominique','Dominique steinier','http://www.jamendo.com/es/user/steinier%20dominique','http://imgjam.com/avatars/648/816648.100.jpg','fr');
INSERT INTO album_juser VALUES('60891','637825');
INSERT INTO album_juser VALUES('60891','973216');
INSERT INTO album_juser VALUES('60891','973203');
INSERT INTO album_juser VALUES('60891','973099');
INSERT INTO album_juser VALUES('60891','816648');
INSERT INTO juser VALUES('531425','COH3','Pinheiro xurxo','http://www.jamendo.com/es/user/COH3','http://imgjam.com/avatars/425/531425.100.png','es');
INSERT INTO juser VALUES('976759','Alex-g-2','Guillaume alexandre','http://www.jamendo.com/es/user/Alex-g-2','http://imgjam.com/avatars/759/976759.100.jpg','fr');
INSERT INTO juser VALUES('804796','comixx','Comixx','http://www.jamendo.com/es/user/comixx','http://imgjam.com/avatars/796/804796.100.jpg','de');
INSERT INTO juser VALUES('402834','djyerman','Djyerman','http://www.jamendo.com/es/user/djyerman','http://imgjam.com/avatars/questionmark/avatar.100.gif','es');
INSERT INTO juser VALUES('548019','glesik',' ','http://www.jamendo.com/es/user/glesik','http://imgjam.com/avatars/19/548019.100.png','en');
INSERT INTO album_juser VALUES('60891','531425');
INSERT INTO album_juser VALUES('60891','976759');
INSERT INTO album_juser VALUES('60891','804796');
INSERT INTO album_juser VALUES('60891','402834');
INSERT INTO album_juser VALUES('60891','548019');
INSERT INTO juser VALUES('1215728','Martian-Attack-Terror','Mathieu mandin','http://www.jamendo.com/es/user/Martian-Attack-Terror','http://imgjam.com/avatars/728/1215728.100.jpg','fr');
INSERT INTO juser VALUES('395534','Apeman','Apeman','http://www.jamendo.com/es/user/Apeman','http://imgjam.com/avatars/questionmark/avatar.100.gif','de');
INSERT INTO juser VALUES('554432','arwagha','Arwagha','http://www.jamendo.com/es/user/arwagha','http://imgjam.com/avatars/432/554432.100.png','de');
INSERT INTO juser VALUES('552293','abeijer','Abeijer','http://www.jamendo.com/es/user/abeijer','http://imgjam.com/avatars/293/552293.100.png','en');
INSERT INTO album_juser VALUES('60891','1215728');
INSERT INTO album_juser VALUES('60891','395534');
INSERT INTO album_juser VALUES('60891','554432');
INSERT INTO album_juser VALUES('60891','6220');
INSERT INTO album_juser VALUES('60891','552293');
INSERT INTO juser VALUES('517707','glideyork','Vivien genet','http://www.jamendo.com/es/user/glideyork','http://imgjam.com/avatars/707/517707.100.png','fr');
INSERT INTO juser VALUES('1416840','CodeHero11','Codehero11','http://www.jamendo.com/es/user/CodeHero11','http://imgjam.com/avatars/jamendo/100/geek.png','de');
INSERT INTO juser VALUES('1331328','gnuza','Gnuza','http://www.jamendo.com/es/user/gnuza','http://imgjam.com/avatars/jamendo/100/pro.png','en');
INSERT INTO juser VALUES('1214443','S1R-R34L','S1r-r34l','http://www.jamendo.com/es/user/S1R-R34L','http://imgjam.com/avatars/443/1214443.100.png','en');
INSERT INTO juser VALUES('313993','jachoo','Jachoo','http://www.jamendo.com/es/user/jachoo','http://imgjam.com/avatars/questionmark/avatar.100.gif','pl');
INSERT INTO album_juser VALUES('60891','517707');
INSERT INTO album_juser VALUES('60891','1416840');
INSERT INTO album_juser VALUES('60891','1331328');
INSERT INTO album_juser VALUES('60891','1214443');
INSERT INTO album_juser VALUES('60891','313993');
INSERT INTO album VALUES('101801','Integration (2012)','http://www.jamendo.com/es/album/101801','http://imgjam.com/albums/s101/101801/covers/1.100.jpg','2','3472');
UPDATE album SET artist_id='357359' WHERE id='101801';
INSERT INTO track VALUES('868271','Healing Tones','http://www.jamendo.com/es/track/868271','','','109','http://mp3l.jamendo.com/?trackid=868271&format=mp31&u=0');
UPDATE track SET album_id='101801' WHERE id='868271';
UPDATE track SET text='' WHERE id='868271';
INSERT INTO playlist VALUES('86493','Rap','http://www.jamendo.com/es/playlist/86493','8889');
INSERT INTO playlist_track VALUES('86493','868271');
INSERT INTO playlist VALUES('207761','музыка','http://www.jamendo.com/es/playlist/207761','12212');
INSERT INTO playlist_track VALUES('207761','868271');
INSERT INTO playlist_track VALUES('215429','868271');
INSERT INTO playlist VALUES('191418','SpokenWords-Poésie-Slam','http://www.jamendo.com/es/playlist/191418','72069');
INSERT INTO playlist_track VALUES('191418','868271');
INSERT INTO playlist VALUES('198976','Musique&lt;3','http://www.jamendo.com/es/playlist/198976','5715');
INSERT INTO playlist_track VALUES('198976','868271');
INSERT INTO playlist VALUES('195920','Discovered in 2011','http://www.jamendo.com/es/playlist/195920','3328');
INSERT INTO playlist_track VALUES('195920','868271');
INSERT INTO playlist VALUES('137463','Podklad','http://www.jamendo.com/es/playlist/137463','5998');
INSERT INTO playlist_track VALUES('137463','868271');
INSERT INTO playlist VALUES('211656','Good','http://www.jamendo.com/es/playlist/211656','10806');
INSERT INTO playlist_track VALUES('211656','868271');
INSERT INTO playlist VALUES('167337','Hip Hop','http://www.jamendo.com/es/playlist/167337','42929');
INSERT INTO playlist_track VALUES('167337','868271');
INSERT INTO playlist VALUES('219627','Popelectro','http://www.jamendo.com/es/playlist/219627','6505');
INSERT INTO playlist_track VALUES('219627','868271');
INSERT INTO playlist VALUES('174769','Ethereal Music','http://www.jamendo.com/es/playlist/174769','37586');
INSERT INTO playlist_track VALUES('174769','868271');
INSERT INTO playlist VALUES('181484','Yeah','http://www.jamendo.com/es/playlist/181484','1543');
INSERT INTO playlist_track VALUES('181484','868271');
INSERT INTO playlist VALUES('220033','Radio KoninFM','http://www.jamendo.com/es/playlist/220033','39759');
INSERT INTO playlist_track VALUES('220033','868271');
INSERT INTO playlist VALUES('175577','LA RADIO COPYLEFT','http://www.jamendo.com/es/playlist/175577','73163');
INSERT INTO juser VALUES('371840','ecelis','Ecelis','http://www.jamendo.com/es/user/ecelis','http://imgjam.com/avatars/840/371840.100.png','en');
INSERT INTO juser VALUES('867225','laulau1','Laulau1','http://www.jamendo.com/es/user/laulau1','http://imgjam.com/avatars/jamendo/100/pro.png','fr');
INSERT INTO juser VALUES('930799','Sotobo',' ','http://www.jamendo.com/es/user/Sotobo','http://imgjam.com/avatars/799/930799.100.jpg','es');
INSERT INTO juser VALUES('937859','Bigshoes','Joost van dinther','http://www.jamendo.com/es/user/Bigshoes','http://imgjam.com/avatars/859/937859.100.png','en');
INSERT INTO playlist_juser VALUES('175577','371840');
INSERT INTO playlist_juser VALUES('175577','583803');
INSERT INTO playlist_juser VALUES('175577','867225');
INSERT INTO playlist_juser VALUES('175577','930799');
INSERT INTO playlist_juser VALUES('175577','937859');
INSERT INTO juser VALUES('939730','KAGANDO BLANDO',' ','http://www.jamendo.com/es/user/KAGANDO%20BLANDO','http://imgjam.com/avatars/730/939730.100.jpg','es');
INSERT INTO juser VALUES('1131683','dabon79','Dabon79','http://www.jamendo.com/es/user/dabon79','http://imgjam.com/avatars/jamendo/100/pro.png','es');
INSERT INTO playlist_juser VALUES('175577','939730');
INSERT INTO playlist_juser VALUES('175577','1131683');
INSERT INTO playlist_track VALUES('175577','868271');
INSERT INTO playlist VALUES('220003','Rap electro','http://www.jamendo.com/es/playlist/220003','3657');
INSERT INTO playlist_track VALUES('220003','868271');
INSERT INTO playlist VALUES('213877','586','http://www.jamendo.com/es/playlist/213877','1499');
INSERT INTO playlist_track VALUES('213877','868271');
INSERT INTO playlist VALUES('220542','Silence','http://www.jamendo.com/es/playlist/220542','9143');
INSERT INTO playlist_track VALUES('220542','868271');
INSERT INTO playlist VALUES('221229','Новые','http://www.jamendo.com/es/playlist/221229','12153');
INSERT INTO playlist_track VALUES('221229','868271');
INSERT INTO playlist VALUES('221337','Poppig','http://www.jamendo.com/es/playlist/221337','13039');
INSERT INTO playlist_track VALUES('221337','868271');
INSERT INTO playlist VALUES('222174','Kellee','http://www.jamendo.com/es/playlist/222174','8242');
INSERT INTO playlist_track VALUES('222174','868271');
INSERT INTO track VALUES('868276','Hasta Abajo','http://www.jamendo.com/es/track/868276','','','273','http://mp3l.jamendo.com/?trackid=868276&format=mp31&u=0');
UPDATE track SET album_id='101801' WHERE id='868276';
UPDATE track SET text='' WHERE id='868276';
INSERT INTO playlist VALUES('216040','Keller maize','http://www.jamendo.com/es/playlist/216040','273');
INSERT INTO playlist_track VALUES('216040','868276');
INSERT INTO playlist_track VALUES('207761','868276');
INSERT INTO playlist_track VALUES('86493','868276');
INSERT INTO playlist VALUES('147385','Grooving Dance','http://www.jamendo.com/es/playlist/147385','2118');
INSERT INTO playlist_track VALUES('147385','868276');
INSERT INTO playlist_track VALUES('215429','868276');
INSERT INTO playlist VALUES('19531','IDagui','http://www.jamendo.com/es/playlist/19531','24057');
INSERT INTO playlist_track VALUES('19531','868276');
INSERT INTO playlist_track VALUES('122674','868276');
INSERT INTO playlist_track VALUES('198976','868276');
INSERT INTO playlist VALUES('174603','My Favorite Music','http://www.jamendo.com/es/playlist/174603','26701');
INSERT INTO playlist_track VALUES('174603','868276');
INSERT INTO playlist VALUES('133107','Easy+','http://www.jamendo.com/es/playlist/133107','895');
INSERT INTO playlist_track VALUES('133107','868276');
INSERT INTO playlist VALUES('206930','Cool','http://www.jamendo.com/es/playlist/206930','17288');
INSERT INTO playlist_track VALUES('206930','868276');
INSERT INTO playlist VALUES('181013','Playlist','http://www.jamendo.com/es/playlist/181013','30619');
INSERT INTO playlist_track VALUES('181013','868276');
INSERT INTO playlist VALUES('120861','Podradio.fr (Jour)','http://www.jamendo.com/es/playlist/120861','61821');
INSERT INTO juser VALUES('551784','-Gugus-','-gugus-','http://www.jamendo.com/es/user/-Gugus-','http://imgjam.com/avatars/jamendo/100/pro.png','de');
INSERT INTO juser VALUES('641143','iRhedor','Irhedor','http://www.jamendo.com/es/user/iRhedor','http://imgjam.com/avatars/jamendo/100/pro.png','en');
INSERT INTO juser VALUES('692155','dimkit','Dimkit','http://www.jamendo.com/es/user/dimkit','http://imgjam.com/avatars/155/692155.100.jpg','fr');
INSERT INTO juser VALUES('1064212','kama4o','Kama4o','http://www.jamendo.com/es/user/kama4o','http://imgjam.com/avatars/jamendo/100/pro.png','en');
INSERT INTO playlist_juser VALUES('120861','551784');
INSERT INTO playlist_juser VALUES('120861','641143');
INSERT INTO playlist_juser VALUES('120861','692155');
INSERT INTO playlist_juser VALUES('120861','1064212');
INSERT INTO playlist_track VALUES('120861','868276');
INSERT INTO playlist VALUES('35350','Bwâtamusïk','http://www.jamendo.com/es/playlist/35350','127038');
INSERT INTO juser VALUES('137340','ludolacuve','Ludo','http://www.jamendo.com/es/user/ludolacuve','http://imgjam.com/avatars/340/137340.100.jpg','fr');
INSERT INTO juser VALUES('270309','Imix','Imix','http://www.jamendo.com/es/user/Imix','http://imgjam.com/avatars/309/270309.100.jpg','en');
INSERT INTO playlist_juser VALUES('35350','137340');
INSERT INTO playlist_juser VALUES('35350','270309');
INSERT INTO playlist_juser VALUES('35350','583803');
INSERT INTO playlist_juser VALUES('35350','711533');
INSERT INTO playlist_track VALUES('35350','868276');
INSERT INTO playlist VALUES('217345','Listened','http://www.jamendo.com/es/playlist/217345','4014');
INSERT INTO playlist_track VALUES('217345','868276');
INSERT INTO playlist VALUES('218060','Bysa','http://www.jamendo.com/es/playlist/218060','1294');
INSERT INTO playlist_track VALUES('218060','868276');
INSERT INTO playlist VALUES('218075','Medium','http://www.jamendo.com/es/playlist/218075','6071');
INSERT INTO playlist_track VALUES('218075','868276');
INSERT INTO playlist_track VALUES('167337','868276');
INSERT INTO playlist_track VALUES('219627','868276');
INSERT INTO playlist VALUES('211170','Sound Track','http://www.jamendo.com/es/playlist/211170','18588');
INSERT INTO playlist_track VALUES('211170','868276');
INSERT INTO track VALUES('868277','Takeover','http://www.jamendo.com/es/track/868277','','','238','http://mp3l.jamendo.com/?trackid=868277&format=mp31&u=0');
UPDATE track SET album_id='101801' WHERE id='868277';
UPDATE track SET text='' WHERE id='868277';
INSERT INTO playlist_track VALUES('207761','868277');
INSERT INTO playlist_track VALUES('86493','868277');
INSERT INTO playlist_track VALUES('215429','868277');
INSERT INTO playlist_track VALUES('220003','868277');
INSERT INTO playlist VALUES('214593','Rap','http://www.jamendo.com/es/playlist/214593','238');
INSERT INTO playlist_track VALUES('214593','868277');
INSERT INTO playlist_track VALUES('122674','868277');
INSERT INTO playlist_track VALUES('198976','868277');
INSERT INTO playlist VALUES('220440','Lo que le gusta a MamaKu','http://www.jamendo.com/es/playlist/220440','3284');
INSERT INTO playlist_track VALUES('220440','868277');
INSERT INTO playlist_track VALUES('167337','868277');
INSERT INTO playlist_track VALUES('219627','868277');
INSERT INTO playlist_track VALUES('174769','868277');
INSERT INTO playlist_track VALUES('220033','868277');
INSERT INTO playlist VALUES('209750','The Livingers','http://www.jamendo.com/es/playlist/209750','16908');
INSERT INTO playlist_track VALUES('209750','868277');
INSERT INTO playlist VALUES('218197','589','http://www.jamendo.com/es/playlist/218197','2007');
INSERT INTO playlist_track VALUES('218197','868277');
INSERT INTO playlist VALUES('197895','Sympa','http://www.jamendo.com/es/playlist/197895','27889');
INSERT INTO playlist_track VALUES('197895','868277');
INSERT INTO playlist VALUES('217854','X','http://www.jamendo.com/es/playlist/217854','3670');
INSERT INTO playlist_track VALUES('217854','868277');
INSERT INTO playlist VALUES('214966','Winku','http://www.jamendo.com/es/playlist/214966','12017');
INSERT INTO playlist_track VALUES('214966','868277');
INSERT INTO playlist_track VALUES('221229','868277');
INSERT INTO playlist_track VALUES('221337','868277');
INSERT INTO playlist VALUES('221332','Jumppa','http://www.jamendo.com/es/playlist/221332','11367');
INSERT INTO playlist_track VALUES('221332','868277');
INSERT INTO track VALUES('868278','The Fact Is','http://www.jamendo.com/es/track/868278','','','303','http://mp3l.jamendo.com/?trackid=868278&format=mp31&u=0');
UPDATE track SET album_id='101801' WHERE id='868278';
UPDATE track SET text='' WHERE id='868278';
INSERT INTO playlist VALUES('214829','PurquoiPas','http://www.jamendo.com/es/playlist/214829','1236');
INSERT INTO playlist_track VALUES('214829','868278');
INSERT INTO playlist_track VALUES('86493','868278');
INSERT INTO playlist_track VALUES('215429','868278');
INSERT INTO playlist VALUES('213846','Rap','http://www.jamendo.com/es/playlist/213846','4586');
INSERT INTO juser VALUES('785138','CKDevelop','David lhoumaud','http://www.jamendo.com/es/user/CKDevelop','http://imgjam.com/avatars/138/785138.100.png','fr');
INSERT INTO playlist_juser VALUES('213846','785138');
INSERT INTO playlist_track VALUES('213846','868278');
INSERT INTO playlist VALUES('188222','Pop Funk Rap Fun','http://www.jamendo.com/es/playlist/188222','142347');
INSERT INTO playlist_juser VALUES('188222','157383');
INSERT INTO playlist_juser VALUES('188222','937859');
INSERT INTO playlist_track VALUES('188222','868278');
INSERT INTO playlist_track VALUES('198976','868278');
INSERT INTO playlist VALUES('213413','Rap US','http://www.jamendo.com/es/playlist/213413','5460');
INSERT INTO playlist_juser VALUES('213413','785138');
INSERT INTO playlist_track VALUES('213413','868278');
INSERT INTO playlist_track VALUES('195920','868278');
INSERT INTO playlist_track VALUES('207761','868278');
INSERT INTO playlist_track VALUES('167337','868278');
INSERT INTO playlist_track VALUES('219627','868278');
INSERT INTO playlist_track VALUES('174769','868278');
INSERT INTO playlist_track VALUES('220033','868278');
INSERT INTO playlist_track VALUES('220003','868278');
INSERT INTO playlist VALUES('218198','590','http://www.jamendo.com/es/playlist/218198','1690');
INSERT INTO playlist_track VALUES('218198','868278');
INSERT INTO playlist_track VALUES('221229','868278');
INSERT INTO playlist_track VALUES('221337','868278');
INSERT INTO playlist VALUES('221653','New jams','http://www.jamendo.com/es/playlist/221653','636');
INSERT INTO playlist_track VALUES('221653','868278');
INSERT INTO playlist VALUES('222011','RDW 2012 - Dub Dubstep','http://www.jamendo.com/es/playlist/222011','14520');
INSERT INTO playlist_track VALUES('222011','868278');
INSERT INTO playlist VALUES('222093','20/02/2012','http://www.jamendo.com/es/playlist/222093','11906');
INSERT INTO playlist_track VALUES('222093','868278');
INSERT INTO track VALUES('868281','Trapped','http://www.jamendo.com/es/track/868281','','','211','http://mp3l.jamendo.com/?trackid=868281&format=mp31&u=0');
UPDATE track SET album_id='101801' WHERE id='868281';
UPDATE track SET text='' WHERE id='868281';
INSERT INTO playlist_track VALUES('86493','868281');
INSERT INTO playlist_track VALUES('215429','868281');
INSERT INTO playlist_track VALUES('198976','868281');
INSERT INTO playlist_track VALUES('195920','868281');
INSERT INTO playlist_track VALUES('207761','868281');
INSERT INTO playlist_track VALUES('167337','868281');
INSERT INTO playlist_track VALUES('219627','868281');
INSERT INTO playlist_track VALUES('174769','868281');
INSERT INTO playlist_track VALUES('220033','868281');
INSERT INTO playlist_track VALUES('220003','868281');
INSERT INTO playlist VALUES('218199','591','http://www.jamendo.com/es/playlist/218199','1551');
INSERT INTO playlist_track VALUES('218199','868281');
INSERT INTO playlist_track VALUES('221229','868281');
INSERT INTO playlist_track VALUES('221337','868281');
INSERT INTO playlist VALUES('221487','Merken','http://www.jamendo.com/es/playlist/221487','1430');
INSERT INTO playlist_track VALUES('221487','868281');
INSERT INTO playlist_track VALUES('222011','868281');
INSERT INTO playlist_track VALUES('222174','868281');
INSERT INTO playlist VALUES('222187','Miro12','http://www.jamendo.com/es/playlist/222187','166204');
INSERT INTO playlist_track VALUES('222187','868281');
INSERT INTO playlist VALUES('222197','Code','http://www.jamendo.com/es/playlist/222197','3882');
INSERT INTO playlist_track VALUES('222197','868281');
INSERT INTO playlist VALUES('218321','Females','http://www.jamendo.com/es/playlist/218321','14523');
INSERT INTO playlist_track VALUES('218321','868281');
INSERT INTO playlist VALUES('202120','психоделик','http://www.jamendo.com/es/playlist/202120','3915');
INSERT INTO playlist_track VALUES('202120','868281');
INSERT INTO track VALUES('868283','Dont Stop','http://www.jamendo.com/es/track/868283','','','208','http://mp3l.jamendo.com/?trackid=868283&format=mp31&u=0');
UPDATE track SET album_id='101801' WHERE id='868283';
UPDATE track SET text='' WHERE id='868283';
INSERT INTO playlist_track VALUES('86493','868283');
INSERT INTO playlist_track VALUES('215429','868283');
INSERT INTO playlist VALUES('215554','Da''''u TwentyEleven Vol1','http://www.jamendo.com/es/playlist/215554','4119');
INSERT INTO playlist_track VALUES('215554','868283');
INSERT INTO playlist_track VALUES('198976','868283');
INSERT INTO playlist_track VALUES('213413','868283');
INSERT INTO playlist_track VALUES('207761','868283');
INSERT INTO playlist_track VALUES('167337','868283');
INSERT INTO playlist_track VALUES('219627','868283');
INSERT INTO playlist_track VALUES('174769','868283');
INSERT INTO playlist_track VALUES('220033','868283');
INSERT INTO playlist_track VALUES('220003','868283');
INSERT INTO playlist_track VALUES('220440','868283');
INSERT INTO playlist VALUES('218200','592','http://www.jamendo.com/es/playlist/218200','1727');
INSERT INTO playlist_track VALUES('218200','868283');
INSERT INTO playlist_track VALUES('221229','868283');
INSERT INTO playlist_track VALUES('221337','868283');
INSERT INTO playlist_track VALUES('222011','868283');
INSERT INTO playlist_track VALUES('222174','868283');
INSERT INTO playlist_track VALUES('222187','868283');
INSERT INTO playlist_track VALUES('222197','868283');
INSERT INTO playlist_track VALUES('218321','868283');
INSERT INTO track VALUES('868284','I Insist','http://www.jamendo.com/es/track/868284','','','216','http://mp3l.jamendo.com/?trackid=868284&format=mp31&u=0');
UPDATE track SET album_id='101801' WHERE id='868284';
UPDATE track SET text='' WHERE id='868284';
INSERT INTO playlist_track VALUES('86493','868284');
INSERT INTO playlist_track VALUES('215429','868284');
INSERT INTO playlist_track VALUES('198976','868284');
INSERT INTO playlist VALUES('214628','Playlist 16.11.11','http://www.jamendo.com/es/playlist/214628','2431');
INSERT INTO playlist_track VALUES('214628','868284');
INSERT INTO playlist_track VALUES('195920','868284');
INSERT INTO playlist_track VALUES('207761','868284');
INSERT INTO playlist_track VALUES('120861','868284');
INSERT INTO playlist_track VALUES('167337','868284');
INSERT INTO playlist_track VALUES('219627','868284');
INSERT INTO playlist_track VALUES('174769','868284');
INSERT INTO playlist_track VALUES('220033','868284');
INSERT INTO playlist_track VALUES('220003','868284');
INSERT INTO playlist VALUES('218202','593','http://www.jamendo.com/es/playlist/218202','1807');
INSERT INTO playlist_track VALUES('218202','868284');
INSERT INTO playlist_track VALUES('221229','868284');
INSERT INTO playlist_track VALUES('221337','868284');
INSERT INTO playlist_track VALUES('222011','868284');
INSERT INTO playlist_track VALUES('222174','868284');
INSERT INTO playlist_track VALUES('222187','868284');
INSERT INTO playlist_track VALUES('222197','868284');
INSERT INTO playlist_track VALUES('218321','868284');
INSERT INTO track VALUES('868287','Lala Love','http://www.jamendo.com/es/track/868287','','','265','http://mp3l.jamendo.com/?trackid=868287&format=mp31&u=0');
UPDATE track SET album_id='101801' WHERE id='868287';
UPDATE track SET text='' WHERE id='868287';
INSERT INTO playlist_track VALUES('122674','868287');
INSERT INTO playlist VALUES('147369','To Follow','http://www.jamendo.com/es/playlist/147369','6499');
INSERT INTO playlist_track VALUES('147369','868287');
INSERT INTO playlist_track VALUES('86493','868287');
INSERT INTO playlist VALUES('166664','Entrainant','http://www.jamendo.com/es/playlist/166664','1539');
INSERT INTO playlist_track VALUES('166664','868287');
INSERT INTO playlist_track VALUES('215429','868287');
INSERT INTO playlist VALUES('176817','Electro','http://www.jamendo.com/es/playlist/176817','13569');
INSERT INTO playlist_track VALUES('176817','868287');
INSERT INTO playlist_track VALUES('19531','868287');
INSERT INTO playlist_track VALUES('198976','868287');
INSERT INTO playlist_track VALUES('195920','868287');
INSERT INTO playlist_track VALUES('207761','868287');
INSERT INTO playlist_track VALUES('167337','868287');
INSERT INTO playlist_track VALUES('219627','868287');
INSERT INTO playlist_track VALUES('174769','868287');
INSERT INTO playlist_track VALUES('220033','868287');
INSERT INTO playlist_track VALUES('220003','868287');
INSERT INTO playlist VALUES('218204','594','http://www.jamendo.com/es/playlist/218204','1669');
INSERT INTO playlist_track VALUES('218204','868287');
INSERT INTO playlist_track VALUES('221229','868287');
INSERT INTO playlist_track VALUES('221337','868287');
INSERT INTO playlist_track VALUES('222011','868287');
INSERT INTO playlist_track VALUES('222174','868287');
INSERT INTO track VALUES('868288','Catch Me','http://www.jamendo.com/es/track/868288','','','224','http://mp3l.jamendo.com/?trackid=868288&format=mp31&u=0');
UPDATE track SET album_id='101801' WHERE id='868288';
UPDATE track SET text='' WHERE id='868288';
INSERT INTO playlist_track VALUES('86493','868288');
INSERT INTO playlist_track VALUES('215429','868288');
INSERT INTO playlist_track VALUES('198976','868288');
INSERT INTO playlist_track VALUES('207761','868288');
INSERT INTO playlist_track VALUES('167337','868288');
INSERT INTO playlist_track VALUES('219627','868288');
INSERT INTO playlist_track VALUES('174769','868288');
INSERT INTO playlist_track VALUES('220033','868288');
INSERT INTO playlist_track VALUES('220003','868288');
INSERT INTO playlist VALUES('218206','595','http://www.jamendo.com/es/playlist/218206','1401');
INSERT INTO playlist_track VALUES('218206','868288');
INSERT INTO playlist_track VALUES('221229','868288');
INSERT INTO playlist_track VALUES('221337','868288');
INSERT INTO playlist_track VALUES('222011','868288');
INSERT INTO playlist_track VALUES('222174','868288');
INSERT INTO playlist_track VALUES('222187','868288');
INSERT INTO playlist_track VALUES('222197','868288');
INSERT INTO playlist_track VALUES('218321','868288');
INSERT INTO playlist_track VALUES('202120','868288');
INSERT INTO playlist_track VALUES('211656','868288');
INSERT INTO playlist_track VALUES('192085','868288');
INSERT INTO track VALUES('868289','Divine','http://www.jamendo.com/es/track/868289','','','223','http://mp3l.jamendo.com/?trackid=868289&format=mp31&u=0');
UPDATE track SET album_id='101801' WHERE id='868289';
UPDATE track SET text='' WHERE id='868289';
INSERT INTO playlist_track VALUES('86493','868289');
INSERT INTO playlist_track VALUES('215429','868289');
INSERT INTO playlist_track VALUES('198976','868289');
INSERT INTO playlist_track VALUES('207761','868289');
INSERT INTO playlist_track VALUES('167337','868289');
INSERT INTO playlist_track VALUES('219627','868289');
INSERT INTO playlist_track VALUES('174769','868289');
INSERT INTO playlist_track VALUES('220033','868289');
INSERT INTO playlist_track VALUES('220003','868289');
INSERT INTO playlist VALUES('218207','596','http://www.jamendo.com/es/playlist/218207','1552');
INSERT INTO playlist_track VALUES('218207','868289');
INSERT INTO playlist_track VALUES('221229','868289');
INSERT INTO playlist_track VALUES('221337','868289');
INSERT INTO playlist_track VALUES('222011','868289');
INSERT INTO playlist_track VALUES('222174','868289');
INSERT INTO playlist_track VALUES('222187','868289');
INSERT INTO playlist_track VALUES('222197','868289');
INSERT INTO playlist_track VALUES('218321','868289');
INSERT INTO playlist_track VALUES('202120','868289');
INSERT INTO playlist_track VALUES('211656','868289');
INSERT INTO track VALUES('868290','Shadows','http://www.jamendo.com/es/track/868290','','','252','http://mp3l.jamendo.com/?trackid=868290&format=mp31&u=0');
UPDATE track SET album_id='101801' WHERE id='868290';
UPDATE track SET text='' WHERE id='868290';
INSERT INTO playlist_track VALUES('86493','868290');
INSERT INTO playlist_track VALUES('215429','868290');
INSERT INTO playlist_track VALUES('19531','868290');
INSERT INTO playlist_track VALUES('198976','868290');
INSERT INTO playlist VALUES('215284','Hip-hop','http://www.jamendo.com/es/playlist/215284','252');
INSERT INTO playlist_track VALUES('215284','868290');
INSERT INTO playlist_track VALUES('207761','868290');
INSERT INTO playlist_track VALUES('167337','868290');
INSERT INTO playlist_track VALUES('219627','868290');
INSERT INTO playlist_track VALUES('174769','868290');
INSERT INTO playlist_track VALUES('220033','868290');
INSERT INTO playlist_track VALUES('220003','868290');
INSERT INTO playlist VALUES('218208','597','http://www.jamendo.com/es/playlist/218208','1841');
INSERT INTO playlist_track VALUES('218208','868290');
INSERT INTO playlist_track VALUES('221229','868290');
INSERT INTO playlist_track VALUES('221337','868290');
INSERT INTO playlist_track VALUES('222011','868290');
INSERT INTO playlist_track VALUES('222174','868290');
INSERT INTO playlist_track VALUES('222187','868290');
INSERT INTO playlist_track VALUES('222197','868290');
INSERT INTO playlist_track VALUES('218321','868290');
INSERT INTO playlist_track VALUES('202120','868290');
INSERT INTO track VALUES('868291','Notice The End','http://www.jamendo.com/es/track/868291','','','280','http://mp3l.jamendo.com/?trackid=868291&format=mp31&u=0');
UPDATE track SET album_id='101801' WHERE id='868291';
UPDATE track SET text='' WHERE id='868291';
INSERT INTO playlist_track VALUES('86493','868291');
INSERT INTO playlist_track VALUES('213413','868291');
INSERT INTO playlist_track VALUES('215429','868291');
INSERT INTO playlist_track VALUES('198976','868291');
INSERT INTO playlist_track VALUES('207761','868291');
INSERT INTO playlist_track VALUES('167337','868291');
INSERT INTO playlist_track VALUES('219627','868291');
INSERT INTO playlist_track VALUES('174769','868291');
INSERT INTO playlist_track VALUES('220033','868291');
INSERT INTO playlist_track VALUES('220003','868291');
INSERT INTO playlist VALUES('218209','598','http://www.jamendo.com/es/playlist/218209','1693');
INSERT INTO playlist_track VALUES('218209','868291');
INSERT INTO playlist_track VALUES('221229','868291');
INSERT INTO playlist_track VALUES('221337','868291');
INSERT INTO playlist_track VALUES('222011','868291');
INSERT INTO playlist_track VALUES('222174','868291');
INSERT INTO playlist_track VALUES('222187','868291');
INSERT INTO playlist_track VALUES('222197','868291');
INSERT INTO playlist_track VALUES('218321','868291');
INSERT INTO playlist_track VALUES('202120','868291');
INSERT INTO playlist_track VALUES('211656','868291');
INSERT INTO track VALUES('868292','Revival','http://www.jamendo.com/es/track/868292','','','216','http://mp3l.jamendo.com/?trackid=868292&format=mp31&u=0');
UPDATE track SET album_id='101801' WHERE id='868292';
UPDATE track SET text='' WHERE id='868292';
INSERT INTO playlist_track VALUES('86493','868292');
INSERT INTO playlist_track VALUES('215429','868292');
INSERT INTO playlist_track VALUES('188222','868292');
INSERT INTO playlist_track VALUES('198976','868292');
INSERT INTO playlist_track VALUES('213413','868292');
INSERT INTO playlist_track VALUES('207761','868292');
INSERT INTO playlist_track VALUES('167337','868292');
INSERT INTO playlist_track VALUES('219627','868292');
INSERT INTO playlist_track VALUES('174769','868292');
INSERT INTO playlist_track VALUES('220033','868292');
INSERT INTO playlist_track VALUES('220003','868292');
INSERT INTO playlist_track VALUES('220440','868292');
INSERT INTO playlist VALUES('218210','599','http://www.jamendo.com/es/playlist/218210','1682');
INSERT INTO playlist_track VALUES('218210','868292');
INSERT INTO playlist_track VALUES('221229','868292');
INSERT INTO playlist_track VALUES('221337','868292');
INSERT INTO playlist_track VALUES('222011','868292');
INSERT INTO playlist_track VALUES('222174','868292');
INSERT INTO playlist_track VALUES('222187','868292');
INSERT INTO playlist_track VALUES('222197','868292');
INSERT INTO playlist_track VALUES('218321','868292');
INSERT INTO track VALUES('868293','Eleven 11','http://www.jamendo.com/es/track/868293','','','238','http://mp3l.jamendo.com/?trackid=868293&format=mp31&u=0');
UPDATE track SET album_id='101801' WHERE id='868293';
UPDATE track SET text='' WHERE id='868293';
INSERT INTO playlist_track VALUES('215429','868293');
INSERT INTO playlist_track VALUES('86493','868293');
INSERT INTO playlist_track VALUES('198976','868293');
INSERT INTO playlist_track VALUES('207761','868293');
INSERT INTO playlist_track VALUES('167337','868293');
INSERT INTO playlist_track VALUES('219627','868293');
INSERT INTO playlist_track VALUES('174769','868293');
INSERT INTO playlist_track VALUES('220033','868293');
INSERT INTO playlist_track VALUES('220003','868293');
INSERT INTO playlist VALUES('218211','600','http://www.jamendo.com/es/playlist/218211','1602');
INSERT INTO playlist_track VALUES('218211','868293');
INSERT INTO playlist_track VALUES('221229','868293');
INSERT INTO playlist_track VALUES('221337','868293');
INSERT INTO playlist_track VALUES('222011','868293');
INSERT INTO playlist_track VALUES('222174','868293');
INSERT INTO playlist_track VALUES('222187','868293');
INSERT INTO playlist_track VALUES('222197','868293');
INSERT INTO playlist_track VALUES('218321','868293');
INSERT INTO playlist_track VALUES('202120','868293');
INSERT INTO playlist_track VALUES('211656','868293');
INSERT INTO playlist_track VALUES('188222','868293');
INSERT INTO track VALUES('868294','L''Outro','http://www.jamendo.com/es/track/868294','','en','216','http://mp3l.jamendo.com/?trackid=868294&format=mp31&u=0');
UPDATE track SET album_id='101801' WHERE id='868294';
UPDATE track SET text='' WHERE id='868294';
INSERT INTO playlist_track VALUES('215429','868294');
INSERT INTO playlist_track VALUES('86493','868294');
INSERT INTO playlist_track VALUES('198976','868294');
INSERT INTO playlist_track VALUES('213413','868294');
INSERT INTO playlist_track VALUES('207761','868294');
INSERT INTO playlist_track VALUES('167337','868294');
INSERT INTO playlist_track VALUES('219627','868294');
INSERT INTO playlist_track VALUES('174769','868294');
INSERT INTO playlist_track VALUES('220033','868294');
INSERT INTO playlist_track VALUES('220003','868294');
INSERT INTO playlist VALUES('213878','587','http://www.jamendo.com/es/playlist/213878','2387');
INSERT INTO playlist_track VALUES('213878','868294');
INSERT INTO playlist_track VALUES('221229','868294');
INSERT INTO playlist_track VALUES('221337','868294');
INSERT INTO playlist_track VALUES('222011','868294');
INSERT INTO playlist_track VALUES('222174','868294');
INSERT INTO playlist_track VALUES('222187','868294');
INSERT INTO playlist_track VALUES('222197','868294');
INSERT INTO playlist_track VALUES('218321','868294');
INSERT INTO playlist_track VALUES('202120','868294');
INSERT INTO playlist_track VALUES('211656','868294');
INSERT INTO juser VALUES('993695','Tef_71',' ','http://www.jamendo.com/es/user/Tef_71','http://imgjam.com/avatars/jamendo/100/dj.png','fr');
INSERT INTO juser VALUES('1068199','mirko.klotsche','Mirko.klotsche','http://www.jamendo.com/es/user/mirko.klotsche','http://imgjam.com/avatars/199/1068199.100.png','de');
INSERT INTO juser VALUES('720842','der_stadtlaeufer','Der_stadtlaeufer','http://www.jamendo.com/es/user/der_stadtlaeufer','http://imgjam.com/avatars/842/720842.100.jpg','de');
INSERT INTO juser VALUES('1210238','Gloomy_Herzog','Gloomy_herzog','http://www.jamendo.com/es/user/Gloomy_Herzog','http://imgjam.com/avatars/jamendo/100/pro.png','ru');
INSERT INTO album_juser VALUES('101801','993695');
INSERT INTO album_juser VALUES('101801','1068199');
INSERT INTO album_juser VALUES('101801','720842');
INSERT INTO album_juser VALUES('101801','1210238');
INSERT INTO album_juser VALUES('101801','1147952');
INSERT INTO juser VALUES('750130','Absence','Absence','http://www.jamendo.com/es/user/Absence','http://imgjam.com/avatars/130/750130.100.jpg','en');
INSERT INTO juser VALUES('588327','SrRoo','Srroo','http://www.jamendo.com/es/user/SrRoo','http://imgjam.com/avatars/327/588327.100.jpg','es');
INSERT INTO juser VALUES('626075','lumiru','Lumiru','http://www.jamendo.com/es/user/lumiru','http://imgjam.com/avatars/75/626075.100.png','fr');
INSERT INTO juser VALUES('1244547','AdamWaliczek','Waliczek adam','http://www.jamendo.com/es/user/AdamWaliczek','http://imgjam.com/avatars/jamendo/100/dj.png','pl');
INSERT INTO juser VALUES('39058','eisenherzz','Eisenherzz','http://www.jamendo.com/es/user/eisenherzz','http://imgjam.com/avatars/58/39058.100.png','de');
INSERT INTO album_juser VALUES('101801','750130');
INSERT INTO album_juser VALUES('101801','588327');
INSERT INTO album_juser VALUES('101801','626075');
INSERT INTO album_juser VALUES('101801','1244547');
INSERT INTO album_juser VALUES('101801','39058');
INSERT INTO juser VALUES('685189','Mustang_51_d','Yann ','http://www.jamendo.com/es/user/Mustang_51_d','http://imgjam.com/avatars/189/685189.100.jpg','fr');
INSERT INTO juser VALUES('392009','Ben Aetheryon','Ben aetheryon','http://www.jamendo.com/es/user/Ben%20Aetheryon','http://imgjam.com/avatars/9/392009.100.png','en');
INSERT INTO juser VALUES('364484','dillman','Dillman','http://www.jamendo.com/es/user/dillman','http://imgjam.com/avatars/questionmark/avatar.100.gif','en');
INSERT INTO juser VALUES('1101403','alexishevia','Alexishevia','http://www.jamendo.com/es/user/alexishevia','http://imgjam.com/avatars/jamendo/100/pro.png','en');
INSERT INTO juser VALUES('564508','razgo',' ','http://www.jamendo.com/es/user/razgo','http://imgjam.com/avatars/508/564508.100.jpg','de');
INSERT INTO album_juser VALUES('101801','685189');
INSERT INTO album_juser VALUES('101801','392009');
INSERT INTO album_juser VALUES('101801','364484');
INSERT INTO album_juser VALUES('101801','1101403');
INSERT INTO album_juser VALUES('101801','564508');
INSERT INTO juser VALUES('379520','dirty dj','Dirty dj','http://www.jamendo.com/es/user/dirty%20dj','http://imgjam.com/avatars/520/379520.100.jpg','fr');
INSERT INTO juser VALUES('1036954','mozziconin',' ','http://www.jamendo.com/es/user/mozziconin','http://imgjam.com/avatars/954/1036954.100.jpg','ru');
INSERT INTO juser VALUES('18675','NiX','Nicolas lecertisseur','http://www.jamendo.com/es/user/NiX','http://imgjam.com/avatars/675/18675.100.jpg','fr');
INSERT INTO juser VALUES('465120','Pusi85','Pusi85','http://www.jamendo.com/es/user/Pusi85','http://imgjam.com/avatars/jamendo/100/pro.png','en');
INSERT INTO juser VALUES('1264319','Grensir','Bartosz supronik','http://www.jamendo.com/es/user/Grensir','http://imgjam.com/avatars/jamendo/100/pro.png','pl');
INSERT INTO album_juser VALUES('101801','379520');
INSERT INTO album_juser VALUES('101801','1036954');
INSERT INTO album_juser VALUES('101801','18675');
INSERT INTO album_juser VALUES('101801','465120');
INSERT INTO album_juser VALUES('101801','1264319');
INSERT INTO album VALUES('116452','Owl Time (2013)','http://www.jamendo.com/es/album/116452','http://imgjam.com/albums/s116/116452/covers/1.100.jpg','2','2350');
UPDATE album SET artist_id='357359' WHERE id='116452';
INSERT INTO track VALUES('989871','In Tune','http://www.jamendo.com/es/track/989871','','','191','http://mp3l.jamendo.com/?trackid=989871&format=mp31&u=0');
UPDATE track SET album_id='116452' WHERE id='989871';
UPDATE track SET text='' WHERE id='989871';
INSERT INTO playlist VALUES('226731','JamendoProRadioZip_rhythm','http://www.jamendo.com/es/playlist/226731','24391');
INSERT INTO playlist_track VALUES('226731','989871');
INSERT INTO playlist VALUES('226740','JamendoProRadioZip_fashion','http://www.jamendo.com/es/playlist/226740','44375');
INSERT INTO playlist_track VALUES('226740','989871');
INSERT INTO playlist VALUES('226743','JamendoProRadioZip_groovedancepop','http://www.jamendo.com/es/playlist/226743','69111');
INSERT INTO playlist_track VALUES('226743','989871');
INSERT INTO playlist VALUES('226772','JamendoProRadioZip_groovedancepop','http://www.jamendo.com/es/playlist/226772','75952');
INSERT INTO playlist_track VALUES('226772','989871');
INSERT INTO playlist VALUES('226851','JamendoProRadioZip_rhythm','http://www.jamendo.com/es/playlist/226851','24391');
INSERT INTO playlist_track VALUES('226851','989871');
INSERT INTO playlist VALUES('226860','JamendoProRadioZip_fashion','http://www.jamendo.com/es/playlist/226860','45718');
INSERT INTO playlist_track VALUES('226860','989871');
INSERT INTO playlist VALUES('226955','JamendoProRadioZip_fitness','http://www.jamendo.com/es/playlist/226955','41440');
INSERT INTO playlist_track VALUES('226955','989871');
INSERT INTO playlist VALUES('226954','JamendoProRadioZip_fashion','http://www.jamendo.com/es/playlist/226954','43907');
INSERT INTO playlist_track VALUES('226954','989871');
INSERT INTO playlist VALUES('226945','JamendoProRadioZip_rhythm','http://www.jamendo.com/es/playlist/226945','25645');
INSERT INTO playlist_track VALUES('226945','989871');
INSERT INTO playlist VALUES('226935','JamendoProRadioZip_groovedancepop','http://www.jamendo.com/es/playlist/226935','93042');
INSERT INTO playlist_track VALUES('226935','989871');
INSERT INTO playlist VALUES('226926','JamendoProRadioZip_groovedancepop','http://www.jamendo.com/es/playlist/226926','74705');
INSERT INTO playlist_track VALUES('226926','989871');
INSERT INTO playlist VALUES('227107','JamendoProRadioZip_groovedancepop','http://www.jamendo.com/es/playlist/227107','92821');
INSERT INTO playlist_track VALUES('227107','989871');
INSERT INTO playlist VALUES('227117','JamendoProRadioZip_rhythm','http://www.jamendo.com/es/playlist/227117','25645');
INSERT INTO playlist_track VALUES('227117','989871');
INSERT INTO playlist VALUES('227126','JamendoProRadioZip_fashion','http://www.jamendo.com/es/playlist/227126','43907');
INSERT INTO playlist_track VALUES('227126','989871');
INSERT INTO playlist VALUES('227127','JamendoProRadioZip_fitness','http://www.jamendo.com/es/playlist/227127','38644');
INSERT INTO playlist_track VALUES('227127','989871');
INSERT INTO playlist VALUES('227285','JamendoProRadioZip_groovedancepop','http://www.jamendo.com/es/playlist/227285','90511');
INSERT INTO playlist_track VALUES('227285','989871');
INSERT INTO playlist VALUES('227295','JamendoProRadioZip_rhythm','http://www.jamendo.com/es/playlist/227295','22589');
INSERT INTO playlist_track VALUES('227295','989871');
INSERT INTO playlist VALUES('227304','JamendoProRadioZip_fashion','http://www.jamendo.com/es/playlist/227304','40810');
INSERT INTO playlist_track VALUES('227304','989871');
INSERT INTO playlist VALUES('227305','JamendoProRadioZip_fitness','http://www.jamendo.com/es/playlist/227305','38448');
INSERT INTO playlist_track VALUES('227305','989871');
INSERT INTO playlist_track VALUES('227311','989871');
INSERT INTO track VALUES('989872','12','http://www.jamendo.com/es/track/989872','','en','206','http://mp3l.jamendo.com/?trackid=989872&format=mp31&u=0');
UPDATE track SET album_id='116452' WHERE id='989872';
UPDATE track SET text='' WHERE id='989872';
INSERT INTO playlist_track VALUES('226740','989872');
INSERT INTO playlist_track VALUES('226743','989872');
INSERT INTO playlist_track VALUES('226772','989872');
INSERT INTO playlist_track VALUES('226860','989872');
INSERT INTO playlist_track VALUES('226954','989872');
INSERT INTO playlist_track VALUES('226935','989872');
INSERT INTO playlist_track VALUES('226926','989872');
INSERT INTO playlist_track VALUES('227107','989872');
INSERT INTO playlist_track VALUES('227126','989872');
INSERT INTO playlist_track VALUES('227285','989872');
INSERT INTO playlist_track VALUES('227304','989872');
INSERT INTO playlist_track VALUES('227311','989872');
INSERT INTO playlist VALUES('227482','JamendoProRadioZip_groovedancepop','http://www.jamendo.com/es/playlist/227482','93618');
INSERT INTO playlist_track VALUES('227482','989872');
INSERT INTO playlist VALUES('227501','JamendoProRadioZip_fashion','http://www.jamendo.com/es/playlist/227501','43500');
INSERT INTO playlist_track VALUES('227501','989872');
INSERT INTO playlist VALUES('227512','','http://www.jamendo.com/es/playlist/227512','40277');
INSERT INTO playlist_track VALUES('227512','989872');
INSERT INTO playlist VALUES('227532','JamendoProRadioZip_groovedancepop','http://www.jamendo.com/es/playlist/227532','104026');
INSERT INTO playlist_track VALUES('227532','989872');
INSERT INTO playlist VALUES('227551','JamendoProRadioZip_fashion','http://www.jamendo.com/es/playlist/227551','47375');
INSERT INTO playlist_track VALUES('227551','989872');
INSERT INTO playlist VALUES('227774','JamendoProRadioZip_groovedancepop','http://www.jamendo.com/es/playlist/227774','101140');
INSERT INTO playlist_track VALUES('227774','989872');
INSERT INTO playlist VALUES('227793','JamendoProRadioZip_fashion','http://www.jamendo.com/es/playlist/227793','45216');
INSERT INTO playlist_track VALUES('227793','989872');
INSERT INTO track VALUES('989873','Owl Time','http://www.jamendo.com/es/track/989873','','en','203','http://mp3l.jamendo.com/?trackid=989873&format=mp31&u=0');
UPDATE track SET album_id='116452' WHERE id='989873';
UPDATE track SET text='' WHERE id='989873';
INSERT INTO playlist_track VALUES('226740','989873');
INSERT INTO playlist_track VALUES('226743','989873');
INSERT INTO playlist_track VALUES('226772','989873');
INSERT INTO playlist_track VALUES('226860','989873');
INSERT INTO playlist_track VALUES('226954','989873');
INSERT INTO playlist_track VALUES('226935','989873');
INSERT INTO playlist_track VALUES('226926','989873');
INSERT INTO playlist_track VALUES('227107','989873');
INSERT INTO playlist_track VALUES('227126','989873');
INSERT INTO playlist_track VALUES('227285','989873');
INSERT INTO playlist_track VALUES('227304','989873');
INSERT INTO playlist_track VALUES('227311','989873');
INSERT INTO playlist_track VALUES('227482','989873');
INSERT INTO playlist_track VALUES('227501','989873');
INSERT INTO playlist_track VALUES('227512','989873');
INSERT INTO playlist_track VALUES('227532','989873');
INSERT INTO playlist_track VALUES('227551','989873');
INSERT INTO playlist_track VALUES('227774','989873');
INSERT INTO playlist_track VALUES('227793','989873');
INSERT INTO track VALUES('989874','Flying Caterpillar','http://www.jamendo.com/es/track/989874','','','210','http://mp3l.jamendo.com/?trackid=989874&format=mp31&u=0');
UPDATE track SET album_id='116452' WHERE id='989874';
UPDATE track SET text='' WHERE id='989874';
INSERT INTO track VALUES('989875','Explode','http://www.jamendo.com/es/track/989875','','en','167','http://mp3l.jamendo.com/?trackid=989875&format=mp31&u=0');
UPDATE track SET album_id='116452' WHERE id='989875';
UPDATE track SET text='' WHERE id='989875';
INSERT INTO track VALUES('989876','Nakturnal','http://www.jamendo.com/es/track/989876','','','170','http://mp3l.jamendo.com/?trackid=989876&format=mp31&u=0');
UPDATE track SET album_id='116452' WHERE id='989876';
UPDATE track SET text='' WHERE id='989876';
INSERT INTO playlist_track VALUES('226740','989876');
INSERT INTO playlist_track VALUES('226743','989876');
INSERT INTO playlist_track VALUES('226772','989876');
INSERT INTO playlist_track VALUES('226860','989876');
INSERT INTO playlist_track VALUES('226955','989876');
INSERT INTO playlist_track VALUES('226954','989876');
INSERT INTO playlist_track VALUES('226935','989876');
INSERT INTO playlist_track VALUES('226926','989876');
INSERT INTO playlist_track VALUES('227107','989876');
INSERT INTO playlist_track VALUES('227126','989876');
INSERT INTO playlist_track VALUES('227127','989876');
INSERT INTO playlist_track VALUES('227285','989876');
INSERT INTO playlist_track VALUES('227304','989876');
INSERT INTO playlist_track VALUES('227305','989876');
INSERT INTO playlist_track VALUES('227311','989876');
INSERT INTO playlist_track VALUES('227482','989876');
INSERT INTO playlist_track VALUES('227501','989876');
INSERT INTO playlist VALUES('227502','JamendoProRadioZip_fitness','http://www.jamendo.com/es/playlist/227502','38394');
INSERT INTO playlist_track VALUES('227502','989876');
INSERT INTO playlist_track VALUES('227512','989876');
INSERT INTO playlist VALUES('227518','','http://www.jamendo.com/es/playlist/227518','28195');
INSERT INTO playlist_track VALUES('227518','989876');
INSERT INTO track VALUES('989877','Shake Dat','http://www.jamendo.com/es/track/989877','','en','187','http://mp3l.jamendo.com/?trackid=989877&format=mp31&u=0');
UPDATE track SET album_id='116452' WHERE id='989877';
UPDATE track SET text='' WHERE id='989877';
INSERT INTO track VALUES('989878','Tree Of Life','http://www.jamendo.com/es/track/989878','','','311','http://mp3l.jamendo.com/?trackid=989878&format=mp31&u=0');
UPDATE track SET album_id='116452' WHERE id='989878';
UPDATE track SET text='' WHERE id='989878';
INSERT INTO playlist_track VALUES('226731','989878');
INSERT INTO playlist VALUES('226741','JamendoProRadioZip_fitness','http://www.jamendo.com/es/playlist/226741','24830');
INSERT INTO playlist_track VALUES('226741','989878');
INSERT INTO playlist_track VALUES('226743','989878');
INSERT INTO playlist_track VALUES('226772','989878');
INSERT INTO playlist_track VALUES('226851','989878');
INSERT INTO playlist VALUES('226861','JamendoProRadioZip_fitness','http://www.jamendo.com/es/playlist/226861','24830');
INSERT INTO playlist_track VALUES('226861','989878');
INSERT INTO playlist_track VALUES('226955','989878');
INSERT INTO playlist_track VALUES('226945','989878');
INSERT INTO playlist_track VALUES('226935','989878');
INSERT INTO playlist_track VALUES('226926','989878');
INSERT INTO playlist_track VALUES('227107','989878');
INSERT INTO playlist_track VALUES('227117','989878');
INSERT INTO playlist_track VALUES('227127','989878');
INSERT INTO playlist_track VALUES('227285','989878');
INSERT INTO playlist_track VALUES('227295','989878');
INSERT INTO playlist_track VALUES('227305','989878');
INSERT INTO playlist_track VALUES('227311','989878');
INSERT INTO playlist_track VALUES('227482','989878');
INSERT INTO playlist VALUES('227492','JamendoProRadioZip_rhythm','http://www.jamendo.com/es/playlist/227492','25453');
INSERT INTO playlist_track VALUES('227492','989878');
INSERT INTO playlist_track VALUES('227502','989878');
INSERT INTO track VALUES('989879','Listen','http://www.jamendo.com/es/track/989879','','en','183','http://mp3l.jamendo.com/?trackid=989879&format=mp31&u=0');
UPDATE track SET album_id='116452' WHERE id='989879';
UPDATE track SET text='' WHERE id='989879';
INSERT INTO playlist_track VALUES('226740','989879');
INSERT INTO playlist_track VALUES('226743','989879');
INSERT INTO playlist_track VALUES('226772','989879');
INSERT INTO playlist_track VALUES('226860','989879');
INSERT INTO playlist_track VALUES('226954','989879');
INSERT INTO playlist_track VALUES('226935','989879');
INSERT INTO playlist_track VALUES('226926','989879');
INSERT INTO playlist_track VALUES('227107','989879');
INSERT INTO playlist_track VALUES('227126','989879');
INSERT INTO playlist_track VALUES('227285','989879');
INSERT INTO playlist_track VALUES('227304','989879');
INSERT INTO playlist_track VALUES('227311','989879');
INSERT INTO playlist_track VALUES('227482','989879');
INSERT INTO playlist_track VALUES('227501','989879');
INSERT INTO playlist_track VALUES('227512','989879');
INSERT INTO playlist_track VALUES('227532','989879');
INSERT INTO playlist_track VALUES('227551','989879');
INSERT INTO playlist_track VALUES('227774','989879');
INSERT INTO playlist_track VALUES('227793','989879');
INSERT INTO track VALUES('989880','Peace Dream','http://www.jamendo.com/es/track/989880','','en','279','http://mp3l.jamendo.com/?trackid=989880&format=mp31&u=0');
UPDATE track SET album_id='116452' WHERE id='989880';
UPDATE track SET text='' WHERE id='989880';
INSERT INTO playlist_track VALUES('226740','989880');
INSERT INTO playlist_track VALUES('226743','989880');
INSERT INTO playlist_track VALUES('226772','989880');
INSERT INTO playlist_track VALUES('226860','989880');
INSERT INTO playlist_track VALUES('226954','989880');
INSERT INTO juser VALUES('59700','basileus','Basileus','http://www.jamendo.com/es/user/basileus','http://imgjam.com/avatars/questionmark/avatar.100.gif','en');
INSERT INTO juser VALUES('268570','BobbyDoo','Bobbydoo','http://www.jamendo.com/es/user/BobbyDoo','http://imgjam.com/avatars/questionmark/avatar.100.gif','de');
INSERT INTO juser VALUES('440088','brainsheep','Brainsheep','http://www.jamendo.com/es/user/brainsheep','http://imgjam.com/avatars/88/440088.100.jpg','de');
INSERT INTO album_juser VALUES('116452','59700');
INSERT INTO album_juser VALUES('116452','268570');
INSERT INTO album_juser VALUES('116452','440088');
INSERT INTO album_juser VALUES('116452','592597');
INSERT INTO album_juser VALUES('116452','594502');
INSERT INTO juser VALUES('798901','Foxanaid','Foxanaid','http://www.jamendo.com/es/user/Foxanaid','http://imgjam.com/avatars/901/798901.100.jpg','es');
INSERT INTO juser VALUES('800361','raggan','Raggan','http://www.jamendo.com/es/user/raggan','http://imgjam.com/avatars/jamendo/100/pro.png','pl');
INSERT INTO juser VALUES('997942','cristobalpg','Cristobalpg','http://www.jamendo.com/es/user/cristobalpg','http://imgjam.com/avatars/jamendo/100/pro.png','es');
INSERT INTO juser VALUES('1035585','apertozero','Apertozero','http://www.jamendo.com/es/user/apertozero','http://imgjam.com/avatars/jamendo/100/pro.png','en');
INSERT INTO juser VALUES('1064343','scianagoryczy','Tomasz zbrożek','http://www.jamendo.com/es/user/scianagoryczy','http://imgjam.com/avatars/jamendo/100/pb_instrument.png','pl');
INSERT INTO album_juser VALUES('116452','798901');
INSERT INTO album_juser VALUES('116452','800361');
INSERT INTO album_juser VALUES('116452','997942');
INSERT INTO album_juser VALUES('116452','1035585');
INSERT INTO album_juser VALUES('116452','1064343');
INSERT INTO juser VALUES('1400617','Dudefromdexter','Dudefromdexter','http://www.jamendo.com/es/user/Dudefromdexter','http://imgjam.com/avatars/jamendo/100/pro.png','en');
INSERT INTO juser VALUES('1407839','Alfonso_fs','Alfonso_fs','http://www.jamendo.com/es/user/Alfonso_fs','http://imgjam.com/avatars/839/1407839.100.png','es');
INSERT INTO juser VALUES('3038929','Jappadop','Jappadop','http://www.jamendo.com/es/user/Jappadop','http://imgjam.com/avatars/jamendo/100/pro.png','de');
INSERT INTO juser VALUES('3194746','jaiyalas','Jaiyalas','http://www.jamendo.com/es/user/jaiyalas','http://imgjam.com/avatars/746/3194746.100.png','');
INSERT INTO juser VALUES('3215641','hatalmas','Hatalmas','http://www.jamendo.com/es/user/hatalmas','http://imgjam.com/avatars/jamendo/100/pro.png','');
INSERT INTO album_juser VALUES('116452','1400617');
INSERT INTO album_juser VALUES('116452','1407839');
INSERT INTO album_juser VALUES('116452','3038929');
INSERT INTO album_juser VALUES('116452','3194746');
INSERT INTO album_juser VALUES('116452','3215641');
INSERT INTO juser VALUES('3240794','spacemunkee1','Spacemunkee1','http://www.jamendo.com/es/user/spacemunkee1','http://imgjam.com/avatars/794/3240794.100.png','');
INSERT INTO album_juser VALUES('116452','3240794');
INSERT INTO album VALUES('131319','The 5th Element (2014)','http://www.jamendo.com/es/album/131319','http://imgjam.com/albums/s131/131319/covers/1.100.jpg','2','2733');
UPDATE album SET artist_id='357359' WHERE id='131319';
INSERT INTO track VALUES('1100485','Dancing With Lightning - Produced by J. Glaze','http://www.jamendo.com/es/track/1100485','','','222','http://mp3l.jamendo.com/?trackid=1100485&format=mp31&u=0');
UPDATE track SET album_id='131319' WHERE id='1100485';
UPDATE track SET text='' WHERE id='1100485';
INSERT INTO playlist VALUES('227477','','http://www.jamendo.com/es/playlist/227477','2733');
INSERT INTO playlist_track VALUES('227477','1100485');
INSERT INTO track VALUES('1100505','Anyway - Produced by J. Glaze','http://www.jamendo.com/es/track/1100505','','','214','http://mp3l.jamendo.com/?trackid=1100505&format=mp31&u=0');
UPDATE track SET album_id='131319' WHERE id='1100505';
UPDATE track SET text='' WHERE id='1100505';
INSERT INTO playlist_track VALUES('227477','1100505');
INSERT INTO track VALUES('1100506','Gotta Love Me - Produced by Golden Day','http://www.jamendo.com/es/track/1100506','','','258','http://mp3l.jamendo.com/?trackid=1100506&format=mp31&u=0');
UPDATE track SET album_id='131319' WHERE id='1100506';
UPDATE track SET text='' WHERE id='1100506';
INSERT INTO playlist_track VALUES('227477','1100506');
INSERT INTO playlist_track VALUES('227551','1100506');
INSERT INTO playlist_track VALUES('227793','1100506');
INSERT INTO track VALUES('1100507','Indo Amnesia - Produced by Nice Nate','http://www.jamendo.com/es/track/1100507','','','187','http://mp3l.jamendo.com/?trackid=1100507&format=mp31&u=0');
UPDATE track SET album_id='131319' WHERE id='1100507';
UPDATE track SET text='' WHERE id='1100507';
INSERT INTO playlist_track VALUES('227477','1100507');
INSERT INTO track VALUES('1100508','Vision - Produced by Golden Day','http://www.jamendo.com/es/track/1100508','','','177','http://mp3l.jamendo.com/?trackid=1100508&format=mp31&u=0');
UPDATE track SET album_id='131319' WHERE id='1100508';
UPDATE track SET text='' WHERE id='1100508';
INSERT INTO playlist_track VALUES('227477','1100508');
INSERT INTO track VALUES('1100509','Frack Track - Produced by Nice Nate','http://www.jamendo.com/es/track/1100509','','','330','http://mp3l.jamendo.com/?trackid=1100509&format=mp31&u=0');
UPDATE track SET album_id='131319' WHERE id='1100509';
UPDATE track SET text='' WHERE id='1100509';
INSERT INTO playlist_track VALUES('227477','1100509');
INSERT INTO playlist_track VALUES('227793','1100509');
INSERT INTO track VALUES('1100510','The 5th Element - Produced by Golden Day','http://www.jamendo.com/es/track/1100510','','','221','http://mp3l.jamendo.com/?trackid=1100510&format=mp31&u=0');
UPDATE track SET album_id='131319' WHERE id='1100510';
UPDATE track SET text='' WHERE id='1100510';
INSERT INTO playlist_track VALUES('227477','1100510');
INSERT INTO track VALUES('1100511','Today - Produced by Headphone Activist','http://www.jamendo.com/es/track/1100511','','','205','http://mp3l.jamendo.com/?trackid=1100511&format=mp31&u=0');
UPDATE track SET album_id='131319' WHERE id='1100511';
UPDATE track SET text='' WHERE id='1100511';
INSERT INTO playlist_track VALUES('227477','1100511');
INSERT INTO playlist_track VALUES('227551','1100511');
INSERT INTO playlist_track VALUES('227793','1100511');
INSERT INTO track VALUES('1100512','I Know You - Produced by Charlton Samuels','http://www.jamendo.com/es/track/1100512','','','283','http://mp3l.jamendo.com/?trackid=1100512&format=mp31&u=0');
UPDATE track SET album_id='131319' WHERE id='1100512';
UPDATE track SET text='' WHERE id='1100512';
INSERT INTO playlist_track VALUES('227477','1100512');
INSERT INTO playlist_track VALUES('227551','1100512');
INSERT INTO playlist_track VALUES('227793','1100512');
INSERT INTO track VALUES('1100513','Rise - Produced by The Siren','http://www.jamendo.com/es/track/1100513','','','330','http://mp3l.jamendo.com/?trackid=1100513&format=mp31&u=0');
UPDATE track SET album_id='131319' WHERE id='1100513';
UPDATE track SET text='' WHERE id='1100513';
INSERT INTO playlist_track VALUES('227477','1100513');
INSERT INTO track VALUES('1100514','Belong - Produced by Headphone Activist','http://www.jamendo.com/es/track/1100514','','','306','http://mp3l.jamendo.com/?trackid=1100514&format=mp31&u=0');
UPDATE track SET album_id='131319' WHERE id='1100514';
UPDATE track SET text='' WHERE id='1100514';
INSERT INTO playlist_track VALUES('227477','1100514');
INSERT INTO album VALUES('136802','Age of Feminine (2007)','http://www.jamendo.com/es/album/136802','http://imgjam.com/albums/s136/136802/covers/1.100.jpg','2','2152');
UPDATE album SET artist_id='357359' WHERE id='136802';
INSERT INTO track VALUES('1138775','Yesterday','http://www.jamendo.com/es/track/1138775','','','202','http://mp3l.jamendo.com/?trackid=1138775&format=mp31&u=0');
UPDATE track SET album_id='136802' WHERE id='1138775';
UPDATE track SET text='' WHERE id='1138775';
INSERT INTO playlist_track VALUES('227551','1138775');
INSERT INTO playlist_track VALUES('227793','1138775');
INSERT INTO track VALUES('1138772','Age of Feminine','http://www.jamendo.com/es/track/1138772','','','265','http://mp3l.jamendo.com/?trackid=1138772&format=mp31&u=0');
UPDATE track SET album_id='136802' WHERE id='1138772';
UPDATE track SET text='' WHERE id='1138772';
INSERT INTO track VALUES('1138770','Story of Me','http://www.jamendo.com/es/track/1138770','','','294','http://mp3l.jamendo.com/?trackid=1138770&format=mp31&u=0');
UPDATE track SET album_id='136802' WHERE id='1138770';
UPDATE track SET text='' WHERE id='1138770';
INSERT INTO track VALUES('1138776','Winding Road','http://www.jamendo.com/es/track/1138776','','','146','http://mp3l.jamendo.com/?trackid=1138776&format=mp31&u=0');
UPDATE track SET album_id='136802' WHERE id='1138776';
UPDATE track SET text='' WHERE id='1138776';
INSERT INTO track VALUES('1138769','Raja','http://www.jamendo.com/es/track/1138769','','','179','http://mp3l.jamendo.com/?trackid=1138769&format=mp31&u=0');
UPDATE track SET album_id='136802' WHERE id='1138769';
UPDATE track SET text='' WHERE id='1138769';
INSERT INTO track VALUES('1138771','Struggle','http://www.jamendo.com/es/track/1138771','','','252','http://mp3l.jamendo.com/?trackid=1138771&format=mp31&u=0');
UPDATE track SET album_id='136802' WHERE id='1138771';
UPDATE track SET text='' WHERE id='1138771';
INSERT INTO track VALUES('1138773','Hawk','http://www.jamendo.com/es/track/1138773','','','359','http://mp3l.jamendo.com/?trackid=1138773&format=mp31&u=0');
UPDATE track SET album_id='136802' WHERE id='1138773';
UPDATE track SET text='' WHERE id='1138773';
INSERT INTO track VALUES('1138777','Internal Trouble','http://www.jamendo.com/es/track/1138777','','','48','http://mp3l.jamendo.com/?trackid=1138777&format=mp31&u=0');
UPDATE track SET album_id='136802' WHERE id='1138777';
UPDATE track SET text='' WHERE id='1138777';
INSERT INTO track VALUES('1138778','Marchin''','http://www.jamendo.com/es/track/1138778','','','274','http://mp3l.jamendo.com/?trackid=1138778&format=mp31&u=0');
UPDATE track SET album_id='136802' WHERE id='1138778';
UPDATE track SET text='' WHERE id='1138778';
INSERT INTO track VALUES('1138774','Four One Two (412)','http://www.jamendo.com/es/track/1138774','','','67','http://mp3l.jamendo.com/?trackid=1138774&format=mp31&u=0');
UPDATE track SET album_id='136802' WHERE id='1138774';
UPDATE track SET text='' WHERE id='1138774';
INSERT INTO track VALUES('1138779','Please Remember','http://www.jamendo.com/es/track/1138779','','','66','http://mp3l.jamendo.com/?trackid=1138779&format=mp31&u=0');
UPDATE track SET album_id='136802' WHERE id='1138779';
UPDATE track SET text='' WHERE id='1138779';
INSERT INTO album VALUES('139585','The Remixes','http://www.jamendo.com/es/album/139585','http://imgjam.com/albums/s139/139585/covers/1.100.jpg','2','2401');
UPDATE album SET artist_id='357359' WHERE id='139585';
INSERT INTO track VALUES('1161940','In Tune (J. Glaze Remix)','http://www.jamendo.com/es/track/1161940','','','346','http://mp3l.jamendo.com/?trackid=1161940&format=mp31&u=0');
UPDATE track SET album_id='139585' WHERE id='1161940';
UPDATE track SET text='' WHERE id='1161940';
INSERT INTO track VALUES('1161934','I Insist (J. Glaze Remix)','http://www.jamendo.com/es/track/1161934','','','304','http://mp3l.jamendo.com/?trackid=1161934&format=mp31&u=0');
UPDATE track SET album_id='139585' WHERE id='1161934';
UPDATE track SET text='' WHERE id='1161934';
INSERT INTO track VALUES('1161932','Mad Humans (J. Glaze Remix)','http://www.jamendo.com/es/track/1161932','','','235','http://mp3l.jamendo.com/?trackid=1161932&format=mp31&u=0');
UPDATE track SET album_id='139585' WHERE id='1161932';
UPDATE track SET text='' WHERE id='1161932';
INSERT INTO track VALUES('1161938','Big Plans (J. Glaze Remix)','http://www.jamendo.com/es/track/1161938','','','256','http://mp3l.jamendo.com/?trackid=1161938&format=mp31&u=0');
UPDATE track SET album_id='139585' WHERE id='1161938';
UPDATE track SET text='' WHERE id='1161938';
INSERT INTO track VALUES('1161933','Owl Time (J. Glaze and Udachi Remix)','http://www.jamendo.com/es/track/1161933','','','222','http://mp3l.jamendo.com/?trackid=1161933&format=mp31&u=0');
UPDATE track SET album_id='139585' WHERE id='1161933';
UPDATE track SET text='' WHERE id='1161933';
INSERT INTO track VALUES('1161935','Catch Me (J. Glaze Remix)','http://www.jamendo.com/es/track/1161935','','','299','http://mp3l.jamendo.com/?trackid=1161935&format=mp31&u=0');
UPDATE track SET album_id='139585' WHERE id='1161935';
UPDATE track SET text='' WHERE id='1161935';
INSERT INTO track VALUES('1161936','Fact Is (J. Glaze and Udachi Remix)','http://www.jamendo.com/es/track/1161936','','','216','http://mp3l.jamendo.com/?trackid=1161936&format=mp31&u=0');
UPDATE track SET album_id='139585' WHERE id='1161936';
UPDATE track SET text='' WHERE id='1161936';
INSERT INTO track VALUES('1161937','Hasta Abajo (J. Glaze and Mike Cash Remix)','http://www.jamendo.com/es/track/1161937','','','220','http://mp3l.jamendo.com/?trackid=1161937&format=mp31&u=0');
UPDATE track SET album_id='139585' WHERE id='1161937';
UPDATE track SET text='' WHERE id='1161937';
INSERT INTO track VALUES('1161939','In the Night - Game of Thrones Remake (J. Glaze Remix)','http://www.jamendo.com/es/track/1161939','','','303','http://mp3l.jamendo.com/?trackid=1161939&format=mp31&u=0');
UPDATE track SET album_id='139585' WHERE id='1161939';
UPDATE track SET text='' WHERE id='1161939';
INSERT INTO juser VALUES('8087','tazz','Steph','http://www.jamendo.com/es/user/tazz','http://imgjam.com/avatars/87/8087.100.png','fr');
INSERT INTO juser VALUES('9202','lmdelgado','Lmdelgado','http://www.jamendo.com/es/user/lmdelgado','http://imgjam.com/avatars/questionmark/avatar.100.gif','es');
INSERT INTO juser VALUES('10371','fanou2','Fanou2','http://www.jamendo.com/es/user/fanou2','http://imgjam.com/avatars/questionmark/avatar.100.gif','fr');
INSERT INTO juser VALUES('18688','GuiPoM','Guipom','http://www.jamendo.com/es/user/GuiPoM','http://imgjam.com/avatars/688/18688.100.gif','fr');
INSERT INTO artist_juser VALUES('357359','8087');
INSERT INTO artist_juser VALUES('357359','9202');
INSERT INTO artist_juser VALUES('357359','10371');
INSERT INTO artist_juser VALUES('357359','18675');
INSERT INTO artist_juser VALUES('357359','18688');
INSERT INTO juser VALUES('19346','hakre','Hakre','http://www.jamendo.com/es/user/hakre','http://imgjam.com/avatars/346/19346.100.jpg','en');
INSERT INTO juser VALUES('21198','jpascal','Jpascal','http://www.jamendo.com/es/user/jpascal','http://imgjam.com/avatars/questionmark/avatar.100.gif','fr');
INSERT INTO juser VALUES('22647','JWood','Jon','http://www.jamendo.com/es/user/JWood','http://imgjam.com/avatars/questionmark/avatar.100.gif','en');
INSERT INTO juser VALUES('32599','ced117','Heintz cédric','http://www.jamendo.com/es/user/ced117','http://imgjam.com/avatars/599/32599.100.jpg','fr');
INSERT INTO juser VALUES('37223','tarabas','Tarabas, chaos within','http://www.jamendo.com/es/user/tarabas','http://imgjam.com/avatars/223/37223.100.png','en');
INSERT INTO artist_juser VALUES('357359','19346');
INSERT INTO artist_juser VALUES('357359','21198');
INSERT INTO artist_juser VALUES('357359','22647');
INSERT INTO artist_juser VALUES('357359','32599');
INSERT INTO artist_juser VALUES('357359','37223');
INSERT INTO juser VALUES('39556','pecheurnormand','Pecheurnormand','http://www.jamendo.com/es/user/pecheurnormand','http://imgjam.com/avatars/questionmark/avatar.100.gif','fr');
INSERT INTO juser VALUES('39819','magacin66','Miguel a.g.','http://www.jamendo.com/es/user/magacin66','http://imgjam.com/avatars/819/39819.100.png','es');
INSERT INTO juser VALUES('53607','lundi','Lundi','http://www.jamendo.com/es/user/lundi','http://imgjam.com/avatars/questionmark/avatar.100.gif','fr');
INSERT INTO juser VALUES('54176','toninb',' ','http://www.jamendo.com/es/user/toninb','http://imgjam.com/avatars/176/54176.100.png','en');
INSERT INTO artist_juser VALUES('357359','39058');
INSERT INTO artist_juser VALUES('357359','39556');
INSERT INTO artist_juser VALUES('357359','39819');
INSERT INTO artist_juser VALUES('357359','53607');
INSERT INTO artist_juser VALUES('357359','54176');
INSERT INTO juser VALUES('59136','Rjlmnr','Rjlmnr','http://www.jamendo.com/es/user/Rjlmnr','http://imgjam.com/avatars/136/59136.100.png','en');
INSERT INTO juser VALUES('59335','gerrybe','Gerrybe','http://www.jamendo.com/es/user/gerrybe','http://imgjam.com/avatars/questionmark/avatar.100.gif','en');
INSERT INTO juser VALUES('62532','dapro','Darek ','http://www.jamendo.com/es/user/dapro','http://imgjam.com/avatars/532/62532.100.jpg','en');
INSERT INTO juser VALUES('63835','spajderix','Spajderix','http://www.jamendo.com/es/user/spajderix','http://imgjam.com/avatars/835/63835.100.jpg','pl');
INSERT INTO artist_juser VALUES('357359','59136');
INSERT INTO artist_juser VALUES('357359','59335');
INSERT INTO artist_juser VALUES('357359','59700');
INSERT INTO artist_juser VALUES('357359','62532');
INSERT INTO artist_juser VALUES('357359','63835');
INSERT INTO artist VALUES('375935','AkashicRecords','Akashic Records','http://www.jamendo.com/es/artist/AkashicRecords','http://imgjam.com/artists/A/AkashicRecords.jpg');
INSERT INTO album VALUES('103564','Christmas Holidays','http://www.jamendo.com/es/album/103564','http://imgjam.com/albums/s103/103564/covers/1.100.jpg','3','235','Easy Listening');
UPDATE album SET artist_id='375935' WHERE id='103564';
INSERT INTO track VALUES('881283','Christmas Holidays','http://www.jamendo.com/es/track/881283','','','235','http://mp3l.jamendo.com/?trackid=881283&format=mp31&u=0');
UPDATE track SET album_id='103564' WHERE id='881283';
UPDATE track SET text='HAVE A QUESTION?
CONTACT ME AT  
http://saregama-contact.blogspot.com/' WHERE id='881283';
INSERT INTO playlist_track VALUES('188222','881283');
INSERT INTO playlist VALUES('217367','święta','http://www.jamendo.com/es/playlist/217367','2402');
INSERT INTO playlist_track VALUES('217367','881283');
INSERT INTO playlist VALUES('183778','Cosmic','http://www.jamendo.com/es/playlist/183778','173004');
INSERT INTO playlist_juser VALUES('183778','157383');
INSERT INTO playlist_track VALUES('183778','881283');
INSERT INTO playlist VALUES('217241','UR 22','http://www.jamendo.com/es/playlist/217241','1217');
INSERT INTO playlist_track VALUES('217241','881283');
INSERT INTO playlist VALUES('217193','Best of Christmas','http://www.jamendo.com/es/playlist/217193','6766');
INSERT INTO playlist_track VALUES('217193','881283');
INSERT INTO playlist VALUES('217192','Christmas music','http://www.jamendo.com/es/playlist/217192','8487');
INSERT INTO playlist_track VALUES('217192','881283');
INSERT INTO playlist VALUES('217239','Sendung 22','http://www.jamendo.com/es/playlist/217239','2312');
INSERT INTO playlist_track VALUES('217239','881283');
INSERT INTO playlist VALUES('209448','MYC NAVIDAD','http://www.jamendo.com/es/playlist/209448','14561');
INSERT INTO playlist_track VALUES('209448','881283');
INSERT INTO playlist VALUES('216785','Christmas','http://www.jamendo.com/es/playlist/216785','767');
INSERT INTO playlist_track VALUES('216785','881283');
INSERT INTO playlist VALUES('102568','Master Two','http://www.jamendo.com/es/playlist/102568','8233');
INSERT INTO playlist_track VALUES('102568','881283');
INSERT INTO playlist VALUES('185100','NAVIDAD','http://www.jamendo.com/es/playlist/185100','74638');
INSERT INTO playlist_track VALUES('185100','881283');
INSERT INTO playlist VALUES('216551','Navidad','http://www.jamendo.com/es/playlist/216551','5871');
INSERT INTO playlist_track VALUES('216551','881283');
INSERT INTO playlist VALUES('170025','Navidad','http://www.jamendo.com/es/playlist/170025','11290');
INSERT INTO playlist_track VALUES('170025','881283');
INSERT INTO playlist VALUES('226344','Christmas','http://www.jamendo.com/es/playlist/226344','235');
INSERT INTO playlist_track VALUES('226344','881283');
INSERT INTO playlist VALUES('226949','JamendoProRadioZip_xmas','http://www.jamendo.com/es/playlist/226949','38149');
INSERT INTO playlist_track VALUES('226949','881283');
INSERT INTO playlist VALUES('227121','JamendoProRadioZip_xmas','http://www.jamendo.com/es/playlist/227121','37971');
INSERT INTO playlist_track VALUES('227121','881283');
INSERT INTO playlist VALUES('227299','JamendoProRadioZip_xmas','http://www.jamendo.com/es/playlist/227299','38193');
INSERT INTO playlist_track VALUES('227299','881283');
INSERT INTO playlist VALUES('227496','JamendoProRadioZip_xmas','http://www.jamendo.com/es/playlist/227496','38193');
INSERT INTO playlist_track VALUES('227496','881283');
INSERT INTO playlist VALUES('227525','','http://www.jamendo.com/es/playlist/227525','27435');
INSERT INTO playlist_track VALUES('227525','881283');
INSERT INTO playlist VALUES('227546','JamendoProRadioZip_xmas','http://www.jamendo.com/es/playlist/227546','38193');
INSERT INTO playlist_track VALUES('227546','881283');
INSERT INTO juser VALUES('644170','RangerSeriesBlack',' ','http://www.jamendo.com/es/user/RangerSeriesBlack','http://imgjam.com/avatars/170/644170.100.jpg','en');
INSERT INTO juser VALUES('700587','dream_of_the_night','Mocini stefano','http://www.jamendo.com/es/user/dream_of_the_night','http://imgjam.com/avatars/587/700587.100.jpg','it');
INSERT INTO juser VALUES('396015','m_masters','Masters morris','http://www.jamendo.com/es/user/m_masters','http://imgjam.com/avatars/15/396015.100.jpg','en');
INSERT INTO juser VALUES('1079409','i-Ranyar','Косинцев Дмитрий','http://www.jamendo.com/es/user/i-Ranyar','http://imgjam.com/avatars/jamendo/100/pro.png','ru');
INSERT INTO album_juser VALUES('103564','1135093');
INSERT INTO album_juser VALUES('103564','644170');
INSERT INTO album_juser VALUES('103564','700587');
INSERT INTO album_juser VALUES('103564','396015');
INSERT INTO album_juser VALUES('103564','1079409');
INSERT INTO album VALUES('103730','Hopeful Expectations (Corporate Business Music)','http://www.jamendo.com/es/album/103730','http://imgjam.com/albums/s103/103730/covers/1.100.jpg','3','200','Easy Listening');
UPDATE album SET artist_id='375935' WHERE id='103730';
INSERT INTO track VALUES('882498','Hopeful Expectations','http://www.jamendo.com/es/track/882498','','','200','http://mp3l.jamendo.com/?trackid=882498&format=mp31&u=0');
UPDATE track SET album_id='103730' WHERE id='882498';
UPDATE track SET text='HAVE A QUESTION?
CONTACT ME AT  
http://saregama-contact.blogspot.com/' WHERE id='882498';
INSERT INTO playlist_track VALUES('188222','882498');
INSERT INTO playlist VALUES('190688','Melody Pop','http://www.jamendo.com/es/playlist/190688','5462');
INSERT INTO playlist_track VALUES('190688','882498');
INSERT INTO playlist VALUES('218079','Akashic records','http://www.jamendo.com/es/playlist/218079','200');
INSERT INTO playlist_track VALUES('218079','882498');
INSERT INTO playlist VALUES('219638','SaReGaMa','http://www.jamendo.com/es/playlist/219638','5474');
INSERT INTO playlist_track VALUES('219638','882498');
INSERT INTO playlist VALUES('220103','Bom','http://www.jamendo.com/es/playlist/220103','5242');
INSERT INTO playlist_track VALUES('220103','882498');
INSERT INTO playlist VALUES('220734','正向','http://www.jamendo.com/es/playlist/220734','200');
INSERT INTO playlist_track VALUES('220734','882498');
INSERT INTO playlist VALUES('222919','Demo','http://www.jamendo.com/es/playlist/222919','1750');
INSERT INTO playlist_track VALUES('222919','882498');
INSERT INTO playlist VALUES('197336','A miña','http://www.jamendo.com/es/playlist/197336','2888');
INSERT INTO playlist_track VALUES('197336','882498');
INSERT INTO playlist_track VALUES('227311','882498');
INSERT INTO juser VALUES('48499','loveovergold','Lookdown ','http://www.jamendo.com/es/user/loveovergold','http://imgjam.com/avatars/499/48499.100.jpg','it');
INSERT INTO juser VALUES('152787','SYL2Oh','Syl2o','http://www.jamendo.com/es/user/SYL2Oh','http://imgjam.com/avatars/787/152787.100.jpg','fr');
INSERT INTO juser VALUES('1254708','bytore','Bytore','http://www.jamendo.com/es/user/bytore','http://imgjam.com/avatars/jamendo/100/pro.png','en');
INSERT INTO album_juser VALUES('103730','1135093');
INSERT INTO album_juser VALUES('103730','700587');
INSERT INTO album_juser VALUES('103730','48499');
INSERT INTO album_juser VALUES('103730','152787');
INSERT INTO album_juser VALUES('103730','1254708');
INSERT INTO juser VALUES('1236995','lunares88','Lunares88','http://www.jamendo.com/es/user/lunares88','http://imgjam.com/avatars/jamendo/100/pro.png','en');
INSERT INTO juser VALUES('928416','wersy','O_o o_o','http://www.jamendo.com/es/user/wersy','http://imgjam.com/avatars/jamendo/100/pb_helmet_note.png','it');
INSERT INTO juser VALUES('1409565','spradier','Spradier','http://www.jamendo.com/es/user/spradier','http://imgjam.com/avatars/jamendo/100/pro.png','es');
INSERT INTO album_juser VALUES('103730','1236995');
INSERT INTO album_juser VALUES('103730','928416');
INSERT INTO album_juser VALUES('103730','1409565');
INSERT INTO album VALUES('103766','Xmas','http://www.jamendo.com/es/album/103766','http://imgjam.com/albums/s103/103766/covers/1.100.jpg','3','213','ChristmasTrance Party');
UPDATE album SET artist_id='375935' WHERE id='103766';
INSERT INTO track VALUES('882730','Xmas Party - Jingle Bells','http://www.jamendo.com/es/track/882730','','','213','http://mp3l.jamendo.com/?trackid=882730&format=mp31&u=0');
UPDATE track SET album_id='103766' WHERE id='882730';
UPDATE track SET text='HAVE A QUESTION? CONTACT ME AT  http://saregama-contact.blogspot.com/' WHERE id='882730';
INSERT INTO playlist_track VALUES('188222','882730');
INSERT INTO playlist VALUES('212105','Dance','http://www.jamendo.com/es/playlist/212105','2746');
INSERT INTO playlist_track VALUES('212105','882730');
INSERT INTO playlist VALUES('194427','Trance','http://www.jamendo.com/es/playlist/194427','19955');
INSERT INTO playlist_track VALUES('194427','882730');
INSERT INTO playlist VALUES('103369','Kkfung','http://www.jamendo.com/es/playlist/103369','51599');
INSERT INTO playlist_track VALUES('103369','882730');
INSERT INTO playlist_track VALUES('170025','882730');
INSERT INTO playlist VALUES('217134','Holiday Goodness','http://www.jamendo.com/es/playlist/217134','213');
INSERT INTO playlist_track VALUES('217134','882730');
INSERT INTO playlist VALUES('173048','Chill electro','http://www.jamendo.com/es/playlist/173048','21873');
INSERT INTO playlist_track VALUES('173048','882730');
INSERT INTO playlist VALUES('20270','RaDiO JéJé2','http://www.jamendo.com/es/playlist/20270','20300');
INSERT INTO juser VALUES('147125','colorado44','Colorado44','http://www.jamendo.com/es/user/colorado44','http://imgjam.com/avatars/questionmark/avatar.100.gif','fr');
INSERT INTO playlist_juser VALUES('20270','147125');
INSERT INTO playlist_track VALUES('20270','882730');
INSERT INTO juser VALUES('367304','roda','Roselyne ','http://www.jamendo.com/es/user/roda','http://imgjam.com/avatars/304/367304.100.jpg','fr');
INSERT INTO juser VALUES('1239878','pretorianojlc','Pretorianojlc','http://www.jamendo.com/es/user/pretorianojlc','http://imgjam.com/avatars/878/1239878.100.jpg','es');
INSERT INTO juser VALUES('63683','lotus13','Lotus13','http://www.jamendo.com/es/user/lotus13','http://imgjam.com/avatars/683/63683.100.jpg','pl');
INSERT INTO juser VALUES('823872','diphthongs','Diphthongs','http://www.jamendo.com/es/user/diphthongs','http://imgjam.com/avatars/jamendo/100/pb_meds.png','en');
INSERT INTO album_juser VALUES('103766','367304');
INSERT INTO album_juser VALUES('103766','1239878');
INSERT INTO album_juser VALUES('103766','928416');
INSERT INTO album_juser VALUES('103766','63683');
INSERT INTO album_juser VALUES('103766','823872');
INSERT INTO juser VALUES('36573','The Chilling Spirit',' ','http://www.jamendo.com/es/user/The%20Chilling%20Spirit','http://imgjam.com/avatars/573/36573.100.png','de');
INSERT INTO juser VALUES('258175','rekinu','Rekinu','http://www.jamendo.com/es/user/rekinu','http://imgjam.com/avatars/175/258175.100.jpg','pl');
INSERT INTO juser VALUES('97495','rosariocaballero','Rosariocaballero','http://www.jamendo.com/es/user/rosariocaballero','http://imgjam.com/avatars/questionmark/avatar.100.gif','es');
INSERT INTO juser VALUES('878745','MindDoctor','Minddoctor','http://www.jamendo.com/es/user/MindDoctor','http://imgjam.com/avatars/745/878745.100.jpg','en');
INSERT INTO album_juser VALUES('103766','36573');
INSERT INTO album_juser VALUES('103766','258175');
INSERT INTO album_juser VALUES('103766','97495');
INSERT INTO album_juser VALUES('103766','878745');
INSERT INTO album_juser VALUES('103766','152787');
INSERT INTO juser VALUES('1104500','freitas67',' ','http://www.jamendo.com/es/user/freitas67','http://imgjam.com/avatars/jamendo/100/girl_pink.png','br');
INSERT INTO juser VALUES('1113346','Vanlen',' ','http://www.jamendo.com/es/user/Vanlen','http://imgjam.com/avatars/346/1113346.100.jpg','en');
INSERT INTO juser VALUES('1101951','spooky_donkey','Spooky_donkey','http://www.jamendo.com/es/user/spooky_donkey','http://imgjam.com/avatars/jamendo/100/pro.png','en');
INSERT INTO album_juser VALUES('103766','1104500');
INSERT INTO album_juser VALUES('103766','1113346');
INSERT INTO album_juser VALUES('103766','1101951');
INSERT INTO album VALUES('129266','Ambient','http://www.jamendo.com/es/album/129266','http://imgjam.com/albums/s129/129266/covers/1.100.jpg','3','168','Ambient');
UPDATE album SET artist_id='375935' WHERE id='129266';
INSERT INTO track VALUES('1084976','Positive Ambient Soundscape','http://www.jamendo.com/es/track/1084976','','','168','http://mp3l.jamendo.com/?trackid=1084976&format=mp31&u=0');
UPDATE track SET album_id='129266' WHERE id='1084976';
UPDATE track SET text='HAVE A QUESTION?
CONTACT ME AT  
http://saregama-contact.blogspot.com/' WHERE id='1084976';
INSERT INTO album VALUES('103808','Epic Medieval Battle ','http://www.jamendo.com/es/album/103808','http://imgjam.com/albums/s103/103808/covers/1.100.jpg','3','205');
UPDATE album SET artist_id='375935' WHERE id='103808';
INSERT INTO track VALUES('883062','Epic','http://www.jamendo.com/es/track/883062','','','205','http://mp3l.jamendo.com/?trackid=883062&format=mp31&u=0');
UPDATE track SET album_id='103808' WHERE id='883062';
UPDATE track SET text='HAVE A QUESTION?
CONTACT ME AT  
http://saregama-contact.blogspot.com/' WHERE id='883062';
INSERT INTO playlist VALUES('211893','Pls1','http://www.jamendo.com/es/playlist/211893','24652');
INSERT INTO playlist_track VALUES('211893','883062');
INSERT INTO playlist VALUES('178537','Krynea ambiental','http://www.jamendo.com/es/playlist/178537','18642');
INSERT INTO juser VALUES('949732','chesster.cl',' ','http://www.jamendo.com/es/user/chesster.cl','http://imgjam.com/avatars/732/949732.100.jpg','es');
INSERT INTO playlist_juser VALUES('178537','949732');
INSERT INTO playlist_track VALUES('178537','883062');
INSERT INTO playlist VALUES('171883','Fantasy','http://www.jamendo.com/es/playlist/171883','5816');
INSERT INTO playlist_track VALUES('171883','883062');
INSERT INTO playlist VALUES('218763','Epic','http://www.jamendo.com/es/playlist/218763','1935');
INSERT INTO playlist_track VALUES('218763','883062');
INSERT INTO playlist_track VALUES('220103','883062');
INSERT INTO playlist VALUES('220773','Ambiance jdr à retenir n°2','http://www.jamendo.com/es/playlist/220773','2267');
INSERT INTO playlist_track VALUES('220773','883062');
INSERT INTO playlist VALUES('220928','Una sobre Granada','http://www.jamendo.com/es/playlist/220928','824');
INSERT INTO playlist_track VALUES('220928','883062');
INSERT INTO juser VALUES('1265741','mamour70','Mamour70','http://www.jamendo.com/es/user/mamour70','http://imgjam.com/avatars/jamendo/100/pro.png','es');
INSERT INTO juser VALUES('425697','Imogia','Hell''s ','http://www.jamendo.com/es/user/Imogia','http://imgjam.com/avatars/697/425697.100.jpg','fr');
INSERT INTO juser VALUES('541689','Fairweb','Fairweb','http://www.jamendo.com/es/user/Fairweb','http://imgjam.com/avatars/jamendo/100/pro.png','fr');
INSERT INTO juser VALUES('1287944','kitoi','Kitoi','http://www.jamendo.com/es/user/kitoi','http://imgjam.com/avatars/jamendo/100/viking.png','en');
INSERT INTO album_juser VALUES('103808','1265741');
INSERT INTO album_juser VALUES('103808','425697');
INSERT INTO album_juser VALUES('103808','541689');
INSERT INTO album_juser VALUES('103808','1287944');
INSERT INTO album_juser VALUES('103808','1135093');
INSERT INTO juser VALUES('1011236','iova','Wawra johannes','http://www.jamendo.com/es/user/iova','http://imgjam.com/avatars/236/1011236.100.jpg','en');
INSERT INTO album_juser VALUES('103808','1011236');
INSERT INTO album_juser VALUES('103808','928416');
INSERT INTO album VALUES('105105','Happy Romantic Piano with Strings','http://www.jamendo.com/es/album/105105','http://imgjam.com/albums/s105/105105/covers/1.100.jpg','3','175','piano solo, easy listenning, romantic');
UPDATE album SET artist_id='375935' WHERE id='105105';
INSERT INTO track VALUES('893495','Romantic Piano with Strings','http://www.jamendo.com/es/track/893495','','','175','http://mp3l.jamendo.com/?trackid=893495&format=mp31&u=0');
UPDATE track SET album_id='105105' WHERE id='893495';
UPDATE track SET text='HAVE A QUESTION?
CONTACT ME AT  
http://saregama-contact.blogspot.com/' WHERE id='893495';
INSERT INTO playlist VALUES('184600','Piano','http://www.jamendo.com/es/playlist/184600','8826');
INSERT INTO playlist_track VALUES('184600','893495');
INSERT INTO playlist VALUES('197395','Piano','http://www.jamendo.com/es/playlist/197395','33020');
INSERT INTO juser VALUES('1088547','Wolfsong.thePoet','Wolfsong barbara','http://www.jamendo.com/es/user/Wolfsong.thePoet','http://imgjam.com/avatars/547/1088547.100.jpg','en');
INSERT INTO juser VALUES('1197688','aleliur','Aleliur','http://www.jamendo.com/es/user/aleliur','http://imgjam.com/avatars/jamendo/100/pro.png','fr');
INSERT INTO playlist_juser VALUES('197395','700587');
INSERT INTO playlist_juser VALUES('197395','1088547');
INSERT INTO playlist_juser VALUES('197395','1197688');
INSERT INTO playlist_track VALUES('197395','893495');
INSERT INTO playlist VALUES('219540','Akashic Records','http://www.jamendo.com/es/playlist/219540','455');
INSERT INTO playlist_track VALUES('219540','893495');
INSERT INTO playlist_track VALUES('219638','893495');
INSERT INTO playlist VALUES('170660','Ambient','http://www.jamendo.com/es/playlist/170660','6688');
INSERT INTO playlist_track VALUES('170660','893495');
INSERT INTO playlist VALUES('222543','Bis_Sextett002','http://www.jamendo.com/es/playlist/222543','26739');
INSERT INTO juser VALUES('649456','ulrichsayin','Ulrichsayin','http://www.jamendo.com/es/user/ulrichsayin','http://imgjam.com/avatars/456/649456.100.png','de');
INSERT INTO playlist_juser VALUES('222543','649456');
INSERT INTO playlist_track VALUES('222543','893495');
INSERT INTO playlist VALUES('225379','All about piano music','http://www.jamendo.com/es/playlist/225379','9469');
INSERT INTO playlist_track VALUES('225379','893495');
INSERT INTO playlist VALUES('190468','Piano','http://www.jamendo.com/es/playlist/190468','7238');
INSERT INTO playlist_track VALUES('190468','893495');
INSERT INTO playlist VALUES('224646','Felix','http://www.jamendo.com/es/playlist/224646','2799');
INSERT INTO playlist_track VALUES('224646','893495');
INSERT INTO juser VALUES('269056','shinyai','Shinyai','http://www.jamendo.com/es/user/shinyai','http://imgjam.com/avatars/questionmark/avatar.100.gif','en');
INSERT INTO juser VALUES('3133008','radekmularczyk','Radekmularczyk','http://www.jamendo.com/es/user/radekmularczyk','http://imgjam.com/avatars/jamendo/100/pro.png','');
INSERT INTO juser VALUES('1163521','Mancy','Mariusz ejm','http://www.jamendo.com/es/user/Mancy','http://imgjam.com/avatars/521/1163521.100.jpg','pl');
INSERT INTO juser VALUES('503943','Sampless','Dmitri prasolov','http://www.jamendo.com/es/user/Sampless','http://imgjam.com/avatars/943/503943.100.jpg','ru');
INSERT INTO album_juser VALUES('105105','700587');
INSERT INTO album_juser VALUES('105105','269056');
INSERT INTO album_juser VALUES('105105','3133008');
INSERT INTO album_juser VALUES('105105','1163521');
INSERT INTO album_juser VALUES('105105','503943');
INSERT INTO juser VALUES('318069','rht2912','Rht2912','http://www.jamendo.com/es/user/rht2912','http://imgjam.com/avatars/questionmark/avatar.100.gif','it');
INSERT INTO juser VALUES('1322246','MusipireMedia',' ','http://www.jamendo.com/es/user/MusipireMedia','http://imgjam.com/avatars/jamendo/100/pro.png','en');
INSERT INTO album_juser VALUES('105105','318069');
INSERT INTO album_juser VALUES('105105','1322246');
INSERT INTO album_juser VALUES('105105','928416');
INSERT INTO album VALUES('105403','Piano','http://www.jamendo.com/es/album/105403','http://imgjam.com/albums/s105/105403/covers/1.100.jpg','3','280','Romantic Piano Solo');
UPDATE album SET artist_id='375935' WHERE id='105403';
INSERT INTO track VALUES('895956','Sad Romantic Piano','http://www.jamendo.com/es/track/895956','','','280','http://mp3l.jamendo.com/?trackid=895956&format=mp31&u=0');
UPDATE track SET album_id='105403' WHERE id='895956';
UPDATE track SET text='HAVE A QUESTION?
CONTACT ME AT  
http://saregama-contact.blogspot.com/' WHERE id='895956';
INSERT INTO playlist_track VALUES('184600','895956');
INSERT INTO playlist_track VALUES('219540','895956');
INSERT INTO playlist VALUES('148116','Electro et autres genres','http://www.jamendo.com/es/playlist/148116','61734');
INSERT INTO juser VALUES('229255','ArtGhost','Artghost','http://www.jamendo.com/es/user/ArtGhost','http://imgjam.com/avatars/questionmark/avatar.100.gif','fr');
INSERT INTO juser VALUES('1233900','capernahum','Simonovski dragan','http://www.jamendo.com/es/user/capernahum','http://imgjam.com/avatars/900/1233900.100.jpg','en');
INSERT INTO playlist_juser VALUES('148116','229255');
INSERT INTO playlist_juser VALUES('148116','1233900');
INSERT INTO playlist_juser VALUES('148116','1261739');
INSERT INTO playlist_track VALUES('148116','895956');
INSERT INTO playlist_track VALUES('219638','895956');
INSERT INTO playlist_track VALUES('170660','895956');
INSERT INTO playlist VALUES('220462','Fou MUsiKK','http://www.jamendo.com/es/playlist/220462','7627');
INSERT INTO playlist_track VALUES('220462','895956');
INSERT INTO playlist VALUES('223231','Sad','http://www.jamendo.com/es/playlist/223231','934');
INSERT INTO playlist_track VALUES('223231','895956');
INSERT INTO playlist VALUES('223454','Rech_zique-travellers','http://www.jamendo.com/es/playlist/223454','1608');
INSERT INTO playlist_track VALUES('223454','895956');
INSERT INTO playlist VALUES('224185','Soundtrek','http://www.jamendo.com/es/playlist/224185','5416');
INSERT INTO playlist_track VALUES('224185','895956');
INSERT INTO playlist VALUES('225205','Playlist TFP2012 Nantes','http://www.jamendo.com/es/playlist/225205','895');
INSERT INTO playlist_track VALUES('225205','895956');
INSERT INTO playlist_track VALUES('225379','895956');
INSERT INTO playlist_track VALUES('197336','895956');
INSERT INTO juser VALUES('594408','AntiCRight',' ','http://www.jamendo.com/es/user/AntiCRight','http://imgjam.com/avatars/408/594408.100.jpg','it');
INSERT INTO album_juser VALUES('105403','318069');
INSERT INTO album_juser VALUES('105403','1144462');
INSERT INTO album_juser VALUES('105403','594408');
INSERT INTO album_juser VALUES('105403','928416');
INSERT INTO album VALUES('106098','Grunge','http://www.jamendo.com/es/album/106098','http://imgjam.com/albums/s106/106098/covers/1.100.jpg','3','200','Grunge, Hard Rock');
UPDATE album SET artist_id='375935' WHERE id='106098';
INSERT INTO track VALUES('901224','Grunge Out Loud','http://www.jamendo.com/es/track/901224','','','200','http://mp3l.jamendo.com/?trackid=901224&format=mp31&u=0');
UPDATE track SET album_id='106098' WHERE id='901224';
UPDATE track SET text='HAVE A QUESTION?
CONTACT ME AT  
http://saregama-contact.blogspot.com/' WHERE id='901224';
INSERT INTO playlist VALUES('190692','Rock','http://www.jamendo.com/es/playlist/190692','5700');
INSERT INTO playlist_track VALUES('190692','901224');
INSERT INTO album VALUES('106219','Industrial','http://www.jamendo.com/es/album/106219','http://imgjam.com/albums/s106/106219/covers/1.100.jpg','3','220','Soundtrack, Industrial, Glitch, Dubstep');
UPDATE album SET artist_id='375935' WHERE id='106219';
INSERT INTO track VALUES('902200','Post Apocalyptic Dying Planet','http://www.jamendo.com/es/track/902200','','','220','http://mp3l.jamendo.com/?trackid=902200&format=mp31&u=0');
UPDATE track SET album_id='106219' WHERE id='902200';
UPDATE track SET text='HAVE A QUESTION?
CONTACT ME AT  
http://saregama-contact.blogspot.com/' WHERE id='902200';
INSERT INTO playlist VALUES('222105','Bm3d','http://www.jamendo.com/es/playlist/222105','1338');
INSERT INTO playlist_track VALUES('222105','902200');
INSERT INTO playlist_track VALUES('222919','902200');
INSERT INTO album_juser VALUES('106219','928416');
INSERT INTO album_juser VALUES('106219','594408');
INSERT INTO album VALUES('106475','Motivational, Inspirational, Corporate and Advertising Music','http://www.jamendo.com/es/album/106475','http://imgjam.com/albums/s106/106475/covers/1.100.jpg','3','262','Soundtrack, Orchestral, Rock');
UPDATE album SET artist_id='375935' WHERE id='106475';
INSERT INTO track VALUES('904133','Orchestral Rock Theme','http://www.jamendo.com/es/track/904133','','','262','http://mp3l.jamendo.com/?trackid=904133&format=mp31&u=0');
UPDATE track SET album_id='106475' WHERE id='904133';
UPDATE track SET text='HAVE A QUESTION?
CONTACT ME AT  
http://saregama-contact.blogspot.com/' WHERE id='904133';
INSERT INTO playlist VALUES('222491','Intro-sammlungen','http://www.jamendo.com/es/playlist/222491','1883');
INSERT INTO playlist_track VALUES('222491','904133');
INSERT INTO playlist VALUES('216446','Cool','http://www.jamendo.com/es/playlist/216446','4599');
INSERT INTO playlist_track VALUES('216446','904133');
INSERT INTO album_juser VALUES('106475','1135093');
INSERT INTO album_juser VALUES('106475','700587');
INSERT INTO album_juser VALUES('106475','1144462');
INSERT INTO album_juser VALUES('106475','594408');
INSERT INTO album_juser VALUES('106475','928416');
INSERT INTO juser VALUES('774191','olbelleri','Oliviero belleri','http://www.jamendo.com/es/user/olbelleri','http://imgjam.com/avatars/191/774191.100.png','en');
INSERT INTO album_juser VALUES('106475','774191');
INSERT INTO album VALUES('107407','PopRock','http://www.jamendo.com/es/album/107407','http://imgjam.com/albums/s107/107407/covers/1.100.jpg','3','226','Pop, Comedy, Corporate');
UPDATE album SET artist_id='375935' WHERE id='107407';
INSERT INTO track VALUES('908279','Happy Summer Days','http://www.jamendo.com/es/track/908279','','','226','http://mp3l.jamendo.com/?trackid=908279&format=mp31&u=0');
UPDATE track SET album_id='107407' WHERE id='908279';
UPDATE track SET text='HAVE A QUESTION?
CONTACT ME AT  
http://saregama-contact.blogspot.com/' WHERE id='908279';
INSERT INTO playlist VALUES('222652','Mariage','http://www.jamendo.com/es/playlist/222652','1064');
INSERT INTO playlist_track VALUES('222652','908279');
INSERT INTO playlist VALUES('222964','PT video','http://www.jamendo.com/es/playlist/222964','631');
INSERT INTO playlist_track VALUES('222964','908279');
INSERT INTO playlist VALUES('216478','Podcast','http://www.jamendo.com/es/playlist/216478','729');
INSERT INTO playlist_track VALUES('216478','908279');
INSERT INTO playlist VALUES('226015','Final','http://www.jamendo.com/es/playlist/226015','468');
INSERT INTO playlist_track VALUES('226015','908279');
INSERT INTO juser VALUES('928356','Edeltruda',' ','http://www.jamendo.com/es/user/Edeltruda','http://imgjam.com/avatars/jamendo/100/eco.png','en');
INSERT INTO juser VALUES('852201','frenchloaf','Frenchloaf','http://www.jamendo.com/es/user/frenchloaf','http://imgjam.com/avatars/jamendo/100/girl_pink.png','en');
INSERT INTO juser VALUES('1050491','KikeYopo',' ','http://www.jamendo.com/es/user/KikeYopo','http://imgjam.com/avatars/491/1050491.100.jpg','es');
INSERT INTO album_juser VALUES('107407','928356');
INSERT INTO album_juser VALUES('107407','852201');
INSERT INTO album_juser VALUES('107407','1050491');
INSERT INTO album_juser VALUES('107407','928416');
INSERT INTO album VALUES('107762','Horror','http://www.jamendo.com/es/album/107762','http://imgjam.com/albums/s107/107762/covers/1.100.jpg','3','200','Soundtrack, Ambient, Atmosphere');
UPDATE album SET artist_id='375935' WHERE id='107762';
INSERT INTO track VALUES('910810','Creepy Haunted Atmosphere','http://www.jamendo.com/es/track/910810','','','200','http://mp3l.jamendo.com/?trackid=910810&format=mp31&u=0');
UPDATE track SET album_id='107762' WHERE id='910810';
UPDATE track SET text='HAVE A QUESTION?
CONTACT ME AT  
http://saregama-contact.blogspot.com/' WHERE id='910810';
INSERT INTO playlist VALUES('109380','Varie','http://www.jamendo.com/es/playlist/109380','7695');
INSERT INTO playlist_track VALUES('109380','910810');
INSERT INTO album_juser VALUES('107762','594408');
INSERT INTO album VALUES('107870','Folk','http://www.jamendo.com/es/album/107870','http://imgjam.com/albums/s107/107870/covers/1.100.jpg','3','120','Valse Musette');
UPDATE album SET artist_id='375935' WHERE id='107870';
INSERT INTO track VALUES('911615','French Musette Accordion','http://www.jamendo.com/es/track/911615','','','120','http://mp3l.jamendo.com/?trackid=911615&format=mp31&u=0');
UPDATE track SET album_id='107870' WHERE id='911615';
UPDATE track SET text='HAVE A QUESTION?
CONTACT ME AT  
http://saregama-contact.blogspot.com/' WHERE id='911615';
INSERT INTO playlist_track VALUES('197336','911615');
INSERT INTO playlist VALUES('206362','Mi lista','http://www.jamendo.com/es/playlist/206362','34875');
INSERT INTO playlist_juser VALUES('206362','1050491');
INSERT INTO playlist_track VALUES('206362','911615');
INSERT INTO juser VALUES('439943','Nicolaus','Klaus ','http://www.jamendo.com/es/user/Nicolaus','http://imgjam.com/avatars/943/439943.100.jpg','de');
INSERT INTO album_juser VALUES('107870','32599');
INSERT INTO album_juser VALUES('107870','439943');
INSERT INTO album_juser VALUES('107870','1050491');
INSERT INTO album VALUES('108082','Happy Clappy Whistling','http://www.jamendo.com/es/album/108082','http://imgjam.com/albums/s108/108082/covers/1.100.jpg','3','140','Pop');
UPDATE album SET artist_id='375935' WHERE id='108082';
INSERT INTO track VALUES('913243','Happy Joyful Whistling','http://www.jamendo.com/es/track/913243','','','140','http://mp3l.jamendo.com/?trackid=913243&format=mp31&u=0');
UPDATE track SET album_id='108082' WHERE id='913243';
UPDATE track SET text='HAVE A QUESTION?
CONTACT ME AT  
http://saregama-contact.blogspot.com/' WHERE id='913243';
INSERT INTO playlist VALUES('223395','Possible Showreel Tracks','http://www.jamendo.com/es/playlist/223395','2046');
INSERT INTO playlist_track VALUES('223395','913243');
INSERT INTO playlist VALUES('223604','Happy','http://www.jamendo.com/es/playlist/223604','386');
INSERT INTO playlist_track VALUES('223604','913243');
INSERT INTO playlist_track VALUES('224646','913243');
INSERT INTO playlist_track VALUES('226015','913243');
INSERT INTO juser VALUES('3178447','cabanek','Cabanek','http://www.jamendo.com/es/user/cabanek','http://imgjam.com/avatars/jamendo/100/pro.png','');
INSERT INTO juser VALUES('1207871','88indy88','88indy88','http://www.jamendo.com/es/user/88indy88','http://imgjam.com/avatars/jamendo/100/pro.png','es');
INSERT INTO album_juser VALUES('108082','1135093');
INSERT INTO album_juser VALUES('108082','3178447');
INSERT INTO album_juser VALUES('108082','928356');
INSERT INTO album_juser VALUES('108082','1050491');
INSERT INTO album_juser VALUES('108082','1207871');
INSERT INTO juser VALUES('372043','BIGBABEL',' ','http://www.jamendo.com/es/user/BIGBABEL','http://imgjam.com/avatars/questionmark/avatar.100.gif','it');
INSERT INTO album_juser VALUES('108082','372043');
INSERT INTO album_juser VALUES('108082','1409565');
INSERT INTO album VALUES('108714','Brazilian Capoeira Samba (fifa world cup, football)','http://www.jamendo.com/es/album/108714','http://imgjam.com/albums/s108/108714/covers/1.100.jpg','3','165','Capoeira, Brazil');
UPDATE album SET artist_id='375935' WHERE id='108714';
INSERT INTO track VALUES('918148','Brazilian Capoeira Dance','http://www.jamendo.com/es/track/918148','','','165','http://mp3l.jamendo.com/?trackid=918148&format=mp31&u=0');
UPDATE track SET album_id='108714' WHERE id='918148';
UPDATE track SET text='HAVE A QUESTION?
CONTACT ME AT  
http://saregama-contact.blogspot.com/' WHERE id='918148';
INSERT INTO playlist VALUES('183985','AFRICA-LATINO-WORLD','http://www.jamendo.com/es/playlist/183985','514259');
INSERT INTO juser VALUES('263801','let','Let','http://www.jamendo.com/es/user/let','http://imgjam.com/avatars/801/263801.100.jpg','it');
INSERT INTO juser VALUES('480490','Mistertrufa','Gonzalez monteiro david','http://www.jamendo.com/es/user/Mistertrufa','http://imgjam.com/avatars/490/480490.100.jpg','es');
INSERT INTO juser VALUES('546381','sergem1','Sergem1','http://www.jamendo.com/es/user/sergem1','http://imgjam.com/avatars/381/546381.100.jpg','en');
INSERT INTO juser VALUES('585271','LuisIbanez','Luisibanez','http://www.jamendo.com/es/user/LuisIbanez','http://imgjam.com/avatars/jamendo/100/pro.png','en');
INSERT INTO juser VALUES('1185526','lexnewton',' ','http://www.jamendo.com/es/user/lexnewton','http://imgjam.com/avatars/jamendo/100/pirate.png','ru');
INSERT INTO playlist_juser VALUES('183985','263801');
INSERT INTO playlist_juser VALUES('183985','480490');
INSERT INTO playlist_juser VALUES('183985','546381');
INSERT INTO playlist_juser VALUES('183985','585271');
INSERT INTO playlist_juser VALUES('183985','1185526');
INSERT INTO playlist_juser VALUES('183985','1261739');
INSERT INTO playlist_track VALUES('183985','918148');
INSERT INTO playlist VALUES('204136','Инструмент','http://www.jamendo.com/es/playlist/204136','10505');
INSERT INTO playlist_track VALUES('204136','918148');
INSERT INTO album VALUES('109404','Silent Movie Ragtime Piano','http://www.jamendo.com/es/album/109404','http://imgjam.com/albums/s109/109404/covers/1.100.jpg','3','143','Ragtime, Cinematic');
UPDATE album SET artist_id='375935' WHERE id='109404';
INSERT INTO track VALUES('923463','Old Movie Ragtime Piano','http://www.jamendo.com/es/track/923463','','','72','http://mp3l.jamendo.com/?trackid=923463&format=mp31&u=0');
UPDATE track SET album_id='109404' WHERE id='923463';
UPDATE track SET text='HAVE A QUESTION?
CONTACT ME AT  
http://saregama-contact.blogspot.com/' WHERE id='923463';
INSERT INTO playlist VALUES('225073','Wannabe soundtrack','http://www.jamendo.com/es/playlist/225073','23320');
INSERT INTO playlist_track VALUES('225073','923463');
INSERT INTO playlist VALUES('227019','Stupeflix','http://www.jamendo.com/es/playlist/227019','4362');
INSERT INTO playlist_track VALUES('227019','923463');
INSERT INTO track VALUES('923464','Ragtime Piano (clean)','http://www.jamendo.com/es/track/923464','','','71','http://mp3l.jamendo.com/?trackid=923464&format=mp31&u=0');
UPDATE track SET album_id='109404' WHERE id='923464';
UPDATE track SET text='HAVE A QUESTION?
CONTACT ME AT  
http://saregama-contact.blogspot.com/' WHERE id='923464';
INSERT INTO playlist_track VALUES('225073','923464');
INSERT INTO juser VALUES('531685','Ascoltatore','Ascoltatore','http://www.jamendo.com/es/user/Ascoltatore','http://imgjam.com/avatars/685/531685.100.jpg','it');
INSERT INTO juser VALUES('606807','pranzosociale','Pranzosociale','http://www.jamendo.com/es/user/pranzosociale','http://imgjam.com/avatars/807/606807.100.png','it');
INSERT INTO juser VALUES('1391870','Urfoex',' ','http://www.jamendo.com/es/user/Urfoex','http://imgjam.com/avatars/870/1391870.100.png','en');
INSERT INTO album_juser VALUES('109404','531685');
INSERT INTO album_juser VALUES('109404','606807');
INSERT INTO album_juser VALUES('109404','1135093');
INSERT INTO album_juser VALUES('109404','1391870');
INSERT INTO album VALUES('109570','Cheerful Lighthearted Pop-Rock','http://www.jamendo.com/es/album/109570','http://imgjam.com/albums/s109/109570/covers/1.100.jpg','3','145','Acoustic Pop Rock');
UPDATE album SET artist_id='375935' WHERE id='109570';
INSERT INTO track VALUES('933733','Cheerful Lighthearted Pop-Rock','http://www.jamendo.com/es/track/933733','','','145','http://mp3l.jamendo.com/?trackid=933733&format=mp31&u=0');
UPDATE track SET album_id='109570' WHERE id='933733';
UPDATE track SET text='HAVE A QUESTION?
CONTACT ME AT  
http://saregama-contact.blogspot.com/' WHERE id='933733';
INSERT INTO playlist VALUES('227106','Parisot','http://www.jamendo.com/es/playlist/227106','145');
INSERT INTO playlist_track VALUES('227106','933733');
INSERT INTO playlist VALUES('226363','Web trend media','http://www.jamendo.com/es/playlist/226363','145');
INSERT INTO playlist_track VALUES('226363','933733');
INSERT INTO playlist VALUES('226831','Toulouse','http://www.jamendo.com/es/playlist/226831','145');
INSERT INTO playlist_track VALUES('226831','933733');
INSERT INTO playlist VALUES('227396','','http://www.jamendo.com/es/playlist/227396','3148');
INSERT INTO playlist_track VALUES('227396','933733');
INSERT INTO juser VALUES('603786','yobeco','Yobeco','http://www.jamendo.com/es/user/yobeco','http://imgjam.com/avatars/786/603786.100.png','fr');
INSERT INTO album_juser VALUES('109570','603786');
INSERT INTO album_juser VALUES('109570','1135093');
INSERT INTO album_juser VALUES('109570','3133008');
INSERT INTO album VALUES('110102','Dream Big (uplifting and motivational)','http://www.jamendo.com/es/album/110102','http://imgjam.com/albums/s110/110102/covers/1.100.jpg','3','190','Corporate');
UPDATE album SET artist_id='375935' WHERE id='110102';
INSERT INTO track VALUES('937867','Dream Big','http://www.jamendo.com/es/track/937867','','','190','http://mp3l.jamendo.com/?trackid=937867&format=mp31&u=0');
UPDATE track SET album_id='110102' WHERE id='937867';
UPDATE track SET text='HAVE A QUESTION?
CONTACT ME AT  
http://saregama-contact.blogspot.com/' WHERE id='937867';
INSERT INTO juser VALUES('3105229','ilenka','Pop river','http://www.jamendo.com/es/user/ilenka','http://imgjam.com/avatars/jamendo/100/pro.png','');
INSERT INTO juser VALUES('3108474','calistotanzi','Calistotanzi','http://www.jamendo.com/es/user/calistotanzi','http://imgjam.com/avatars/jamendo/100/pro.png','');
INSERT INTO album_juser VALUES('110102','1101951');
INSERT INTO album_juser VALUES('110102','1135093');
INSERT INTO album_juser VALUES('110102','3105229');
INSERT INTO album_juser VALUES('110102','3108474');
INSERT INTO album_juser VALUES('110102','3133008');
INSERT INTO album VALUES('110170','Perfect Background Music for Corporate Projects','http://www.jamendo.com/es/album/110170','http://imgjam.com/albums/s110/110170/covers/1.100.jpg','3','180','Orchestral Pop');
UPDATE album SET artist_id='375935' WHERE id='110170';
INSERT INTO track VALUES('938389','Elegant Background Music','http://www.jamendo.com/es/track/938389','','','180','http://mp3l.jamendo.com/?trackid=938389&format=mp31&u=0');
UPDATE track SET album_id='110170' WHERE id='938389';
UPDATE track SET text='HAVE A QUESTION?
CONTACT ME AT  
http://saregama-contact.blogspot.com/' WHERE id='938389';
INSERT INTO playlist VALUES('226802','Benfer','http://www.jamendo.com/es/playlist/226802','180');
INSERT INTO playlist_track VALUES('226802','938389');
INSERT INTO juser VALUES('499832','migueldeo','Miguel nuno','http://www.jamendo.com/es/user/migueldeo','http://imgjam.com/avatars/832/499832.100.jpg','br');
INSERT INTO album_juser VALUES('110170','499832');
INSERT INTO album VALUES('110282','Classical','http://www.jamendo.com/es/album/110282','http://imgjam.com/albums/s110/110282/covers/1.100.jpg','3','155','Epic Orchestral Cinematic');
UPDATE album SET artist_id='375935' WHERE id='110282';
INSERT INTO track VALUES('939169','Optimistic Orchestral Build-Up','http://www.jamendo.com/es/track/939169','','','155','http://mp3l.jamendo.com/?trackid=939169&format=mp31&u=0');
UPDATE track SET album_id='110282' WHERE id='939169';
UPDATE track SET text='HAVE A QUESTION?
CONTACT ME AT  
http://saregama-contact.blogspot.com/' WHERE id='939169';
INSERT INTO juser VALUES('1261258','LitAz','Litaz','http://www.jamendo.com/es/user/LitAz','http://imgjam.com/avatars/258/1261258.100.jpg','br');
INSERT INTO album_juser VALUES('110282','1261258');
INSERT INTO album_juser VALUES('110282','3133008');
INSERT INTO album VALUES('111511','Funny Children''s Song','http://www.jamendo.com/es/album/111511','http://imgjam.com/albums/s111/111511/covers/1.100.jpg','3','122','Comedy, Children');
UPDATE album SET artist_id='375935' WHERE id='111511';
INSERT INTO track VALUES('948722','Funny Children''s Song','http://www.jamendo.com/es/track/948722','','','122','http://mp3l.jamendo.com/?trackid=948722&format=mp31&u=0');
UPDATE track SET album_id='111511' WHERE id='948722';
UPDATE track SET text='HAVE A QUESTION?
CONTACT ME AT  
http://saregama-contact.blogspot.com/' WHERE id='948722';
INSERT INTO juser VALUES('3132950','ivana.','Ivana.','http://www.jamendo.com/es/user/ivana.','http://imgjam.com/avatars/jamendo/100/hippy.png','it');
INSERT INTO album_juser VALUES('111511','3132950');
INSERT INTO album VALUES('111848','Island','http://www.jamendo.com/es/album/111848','http://imgjam.com/albums/s111/111848/covers/1.100.jpg','3','200','Salsa, Latin, Tropical');
UPDATE album SET artist_id='375935' WHERE id='111848';
INSERT INTO track VALUES('951321','Caribbean Island Summer','http://www.jamendo.com/es/track/951321','','','200','http://mp3l.jamendo.com/?trackid=951321&format=mp31&u=0');
UPDATE track SET album_id='111848' WHERE id='951321';
UPDATE track SET text='HAVE A QUESTION?
CONTACT ME AT  
http://saregama-contact.blogspot.com/' WHERE id='951321';
INSERT INTO album VALUES('129265','Middle East','http://www.jamendo.com/es/album/129265','http://imgjam.com/albums/s129/129265/covers/1.100.jpg','3','237','Middle Eastern');
UPDATE album SET artist_id='375935' WHERE id='129265';
INSERT INTO track VALUES('1084954','Arabian Nights','http://www.jamendo.com/es/track/1084954','','','237','http://mp3l.jamendo.com/?trackid=1084954&format=mp31&u=0');
UPDATE track SET album_id='129265' WHERE id='1084954';
UPDATE track SET text='HAVE A QUESTION?
CONTACT ME AT  
http://saregama-contact.blogspot.com/' WHERE id='1084954';
INSERT INTO playlist_track VALUES('227543','1084954');
INSERT INTO playlist_track VALUES('227785','1084954');
INSERT INTO album VALUES('112980','Playful Children''s Music','http://www.jamendo.com/es/album/112980','http://imgjam.com/albums/s112/112980/covers/1.100.jpg','3','140','Children, Comedy');
UPDATE album SET artist_id='375935' WHERE id='112980';
INSERT INTO track VALUES('961229','Playful Children''s Music - Baby''s First Step','http://www.jamendo.com/es/track/961229','','','140','http://mp3l.jamendo.com/?trackid=961229&format=mp31&u=0');
UPDATE track SET album_id='112980' WHERE id='961229';
UPDATE track SET text='HAVE A QUESTION?
CONTACT ME AT  
http://saregama-contact.blogspot.com/' WHERE id='961229';
INSERT INTO album_juser VALUES('112980','3132950');
INSERT INTO album VALUES('113003','Light Rock','http://www.jamendo.com/es/album/113003','http://imgjam.com/albums/s113/113003/covers/1.100.jpg','3','225','Pop-Rock');
UPDATE album SET artist_id='375935' WHERE id='113003';
INSERT INTO track VALUES('961359','Motivational Rock - Make It Possible','http://www.jamendo.com/es/track/961359','','','225','http://mp3l.jamendo.com/?trackid=961359&format=mp31&u=0');
UPDATE track SET album_id='113003' WHERE id='961359';
UPDATE track SET text='HAVE A QUESTION?
CONTACT ME AT  
http://saregama-contact.blogspot.com/' WHERE id='961359';
INSERT INTO playlist VALUES('226938','JamendoProRadioZip_parking','http://www.jamendo.com/es/playlist/226938','93178');
INSERT INTO playlist_track VALUES('226938','961359');
INSERT INTO playlist VALUES('227110','JamendoProRadioZip_parking','http://www.jamendo.com/es/playlist/227110','93178');
INSERT INTO playlist_track VALUES('227110','961359');
INSERT INTO playlist VALUES('227288','JamendoProRadioZip_parking','http://www.jamendo.com/es/playlist/227288','92955');
INSERT INTO playlist_track VALUES('227288','961359');
INSERT INTO playlist_track VALUES('227396','961359');
INSERT INTO playlist VALUES('227485','JamendoProRadioZip_parking','http://www.jamendo.com/es/playlist/227485','93178');
INSERT INTO playlist_track VALUES('227485','961359');
INSERT INTO playlist VALUES('227515','','http://www.jamendo.com/es/playlist/227515','42274');
INSERT INTO playlist_track VALUES('227515','961359');
INSERT INTO playlist VALUES('227535','JamendoProRadioZip_parking','http://www.jamendo.com/es/playlist/227535','99170');
INSERT INTO playlist_track VALUES('227535','961359');
INSERT INTO playlist VALUES('227777','JamendoProRadioZip_parking','http://www.jamendo.com/es/playlist/227777','99170');
INSERT INTO playlist_track VALUES('227777','961359');
INSERT INTO album_juser VALUES('113003','1135093');
INSERT INTO album_juser VALUES('113003','3133008');
INSERT INTO album VALUES('113226','Film Noir Jazz','http://www.jamendo.com/es/album/113226','http://imgjam.com/albums/s113/113226/covers/1.100.jpg','3','211','Fil Score, Jazz');
UPDATE album SET artist_id='375935' WHERE id='113226';
INSERT INTO track VALUES('963304','Film Noir Jazz - Action Scene','http://www.jamendo.com/es/track/963304','','','61','http://mp3l.jamendo.com/?trackid=963304&format=mp31&u=0');
UPDATE track SET album_id='113226' WHERE id='963304';
UPDATE track SET text='HAVE A QUESTION?
CONTACT ME AT  
http://saregama-contact.blogspot.com/' WHERE id='963304';
INSERT INTO track VALUES('963305','Film Noir Jazz - Suspense Scene','http://www.jamendo.com/es/track/963305','','','150','http://mp3l.jamendo.com/?trackid=963305&format=mp31&u=0');
UPDATE track SET album_id='113226' WHERE id='963305';
UPDATE track SET text='HAVE A QUESTION?
CONTACT ME AT  
http://saregama-contact.blogspot.com/' WHERE id='963305';
INSERT INTO album VALUES('113672','Soundtrack','http://www.jamendo.com/es/album/113672','http://imgjam.com/albums/s113/113672/covers/1.100.jpg','3','240','Soundtrack, World Music');
UPDATE album SET artist_id='375935' WHERE id='113672';
INSERT INTO track VALUES('966520','Sad Duduk Solo','http://www.jamendo.com/es/track/966520','','','240','http://mp3l.jamendo.com/?trackid=966520&format=mp31&u=0');
UPDATE track SET album_id='113672' WHERE id='966520';
UPDATE track SET text='HAVE A QUESTION?
CONTACT ME AT  
http://saregama-contact.blogspot.com/' WHERE id='966520';
INSERT INTO album VALUES('113862','Enjoy Your Life','http://www.jamendo.com/es/album/113862','http://imgjam.com/albums/s113/113862/covers/1.100.jpg','3','285','Acoustic Pop');
UPDATE album SET artist_id='375935' WHERE id='113862';
INSERT INTO track VALUES('967930','Enjoy Your Life (joyful and carefree tune)','http://www.jamendo.com/es/track/967930','','','285','http://mp3l.jamendo.com/?trackid=967930&format=mp31&u=0');
UPDATE track SET album_id='113862' WHERE id='967930';
UPDATE track SET text='HAVE A QUESTION?
CONTACT ME AT  
http://saregama-contact.blogspot.com/' WHERE id='967930';
INSERT INTO playlist VALUES('227441','Josa Antonio','http://www.jamendo.com/es/playlist/227441','285');
INSERT INTO playlist_track VALUES('227441','967930');
INSERT INTO album_juser VALUES('113862','1135093');
INSERT INTO album VALUES('114056','Dance','http://www.jamendo.com/es/album/114056','http://imgjam.com/albums/s114/114056/covers/1.100.jpg','3','270','Progressive House');
UPDATE album SET artist_id='375935' WHERE id='114056';
INSERT INTO track VALUES('969333','Dance-Club House Party','http://www.jamendo.com/es/track/969333','','','270','http://mp3l.jamendo.com/?trackid=969333&format=mp31&u=0');
UPDATE track SET album_id='114056' WHERE id='969333';
UPDATE track SET text='HAVE A QUESTION?
CONTACT ME AT  
http://saregama-contact.blogspot.com/' WHERE id='969333';
INSERT INTO album VALUES('114188','Positive and Upbeat Ukulele','http://www.jamendo.com/es/album/114188','http://imgjam.com/albums/s114/114188/covers/1.100.jpg','3','175','Acoustic Pop');
UPDATE album SET artist_id='375935' WHERE id='114188';
INSERT INTO track VALUES('970482','Upbeat Ukulele Song','http://www.jamendo.com/es/track/970482','','','175','http://mp3l.jamendo.com/?trackid=970482&format=mp31&u=0');
UPDATE track SET album_id='114188' WHERE id='970482';
UPDATE track SET text='HAVE A QUESTION?
CONTACT ME AT  
http://saregama-contact.blogspot.com/' WHERE id='970482';
INSERT INTO album VALUES('115055','Orchestral Merry Christmas ','http://www.jamendo.com/es/album/115055','http://imgjam.com/albums/s115/115055/covers/1.100.jpg','3','290','Orchestral Carol');
UPDATE album SET artist_id='375935' WHERE id='115055';
INSERT INTO track VALUES('977168','Santa''s Gift (Merry Christmas)','http://www.jamendo.com/es/track/977168','','','140','http://mp3l.jamendo.com/?trackid=977168&format=mp31&u=0');
UPDATE track SET album_id='115055' WHERE id='977168';
UPDATE track SET text='HAVE A QUESTION?
CONTACT ME AT  
http://saregama-contact.blogspot.com/' WHERE id='977168';
INSERT INTO playlist VALUES('226552','JamendoProRadioZip_xmas','http://www.jamendo.com/es/playlist/226552','19423');
INSERT INTO playlist_track VALUES('226552','977168');
INSERT INTO playlist VALUES('226735','JamendoProRadioZip_xmas','http://www.jamendo.com/es/playlist/226735','19423');
INSERT INTO playlist_track VALUES('226735','977168');
INSERT INTO playlist VALUES('226855','JamendoProRadioZip_xmas','http://www.jamendo.com/es/playlist/226855','19423');
INSERT INTO playlist_track VALUES('226855','977168');
INSERT INTO playlist_track VALUES('226949','977168');
INSERT INTO playlist_track VALUES('227121','977168');
INSERT INTO playlist_track VALUES('227299','977168');
INSERT INTO playlist_track VALUES('227311','977168');
INSERT INTO playlist_track VALUES('227496','977168');
INSERT INTO playlist_track VALUES('227525','977168');
INSERT INTO playlist_track VALUES('227546','977168');
INSERT INTO playlist VALUES('227788','JamendoProRadioZip_xmas','http://www.jamendo.com/es/playlist/227788','38193');
INSERT INTO playlist_track VALUES('227788','977168');
INSERT INTO track VALUES('977167','We Wish You a Merry Xmas Symphony','http://www.jamendo.com/es/track/977167','','','150','http://mp3l.jamendo.com/?trackid=977167&format=mp31&u=0');
UPDATE track SET album_id='115055' WHERE id='977167';
UPDATE track SET text='HAVE A QUESTION?
CONTACT ME AT  
http://saregama-contact.blogspot.com/' WHERE id='977167';
INSERT INTO playlist_track VALUES('226552','977167');
INSERT INTO playlist_track VALUES('226735','977167');
INSERT INTO playlist_track VALUES('226855','977167');
INSERT INTO playlist_track VALUES('226949','977167');
INSERT INTO playlist_track VALUES('227121','977167');
INSERT INTO playlist_track VALUES('227299','977167');
INSERT INTO playlist_track VALUES('227311','977167');
INSERT INTO playlist_track VALUES('227496','977167');
INSERT INTO playlist_track VALUES('227525','977167');
INSERT INTO playlist_track VALUES('227546','977167');
INSERT INTO playlist_track VALUES('227788','977167');
INSERT INTO juser VALUES('961634','naehmozinho','Ramos quenallata edgar hernán','http://www.jamendo.com/es/user/naehmozinho','http://imgjam.com/avatars/jamendo/100/pro.png','es');
INSERT INTO album_juser VALUES('115055','961634');
INSERT INTO album VALUES('115243','Christmas Magic','http://www.jamendo.com/es/album/115243','http://imgjam.com/albums/s115/115243/covers/1.100.jpg','3','145','Orchestral');
UPDATE album SET artist_id='375935' WHERE id='115243';
INSERT INTO track VALUES('978577','Santa''s Christmas Magic','http://www.jamendo.com/es/track/978577','','','145','http://mp3l.jamendo.com/?trackid=978577&format=mp31&u=0');
UPDATE track SET album_id='115243' WHERE id='978577';
UPDATE track SET text='HAVE A QUESTION?
CONTACT ME AT  
http://saregama-contact.blogspot.com/' WHERE id='978577';
INSERT INTO playlist_track VALUES('226552','978577');
INSERT INTO playlist_track VALUES('226735','978577');
INSERT INTO playlist_track VALUES('226855','978577');
INSERT INTO playlist_track VALUES('226949','978577');
INSERT INTO playlist_track VALUES('227121','978577');
INSERT INTO playlist_track VALUES('227299','978577');
INSERT INTO playlist_track VALUES('227311','978577');
INSERT INTO playlist_track VALUES('227496','978577');
INSERT INTO playlist_track VALUES('227525','978577');
INSERT INTO playlist_track VALUES('227546','978577');
INSERT INTO playlist_track VALUES('227788','978577');
INSERT INTO album VALUES('115499','Christmas and New Year - Sugar Plum Fairy ','http://www.jamendo.com/es/album/115499','http://imgjam.com/albums/s115/115499/covers/1.100.jpg','3','125','Classical Orchestra');
UPDATE album SET artist_id='375935' WHERE id='115499';
INSERT INTO track VALUES('980789','Dance of The Sugarplum Fairy','http://www.jamendo.com/es/track/980789','','','110','http://mp3l.jamendo.com/?trackid=980789&format=mp31&u=0');
UPDATE track SET album_id='115499' WHERE id='980789';
UPDATE track SET text='HAVE A QUESTION?
CONTACT ME AT  
http://saregama-contact.blogspot.com/' WHERE id='980789';
INSERT INTO playlist_track VALUES('226949','980789');
INSERT INTO playlist_track VALUES('227121','980789');
INSERT INTO playlist_track VALUES('227299','980789');
INSERT INTO playlist_track VALUES('227496','980789');
INSERT INTO playlist_track VALUES('227525','980789');
INSERT INTO playlist_track VALUES('227546','980789');
INSERT INTO playlist_track VALUES('227788','980789');
INSERT INTO track VALUES('980788','Sugar Plum Fairy (Xmas Loop)','http://www.jamendo.com/es/track/980788','','','15','http://mp3l.jamendo.com/?trackid=980788&format=mp31&u=0');
UPDATE track SET album_id='115499' WHERE id='980788';
UPDATE track SET text='HAVE A QUESTION?
CONTACT ME AT  
http://saregama-contact.blogspot.com/' WHERE id='980788';
INSERT INTO album_juser VALUES('115499','1135093');
INSERT INTO album VALUES('115559','One Minute to Celebration','http://www.jamendo.com/es/album/115559','http://imgjam.com/albums/s115/115559/covers/1.100.jpg','3','240','Production Music');
UPDATE album SET artist_id='375935' WHERE id='115559';
INSERT INTO track VALUES('981256','New Year Eve - One Minute to Midnight (with fireworks)','http://www.jamendo.com/es/track/981256','','','100','http://mp3l.jamendo.com/?trackid=981256&format=mp31&u=0');
UPDATE track SET album_id='115559' WHERE id='981256';
UPDATE track SET text='HAVE A QUESTION?
CONTACT ME AT  
http://saregama-contact.blogspot.com/' WHERE id='981256';
INSERT INTO track VALUES('981255','New Year Eve - One Minute to Midnight (no fireworks)','http://www.jamendo.com/es/track/981255','','','100','http://mp3l.jamendo.com/?trackid=981255&format=mp31&u=0');
UPDATE track SET album_id='115559' WHERE id='981255';
UPDATE track SET text='HAVE A QUESTION?
CONTACT ME AT  
http://saregama-contact.blogspot.com/' WHERE id='981255';
INSERT INTO track VALUES('981257','Trumpets Fanfare','http://www.jamendo.com/es/track/981257','','','40','http://mp3l.jamendo.com/?trackid=981257&format=mp31&u=0');
UPDATE track SET album_id='115559' WHERE id='981257';
UPDATE track SET text='HAVE A QUESTION?
CONTACT ME AT  
http://saregama-contact.blogspot.com/' WHERE id='981257';
INSERT INTO album VALUES('115711','Silent Film','http://www.jamendo.com/es/album/115711','http://imgjam.com/albums/s115/115711/covers/1.100.jpg','3','495','Silentfilm');
UPDATE album SET artist_id='375935' WHERE id='115711';
INSERT INTO track VALUES('982406','Maple Leaf Rag (Untuned Saloon Piano)','http://www.jamendo.com/es/track/982406','','','165','http://mp3l.jamendo.com/?trackid=982406&format=mp31&u=0');
UPDATE track SET album_id='115711' WHERE id='982406';
UPDATE track SET text='HAVE A QUESTION?
CONTACT ME AT  
http://saregama-contact.blogspot.com/' WHERE id='982406';
INSERT INTO track VALUES('982407','Maple Leaf Rag (Clean Grand Piano)','http://www.jamendo.com/es/track/982407','','','165','http://mp3l.jamendo.com/?trackid=982407&format=mp31&u=0');
UPDATE track SET album_id='115711' WHERE id='982407';
UPDATE track SET text='HAVE A QUESTION?
CONTACT ME AT  
http://saregama-contact.blogspot.com/' WHERE id='982407';
INSERT INTO track VALUES('982408','Maple Leaf Rag (SilentFilm)','http://www.jamendo.com/es/track/982408','','','165','http://mp3l.jamendo.com/?trackid=982408&format=mp31&u=0');
UPDATE track SET album_id='115711' WHERE id='982408';
UPDATE track SET text='HAVE A QUESTION?
CONTACT ME AT  
http://saregama-contact.blogspot.com/' WHERE id='982408';
INSERT INTO album_juser VALUES('115711','1135093');
INSERT INTO album VALUES('116159','Merry Christmas & Happy New Year','http://www.jamendo.com/es/album/116159','http://imgjam.com/albums/s116/116159/covers/1.100.jpg','3','196','Chritmas Carol');
UPDATE album SET artist_id='375935' WHERE id='116159';
INSERT INTO track VALUES('986891','Christmas Medley Fun (Deck the Halls)','http://www.jamendo.com/es/track/986891','','','130','http://mp3l.jamendo.com/?trackid=986891&format=mp31&u=0');
UPDATE track SET album_id='116159' WHERE id='986891';
UPDATE track SET text='HAVE A QUESTION?
CONTACT ME AT  
http://saregama-contact.blogspot.com/' WHERE id='986891';
INSERT INTO playlist_track VALUES('226949','986891');
INSERT INTO playlist_track VALUES('227121','986891');
INSERT INTO playlist_track VALUES('227299','986891');
INSERT INTO playlist_track VALUES('227496','986891');
INSERT INTO playlist_track VALUES('227525','986891');
INSERT INTO playlist_track VALUES('227546','986891');
INSERT INTO playlist_track VALUES('227788','986891');
INSERT INTO track VALUES('986893','Christmas Bells Loop','http://www.jamendo.com/es/track/986893','','','54','http://mp3l.jamendo.com/?trackid=986893&format=mp31&u=0');
UPDATE track SET album_id='116159' WHERE id='986893';
UPDATE track SET text='HAVE A QUESTION?
CONTACT ME AT  
http://saregama-contact.blogspot.com/' WHERE id='986893';
INSERT INTO track VALUES('986892','Deck the Halls - Xmas Stinger','http://www.jamendo.com/es/track/986892','','','12','http://mp3l.jamendo.com/?trackid=986892&format=mp31&u=0');
UPDATE track SET album_id='116159' WHERE id='986892';
UPDATE track SET text='HAVE A QUESTION?
CONTACT ME AT  
http://saregama-contact.blogspot.com/' WHERE id='986892';
INSERT INTO album VALUES('117382','Happy Dubstep','http://www.jamendo.com/es/album/117382','http://imgjam.com/albums/s117/117382/covers/1.100.jpg','3','205','Dubstep');
UPDATE album SET artist_id='375935' WHERE id='117382';
INSERT INTO track VALUES('997879','Happy Dubstep','http://www.jamendo.com/es/track/997879','','','205','http://mp3l.jamendo.com/?trackid=997879&format=mp31&u=0');
UPDATE track SET album_id='117382' WHERE id='997879';
UPDATE track SET text='HAVE A QUESTION?
CONTACT ME AT  
http://saregama-contact.blogspot.com/' WHERE id='997879';
INSERT INTO playlist_track VALUES('227396','997879');
INSERT INTO album VALUES('117411','Uplifting Trance Dance','http://www.jamendo.com/es/album/117411','http://imgjam.com/albums/s117/117411/covers/1.100.jpg','3','205','Uplifting Trance');
UPDATE album SET artist_id='375935' WHERE id='117411';
INSERT INTO track VALUES('998102','Uplifting Trance Club','http://www.jamendo.com/es/track/998102','','','205','http://mp3l.jamendo.com/?trackid=998102&format=mp31&u=0');
UPDATE track SET album_id='117411' WHERE id='998102';
UPDATE track SET text='HAVE A QUESTION?
CONTACT ME AT  
http://saregama-contact.blogspot.com/' WHERE id='998102';
INSERT INTO playlist_track VALUES('227396','998102');
INSERT INTO playlist_track VALUES('227311','998102');
INSERT INTO album VALUES('117611','Epic Cinematic Dubstep','http://www.jamendo.com/es/album/117611','http://imgjam.com/albums/s117/117611/covers/1.100.jpg','3','213','Cinematic Dubstep');
UPDATE album SET artist_id='375935' WHERE id='117611';
INSERT INTO track VALUES('999769','Epic Cinematic Dubstep','http://www.jamendo.com/es/track/999769','','','213','http://mp3l.jamendo.com/?trackid=999769&format=mp31&u=0');
UPDATE track SET album_id='117611' WHERE id='999769';
UPDATE track SET text='HAVE A QUESTION?
CONTACT ME AT  
http://saregama-contact.blogspot.com/' WHERE id='999769';
INSERT INTO playlist_track VALUES('227396','999769');
INSERT INTO album_juser VALUES('117611','603786');
INSERT INTO album VALUES('117782','Corporate Presentation - Key To Success','http://www.jamendo.com/es/album/117782','http://imgjam.com/albums/s117/117782/covers/1.100.jpg','3','170','Pop-Rock');
UPDATE album SET artist_id='375935' WHERE id='117782';
INSERT INTO track VALUES('1000957','Key to Success - Discover the Possibility','http://www.jamendo.com/es/track/1000957','','','170','http://mp3l.jamendo.com/?trackid=1000957&format=mp31&u=0');
UPDATE track SET album_id='117782' WHERE id='1000957';
UPDATE track SET text='HAVE A QUESTION?
CONTACT ME AT  
http://saregama-contact.blogspot.com/' WHERE id='1000957';
INSERT INTO playlist_track VALUES('227396','1000957');
INSERT INTO album VALUES('117912','Optimistic Acoustic Ukulele','http://www.jamendo.com/es/album/117912','http://imgjam.com/albums/s117/117912/covers/1.100.jpg','3','213','Acoustic Pop-Rock');
UPDATE album SET artist_id='375935' WHERE id='117912';
INSERT INTO track VALUES('1002052','Feel Good Acoustic Ukulele','http://www.jamendo.com/es/track/1002052','','','213','http://mp3l.jamendo.com/?trackid=1002052&format=mp31&u=0');
UPDATE track SET album_id='117912' WHERE id='1002052';
UPDATE track SET text='HAVE A QUESTION?
CONTACT ME AT  
http://saregama-contact.blogspot.com/' WHERE id='1002052';
INSERT INTO playlist_track VALUES('227019','1002052');
INSERT INTO playlist_track VALUES('227396','1002052');
INSERT INTO album VALUES('118544','Ukulele Reggae','http://www.jamendo.com/es/album/118544','http://imgjam.com/albums/s118/118544/covers/1.100.jpg','3','170','Ukulele Reggae');
UPDATE album SET artist_id='375935' WHERE id='118544';
INSERT INTO track VALUES('1007256','Lighthearted Ukulele Reggae','http://www.jamendo.com/es/track/1007256','','','170','http://mp3l.jamendo.com/?trackid=1007256&format=mp31&u=0');
UPDATE track SET album_id='118544' WHERE id='1007256';
UPDATE track SET text='HAVE A QUESTION?
CONTACT ME AT  
http://saregama-contact.blogspot.com/' WHERE id='1007256';
INSERT INTO playlist_track VALUES('227396','1007256');
INSERT INTO album VALUES('119458','Positive & Uplifting Energetic Music','http://www.jamendo.com/es/album/119458','http://imgjam.com/albums/s119/119458/covers/1.100.jpg','3','250','Corporate');
UPDATE album SET artist_id='375935' WHERE id='119458';
INSERT INTO track VALUES('1014546','Upbeat Corporate Background Music','http://www.jamendo.com/es/track/1014546','','','170','http://mp3l.jamendo.com/?trackid=1014546&format=mp31&u=0');
UPDATE track SET album_id='119458' WHERE id='1014546';
UPDATE track SET text='HAVE A QUESTION?
CONTACT ME AT  
http://saregama-contact.blogspot.com/' WHERE id='1014546';
INSERT INTO playlist VALUES('226648','Bruce Tsou','http://www.jamendo.com/es/playlist/226648','170');
INSERT INTO playlist_track VALUES('226648','1014546');
INSERT INTO playlist VALUES('227086','Alejandro Báguena Montemayor','http://www.jamendo.com/es/playlist/227086','1264');
INSERT INTO playlist_track VALUES('227086','1014546');
INSERT INTO track VALUES('1014547','Business Music on Hold loop','http://www.jamendo.com/es/track/1014547','','','80','http://mp3l.jamendo.com/?trackid=1014547&format=mp31&u=0');
UPDATE track SET album_id='119458' WHERE id='1014547';
UPDATE track SET text='HAVE A QUESTION?
CONTACT ME AT  
http://saregama-contact.blogspot.com/' WHERE id='1014547';
INSERT INTO album VALUES('119930','Easylistening','http://www.jamendo.com/es/album/119930','http://imgjam.com/albums/s119/119930/covers/1.100.jpg','3','265','Ukulele Pop');
UPDATE album SET artist_id='375935' WHERE id='119930';
INSERT INTO track VALUES('1018472','Those Precious Moments (Light Acoustic Pop)','http://www.jamendo.com/es/track/1018472','','','265','http://mp3l.jamendo.com/?trackid=1018472&format=mp31&u=0');
UPDATE track SET album_id='119930' WHERE id='1018472';
UPDATE track SET text='HAVE A QUESTION?
CONTACT ME AT  
http://saregama-contact.blogspot.com/' WHERE id='1018472';
INSERT INTO album VALUES('121002','Instrumental Hip Hop','http://www.jamendo.com/es/album/121002','http://imgjam.com/albums/s121/121002/covers/1.100.jpg','3','226');
UPDATE album SET artist_id='375935' WHERE id='121002';
INSERT INTO track VALUES('1029263','Gangsta Hip Hop Loop','http://www.jamendo.com/es/track/1029263','','','106','http://mp3l.jamendo.com/?trackid=1029263&format=mp31&u=0');
UPDATE track SET album_id='121002' WHERE id='1029263';
UPDATE track SET text='HAVE A QUESTION?
CONTACT ME AT  
http://saregama-contact.blogspot.com/' WHERE id='1029263';
INSERT INTO track VALUES('1029262','Modern Hip Hop Loop','http://www.jamendo.com/es/track/1029262','','','120','http://mp3l.jamendo.com/?trackid=1029262&format=mp31&u=0');
UPDATE track SET album_id='121002' WHERE id='1029262';
UPDATE track SET text='HAVE A QUESTION?
CONTACT ME AT  
http://saregama-contact.blogspot.com/' WHERE id='1029262';
INSERT INTO album VALUES('121299','Epic Success - High Energy Motivational','http://www.jamendo.com/es/album/121299','http://imgjam.com/albums/s121/121299/covers/1.100.jpg','3','130','Epic Orchestral Pop');
UPDATE album SET artist_id='375935' WHERE id='121299';
INSERT INTO track VALUES('1031105','Epic Achievement and Success','http://www.jamendo.com/es/track/1031105','','','130','http://mp3l.jamendo.com/?trackid=1031105&format=mp31&u=0');
UPDATE track SET album_id='121299' WHERE id='1031105';
UPDATE track SET text='HAVE A QUESTION?
CONTACT ME AT  
http://saregama-contact.blogspot.com/' WHERE id='1031105';
INSERT INTO playlist_track VALUES('227396','1031105');
INSERT INTO album VALUES('121364','Motivational','http://www.jamendo.com/es/album/121364','http://imgjam.com/albums/s121/121364/covers/1.100.jpg','3','190','Acoustic Pop-Rock');
UPDATE album SET artist_id='375935' WHERE id='121364';
INSERT INTO track VALUES('1031432','Bright Acoustic Pop Rock','http://www.jamendo.com/es/track/1031432','','','190','http://mp3l.jamendo.com/?trackid=1031432&format=mp31&u=0');
UPDATE track SET album_id='121364' WHERE id='1031432';
UPDATE track SET text='HAVE A QUESTION?
CONTACT ME AT  
http://saregama-contact.blogspot.com/' WHERE id='1031432';
INSERT INTO playlist VALUES('227341','Schall','http://www.jamendo.com/es/playlist/227341','1647');
INSERT INTO playlist_track VALUES('227341','1031432');
INSERT INTO playlist VALUES('227531','Schall','http://www.jamendo.com/es/playlist/227531','1647');
INSERT INTO playlist_track VALUES('227531','1031432');
INSERT INTO playlist_track VALUES('227396','1031432');
INSERT INTO album VALUES('121556','Accordion For Amelie','http://www.jamendo.com/es/album/121556','http://imgjam.com/albums/s121/121556/covers/1.100.jpg','3','200','Accordion');
UPDATE album SET artist_id='375935' WHERE id='121556';
INSERT INTO track VALUES('1032856','Accordion for Amelie','http://www.jamendo.com/es/track/1032856','','','200','http://mp3l.jamendo.com/?trackid=1032856&format=mp31&u=0');
UPDATE track SET album_id='121556' WHERE id='1032856';
UPDATE track SET text='HAVE A QUESTION?
CONTACT ME AT  
http://saregama-contact.blogspot.com/' WHERE id='1032856';
INSERT INTO playlist_track VALUES('227396','1032856');
INSERT INTO album VALUES('122177','Cinematic','http://www.jamendo.com/es/album/122177','http://imgjam.com/albums/s122/122177/covers/1.100.jpg','3','175','Piano');
UPDATE album SET artist_id='375935' WHERE id='122177';
INSERT INTO track VALUES('1037681','Beauties of Creation (piano with strings)','http://www.jamendo.com/es/track/1037681','','','175','http://mp3l.jamendo.com/?trackid=1037681&format=mp31&u=0');
UPDATE track SET album_id='122177' WHERE id='1037681';
UPDATE track SET text='HAVE A QUESTION?
CONTACT ME AT  
http://saregama-contact.blogspot.com/' WHERE id='1037681';
INSERT INTO playlist_track VALUES('227396','1037681');
INSERT INTO album VALUES('122260','Jazz','http://www.jamendo.com/es/album/122260','http://imgjam.com/albums/s122/122260/covers/1.100.jpg','3','145','Comedy, Jazz');
UPDATE album SET artist_id='375935' WHERE id='122260';
INSERT INTO track VALUES('1038253','Doo-Wop Jazz Scat','http://www.jamendo.com/es/track/1038253','','fr','145','http://mp3l.jamendo.com/?trackid=1038253&format=mp31&u=0');
UPDATE track SET album_id='122260' WHERE id='1038253';
UPDATE track SET text='HAVE A QUESTION?
CONTACT ME AT  
http://saregama-contact.blogspot.com/' WHERE id='1038253';
INSERT INTO album VALUES('122482','Sad Cinematic Piano','http://www.jamendo.com/es/album/122482','http://imgjam.com/albums/s122/122482/covers/1.100.jpg','3','290','Cinematic Piano');
UPDATE album SET artist_id='375935' WHERE id='122482';
INSERT INTO track VALUES('1039627','Melancholic Piano, Harp and Strings','http://www.jamendo.com/es/track/1039627','','','290','http://mp3l.jamendo.com/?trackid=1039627&format=mp31&u=0');
UPDATE track SET album_id='122482' WHERE id='1039627';
UPDATE track SET text='HAVE A QUESTION?
CONTACT ME AT  
http://saregama-contact.blogspot.com/' WHERE id='1039627';
INSERT INTO album VALUES('123035','Story of One Success (energetic symphonic rock)','http://www.jamendo.com/es/album/123035','http://imgjam.com/albums/s123/123035/covers/1.100.jpg','3','455','Power Pop');
UPDATE album SET artist_id='375935' WHERE id='123035';
INSERT INTO track VALUES('1044826',' Story of One Success (power pop rock)','http://www.jamendo.com/es/track/1044826','','','195','http://mp3l.jamendo.com/?trackid=1044826&format=mp31&u=0');
UPDATE track SET album_id='123035' WHERE id='1044826';
UPDATE track SET text='HAVE A QUESTION?
CONTACT ME AT  
http://saregama-contact.blogspot.com/' WHERE id='1044826';
INSERT INTO playlist_track VALUES('227086','1044826');
INSERT INTO track VALUES('1044827','Story of One Success (extended mix)','http://www.jamendo.com/es/track/1044827','','','260','http://mp3l.jamendo.com/?trackid=1044827&format=mp31&u=0');
UPDATE track SET album_id='123035' WHERE id='1044827';
UPDATE track SET text='HAVE A QUESTION?
CONTACT ME AT  
http://saregama-contact.blogspot.com/' WHERE id='1044827';
INSERT INTO album VALUES('123378','House','http://www.jamendo.com/es/album/123378','http://imgjam.com/albums/s123/123378/covers/1.100.jpg','3','235','Dance');
UPDATE album SET artist_id='375935' WHERE id='123378';
INSERT INTO track VALUES('1046881','Talking Bass House Party','http://www.jamendo.com/es/track/1046881','','','235','http://mp3l.jamendo.com/?trackid=1046881&format=mp31&u=0');
UPDATE track SET album_id='123378' WHERE id='1046881';
UPDATE track SET text='HAVE A QUESTION?
CONTACT ME AT  
http://saregama-contact.blogspot.com/' WHERE id='1046881';
INSERT INTO album VALUES('123534','Advertising','http://www.jamendo.com/es/album/123534','http://imgjam.com/albums/s123/123534/covers/1.100.jpg','3','905','Advertising');
UPDATE album SET artist_id='375935' WHERE id='123534';
INSERT INTO track VALUES('1048225','The Perfect Family Advert(playful orchestra)','http://www.jamendo.com/es/track/1048225','','','50','http://mp3l.jamendo.com/?trackid=1048225&format=mp31&u=0');
UPDATE track SET album_id='123534' WHERE id='1048225';
UPDATE track SET text='HAVE A QUESTION?
CONTACT ME AT  
http://saregama-contact.blogspot.com/' WHERE id='1048225';
INSERT INTO track VALUES('1048229','The Perfect Family (epic ending)','http://www.jamendo.com/es/track/1048229','','','50','http://mp3l.jamendo.com/?trackid=1048229&format=mp31&u=0');
UPDATE track SET album_id='123534' WHERE id='1048229';
UPDATE track SET text='HAVE A QUESTION?
CONTACT ME AT  
http://saregama-contact.blogspot.com/' WHERE id='1048229';
INSERT INTO track VALUES('1048230','We are Happy (cheerful pop rock)','http://www.jamendo.com/es/track/1048230','','','160','http://mp3l.jamendo.com/?trackid=1048230&format=mp31&u=0');
UPDATE track SET album_id='123534' WHERE id='1048230';
UPDATE track SET text='HAVE A QUESTION?
CONTACT ME AT  
http://saregama-contact.blogspot.com/' WHERE id='1048230';
INSERT INTO playlist_track VALUES('227531','1048230');
INSERT INTO playlist_track VALUES('227341','1048230');
INSERT INTO playlist_track VALUES('227396','1048230');
INSERT INTO track VALUES('1048227','New Technology Presentation (corporate electronic)','http://www.jamendo.com/es/track/1048227','','','265','http://mp3l.jamendo.com/?trackid=1048227&format=mp31&u=0');
UPDATE track SET album_id='123534' WHERE id='1048227';
UPDATE track SET text='HAVE A QUESTION?
CONTACT ME AT  
http://saregama-contact.blogspot.com/' WHERE id='1048227';
INSERT INTO playlist VALUES('227530','Hind','http://www.jamendo.com/es/playlist/227530','265');
INSERT INTO playlist_track VALUES('227530','1048227');
INSERT INTO track VALUES('1048226','Those Simple Things (whistling ukulele)','http://www.jamendo.com/es/track/1048226','','','180','http://mp3l.jamendo.com/?trackid=1048226&format=mp31&u=0');
UPDATE track SET album_id='123534' WHERE id='1048226';
UPDATE track SET text='HAVE A QUESTION?
CONTACT ME AT  
http://saregama-contact.blogspot.com/' WHERE id='1048226';
INSERT INTO playlist VALUES('227071','MARINA RINALDI','http://www.jamendo.com/es/playlist/227071','1383');
INSERT INTO playlist_track VALUES('227071','1048226');
INSERT INTO track VALUES('1048228','On the Bright Side (acoustic ukelele)','http://www.jamendo.com/es/track/1048228','','','200','http://mp3l.jamendo.com/?trackid=1048228&format=mp31&u=0');
UPDATE track SET album_id='123534' WHERE id='1048228';
UPDATE track SET text='HAVE A QUESTION?
CONTACT ME AT  
http://saregama-contact.blogspot.com/' WHERE id='1048228';
INSERT INTO album VALUES('125497','Follow Your Dreams (Motivational, Corporate, Advertising)','http://www.jamendo.com/es/album/125497','http://imgjam.com/albums/s125/125497/covers/1.100.jpg','3','275','Pop-Rock');
UPDATE album SET artist_id='375935' WHERE id='125497';
INSERT INTO track VALUES('1062856','Follow Your Dreams (motivational pop-rock)','http://www.jamendo.com/es/track/1062856','','','275','http://mp3l.jamendo.com/?trackid=1062856&format=mp31&u=0');
UPDATE track SET album_id='125497' WHERE id='1062856';
UPDATE track SET text='HAVE A QUESTION?
CONTACT ME AT  
http://saregama-contact.blogspot.com/' WHERE id='1062856';
INSERT INTO album VALUES('125849','Stories of The Old Mansion (epic, cinematic, horror, suspense)','http://www.jamendo.com/es/album/125849','http://imgjam.com/albums/s125/125849/covers/1.100.jpg','3','190','Horror, Suspense, Epic');
UPDATE album SET artist_id='375935' WHERE id='125849';
INSERT INTO track VALUES('1065432','Stories of The Old Mansion','http://www.jamendo.com/es/track/1065432','','','190','http://mp3l.jamendo.com/?trackid=1065432&format=mp31&u=0');
UPDATE track SET album_id='125849' WHERE id='1065432';
UPDATE track SET text='HAVE A QUESTION?
CONTACT ME AT  
http://saregama-contact.blogspot.com/' WHERE id='1065432';
INSERT INTO album VALUES('126011','Christmas Dancing Snowflakes (xmas, orchestral, magical) ','http://www.jamendo.com/es/album/126011','http://imgjam.com/albums/s126/126011/covers/1.100.jpg','3','270','Orchestral');
UPDATE album SET artist_id='375935' WHERE id='126011';
INSERT INTO track VALUES('1066334','Dancing Snowflakes (christmas, orchestral)','http://www.jamendo.com/es/track/1066334','','','130','http://mp3l.jamendo.com/?trackid=1066334&format=mp31&u=0');
UPDATE track SET album_id='126011' WHERE id='1066334';
UPDATE track SET text='HAVE A QUESTION?
CONTACT ME AT  
http://saregama-contact.blogspot.com/' WHERE id='1066334';
INSERT INTO track VALUES('1066333','Snowflakes Night Waltz','http://www.jamendo.com/es/track/1066333','','','120','http://mp3l.jamendo.com/?trackid=1066333&format=mp31&u=0');
UPDATE track SET album_id='126011' WHERE id='1066333';
UPDATE track SET text='HAVE A QUESTION?
CONTACT ME AT  
http://saregama-contact.blogspot.com/' WHERE id='1066333';
INSERT INTO track VALUES('1066335','Dancing Snowflakes Christmas Stinger','http://www.jamendo.com/es/track/1066335','','','20','http://mp3l.jamendo.com/?trackid=1066335&format=mp31&u=0');
UPDATE track SET album_id='126011' WHERE id='1066335';
UPDATE track SET text='HAVE A QUESTION?
CONTACT ME AT  
http://saregama-contact.blogspot.com/' WHERE id='1066335';
INSERT INTO album VALUES('126355','Corporate Business Advertising','http://www.jamendo.com/es/album/126355','http://imgjam.com/albums/s126/126355/covers/1.100.jpg','3','205','Pop Rock');
UPDATE album SET artist_id='375935' WHERE id='126355';
INSERT INTO track VALUES('1068780','Achievements and Challenges','http://www.jamendo.com/es/track/1068780','','','205','http://mp3l.jamendo.com/?trackid=1068780&format=mp31&u=0');
UPDATE track SET album_id='126355' WHERE id='1068780';
UPDATE track SET text='HAVE A QUESTION?
CONTACT ME AT  
http://saregama-contact.blogspot.com/' WHERE id='1068780';
INSERT INTO playlist VALUES('227239','MTL INDEX – GLOBAL LINKS','http://www.jamendo.com/es/playlist/227239','205');
INSERT INTO playlist_track VALUES('227239','1068780');
INSERT INTO album VALUES('126942','Epic Champions (heroic, motivational, sports)','http://www.jamendo.com/es/album/126942','http://imgjam.com/albums/s126/126942/covers/1.100.jpg','3','130','Orchestral Pop Rock');
UPDATE album SET artist_id='375935' WHERE id='126942';
INSERT INTO track VALUES('1071475','Epic Champions','http://www.jamendo.com/es/track/1071475','','','130','http://mp3l.jamendo.com/?trackid=1071475&format=mp31&u=0');
UPDATE track SET album_id='126942' WHERE id='1071475';
UPDATE track SET text='HAVE A QUESTION?
CONTACT ME AT  
http://saregama-contact.blogspot.com/' WHERE id='1071475';
INSERT INTO album VALUES('127377','Positive Momentum (corporate pop rock)','http://www.jamendo.com/es/album/127377','http://imgjam.com/albums/s127/127377/covers/1.100.jpg','3','190','Corporate Pop-Rock');
UPDATE album SET artist_id='375935' WHERE id='127377';
INSERT INTO track VALUES('1072591','Positive Momentum','http://www.jamendo.com/es/track/1072591','','','190','http://mp3l.jamendo.com/?trackid=1072591&format=mp31&u=0');
UPDATE track SET album_id='127377' WHERE id='1072591';
UPDATE track SET text='HAVE A QUESTION?
CONTACT ME AT  
http://saregama-contact.blogspot.com/' WHERE id='1072591';
INSERT INTO album VALUES('127839','System Malfunction [glitchstep pop]','http://www.jamendo.com/es/album/127839','http://imgjam.com/albums/s127/127839/covers/1.100.jpg','3','265','Glitcstep');
UPDATE album SET artist_id='375935' WHERE id='127839';
INSERT INTO track VALUES('1074752','System Malfunction (glitchstep pop)','http://www.jamendo.com/es/track/1074752','','','265','http://mp3l.jamendo.com/?trackid=1074752&format=mp31&u=0');
UPDATE track SET album_id='127839' WHERE id='1074752';
UPDATE track SET text='HAVE A QUESTION?
CONTACT ME AT  
http://saregama-contact.blogspot.com/' WHERE id='1074752';
INSERT INTO album VALUES('128071','In A Good Mood (happy acoustic poprock)','http://www.jamendo.com/es/album/128071','http://imgjam.com/albums/s128/128071/covers/1.100.jpg','3','156','Acoustic');
UPDATE album SET artist_id='375935' WHERE id='128071';
INSERT INTO track VALUES('1075261','In a Good Mood','http://www.jamendo.com/es/track/1075261','','','156','http://mp3l.jamendo.com/?trackid=1075261&format=mp31&u=0');
UPDATE track SET album_id='128071' WHERE id='1075261';
UPDATE track SET text='HAVE A QUESTION?
CONTACT ME AT  
http://saregama-contact.blogspot.com/' WHERE id='1075261';
INSERT INTO playlist_track VALUES('227531','1075261');
INSERT INTO playlist_track VALUES('227341','1075261');
INSERT INTO playlist_track VALUES('227396','1075261');
INSERT INTO album VALUES('128219','Bright Future (happy acoustic pop rock)','http://www.jamendo.com/es/album/128219','http://imgjam.com/albums/s128/128219/covers/1.100.jpg','3','181','Acoustic Pop Rock');
UPDATE album SET artist_id='375935' WHERE id='128219';
INSERT INTO track VALUES('1076489','Bright Future (loop)','http://www.jamendo.com/es/track/1076489','','','181','http://mp3l.jamendo.com/?trackid=1076489&format=mp31&u=0');
UPDATE track SET album_id='128219' WHERE id='1076489';
UPDATE track SET text='HAVE A QUESTION?
CONTACT ME AT  
http://saregama-contact.blogspot.com/' WHERE id='1076489';
INSERT INTO playlist_track VALUES('227341','1076489');
INSERT INTO playlist_track VALUES('227531','1076489');
INSERT INTO playlist_track VALUES('227396','1076489');
INSERT INTO album VALUES('128521','Punk','http://www.jamendo.com/es/album/128521','http://imgjam.com/albums/s128/128521/covers/1.100.jpg','3','135','Garage Punk Rock');
UPDATE album SET artist_id='375935' WHERE id='128521';
INSERT INTO track VALUES('1079190','Rebel Youth - Optimistic Punk','http://www.jamendo.com/es/track/1079190','','','135','http://mp3l.jamendo.com/?trackid=1079190&format=mp31&u=0');
UPDATE track SET album_id='128521' WHERE id='1079190';
UPDATE track SET text='HAVE A QUESTION?
CONTACT ME AT  
http://saregama-contact.blogspot.com/' WHERE id='1079190';
INSERT INTO album VALUES('128845','Bells on Christmas Day (navidad, noel, weihnachten)','http://www.jamendo.com/es/album/128845','http://imgjam.com/albums/s128/128845/covers/1.100.jpg','3','140','Orchestral');
UPDATE album SET artist_id='375935' WHERE id='128845';
INSERT INTO track VALUES('1081524','Bells On Xmas Day (symphonic orchestra)','http://www.jamendo.com/es/track/1081524','','','140','http://mp3l.jamendo.com/?trackid=1081524&format=mp31&u=0');
UPDATE track SET album_id='128845' WHERE id='1081524';
UPDATE track SET text='HAVE A QUESTION?
CONTACT ME AT  
http://saregama-contact.blogspot.com/' WHERE id='1081524';
INSERT INTO album VALUES('129038','Christmas','http://www.jamendo.com/es/album/129038','http://imgjam.com/albums/s129/129038/covers/1.100.jpg','3','180','Christmas');
UPDATE album SET artist_id='375935' WHERE id='129038';
INSERT INTO track VALUES('1083417','Lighthearted Christmas Guitar and Whistling','http://www.jamendo.com/es/track/1083417','','','90','http://mp3l.jamendo.com/?trackid=1083417&format=mp31&u=0');
UPDATE track SET album_id='129038' WHERE id='1083417';
UPDATE track SET text='HAVE A QUESTION?
CONTACT ME AT  
http://saregama-contact.blogspot.com/' WHERE id='1083417';
INSERT INTO track VALUES('1083416','Lighthearted Christmas Guitar and Whistling (no hohoho)','http://www.jamendo.com/es/track/1083416','','','90','http://mp3l.jamendo.com/?trackid=1083416&format=mp31&u=0');
UPDATE track SET album_id='129038' WHERE id='1083416';
UPDATE track SET text='HAVE A QUESTION?
CONTACT ME AT  
http://saregama-contact.blogspot.com/' WHERE id='1083416';
INSERT INTO album VALUES('129525','African','http://www.jamendo.com/es/album/129525','http://imgjam.com/albums/s129/129525/covers/1.100.jpg','3','124','African');
UPDATE album SET artist_id='375935' WHERE id='129525';
INSERT INTO track VALUES('1086601','African Mbira with Percussion','http://www.jamendo.com/es/track/1086601','','','124','http://mp3l.jamendo.com/?trackid=1086601&format=mp31&u=0');
UPDATE track SET album_id='129525' WHERE id='1086601';
UPDATE track SET text='HAVE A QUESTION?
CONTACT ME AT  
http://saregama-contact.blogspot.com/' WHERE id='1086601';
INSERT INTO playlist_track VALUES('227543','1086601');
INSERT INTO playlist_track VALUES('227785','1086601');
INSERT INTO album VALUES('129647','Celtic Harp','http://www.jamendo.com/es/album/129647','http://imgjam.com/albums/s129/129647/covers/1.100.jpg','3','142','Irish traditional');
UPDATE album SET artist_id='375935' WHERE id='129647';
INSERT INTO track VALUES('1087515','Celtic Harp with Bodhran','http://www.jamendo.com/es/track/1087515','','','142','http://mp3l.jamendo.com/?trackid=1087515&format=mp31&u=0');
UPDATE track SET album_id='129647' WHERE id='1087515';
UPDATE track SET text='HAVE A QUESTION?
CONTACT ME AT  
http://saregama-contact.blogspot.com/' WHERE id='1087515';
INSERT INTO playlist_track VALUES('227225','1087515');
INSERT INTO playlist_track VALUES('227543','1087515');
INSERT INTO playlist_track VALUES('227785','1087515');
INSERT INTO album VALUES('129718','India (sitar, violin and tabla)','http://www.jamendo.com/es/album/129718','http://imgjam.com/albums/s129/129718/covers/1.100.jpg','3','140','Indian Raga');
UPDATE album SET artist_id='375935' WHERE id='129718';
INSERT INTO track VALUES('1088053','India','http://www.jamendo.com/es/track/1088053','','','140','http://mp3l.jamendo.com/?trackid=1088053&format=mp31&u=0');
UPDATE track SET album_id='129718' WHERE id='1088053';
UPDATE track SET text='HAVE A QUESTION?
CONTACT ME AT  
http://saregama-contact.blogspot.com/' WHERE id='1088053';
INSERT INTO album VALUES('130141','Ukulele','http://www.jamendo.com/es/album/130141','http://imgjam.com/albums/s130/130141/covers/1.100.jpg','3','165','Acoustic');
UPDATE album SET artist_id='375935' WHERE id='130141';
INSERT INTO track VALUES('1091885','Ukulele Happy Whistling','http://www.jamendo.com/es/track/1091885','','','165','http://mp3l.jamendo.com/?trackid=1091885&format=mp31&u=0');
UPDATE track SET album_id='130141' WHERE id='1091885';
UPDATE track SET text='HAVE A QUESTION?
CONTACT ME AT  
http://saregama-contact.blogspot.com/' WHERE id='1091885';
INSERT INTO playlist VALUES('227452','Gonzalo Solas','http://www.jamendo.com/es/playlist/227452','367');
INSERT INTO playlist_track VALUES('227452','1091885');
INSERT INTO album VALUES('130346','Optimistic','http://www.jamendo.com/es/album/130346','http://imgjam.com/albums/s130/130346/covers/1.100.jpg','3','157','Pop Rock');
UPDATE album SET artist_id='375935' WHERE id='130346';
INSERT INTO track VALUES('1093612','Optimistic','http://www.jamendo.com/es/track/1093612','','','157','http://mp3l.jamendo.com/?trackid=1093612&format=mp31&u=0');
UPDATE track SET album_id='130346' WHERE id='1093612';
UPDATE track SET text='HAVE A QUESTION?
CONTACT ME AT  
http://saregama-contact.blogspot.com/' WHERE id='1093612';
INSERT INTO album VALUES('130656','Inspiration (piano with strings)','http://www.jamendo.com/es/album/130656','http://imgjam.com/albums/s130/130656/covers/1.100.jpg','3','240','Orchestral');
UPDATE album SET artist_id='375935' WHERE id='130656';
INSERT INTO track VALUES('1095788','Inspiration (piano with strings)','http://www.jamendo.com/es/track/1095788','','','240','http://mp3l.jamendo.com/?trackid=1095788&format=mp31&u=0');
UPDATE track SET album_id='130656' WHERE id='1095788';
UPDATE track SET text='HAVE A QUESTION?
CONTACT ME AT  
http://saregama-contact.blogspot.com/' WHERE id='1095788';
INSERT INTO album VALUES('130779','Winning Champion (piano with strings)','http://www.jamendo.com/es/album/130779','http://imgjam.com/albums/s130/130779/covers/1.100.jpg','3','165','Corporate');
UPDATE album SET artist_id='375935' WHERE id='130779';
INSERT INTO track VALUES('1096667','Going to The Top (Olympic Champions)','http://www.jamendo.com/es/track/1096667','','','165','http://mp3l.jamendo.com/?trackid=1096667&format=mp31&u=0');
UPDATE track SET album_id='130779' WHERE id='1096667';
UPDATE track SET text='HAVE A QUESTION?
CONTACT ME AT  
http://saregama-contact.blogspot.com/' WHERE id='1096667';
INSERT INTO album VALUES('131115','Evening Together','http://www.jamendo.com/es/album/131115','http://imgjam.com/albums/s131/131115/covers/1.100.jpg','3','180','Smooth Jazz');
UPDATE album SET artist_id='375935' WHERE id='131115';
INSERT INTO track VALUES('1099132','Evening Together (Smooth Jazz)','http://www.jamendo.com/es/track/1099132','','','180','http://mp3l.jamendo.com/?trackid=1099132&format=mp31&u=0');
UPDATE track SET album_id='131115' WHERE id='1099132';
UPDATE track SET text='HAVE A QUESTION?
CONTACT ME AT  
http://saregama-contact.blogspot.com/' WHERE id='1099132';
INSERT INTO album VALUES('131285','Carefree Swing','http://www.jamendo.com/es/album/131285','http://imgjam.com/albums/s131/131285/covers/1.100.jpg','3','165','Acoustic');
UPDATE album SET artist_id='375935' WHERE id='131285';
INSERT INTO track VALUES('1100241','Carefree Swing','http://www.jamendo.com/es/track/1100241','','','165','http://mp3l.jamendo.com/?trackid=1100241&format=mp31&u=0');
UPDATE track SET album_id='131285' WHERE id='1100241';
UPDATE track SET text='HAVE A QUESTION?
CONTACT ME AT  
http://saregama-contact.blogspot.com/' WHERE id='1100241';
INSERT INTO album VALUES('131992','Motivation','http://www.jamendo.com/es/album/131992','http://imgjam.com/albums/s131/131992/covers/1.100.jpg','3','225','Pop Rock');
UPDATE album SET artist_id='375935' WHERE id='131992';
INSERT INTO track VALUES('1105461','Motivation','http://www.jamendo.com/es/track/1105461','','','225','http://mp3l.jamendo.com/?trackid=1105461&format=mp31&u=0');
UPDATE track SET album_id='131992' WHERE id='1105461';
UPDATE track SET text='HAVE A QUESTION?
CONTACT ME AT  
http://saregama-contact.blogspot.com/' WHERE id='1105461';
INSERT INTO playlist_track VALUES('227341','1105461');
INSERT INTO playlist_track VALUES('227531','1105461');
INSERT INTO playlist_track VALUES('227396','1105461');
INSERT INTO album VALUES('132320','Funky Drum and Bass','http://www.jamendo.com/es/album/132320','http://imgjam.com/albums/s132/132320/covers/1.100.jpg','3','145','Oldschool Jungle');
UPDATE album SET artist_id='375935' WHERE id='132320';
INSERT INTO track VALUES('1107947','Funky Jungle Beat','http://www.jamendo.com/es/track/1107947','','','130','http://mp3l.jamendo.com/?trackid=1107947&format=mp31&u=0');
UPDATE track SET album_id='132320' WHERE id='1107947';
UPDATE track SET text='HAVE A QUESTION?
CONTACT ME AT  
http://saregama-contact.blogspot.com/' WHERE id='1107947';
INSERT INTO playlist VALUES('227322','May 2014','http://www.jamendo.com/es/playlist/227322','1097');
INSERT INTO playlist_track VALUES('227322','1107947');
INSERT INTO track VALUES('1107948','Fast Energetic Jingle','http://www.jamendo.com/es/track/1107948','','','15','http://mp3l.jamendo.com/?trackid=1107948&format=mp31&u=0');
UPDATE track SET album_id='132320' WHERE id='1107948';
UPDATE track SET text='HAVE A QUESTION?
CONTACT ME AT  
http://saregama-contact.blogspot.com/' WHERE id='1107948';
INSERT INTO album VALUES('134517','Irish','http://www.jamendo.com/es/album/134517','http://imgjam.com/albums/s134/134517/covers/1.100.jpg','3','140','Irish');
UPDATE album SET artist_id='375935' WHERE id='134517';
INSERT INTO track VALUES('1124746','Irish','http://www.jamendo.com/es/track/1124746','','','140','http://mp3l.jamendo.com/?trackid=1124746&format=mp31&u=0');
UPDATE track SET album_id='134517' WHERE id='1124746';
UPDATE track SET text='HAVE A QUESTION?
CONTACT ME AT  
http://saregama-contact.blogspot.com/' WHERE id='1124746';
INSERT INTO album VALUES('134622','Corporate','http://www.jamendo.com/es/album/134622','http://imgjam.com/albums/s134/134622/covers/1.100.jpg','3','185','Pop-Rock');
UPDATE album SET artist_id='375935' WHERE id='134622';
INSERT INTO track VALUES('1125352','Corporate','http://www.jamendo.com/es/track/1125352','','','185','http://mp3l.jamendo.com/?trackid=1125352&format=mp31&u=0');
UPDATE track SET album_id='134622' WHERE id='1125352';
UPDATE track SET text='HAVE A QUESTION?
CONTACT ME AT  
http://saregama-contact.blogspot.com/' WHERE id='1125352';
INSERT INTO playlist_track VALUES('227341','1125352');
INSERT INTO playlist_track VALUES('227531','1125352');
INSERT INTO playlist_track VALUES('227396','1125352');
INSERT INTO album VALUES('135733','Grooving Robot Dubstep','http://www.jamendo.com/es/album/135733','http://imgjam.com/albums/s135/135733/covers/1.100.jpg','3','225','Dubstep');
UPDATE album SET artist_id='375935' WHERE id='135733';
INSERT INTO track VALUES('1131961','Grooving Robot','http://www.jamendo.com/es/track/1131961','','','225','http://mp3l.jamendo.com/?trackid=1131961&format=mp31&u=0');
UPDATE track SET album_id='135733' WHERE id='1131961';
UPDATE track SET text='HAVE A QUESTION?
CONTACT ME AT  
http://saregama-contact.blogspot.com/' WHERE id='1131961';
INSERT INTO playlist VALUES('227414','','http://www.jamendo.com/es/playlist/227414','6456');
INSERT INTO playlist_track VALUES('227414','1131961');
INSERT INTO album VALUES('135880','Hard Vocal Dubstep','http://www.jamendo.com/es/album/135880','http://imgjam.com/albums/s135/135880/covers/1.100.jpg','3','265','Dubstep');
UPDATE album SET artist_id='375935' WHERE id='135880';
INSERT INTO track VALUES('1132937','End of Love [Vocal Dubstep]','http://www.jamendo.com/es/track/1132937','','fr','265','http://mp3l.jamendo.com/?trackid=1132937&format=mp31&u=0');
UPDATE track SET album_id='135880' WHERE id='1132937';
UPDATE track SET text='HAVE A QUESTION?
CONTACT ME AT  
http://saregama-contact.blogspot.com/' WHERE id='1132937';
INSERT INTO album VALUES('136021','Rhythm''s Got me Going (high energy dubstep)','http://www.jamendo.com/es/album/136021','http://imgjam.com/albums/s136/136021/covers/1.100.jpg','3','240','Dubstep');
UPDATE album SET artist_id='375935' WHERE id='136021';
INSERT INTO track VALUES('1133636','Your Rhythm''s Got Me Going (dubstep)','http://www.jamendo.com/es/track/1133636','','en','240','http://mp3l.jamendo.com/?trackid=1133636&format=mp31&u=0');
UPDATE track SET album_id='136021' WHERE id='1133636';
UPDATE track SET text='HAVE A QUESTION?
CONTACT ME AT  
http://saregama-contact.blogspot.com/' WHERE id='1133636';
INSERT INTO album VALUES('139840','Trip Hop','http://www.jamendo.com/es/album/139840','http://imgjam.com/albums/s139/139840/covers/1.100.jpg','3','230');
UPDATE album SET artist_id='375935' WHERE id='139840';
INSERT INTO track VALUES('1163398','Trip Hop','http://www.jamendo.com/es/track/1163398','','','230','http://mp3l.jamendo.com/?trackid=1163398&format=mp31&u=0');
UPDATE track SET album_id='139840' WHERE id='1163398';
UPDATE track SET text='Extended version with vocals is available here: https://www.jamendo.com/en/list/a120207/


HAVE A QUESTION?
CONTACT ME AT
http://saregama-contact.blogspot.com/' WHERE id='1163398';
INSERT INTO album VALUES('136191','Teamwork (Acoustic Pop-Rock)','http://www.jamendo.com/es/album/136191','http://imgjam.com/albums/s136/136191/covers/1.100.jpg','3','132','Motivational');
UPDATE album SET artist_id='375935' WHERE id='136191';
INSERT INTO track VALUES('1134764','Teamwork (Acoustic Pop-Rock)','http://www.jamendo.com/es/track/1134764','','','132','http://mp3l.jamendo.com/?trackid=1134764&format=mp31&u=0');
UPDATE track SET album_id='136191' WHERE id='1134764';
UPDATE track SET text='HAVE A QUESTION?
CONTACT ME AT  
http://saregama-contact.blogspot.com/' WHERE id='1134764';
INSERT INTO album VALUES('136262','Having Fun','http://www.jamendo.com/es/album/136262','http://imgjam.com/albums/s136/136262/covers/1.100.jpg','3','175','Pop-Rock');
UPDATE album SET artist_id='375935' WHERE id='136262';
INSERT INTO track VALUES('1135157','Having Fun','http://www.jamendo.com/es/track/1135157','','','175','http://mp3l.jamendo.com/?trackid=1135157&format=mp31&u=0');
UPDATE track SET album_id='136262' WHERE id='1135157';
UPDATE track SET text='HAVE A QUESTION?
 CONTACT ME AT  
http://saregama-contact.blogspot.com/' WHERE id='1135157';
INSERT INTO playlist VALUES('227416','','http://www.jamendo.com/es/playlist/227416','7401');
INSERT INTO playlist_track VALUES('227416','1135157');
INSERT INTO album VALUES('136320','Bass And Drums Funky Groove','http://www.jamendo.com/es/album/136320','http://imgjam.com/albums/s136/136320/covers/1.100.jpg','3','191');
UPDATE album SET artist_id='375935' WHERE id='136320';
INSERT INTO track VALUES('1135523','Bass and Drums Groove (loop)','http://www.jamendo.com/es/track/1135523','','','170','http://mp3l.jamendo.com/?trackid=1135523&format=mp31&u=0');
UPDATE track SET album_id='136320' WHERE id='1135523';
UPDATE track SET text='HAVE A QUESTION?
 CONTACT ME AT  
http://saregama-contact.blogspot.com/' WHERE id='1135523';
INSERT INTO playlist VALUES('227410','','http://www.jamendo.com/es/playlist/227410','8318');
INSERT INTO playlist_track VALUES('227410','1135523');
INSERT INTO track VALUES('1135522','Bass and Drums (short loop)','http://www.jamendo.com/es/track/1135522','','','21','http://mp3l.jamendo.com/?trackid=1135522&format=mp31&u=0');
UPDATE track SET album_id='136320' WHERE id='1135522';
UPDATE track SET text='HAVE A QUESTION?
 CONTACT ME AT  
http://saregama-contact.blogspot.com/' WHERE id='1135522';
INSERT INTO playlist_track VALUES('227410','1135522');
INSERT INTO album VALUES('136519','Hot Summer Ukelele','http://www.jamendo.com/es/album/136519','http://imgjam.com/albums/s136/136519/covers/1.100.jpg','3','156','Ukulele');
UPDATE album SET artist_id='375935' WHERE id='136519';
INSERT INTO track VALUES('1136680','Hot Summer Ukelele','http://www.jamendo.com/es/track/1136680','','','156','http://mp3l.jamendo.com/?trackid=1136680&format=mp31&u=0');
UPDATE track SET album_id='136519' WHERE id='1136680';
UPDATE track SET text='HAVE A QUESTION?  CONTACT ME AT   http://saregama-contact.blogspot.com/' WHERE id='1136680';
INSERT INTO album VALUES('136998','Hope And Trust (inspiring orchestra)','http://www.jamendo.com/es/album/136998','http://imgjam.com/albums/s136/136998/covers/1.100.jpg','3','265','Orchestral');
UPDATE album SET artist_id='375935' WHERE id='136998';
INSERT INTO track VALUES('1142668','Hope And Trust (inspiring orchestra)','http://www.jamendo.com/es/track/1142668','','','265','http://mp3l.jamendo.com/?trackid=1142668&format=mp31&u=0');
UPDATE track SET album_id='136998' WHERE id='1142668';
UPDATE track SET text='HAVE A QUESTION?
 CONTACT ME AT  
http://saregama-contact.blogspot.com/' WHERE id='1142668';
INSERT INTO album VALUES('137149','Upbeat Cinematic Orchestra','http://www.jamendo.com/es/album/137149','http://imgjam.com/albums/s137/137149/covers/1.100.jpg','3','235','Cinematic');
UPDATE album SET artist_id='375935' WHERE id='137149';
INSERT INTO track VALUES('1143942','Upbeat Cinematic Orchestra','http://www.jamendo.com/es/track/1143942','','','235','http://mp3l.jamendo.com/?trackid=1143942&format=mp31&u=0');
UPDATE track SET album_id='137149' WHERE id='1143942';
UPDATE track SET text='HAVE A QUESTION? CONTACT ME AT  http://saregama-contact.blogspot.com/' WHERE id='1143942';
INSERT INTO album VALUES('137672','Minimalistic Film Score','http://www.jamendo.com/es/album/137672','http://imgjam.com/albums/s137/137672/covers/1.100.jpg','3','213');
UPDATE album SET artist_id='375935' WHERE id='137672';
INSERT INTO track VALUES('1148035','Vicissitudes of Life','http://www.jamendo.com/es/track/1148035','','','55','http://mp3l.jamendo.com/?trackid=1148035&format=mp31&u=0');
UPDATE track SET album_id='137672' WHERE id='1148035';
UPDATE track SET text='HAVE A QUESTION? CONTACT ME AT  http://saregama-contact.blogspot.com/' WHERE id='1148035';
INSERT INTO track VALUES('1148033','Childhood''s End','http://www.jamendo.com/es/track/1148033','','','45','http://mp3l.jamendo.com/?trackid=1148033&format=mp31&u=0');
UPDATE track SET album_id='137672' WHERE id='1148033';
UPDATE track SET text='HAVE A QUESTION? CONTACT ME AT  http://saregama-contact.blogspot.com/' WHERE id='1148033';
INSERT INTO track VALUES('1148030','Final Theme','http://www.jamendo.com/es/track/1148030','','','25','http://mp3l.jamendo.com/?trackid=1148030&format=mp31&u=0');
UPDATE track SET album_id='137672' WHERE id='1148030';
UPDATE track SET text='HAVE A QUESTION? CONTACT ME AT  http://saregama-contact.blogspot.com/' WHERE id='1148030';
INSERT INTO track VALUES('1148031','Transition Chords','http://www.jamendo.com/es/track/1148031','','','25','http://mp3l.jamendo.com/?trackid=1148031&format=mp31&u=0');
UPDATE track SET album_id='137672' WHERE id='1148031';
UPDATE track SET text='HAVE A QUESTION? CONTACT ME AT  http://saregama-contact.blogspot.com/' WHERE id='1148031';
INSERT INTO track VALUES('1148029','Dreamy Soundscape','http://www.jamendo.com/es/track/1148029','','','37','http://mp3l.jamendo.com/?trackid=1148029&format=mp31&u=0');
UPDATE track SET album_id='137672' WHERE id='1148029';
UPDATE track SET text='HAVE A QUESTION? CONTACT ME AT  http://saregama-contact.blogspot.com/' WHERE id='1148029';
INSERT INTO track VALUES('1148032','Magical Moment','http://www.jamendo.com/es/track/1148032','','','26','http://mp3l.jamendo.com/?trackid=1148032&format=mp31&u=0');
UPDATE track SET album_id='137672' WHERE id='1148032';
UPDATE track SET text='HAVE A QUESTION? CONTACT ME AT  http://saregama-contact.blogspot.com/' WHERE id='1148032';
INSERT INTO album VALUES('137904','Vicissitudes of Life (reflective and emotional minimalism)','http://www.jamendo.com/es/album/137904','http://imgjam.com/albums/s137/137904/covers/1.100.jpg','3','160');
UPDATE album SET artist_id='375935' WHERE id='137904';
INSERT INTO track VALUES('1150030','Vicissitudes of Life (piano with strings quartet)','http://www.jamendo.com/es/track/1150030','','','105','http://mp3l.jamendo.com/?trackid=1150030&format=mp31&u=0');
UPDATE track SET album_id='137904' WHERE id='1150030';
UPDATE track SET text='HAVE A QUESTION? CONTACT ME AT  http://saregama-contact.blogspot.com/' WHERE id='1150030';
INSERT INTO track VALUES('1150032','Vicissitudes of life (kalimba version)','http://www.jamendo.com/es/track/1150032','','','55','http://mp3l.jamendo.com/?trackid=1150032&format=mp31&u=0');
UPDATE track SET album_id='137904' WHERE id='1150032';
UPDATE track SET text='HAVE A QUESTION? CONTACT ME AT  http://saregama-contact.blogspot.com/' WHERE id='1150032';
INSERT INTO album VALUES('138026','Epic Adventure (cinematic orchestral soundtrack)','http://www.jamendo.com/es/album/138026','http://imgjam.com/albums/s138/138026/covers/1.100.jpg','3','242');
UPDATE album SET artist_id='375935' WHERE id='138026';
INSERT INTO track VALUES('1150771','Epic Adventure','http://www.jamendo.com/es/track/1150771','','','150','http://mp3l.jamendo.com/?trackid=1150771&format=mp31&u=0');
UPDATE track SET album_id='138026' WHERE id='1150771';
UPDATE track SET text='HAVE A QUESTION? CONTACT ME AT  http://saregama-contact.blogspot.com/' WHERE id='1150771';
INSERT INTO track VALUES('1150778','Epic Adventure - Short Edit','http://www.jamendo.com/es/track/1150778','','','62','http://mp3l.jamendo.com/?trackid=1150778&format=mp31&u=0');
UPDATE track SET album_id='138026' WHERE id='1150778';
UPDATE track SET text='HAVE A QUESTION? CONTACT ME AT  http://saregama-contact.blogspot.com/' WHERE id='1150778';
INSERT INTO track VALUES('1150798','Epic Adventure Intro','http://www.jamendo.com/es/track/1150798','','','30','http://mp3l.jamendo.com/?trackid=1150798&format=mp31&u=0');
UPDATE track SET album_id='138026' WHERE id='1150798';
UPDATE track SET text='HAVE A QUESTION? CONTACT ME AT  http://saregama-contact.blogspot.com/' WHERE id='1150798';
INSERT INTO album VALUES('138492','Epic Action Hero','http://www.jamendo.com/es/album/138492','http://imgjam.com/albums/s138/138492/covers/1.100.jpg','3','310');
UPDATE album SET artist_id='375935' WHERE id='138492';
INSERT INTO track VALUES('1154518','Epic Action Hero','http://www.jamendo.com/es/track/1154518','','','145','http://mp3l.jamendo.com/?trackid=1154518&format=mp31&u=0');
UPDATE track SET album_id='138492' WHERE id='1154518';
UPDATE track SET text='HAVE A QUESTION? CONTACT ME AT  http://saregama-contact.blogspot.com/' WHERE id='1154518';
INSERT INTO track VALUES('1154517','Epic Action Hero (30 sec. edit)','http://www.jamendo.com/es/track/1154517','','','30','http://mp3l.jamendo.com/?trackid=1154517&format=mp31&u=0');
UPDATE track SET album_id='138492' WHERE id='1154517';
UPDATE track SET text='HAVE A QUESTION? CONTACT ME AT  http://saregama-contact.blogspot.com/' WHERE id='1154517';
INSERT INTO track VALUES('1154516','Epic Action Hero (60 sec. edit)','http://www.jamendo.com/es/track/1154516','','','60','http://mp3l.jamendo.com/?trackid=1154516&format=mp31&u=0');
UPDATE track SET album_id='138492' WHERE id='1154516';
UPDATE track SET text='HAVE A QUESTION? CONTACT ME AT  http://saregama-contact.blogspot.com/' WHERE id='1154516';
INSERT INTO track VALUES('1154519','Epic Action Hero (drums only)','http://www.jamendo.com/es/track/1154519','','','75','http://mp3l.jamendo.com/?trackid=1154519&format=mp31&u=0');
UPDATE track SET album_id='138492' WHERE id='1154519';
UPDATE track SET text='HAVE A QUESTION? CONTACT ME AT  http://saregama-contact.blogspot.com/' WHERE id='1154519';
INSERT INTO album VALUES('138793','Tough Guy (epic hybrid trailer)','http://www.jamendo.com/es/album/138793','http://imgjam.com/albums/s138/138793/covers/1.100.jpg','3','225');
UPDATE album SET artist_id='375935' WHERE id='138793';
INSERT INTO track VALUES('1156579','Tough Guy (hybrid trailer)','http://www.jamendo.com/es/track/1156579','','','180','http://mp3l.jamendo.com/?trackid=1156579&format=mp31&u=0');
UPDATE track SET album_id='138793' WHERE id='1156579';
UPDATE track SET text='HAVE A QUESTION? CONTACT ME AT  http://saregama-contact.blogspot.com/' WHERE id='1156579';
INSERT INTO track VALUES('1156577','Tough Guy (teaser)','http://www.jamendo.com/es/track/1156577','','','15','http://mp3l.jamendo.com/?trackid=1156577&format=mp31&u=0');
UPDATE track SET album_id='138793' WHERE id='1156577';
UPDATE track SET text='HAVE A QUESTION? CONTACT ME AT  http://saregama-contact.blogspot.com/' WHERE id='1156577';
INSERT INTO track VALUES('1156578','Tough Guy (short edit)','http://www.jamendo.com/es/track/1156578','','','30','http://mp3l.jamendo.com/?trackid=1156578&format=mp31&u=0');
UPDATE track SET album_id='138793' WHERE id='1156578';
UPDATE track SET text='HAVE A QUESTION? CONTACT ME AT  http://saregama-contact.blogspot.com/' WHERE id='1156578';
INSERT INTO album VALUES('139019','The Final Battle (epic trailer)','http://www.jamendo.com/es/album/139019','http://imgjam.com/albums/s139/139019/covers/1.100.jpg','3','420');
UPDATE album SET artist_id='375935' WHERE id='139019';
INSERT INTO track VALUES('1158371','The Final Battle (epic trailer)','http://www.jamendo.com/es/track/1158371','','fr','125','http://mp3l.jamendo.com/?trackid=1158371&format=mp31&u=0');
UPDATE track SET album_id='139019' WHERE id='1158371';
UPDATE track SET text='HAVE A QUESTION? CONTACT ME AT  http://saregama-contact.blogspot.com/' WHERE id='1158371';
INSERT INTO track VALUES('1158367','The Final Battle (short edit)','http://www.jamendo.com/es/track/1158367','','fr','30','http://mp3l.jamendo.com/?trackid=1158367&format=mp31&u=0');
UPDATE track SET album_id='139019' WHERE id='1158367';
UPDATE track SET text='HAVE A QUESTION? CONTACT ME AT  http://saregama-contact.blogspot.com/' WHERE id='1158367';
INSERT INTO track VALUES('1158369','The Final Battle (Stinger)','http://www.jamendo.com/es/track/1158369','','','15','http://mp3l.jamendo.com/?trackid=1158369&format=mp31&u=0');
UPDATE track SET album_id='139019' WHERE id='1158369';
UPDATE track SET text='HAVE A QUESTION? CONTACT ME AT  http://saregama-contact.blogspot.com/' WHERE id='1158369';
INSERT INTO track VALUES('1158368','The Final Battle (no vox)','http://www.jamendo.com/es/track/1158368','','','125','http://mp3l.jamendo.com/?trackid=1158368&format=mp31&u=0');
UPDATE track SET album_id='139019' WHERE id='1158368';
UPDATE track SET text='HAVE A QUESTION? CONTACT ME AT  http://saregama-contact.blogspot.com/' WHERE id='1158368';
INSERT INTO track VALUES('1158370','The Final Battle (drums)','http://www.jamendo.com/es/track/1158370','','','125','http://mp3l.jamendo.com/?trackid=1158370&format=mp31&u=0');
UPDATE track SET album_id='139019' WHERE id='1158370';
UPDATE track SET text='HAVE A QUESTION? CONTACT ME AT  http://saregama-contact.blogspot.com/' WHERE id='1158370';
INSERT INTO album VALUES('139330','Ambient Guitars','http://www.jamendo.com/es/album/139330','http://imgjam.com/albums/s139/139330/covers/1.100.jpg','3','220');
UPDATE album SET artist_id='375935' WHERE id='139330';
INSERT INTO track VALUES('1160234','Ambient Guitars','http://www.jamendo.com/es/track/1160234','','','220','http://mp3l.jamendo.com/?trackid=1160234&format=mp31&u=0');
UPDATE track SET album_id='139330' WHERE id='1160234';
UPDATE track SET text='HAVE A QUESTION? CONTACT ME AT  http://saregama-contact.blogspot.com/' WHERE id='1160234';
INSERT INTO album VALUES('139465','Big Cinematic Percussion','http://www.jamendo.com/es/album/139465','http://imgjam.com/albums/s139/139465/covers/1.100.jpg','3','215');
UPDATE album SET artist_id='375935' WHERE id='139465';
INSERT INTO track VALUES('1161201','Fast Epic Drums','http://www.jamendo.com/es/track/1161201','','','90','http://mp3l.jamendo.com/?trackid=1161201&format=mp31&u=0');
UPDATE track SET album_id='139465' WHERE id='1161201';
UPDATE track SET text='HAVE A QUESTION? CONTACT ME AT  http://saregama-contact.blogspot.com/' WHERE id='1161201';
INSERT INTO track VALUES('1161202','Battle Drums','http://www.jamendo.com/es/track/1161202','','','125','http://mp3l.jamendo.com/?trackid=1161202&format=mp31&u=0');
UPDATE track SET album_id='139465' WHERE id='1161202';
UPDATE track SET text='' WHERE id='1161202';
INSERT INTO album VALUES('139503','Chill-Out Beat','http://www.jamendo.com/es/album/139503','http://imgjam.com/albums/s139/139503/covers/1.100.jpg','3','360');
UPDATE album SET artist_id='375935' WHERE id='139503';
INSERT INTO track VALUES('1161368','Chill-Out Beat (Water)','http://www.jamendo.com/es/track/1161368','','','360','http://mp3l.jamendo.com/?trackid=1161368&format=mp31&u=0');
UPDATE track SET album_id='139503' WHERE id='1161368';
UPDATE track SET text='HAVE A QUESTION? CONTACT ME AT  http://saregama-contact.blogspot.com/' WHERE id='1161368';
INSERT INTO album VALUES('139584','Feelgood Sunny Day','http://www.jamendo.com/es/album/139584','http://imgjam.com/albums/s139/139584/covers/1.100.jpg','3','128');
UPDATE album SET artist_id='375935' WHERE id='139584';
INSERT INTO track VALUES('1161930','Feelgood Sunny Day [loop]','http://www.jamendo.com/es/track/1161930','','','128','http://mp3l.jamendo.com/?trackid=1161930&format=mp31&u=0');
UPDATE track SET album_id='139584' WHERE id='1161930';
UPDATE track SET text='HAVE A QUESTION?
CONTACT ME AT
http://saregama-contact.blogspot.com/' WHERE id='1161930';
INSERT INTO album VALUES('139741','Funky Acid Jazz','http://www.jamendo.com/es/album/139741','http://imgjam.com/albums/s139/139741/covers/1.100.jpg','3','160');
UPDATE album SET artist_id='375935' WHERE id='139741';
INSERT INTO track VALUES('1163003','Funky Acid Jazz (Honky Fonky)','http://www.jamendo.com/es/track/1163003','','','160','http://mp3l.jamendo.com/?trackid=1163003&format=mp31&u=0');
UPDATE track SET album_id='139741' WHERE id='1163003';
UPDATE track SET text='HAVE A QUESTION?
CONTACT ME AT
http://saregama-contact.blogspot.com/' WHERE id='1163003';
INSERT INTO album VALUES('139931','Christmas, Xmas, Christmas Bells, Noel','http://www.jamendo.com/es/album/139931','http://imgjam.com/albums/s139/139931/covers/1.100.jpg','3','353');
UPDATE album SET artist_id='375935' WHERE id='139931';
INSERT INTO track VALUES('1164365','Orchestral Jingle Bells with Vocals','http://www.jamendo.com/es/track/1164365','','fr','145','http://mp3l.jamendo.com/?trackid=1164365&format=mp31&u=0');
UPDATE track SET album_id='139931' WHERE id='1164365';
UPDATE track SET text='Vocal samples by SackJo22  http://ccmixter.org/files/SackJo22/34652

HAVE A QUESTION?
CONTACT ME AT
http://saregama-contact.blogspot.com/' WHERE id='1164365';
INSERT INTO track VALUES('1164366','Orchestral Jingle Bells (no vox)','http://www.jamendo.com/es/track/1164366','','','145','http://mp3l.jamendo.com/?trackid=1164366&format=mp31&u=0');
UPDATE track SET album_id='139931' WHERE id='1164366';
UPDATE track SET text='HAVE A QUESTION?
CONTACT ME AT
http://saregama-contact.blogspot.com/' WHERE id='1164366';
INSERT INTO track VALUES('1164368','Christmas','http://www.jamendo.com/es/track/1164368','','','45','http://mp3l.jamendo.com/?trackid=1164368&format=mp31&u=0');
UPDATE track SET album_id='139931' WHERE id='1164368';
UPDATE track SET text='HAVE A QUESTION?
CONTACT ME AT
http://saregama-contact.blogspot.com/' WHERE id='1164368';
INSERT INTO track VALUES('1164367','Christmas, Xmas, Noel [Stinger]','http://www.jamendo.com/es/track/1164367','','','18','http://mp3l.jamendo.com/?trackid=1164367&format=mp31&u=0');
UPDATE track SET album_id='139931' WHERE id='1164367';
UPDATE track SET text='HAVE A QUESTION?
CONTACT ME AT
http://saregama-contact.blogspot.com/' WHERE id='1164367';
INSERT INTO album VALUES('140077','Jingle Bells','http://www.jamendo.com/es/album/140077','http://imgjam.com/albums/s140/140077/covers/1.100.jpg','3','400');
UPDATE album SET artist_id='375935' WHERE id='140077';
INSERT INTO track VALUES('1165269','Jingle Bells Bluegrass','http://www.jamendo.com/es/track/1165269','','fr','160','http://mp3l.jamendo.com/?trackid=1165269&format=mp31&u=0');
UPDATE track SET album_id='140077' WHERE id='1165269';
UPDATE track SET text='Vocal samples by SackJo22  http://ccmixter.org/files/SackJo22/34652

HAVE A QUESTION?
CONTACT ME AT
http://saregama-contact.blogspot.com/' WHERE id='1165269';
INSERT INTO track VALUES('1165268','Jingle Bells Orchestral','http://www.jamendo.com/es/track/1165268','','fr','95','http://mp3l.jamendo.com/?trackid=1165268&format=mp31&u=0');
UPDATE track SET album_id='140077' WHERE id='1165268';
UPDATE track SET text='HAVE A QUESTION?
CONTACT ME AT
http://saregama-contact.blogspot.com/' WHERE id='1165268';
INSERT INTO track VALUES('1165275','Jingle Bells Bluegrass (instrumental)','http://www.jamendo.com/es/track/1165275','','','145','http://mp3l.jamendo.com/?trackid=1165275&format=mp31&u=0');
UPDATE track SET album_id='140077' WHERE id='1165275';
UPDATE track SET text='HAVE A QUESTION?
CONTACT ME AT
http://saregama-contact.blogspot.com/' WHERE id='1165275';
INSERT INTO album VALUES('140399','Confidence','http://www.jamendo.com/es/album/140399','http://imgjam.com/albums/s140/140399/covers/1.100.jpg','3','205');
UPDATE album SET artist_id='375935' WHERE id='140399';
INSERT INTO track VALUES('1167458','Confidence','http://www.jamendo.com/es/track/1167458','','','205','http://mp3l.jamendo.com/?trackid=1167458&format=mp31&u=0');
UPDATE track SET album_id='140399' WHERE id='1167458';
UPDATE track SET text='HAVE A QUESTION?
CONTACT ME AT
http://saregama-contact.blogspot.com/' WHERE id='1167458';
INSERT INTO album VALUES('140694','Lighthearted','http://www.jamendo.com/es/album/140694','http://imgjam.com/albums/s140/140694/covers/1.100.jpg','3','195');
UPDATE album SET artist_id='375935' WHERE id='140694';
INSERT INTO track VALUES('1169396','Lighthearted','http://www.jamendo.com/es/track/1169396','','','195','http://mp3l.jamendo.com/?trackid=1169396&format=mp31&u=0');
UPDATE track SET album_id='140694' WHERE id='1169396';
UPDATE track SET text='HAVE A QUESTION?
CONTACT ME AT
http://saregama-contact.blogspot.com/' WHERE id='1169396';
INSERT INTO album VALUES('140840','Happiness','http://www.jamendo.com/es/album/140840','http://imgjam.com/albums/s140/140840/covers/1.100.jpg','3','140');
UPDATE album SET artist_id='375935' WHERE id='140840';
INSERT INTO track VALUES('1170328','Happiness','http://www.jamendo.com/es/track/1170328','','','140','http://mp3l.jamendo.com/?trackid=1170328&format=mp31&u=0');
UPDATE track SET album_id='140840' WHERE id='1170328';
UPDATE track SET text='HAVE A QUESTION?
CONTACT ME AT
http://saregama-contact.blogspot.com/' WHERE id='1170328';
INSERT INTO album VALUES('141039','Be The Best','http://www.jamendo.com/es/album/141039','http://imgjam.com/albums/s141/141039/covers/1.100.jpg','3','170');
UPDATE album SET artist_id='375935' WHERE id='141039';
INSERT INTO track VALUES('1171369','Be The Best (motivating pop-rock)','http://www.jamendo.com/es/track/1171369','','','170','http://mp3l.jamendo.com/?trackid=1171369&format=mp31&u=0');
UPDATE track SET album_id='141039' WHERE id='1171369';
UPDATE track SET text='HAVE A QUESTION?
CONTACT ME AT
http://saregama-contact.blogspot.com/' WHERE id='1171369';
INSERT INTO juser VALUES('5329','Id2ndR','Id2ndr','http://www.jamendo.com/es/user/Id2ndR','http://imgjam.com/avatars/questionmark/avatar.100.gif','fr');
INSERT INTO juser VALUES('74972','elpieros','Elpieros','http://www.jamendo.com/es/user/elpieros','http://imgjam.com/avatars/questionmark/avatar.100.gif','it');
INSERT INTO juser VALUES('99539','cpasmoi','Cpasmoi','http://www.jamendo.com/es/user/cpasmoi','http://imgjam.com/avatars/questionmark/avatar.100.gif','fr');
INSERT INTO juser VALUES('122470','YaMitO','Yamito','http://www.jamendo.com/es/user/YaMitO','http://imgjam.com/avatars/questionmark/avatar.100.gif','es');
INSERT INTO artist_juser VALUES('375935','5329');
INSERT INTO artist_juser VALUES('375935','66379');
INSERT INTO artist_juser VALUES('375935','74972');
INSERT INTO artist_juser VALUES('375935','99539');
INSERT INTO artist_juser VALUES('375935','122470');
INSERT INTO juser VALUES('141715','Murasaki','Murasaki','http://www.jamendo.com/es/user/Murasaki','http://imgjam.com/avatars/jamendo/100/doudou.png','pl');
INSERT INTO juser VALUES('246320','rafarq','Rafarq','http://www.jamendo.com/es/user/rafarq','http://imgjam.com/avatars/320/246320.100.png','es');
INSERT INTO juser VALUES('253070','Mewen','Mewen','http://www.jamendo.com/es/user/Mewen','http://imgjam.com/avatars/70/253070.100.png','fr');
INSERT INTO juser VALUES('265356','bytesnagger','Bytesnagger','http://www.jamendo.com/es/user/bytesnagger','http://imgjam.com/avatars/356/265356.100.png','en');
INSERT INTO artist_juser VALUES('375935','141715');
INSERT INTO artist_juser VALUES('375935','246320');
INSERT INTO artist_juser VALUES('375935','253070');
INSERT INTO artist_juser VALUES('375935','265356');
INSERT INTO artist_juser VALUES('375935','329082');
INSERT INTO juser VALUES('368599','gustavofunke','Gustavofunke','http://www.jamendo.com/es/user/gustavofunke','http://imgjam.com/avatars/questionmark/avatar.100.gif','en');
INSERT INTO juser VALUES('372242','Ryudo_KID','Ryudo_kid','http://www.jamendo.com/es/user/Ryudo_KID','http://imgjam.com/avatars/questionmark/avatar.100.gif','en');
INSERT INTO juser VALUES('373091','sgt_Garcia','Semler Łukasz','http://www.jamendo.com/es/user/sgt_Garcia','http://imgjam.com/avatars/questionmark/avatar.100.gif','pl');
INSERT INTO juser VALUES('394737','mpeter2002','Petterlini mattia','http://www.jamendo.com/es/user/mpeter2002','http://imgjam.com/avatars/737/394737.100.jpg','it');
INSERT INTO juser VALUES('421478','soundspace','Massimo rizzo','http://www.jamendo.com/es/user/soundspace','http://imgjam.com/avatars/478/421478.100.jpg','en');
INSERT INTO artist_juser VALUES('375935','368599');
INSERT INTO artist_juser VALUES('375935','372242');
INSERT INTO artist_juser VALUES('375935','373091');
INSERT INTO artist_juser VALUES('375935','394737');
INSERT INTO artist_juser VALUES('375935','421478');
INSERT INTO juser VALUES('437800','dtmonterrey','Dtmonterrey','http://www.jamendo.com/es/user/dtmonterrey','http://imgjam.com/avatars/jamendo/100/geek.png','en');
INSERT INTO juser VALUES('442944','treborator','Treborator','http://www.jamendo.com/es/user/treborator','http://imgjam.com/avatars/jamendo/100/pb_helmet_sound.png','en');
INSERT INTO juser VALUES('446739','Slapo','Slapo','http://www.jamendo.com/es/user/Slapo','http://imgjam.com/avatars/jamendo/100/pro.png','en');
INSERT INTO juser VALUES('520010','takyo','Takyo','http://www.jamendo.com/es/user/takyo','http://imgjam.com/avatars/jamendo/100/pro.png','es');
INSERT INTO juser VALUES('558191','DiCrEn','Dicren','http://www.jamendo.com/es/user/DiCrEn','http://imgjam.com/avatars/jamendo/100/pro.png','es');
INSERT INTO artist_juser VALUES('375935','437800');
INSERT INTO artist_juser VALUES('375935','442944');
INSERT INTO artist_juser VALUES('375935','446739');
INSERT INTO artist_juser VALUES('375935','520010');
INSERT INTO artist_juser VALUES('375935','558191');
INSERT INTO artist VALUES('359034','Anitek','Anitek','http://www.jamendo.com/es/artist/Anitek','http://imgjam.com/artists/A/Anitek.jpg');
INSERT INTO album VALUES('64662','Anitek Instrumentals Vol. 1','http://www.jamendo.com/es/album/64662','http://imgjam.com/albums/s64/64662/covers/1.100.jpg','2','2674','Instrumental Trip Hop');
UPDATE album SET artist_id='359034' WHERE id='64662';
INSERT INTO track VALUES('556377','Back At It','http://www.jamendo.com/es/track/556377','','','195','http://mp3l.jamendo.com/?trackid=556377&format=mp31&u=0');
UPDATE track SET album_id='64662' WHERE id='556377';
UPDATE track SET text='' WHERE id='556377';
INSERT INTO playlist VALUES('192008','Jamendos','http://www.jamendo.com/es/playlist/192008','8933');
INSERT INTO playlist_track VALUES('192008','556377');
INSERT INTO playlist VALUES('200113','Insteresting','http://www.jamendo.com/es/playlist/200113','365');
INSERT INTO playlist_track VALUES('200113','556377');
INSERT INTO playlist_track VALUES('188222','556377');
INSERT INTO playlist VALUES('181897','1','http://www.jamendo.com/es/playlist/181897','53327');
INSERT INTO playlist_track VALUES('181897','556377');
INSERT INTO playlist VALUES('199865','Anitek','http://www.jamendo.com/es/playlist/199865','6937');
INSERT INTO playlist_track VALUES('199865','556377');
INSERT INTO playlist VALUES('217211','Anitek','http://www.jamendo.com/es/playlist/217211','5207');
INSERT INTO playlist_track VALUES('217211','556377');
INSERT INTO playlist VALUES('167426','INSTRU','http://www.jamendo.com/es/playlist/167426','6125');
INSERT INTO playlist_track VALUES('167426','556377');
INSERT INTO playlist VALUES('174714','Numb Mi Mind','http://www.jamendo.com/es/playlist/174714','10775');
INSERT INTO playlist_track VALUES('174714','556377');
INSERT INTO playlist VALUES('118591','Bella musica','http://www.jamendo.com/es/playlist/118591','7559');
INSERT INTO playlist_track VALUES('118591','556377');
INSERT INTO playlist VALUES('167967','Grave of My Tunes','http://www.jamendo.com/es/playlist/167967','20669');
INSERT INTO playlist_track VALUES('167967','556377');
INSERT INTO playlist VALUES('166791','Ani01','http://www.jamendo.com/es/playlist/166791','6582');
INSERT INTO playlist_track VALUES('166791','556377');
INSERT INTO playlist VALUES('201314','Judo 20102011','http://www.jamendo.com/es/playlist/201314','6485');
INSERT INTO playlist_track VALUES('201314','556377');
INSERT INTO playlist VALUES('116458','Openradioit Lounge','http://www.jamendo.com/es/playlist/116458','7609');
INSERT INTO juser VALUES('924544','garciafkaxel','Garciafkaxel','http://www.jamendo.com/es/user/garciafkaxel','http://imgjam.com/avatars/jamendo/100/pro.png','en');
INSERT INTO playlist_juser VALUES('116458','157383');
INSERT INTO playlist_juser VALUES('116458','924544');
INSERT INTO playlist_track VALUES('116458','556377');
INSERT INTO playlist VALUES('167301','INSTRU','http://www.jamendo.com/es/playlist/167301','3281');
INSERT INTO playlist_track VALUES('167301','556377');
INSERT INTO playlist VALUES('199877','Anitek','http://www.jamendo.com/es/playlist/199877','195');
INSERT INTO playlist_track VALUES('199877','556377');
INSERT INTO playlist VALUES('166494','Pour l''atelier...','http://www.jamendo.com/es/playlist/166494','49940');
INSERT INTO playlist_track VALUES('166494','556377');
INSERT INTO playlist VALUES('158477','Los que me gustan','http://www.jamendo.com/es/playlist/158477','108688');
INSERT INTO playlist_track VALUES('158477','556377');
INSERT INTO playlist VALUES('160222','My Facebook favorites','http://www.jamendo.com/es/playlist/160222','55318');
INSERT INTO playlist_track VALUES('160222','556377');
INSERT INTO playlist VALUES('199874','Anitek','http://www.jamendo.com/es/playlist/199874','358');
INSERT INTO playlist_track VALUES('199874','556377');
INSERT INTO playlist_track VALUES('126560','556377');
INSERT INTO track VALUES('556349','Trader Joe''s Peanut Butter','http://www.jamendo.com/es/track/556349','','','100','http://mp3l.jamendo.com/?trackid=556349&format=mp31&u=0');
UPDATE track SET album_id='64662' WHERE id='556349';
UPDATE track SET text='' WHERE id='556349';
INSERT INTO playlist_track VALUES('188222','556349');
INSERT INTO playlist_track VALUES('192008','556349');
INSERT INTO playlist_track VALUES('199865','556349');
INSERT INTO playlist_track VALUES('217211','556349');
INSERT INTO playlist_track VALUES('167426','556349');
INSERT INTO playlist_track VALUES('166791','556349');
INSERT INTO playlist_track VALUES('118591','556349');
INSERT INTO playlist_track VALUES('167301','556349');
INSERT INTO playlist_track VALUES('167967','556349');
INSERT INTO playlist_track VALUES('166494','556349');
INSERT INTO playlist_track VALUES('158477','556349');
INSERT INTO playlist_track VALUES('160222','556349');
INSERT INTO playlist VALUES('135942','Groovy','http://www.jamendo.com/es/playlist/135942','4899');
INSERT INTO playlist_track VALUES('135942','556349');
INSERT INTO playlist VALUES('116036','Hiphop','http://www.jamendo.com/es/playlist/116036','27366');
INSERT INTO playlist_track VALUES('116036','556349');
INSERT INTO playlist VALUES('184207','Dubbymaan&notso@jamendo','http://www.jamendo.com/es/playlist/184207','48850');
INSERT INTO playlist_track VALUES('184207','556349');
INSERT INTO playlist VALUES('185146','Instrumental','http://www.jamendo.com/es/playlist/185146','6775');
INSERT INTO playlist_track VALUES('185146','556349');
INSERT INTO playlist VALUES('185937','ANİTEK','http://www.jamendo.com/es/playlist/185937','12789');
INSERT INTO playlist_track VALUES('185937','556349');
INSERT INTO playlist VALUES('194240','Anitek','http://www.jamendo.com/es/playlist/194240','23987');
INSERT INTO playlist_track VALUES('194240','556349');
INSERT INTO playlist VALUES('195384','Instrumental','http://www.jamendo.com/es/playlist/195384','12411');
INSERT INTO playlist_track VALUES('195384','556349');
INSERT INTO playlist VALUES('141550','Lobogris','http://www.jamendo.com/es/playlist/141550','49771');
INSERT INTO juser VALUES('602430','KIKESURFER','Kikesurfer','http://www.jamendo.com/es/user/KIKESURFER','http://imgjam.com/avatars/430/602430.100.gif','es');
INSERT INTO playlist_juser VALUES('141550','602430');
INSERT INTO playlist_track VALUES('141550','556349');
INSERT INTO track VALUES('556350','Calm Down','http://www.jamendo.com/es/track/556350','','','175','http://mp3l.jamendo.com/?trackid=556350&format=mp31&u=0');
UPDATE track SET album_id='64662' WHERE id='556350';
UPDATE track SET text='' WHERE id='556350';
INSERT INTO playlist_track VALUES('188222','556350');
INSERT INTO playlist_track VALUES('192008','556350');
INSERT INTO playlist_track VALUES('199865','556350');
INSERT INTO playlist_track VALUES('217211','556350');
INSERT INTO playlist_track VALUES('167426','556350');
INSERT INTO playlist_track VALUES('174714','556350');
INSERT INTO playlist VALUES('197400','Instrumental video','http://www.jamendo.com/es/playlist/197400','4578');
INSERT INTO playlist_track VALUES('197400','556350');
INSERT INTO playlist_track VALUES('166791','556350');
INSERT INTO playlist_track VALUES('118591','556350');
INSERT INTO playlist_track VALUES('167301','556350');
INSERT INTO playlist_track VALUES('167967','556350');
INSERT INTO playlist_track VALUES('166494','556350');
INSERT INTO playlist_track VALUES('158477','556350');
INSERT INTO playlist_track VALUES('160222','556350');
INSERT INTO playlist VALUES('201410','Muzic','http://www.jamendo.com/es/playlist/201410','3247');
INSERT INTO playlist_track VALUES('201410','556350');
INSERT INTO playlist_track VALUES('116036','556350');
INSERT INTO playlist VALUES('8958','Ambient','http://www.jamendo.com/es/playlist/8958','0');
INSERT INTO playlist_track VALUES('8958','556350');
INSERT INTO playlist_track VALUES('184207','556350');
INSERT INTO playlist_track VALUES('185146','556350');
INSERT INTO playlist_track VALUES('185937','556350');
INSERT INTO track VALUES('556351','Postmaster','http://www.jamendo.com/es/track/556351','','','173','http://mp3l.jamendo.com/?trackid=556351&format=mp31&u=0');
UPDATE track SET album_id='64662' WHERE id='556351';
UPDATE track SET text='' WHERE id='556351';
INSERT INTO playlist_track VALUES('188222','556351');
INSERT INTO playlist_track VALUES('192008','556351');
INSERT INTO playlist_track VALUES('199865','556351');
INSERT INTO playlist_track VALUES('217211','556351');
INSERT INTO playlist_track VALUES('167426','556351');
INSERT INTO playlist_track VALUES('166791','556351');
INSERT INTO playlist_track VALUES('118591','556351');
INSERT INTO playlist_track VALUES('167301','556351');
INSERT INTO playlist_track VALUES('167967','556351');
INSERT INTO playlist_track VALUES('166494','556351');
INSERT INTO playlist_track VALUES('158477','556351');
INSERT INTO playlist_track VALUES('160222','556351');
INSERT INTO playlist_track VALUES('174714','556351');
INSERT INTO playlist_track VALUES('116036','556351');
INSERT INTO playlist_track VALUES('184207','556351');
INSERT INTO playlist_track VALUES('185146','556351');
INSERT INTO playlist_track VALUES('185937','556351');
INSERT INTO playlist_track VALUES('194240','556351');
INSERT INTO playlist_track VALUES('195384','556351');
INSERT INTO playlist VALUES('201456','Instrumental Rap','http://www.jamendo.com/es/playlist/201456','315');
INSERT INTO playlist_track VALUES('201456','556351');
INSERT INTO track VALUES('556352','Hylands','http://www.jamendo.com/es/track/556352','','','147','http://mp3l.jamendo.com/?trackid=556352&format=mp31&u=0');
UPDATE track SET album_id='64662' WHERE id='556352';
UPDATE track SET text='' WHERE id='556352';
INSERT INTO playlist_track VALUES('188222','556352');
INSERT INTO playlist_track VALUES('192008','556352');
INSERT INTO playlist_track VALUES('199865','556352');
INSERT INTO playlist_track VALUES('217211','556352');
INSERT INTO playlist_track VALUES('167426','556352');
INSERT INTO playlist_track VALUES('166791','556352');
INSERT INTO playlist_track VALUES('118591','556352');
INSERT INTO playlist_track VALUES('167301','556352');
INSERT INTO playlist_track VALUES('167967','556352');
INSERT INTO playlist_track VALUES('166494','556352');
INSERT INTO playlist_track VALUES('158477','556352');
INSERT INTO playlist_track VALUES('160222','556352');
INSERT INTO playlist_track VALUES('201410','556352');
INSERT INTO playlist_track VALUES('116036','556352');
INSERT INTO playlist_track VALUES('184207','556352');
INSERT INTO playlist VALUES('185880','Christmaspartey','http://www.jamendo.com/es/playlist/185880','5128');
INSERT INTO playlist_track VALUES('185880','556352');
INSERT INTO playlist_track VALUES('185146','556352');
INSERT INTO playlist_track VALUES('185937','556352');
INSERT INTO playlist VALUES('133935','Lounge e Triphop','http://www.jamendo.com/es/playlist/133935','29451');
INSERT INTO juser VALUES('1137255','Rosin',' ','http://www.jamendo.com/es/user/Rosin','http://imgjam.com/avatars/255/1137255.100.jpg','ru');
INSERT INTO playlist_juser VALUES('133935','1137255');
INSERT INTO playlist_track VALUES('133935','556352');
INSERT INTO playlist_track VALUES('194240','556352');
INSERT INTO track VALUES('556353','Wait A Minute','http://www.jamendo.com/es/track/556353','','','139','http://mp3l.jamendo.com/?trackid=556353&format=mp31&u=0');
UPDATE track SET album_id='64662' WHERE id='556353';
UPDATE track SET text='' WHERE id='556353';
INSERT INTO playlist_track VALUES('188222','556353');
INSERT INTO playlist_track VALUES('192008','556353');
INSERT INTO playlist_track VALUES('199865','556353');
INSERT INTO playlist_track VALUES('217211','556353');
INSERT INTO playlist_track VALUES('167426','556353');
INSERT INTO playlist_track VALUES('166791','556353');
INSERT INTO playlist_track VALUES('118591','556353');
INSERT INTO playlist_track VALUES('167301','556353');
INSERT INTO playlist_track VALUES('167967','556353');
INSERT INTO playlist_track VALUES('166494','556353');
INSERT INTO playlist_track VALUES('158477','556353');
INSERT INTO playlist_track VALUES('160222','556353');
INSERT INTO playlist_track VALUES('116036','556353');
INSERT INTO playlist_track VALUES('184207','556353');
INSERT INTO playlist_track VALUES('185146','556353');
INSERT INTO playlist_track VALUES('185937','556353');
INSERT INTO playlist_track VALUES('194240','556353');
INSERT INTO playlist VALUES('196838','Mellow','http://www.jamendo.com/es/playlist/196838','5567');
INSERT INTO playlist_track VALUES('196838','556353');
INSERT INTO playlist_track VALUES('141550','556353');
INSERT INTO playlist VALUES('203165','First','http://www.jamendo.com/es/playlist/203165','7634');
INSERT INTO playlist_track VALUES('203165','556353');
INSERT INTO track VALUES('556354','The Ol'' Hine','http://www.jamendo.com/es/track/556354','','','157','http://mp3l.jamendo.com/?trackid=556354&format=mp31&u=0');
UPDATE track SET album_id='64662' WHERE id='556354';
UPDATE track SET text='' WHERE id='556354';
INSERT INTO playlist_track VALUES('188222','556354');
INSERT INTO playlist_track VALUES('192008','556354');
INSERT INTO playlist_track VALUES('199865','556354');
INSERT INTO playlist_track VALUES('217211','556354');
INSERT INTO playlist_track VALUES('166791','556354');
INSERT INTO playlist_track VALUES('118591','556354');
INSERT INTO playlist_track VALUES('167301','556354');
INSERT INTO playlist_track VALUES('167967','556354');
INSERT INTO playlist_track VALUES('167426','556354');
INSERT INTO playlist_track VALUES('166494','556354');
INSERT INTO playlist_track VALUES('158477','556354');
INSERT INTO playlist_track VALUES('160222','556354');
INSERT INTO playlist_track VALUES('116036','556354');
INSERT INTO playlist_track VALUES('184207','556354');
INSERT INTO playlist_track VALUES('185146','556354');
INSERT INTO playlist_track VALUES('185937','556354');
INSERT INTO playlist_track VALUES('194240','556354');
INSERT INTO playlist VALUES('205051','Lounge','http://www.jamendo.com/es/playlist/205051','7783');
INSERT INTO playlist_track VALUES('205051','556354');
INSERT INTO playlist_track VALUES('141550','556354');
INSERT INTO playlist_track VALUES('203165','556354');
INSERT INTO track VALUES('556355','Halitosis','http://www.jamendo.com/es/track/556355','','','150','http://mp3l.jamendo.com/?trackid=556355&format=mp31&u=0');
UPDATE track SET album_id='64662' WHERE id='556355';
UPDATE track SET text='' WHERE id='556355';
INSERT INTO playlist_track VALUES('188222','556355');
INSERT INTO playlist_track VALUES('192008','556355');
INSERT INTO playlist VALUES('186287','Trip hop','http://www.jamendo.com/es/playlist/186287','3230');
INSERT INTO playlist_track VALUES('186287','556355');
INSERT INTO playlist_track VALUES('199865','556355');
INSERT INTO playlist_track VALUES('217211','556355');
INSERT INTO playlist_track VALUES('167426','556355');
INSERT INTO playlist_track VALUES('166791','556355');
INSERT INTO playlist_track VALUES('118591','556355');
INSERT INTO playlist_track VALUES('167301','556355');
INSERT INTO playlist_track VALUES('167967','556355');
INSERT INTO playlist_track VALUES('166494','556355');
INSERT INTO playlist_track VALUES('158477','556355');
INSERT INTO playlist_track VALUES('160222','556355');
INSERT INTO playlist_track VALUES('116036','556355');
INSERT INTO playlist_track VALUES('201410','556355');
INSERT INTO playlist_track VALUES('184207','556355');
INSERT INTO playlist_track VALUES('185880','556355');
INSERT INTO playlist_track VALUES('185146','556355');
INSERT INTO playlist_track VALUES('185937','556355');
INSERT INTO playlist_track VALUES('194240','556355');
INSERT INTO track VALUES('556357','Fresh Start','http://www.jamendo.com/es/track/556357','','','165','http://mp3l.jamendo.com/?trackid=556357&format=mp31&u=0');
UPDATE track SET album_id='64662' WHERE id='556357';
UPDATE track SET text='' WHERE id='556357';
INSERT INTO playlist_track VALUES('192008','556357');
INSERT INTO playlist_track VALUES('188222','556357');
INSERT INTO playlist_track VALUES('199865','556357');
INSERT INTO playlist_track VALUES('217211','556357');
INSERT INTO playlist_track VALUES('167426','556357');
INSERT INTO playlist_track VALUES('166791','556357');
INSERT INTO playlist_track VALUES('118591','556357');
INSERT INTO playlist_track VALUES('167301','556357');
INSERT INTO playlist_track VALUES('167967','556357');
INSERT INTO playlist_track VALUES('166494','556357');
INSERT INTO playlist_track VALUES('158477','556357');
INSERT INTO playlist_track VALUES('160222','556357');
INSERT INTO playlist_track VALUES('174714','556357');
INSERT INTO playlist_track VALUES('116036','556357');
INSERT INTO playlist_track VALUES('184207','556357');
INSERT INTO playlist_track VALUES('185146','556357');
INSERT INTO playlist_track VALUES('185937','556357');
INSERT INTO playlist VALUES('180512','Mellow','http://www.jamendo.com/es/playlist/180512','7146');
INSERT INTO playlist_track VALUES('180512','556357');
INSERT INTO playlist_track VALUES('194240','556357');
INSERT INTO playlist_track VALUES('141550','556357');
INSERT INTO track VALUES('556370','Fast Eddie','http://www.jamendo.com/es/track/556370','','','158','http://mp3l.jamendo.com/?trackid=556370&format=mp31&u=0');
UPDATE track SET album_id='64662' WHERE id='556370';
UPDATE track SET text='' WHERE id='556370';
INSERT INTO playlist_track VALUES('120861','556370');
INSERT INTO playlist_track VALUES('192008','556370');
INSERT INTO playlist_track VALUES('188222','556370');
INSERT INTO playlist_track VALUES('199865','556370');
INSERT INTO playlist_track VALUES('217211','556370');
INSERT INTO playlist_track VALUES('167426','556370');
INSERT INTO playlist_track VALUES('174714','556370');
INSERT INTO playlist VALUES('115359','Tranquille','http://www.jamendo.com/es/playlist/115359','5526');
INSERT INTO playlist_track VALUES('115359','556370');
INSERT INTO playlist VALUES('185806','Muistiin','http://www.jamendo.com/es/playlist/185806','3732');
INSERT INTO playlist_track VALUES('185806','556370');
INSERT INTO playlist_track VALUES('118591','556370');
INSERT INTO playlist_track VALUES('201410','556370');
INSERT INTO playlist_track VALUES('166791','556370');
INSERT INTO playlist VALUES('181659','Whylatte','http://www.jamendo.com/es/playlist/181659','574');
INSERT INTO playlist_track VALUES('181659','556370');
INSERT INTO playlist VALUES('163260','No.One','http://www.jamendo.com/es/playlist/163260','1285');
INSERT INTO playlist_track VALUES('163260','556370');
INSERT INTO playlist_track VALUES('163776','556370');
INSERT INTO playlist_track VALUES('116458','556370');
INSERT INTO playlist VALUES('164958','Poltteelle','http://www.jamendo.com/es/playlist/164958','1154');
INSERT INTO playlist_track VALUES('164958','556370');
INSERT INTO playlist VALUES('159523','Film','http://www.jamendo.com/es/playlist/159523','1360');
INSERT INTO playlist_track VALUES('159523','556370');
INSERT INTO playlist VALUES('166956','Trip-hop','http://www.jamendo.com/es/playlist/166956','1733');
INSERT INTO playlist_track VALUES('166956','556370');
INSERT INTO playlist_track VALUES('167301','556370');
INSERT INTO track VALUES('556372','Nightlife','http://www.jamendo.com/es/track/556372','','','107','http://mp3l.jamendo.com/?trackid=556372&format=mp31&u=0');
UPDATE track SET album_id='64662' WHERE id='556372';
UPDATE track SET text='' WHERE id='556372';
INSERT INTO playlist_track VALUES('192008','556372');
INSERT INTO playlist_track VALUES('188222','556372');
INSERT INTO playlist_track VALUES('199865','556372');
INSERT INTO playlist VALUES('177016','Mix','http://www.jamendo.com/es/playlist/177016','15230');
INSERT INTO juser VALUES('682054','maxhunter','Maxhunter','http://www.jamendo.com/es/user/maxhunter','http://imgjam.com/avatars/54/682054.100.jpg','it');
INSERT INTO juser VALUES('974738','merryjuana','Merryjuana','http://www.jamendo.com/es/user/merryjuana','http://imgjam.com/avatars/738/974738.100.jpg','en');
INSERT INTO playlist_juser VALUES('177016','682054');
INSERT INTO playlist_juser VALUES('177016','974738');
INSERT INTO playlist_track VALUES('177016','556372');
INSERT INTO playlist_track VALUES('217211','556372');
INSERT INTO playlist_track VALUES('167426','556372');
INSERT INTO playlist_track VALUES('118591','556372');
INSERT INTO playlist_track VALUES('166791','556372');
INSERT INTO playlist VALUES('123415','Ascolto 0,36','http://www.jamendo.com/es/playlist/123415','887');
INSERT INTO playlist_track VALUES('123415','556372');
INSERT INTO playlist VALUES('91419','123','http://www.jamendo.com/es/playlist/91419','1293');
INSERT INTO playlist_track VALUES('91419','556372');
INSERT INTO playlist VALUES('132553','1','http://www.jamendo.com/es/playlist/132553','107');
INSERT INTO playlist_track VALUES('132553','556372');
INSERT INTO playlist_track VALUES('167301','556372');
INSERT INTO playlist_track VALUES('167967','556372');
INSERT INTO playlist_track VALUES('166494','556372');
INSERT INTO playlist_track VALUES('158477','556372');
INSERT INTO playlist_track VALUES('160222','556372');
INSERT INTO playlist VALUES('199871','BGM','http://www.jamendo.com/es/playlist/199871','298');
INSERT INTO playlist_track VALUES('199871','556372');
INSERT INTO playlist_track VALUES('174714','556372');
INSERT INTO playlist_track VALUES('116036','556372');
INSERT INTO playlist_track VALUES('184207','556372');
INSERT INTO track VALUES('556373','Magic','http://www.jamendo.com/es/track/556373','','','165','http://mp3l.jamendo.com/?trackid=556373&format=mp31&u=0');
UPDATE track SET album_id='64662' WHERE id='556373';
UPDATE track SET text='' WHERE id='556373';
INSERT INTO playlist_track VALUES('192008','556373');
INSERT INTO playlist_track VALUES('199865','556373');
INSERT INTO playlist_track VALUES('217211','556373');
INSERT INTO playlist_track VALUES('167426','556373');
INSERT INTO playlist_track VALUES('174714','556373');
INSERT INTO playlist_track VALUES('166791','556373');
INSERT INTO playlist_track VALUES('118591','556373');
INSERT INTO playlist VALUES('162901','Destaca','http://www.jamendo.com/es/playlist/162901','15186');
INSERT INTO playlist_track VALUES('162901','556373');
INSERT INTO playlist VALUES('217701','Павлодий)','http://www.jamendo.com/es/playlist/217701','4676');
INSERT INTO playlist_track VALUES('217701','556373');
INSERT INTO playlist_track VALUES('166956','556373');
INSERT INTO playlist_track VALUES('167301','556373');
INSERT INTO playlist_track VALUES('167967','556373');
INSERT INTO playlist_track VALUES('166494','556373');
INSERT INTO playlist_track VALUES('158477','556373');
INSERT INTO playlist_track VALUES('160222','556373');
INSERT INTO playlist VALUES('197376','хип хоп','http://www.jamendo.com/es/playlist/197376','546');
INSERT INTO playlist_track VALUES('197376','556373');
INSERT INTO playlist_track VALUES('116036','556373');
INSERT INTO playlist_track VALUES('184207','556373');
INSERT INTO playlist VALUES('180355','Mon-Trip','http://www.jamendo.com/es/playlist/180355','24460');
INSERT INTO playlist_track VALUES('180355','556373');
INSERT INTO playlist_track VALUES('185146','556373');
INSERT INTO track VALUES('556375','Aniteknology','http://www.jamendo.com/es/track/556375','','en','163','http://mp3l.jamendo.com/?trackid=556375&format=mp31&u=0');
UPDATE track SET album_id='64662' WHERE id='556375';
UPDATE track SET text='' WHERE id='556375';
INSERT INTO playlist_track VALUES('192008','556375');
INSERT INTO playlist_track VALUES('188222','556375');
INSERT INTO playlist_track VALUES('199865','556375');
INSERT INTO playlist_track VALUES('167426','556375');
INSERT INTO playlist_track VALUES('199874','556375');
INSERT INTO playlist_track VALUES('217211','556375');
INSERT INTO playlist_track VALUES('118591','556375');
INSERT INTO playlist_track VALUES('167967','556375');
INSERT INTO playlist_track VALUES('166791','556375');
INSERT INTO playlist_track VALUES('167301','556375');
INSERT INTO playlist VALUES('219653','Jazzy','http://www.jamendo.com/es/playlist/219653','920');
INSERT INTO playlist_track VALUES('219653','556375');
INSERT INTO playlist_track VALUES('166494','556375');
INSERT INTO playlist_track VALUES('158477','556375');
INSERT INTO playlist_track VALUES('160222','556375');
INSERT INTO playlist VALUES('173875','Point de vue','http://www.jamendo.com/es/playlist/173875','2320');
INSERT INTO playlist_track VALUES('173875','556375');
INSERT INTO playlist_track VALUES('116036','556375');
INSERT INTO playlist_track VALUES('184207','556375');
INSERT INTO playlist VALUES('186632','Trayolp','http://www.jamendo.com/es/playlist/186632','2124');
INSERT INTO playlist_track VALUES('186632','556375');
INSERT INTO playlist_track VALUES('185146','556375');
INSERT INTO playlist_track VALUES('185937','556375');
INSERT INTO track VALUES('556376','Shingo','http://www.jamendo.com/es/track/556376','','','174','http://mp3l.jamendo.com/?trackid=556376&format=mp31&u=0');
UPDATE track SET album_id='64662' WHERE id='556376';
UPDATE track SET text='' WHERE id='556376';
INSERT INTO playlist_track VALUES('192008','556376');
INSERT INTO playlist_track VALUES('188222','556376');
INSERT INTO playlist_track VALUES('199865','556376');
INSERT INTO playlist_track VALUES('217211','556376');
INSERT INTO playlist_track VALUES('167426','556376');
INSERT INTO playlist_track VALUES('166791','556376');
INSERT INTO playlist_track VALUES('118591','556376');
INSERT INTO playlist_track VALUES('167301','556376');
INSERT INTO playlist_track VALUES('167967','556376');
INSERT INTO playlist_track VALUES('166494','556376');
INSERT INTO playlist_track VALUES('158477','556376');
INSERT INTO playlist_track VALUES('160222','556376');
INSERT INTO playlist_track VALUES('174714','556376');
INSERT INTO playlist_track VALUES('116036','556376');
INSERT INTO playlist_track VALUES('184207','556376');
INSERT INTO playlist_track VALUES('185146','556376');
INSERT INTO playlist_track VALUES('185937','556376');
INSERT INTO playlist_track VALUES('133935','556376');
INSERT INTO playlist_track VALUES('194240','556376');
INSERT INTO playlist_track VALUES('185806','556376');
INSERT INTO track VALUES('556378','My Lonesome','http://www.jamendo.com/es/track/556378','','','167','http://mp3l.jamendo.com/?trackid=556378&format=mp31&u=0');
UPDATE track SET album_id='64662' WHERE id='556378';
UPDATE track SET text='' WHERE id='556378';
INSERT INTO playlist VALUES('200019','Libidate','http://www.jamendo.com/es/playlist/200019','696');
INSERT INTO playlist_track VALUES('200019','556378');
INSERT INTO playlist_track VALUES('192008','556378');
INSERT INTO playlist_track VALUES('188222','556378');
INSERT INTO playlist_track VALUES('199865','556378');
INSERT INTO playlist_track VALUES('217211','556378');
INSERT INTO playlist_track VALUES('167426','556378');
INSERT INTO playlist_track VALUES('166791','556378');
INSERT INTO playlist_track VALUES('118591','556378');
INSERT INTO playlist_track VALUES('167301','556378');
INSERT INTO playlist_track VALUES('167967','556378');
INSERT INTO playlist_track VALUES('166494','556378');
INSERT INTO playlist_track VALUES('158477','556378');
INSERT INTO playlist_track VALUES('160222','556378');
INSERT INTO playlist_track VALUES('174714','556378');
INSERT INTO playlist_track VALUES('116036','556378');
INSERT INTO playlist VALUES('199628','Ambient','http://www.jamendo.com/es/playlist/199628','2164');
INSERT INTO playlist_track VALUES('199628','556378');
INSERT INTO playlist_track VALUES('201410','556378');
INSERT INTO playlist_track VALUES('184207','556378');
INSERT INTO playlist_track VALUES('185146','556378');
INSERT INTO playlist_track VALUES('185937','556378');
INSERT INTO track VALUES('556379','So Good','http://www.jamendo.com/es/track/556379','','','195','http://mp3l.jamendo.com/?trackid=556379&format=mp31&u=0');
UPDATE track SET album_id='64662' WHERE id='556379';
UPDATE track SET text='' WHERE id='556379';
INSERT INTO playlist_track VALUES('192008','556379');
INSERT INTO playlist_track VALUES('188222','556379');
INSERT INTO playlist_track VALUES('199865','556379');
INSERT INTO playlist_track VALUES('217211','556379');
INSERT INTO playlist_track VALUES('166791','556379');
INSERT INTO playlist_track VALUES('118591','556379');
INSERT INTO playlist_track VALUES('166956','556379');
INSERT INTO playlist_track VALUES('167426','556379');
INSERT INTO playlist_track VALUES('167301','556379');
INSERT INTO playlist_track VALUES('167967','556379');
INSERT INTO playlist_track VALUES('166494','556379');
INSERT INTO playlist_track VALUES('158477','556379');
INSERT INTO playlist_track VALUES('160222','556379');
INSERT INTO playlist_track VALUES('116036','556379');
INSERT INTO playlist_track VALUES('184207','556379');
INSERT INTO playlist_track VALUES('185146','556379');
INSERT INTO playlist_track VALUES('185937','556379');
INSERT INTO playlist_track VALUES('194240','556379');
INSERT INTO playlist_track VALUES('196838','556379');
INSERT INTO playlist_track VALUES('201456','556379');
INSERT INTO track VALUES('556383','The Absolute','http://www.jamendo.com/es/track/556383','','','144','http://mp3l.jamendo.com/?trackid=556383&format=mp31&u=0');
UPDATE track SET album_id='64662' WHERE id='556383';
UPDATE track SET text='' WHERE id='556383';
INSERT INTO playlist_track VALUES('192008','556383');
INSERT INTO playlist_track VALUES('188222','556383');
INSERT INTO playlist_track VALUES('186287','556383');
INSERT INTO playlist_track VALUES('199865','556383');
INSERT INTO playlist_track VALUES('217211','556383');
INSERT INTO playlist_track VALUES('167426','556383');
INSERT INTO playlist_track VALUES('166791','556383');
INSERT INTO playlist_track VALUES('118591','556383');
INSERT INTO playlist_track VALUES('167301','556383');
INSERT INTO playlist_track VALUES('167967','556383');
INSERT INTO playlist_track VALUES('166494','556383');
INSERT INTO playlist_track VALUES('158477','556383');
INSERT INTO playlist_track VALUES('160222','556383');
INSERT INTO playlist_track VALUES('116036','556383');
INSERT INTO playlist_track VALUES('184207','556383');
INSERT INTO playlist_track VALUES('185146','556383');
INSERT INTO playlist_track VALUES('185937','556383');
INSERT INTO playlist_track VALUES('194240','556383');
INSERT INTO playlist_track VALUES('141550','556383');
INSERT INTO playlist_track VALUES('203165','556383');
INSERT INTO juser VALUES('561706','Chuska','Chuska','http://www.jamendo.com/es/user/Chuska','http://imgjam.com/avatars/jamendo/100/pro.png','es');
INSERT INTO juser VALUES('963586','kzuz','Kzuz','http://www.jamendo.com/es/user/kzuz','http://imgjam.com/avatars/jamendo/100/pro.png','fr');
INSERT INTO juser VALUES('1048613','fearnmtpatton','Fearnmtpatton','http://www.jamendo.com/es/user/fearnmtpatton','http://imgjam.com/avatars/jamendo/100/pro.png','en');
INSERT INTO juser VALUES('717228','N_H','N_h','http://www.jamendo.com/es/user/N_H','http://imgjam.com/avatars/jamendo/100/pro.png','en');
INSERT INTO juser VALUES('1123475','fausto001',' ','http://www.jamendo.com/es/user/fausto001','http://imgjam.com/avatars/475/1123475.100.jpg','es');
INSERT INTO album_juser VALUES('64662','561706');
INSERT INTO album_juser VALUES('64662','963586');
INSERT INTO album_juser VALUES('64662','1048613');
INSERT INTO album_juser VALUES('64662','717228');
INSERT INTO album_juser VALUES('64662','1123475');
INSERT INTO juser VALUES('925974','Vladislav Acosta','Владислав Махин','http://www.jamendo.com/es/user/Vladislav%20Acosta','http://imgjam.com/avatars/974/925974.100.jpg','ru');
INSERT INTO juser VALUES('627764','El_Bazzo','Sebastian lanz','http://www.jamendo.com/es/user/El_Bazzo','http://imgjam.com/avatars/764/627764.100.jpg','en');
INSERT INTO juser VALUES('638796','moei','Muela christian','http://www.jamendo.com/es/user/moei','http://imgjam.com/avatars/796/638796.100.png','en');
INSERT INTO juser VALUES('927908','Esclafamontanyes','Atticus.lee','http://www.jamendo.com/es/user/Esclafamontanyes','http://imgjam.com/avatars/jamendo/100/pro.png','es');
INSERT INTO juser VALUES('917143','yellowedpages','Gene marie','http://www.jamendo.com/es/user/yellowedpages','http://imgjam.com/avatars/143/917143.100.png','en');
INSERT INTO album_juser VALUES('64662','925974');
INSERT INTO album_juser VALUES('64662','627764');
INSERT INTO album_juser VALUES('64662','638796');
INSERT INTO album_juser VALUES('64662','927908');
INSERT INTO album_juser VALUES('64662','917143');
INSERT INTO juser VALUES('1032828','nupulse','Guillermo vallejo','http://www.jamendo.com/es/user/nupulse','http://imgjam.com/avatars/828/1032828.100.jpg','es');
INSERT INTO juser VALUES('157322','cljkitten2','Jansen charles','http://www.jamendo.com/es/user/cljkitten2','http://imgjam.com/avatars/questionmark/avatar.100.gif','en');
INSERT INTO juser VALUES('1008749','aquarelle_','Christophe patricia','http://www.jamendo.com/es/user/aquarelle_','http://imgjam.com/avatars/749/1008749.100.jpg','fr');
INSERT INTO juser VALUES('995478','jamvalerian',' ','http://www.jamendo.com/es/user/jamvalerian','http://imgjam.com/avatars/478/995478.100.png','en');
INSERT INTO juser VALUES('747655','IceSmile','Icesmile','http://www.jamendo.com/es/user/IceSmile','http://imgjam.com/avatars/jamendo/100/pro.png','de');
INSERT INTO album_juser VALUES('64662','1032828');
INSERT INTO album_juser VALUES('64662','157322');
INSERT INTO album_juser VALUES('64662','1008749');
INSERT INTO album_juser VALUES('64662','995478');
INSERT INTO album_juser VALUES('64662','747655');
INSERT INTO juser VALUES('1104126','owahak',' ','http://www.jamendo.com/es/user/owahak','http://imgjam.com/avatars/126/1104126.100.jpg','fr');
INSERT INTO juser VALUES('866683','helderc','Helderc','http://www.jamendo.com/es/user/helderc','http://imgjam.com/avatars/jamendo/100/pro.png','br');
INSERT INTO juser VALUES('541706','ampersand','Ampersand','http://www.jamendo.com/es/user/ampersand','http://imgjam.com/avatars/706/541706.100.png','de');
INSERT INTO juser VALUES('57982','Supercoco','Román pintado garabito','http://www.jamendo.com/es/user/Supercoco','http://imgjam.com/avatars/982/57982.100.jpg','es');
INSERT INTO juser VALUES('1117813','NicoA380',' ','http://www.jamendo.com/es/user/NicoA380','http://imgjam.com/avatars/jamendo/100/pro.png','fr');
INSERT INTO album_juser VALUES('64662','1104126');
INSERT INTO album_juser VALUES('64662','866683');
INSERT INTO album_juser VALUES('64662','541706');
INSERT INTO album_juser VALUES('64662','57982');
INSERT INTO album_juser VALUES('64662','1117813');
INSERT INTO album VALUES('65452',' Anitek Instrumentals Vol. 2','http://www.jamendo.com/es/album/65452','http://imgjam.com/albums/s65/65452/covers/1.100.jpg','2','3723','Trip Hop');
UPDATE album SET artist_id='359034' WHERE id='65452';
INSERT INTO track VALUES('565788','Love Today','http://www.jamendo.com/es/track/565788','','','180','http://mp3l.jamendo.com/?trackid=565788&format=mp31&u=0');
UPDATE track SET album_id='65452' WHERE id='565788';
UPDATE track SET text='' WHERE id='565788';
INSERT INTO playlist VALUES('167631','Instrumental','http://www.jamendo.com/es/playlist/167631','3723');
INSERT INTO playlist_track VALUES('167631','565788');
INSERT INTO playlist VALUES('167732','Getschillt','http://www.jamendo.com/es/playlist/167732','16451');
INSERT INTO playlist_track VALUES('167732','565788');
INSERT INTO playlist VALUES('172633','Triphop','http://www.jamendo.com/es/playlist/172633','3723');
INSERT INTO playlist_track VALUES('172633','565788');
INSERT INTO playlist_track VALUES('184207','565788');
INSERT INTO playlist_track VALUES('194240','565788');
INSERT INTO playlist VALUES('203985','Anitek @jamendo','http://www.jamendo.com/es/playlist/203985','32628');
INSERT INTO playlist_track VALUES('203985','565788');
INSERT INTO playlist VALUES('203818','1','http://www.jamendo.com/es/playlist/203818','14373');
INSERT INTO playlist_track VALUES('203818','565788');
INSERT INTO track VALUES('565789','Betaplex','http://www.jamendo.com/es/track/565789','','','156','http://mp3l.jamendo.com/?trackid=565789&format=mp31&u=0');
UPDATE track SET album_id='65452' WHERE id='565789';
UPDATE track SET text='' WHERE id='565789';
INSERT INTO playlist_track VALUES('167631','565789');
INSERT INTO playlist_track VALUES('167732','565789');
INSERT INTO playlist_track VALUES('172633','565789');
INSERT INTO playlist_track VALUES('184207','565789');
INSERT INTO playlist_track VALUES('194240','565789');
INSERT INTO playlist_track VALUES('203985','565789');
INSERT INTO playlist_track VALUES('203818','565789');
INSERT INTO track VALUES('565790','Mechanism','http://www.jamendo.com/es/track/565790','','','160','http://mp3l.jamendo.com/?trackid=565790&format=mp31&u=0');
UPDATE track SET album_id='65452' WHERE id='565790';
UPDATE track SET text='' WHERE id='565790';
INSERT INTO playlist VALUES('182969','With Dignity','http://www.jamendo.com/es/playlist/182969','3822');
INSERT INTO playlist_track VALUES('182969','565790');
INSERT INTO playlist_track VALUES('167631','565790');
INSERT INTO playlist_track VALUES('167732','565790');
INSERT INTO playlist_track VALUES('172633','565790');
INSERT INTO playlist_track VALUES('184207','565790');
INSERT INTO playlist_track VALUES('194240','565790');
INSERT INTO playlist VALUES('127391',':o)','http://www.jamendo.com/es/playlist/127391','33966');
INSERT INTO playlist_track VALUES('127391','565790');
INSERT INTO playlist_track VALUES('203985','565790');
INSERT INTO playlist_track VALUES('203818','565790');
INSERT INTO track VALUES('565792','Burden Queen','http://www.jamendo.com/es/track/565792','','','188','http://mp3l.jamendo.com/?trackid=565792&format=mp31&u=0');
UPDATE track SET album_id='65452' WHERE id='565792';
UPDATE track SET text='' WHERE id='565792';
INSERT INTO playlist_track VALUES('167631','565792');
INSERT INTO playlist_track VALUES('167732','565792');
INSERT INTO playlist_track VALUES('172633','565792');
INSERT INTO playlist VALUES('182918','Chillout','http://www.jamendo.com/es/playlist/182918','2294');
INSERT INTO juser VALUES('997976','roaxth','Roaxth','http://www.jamendo.com/es/user/roaxth','http://imgjam.com/avatars/jamendo/100/pro.png','de');
INSERT INTO playlist_juser VALUES('182918','997976');
INSERT INTO playlist_track VALUES('182918','565792');
INSERT INTO playlist_track VALUES('184207','565792');
INSERT INTO playlist_track VALUES('133935','565792');
INSERT INTO playlist_track VALUES('194240','565792');
INSERT INTO playlist_track VALUES('203985','565792');
INSERT INTO playlist_track VALUES('203818','565792');
INSERT INTO track VALUES('565793','4 Basic Grains','http://www.jamendo.com/es/track/565793','','','261','http://mp3l.jamendo.com/?trackid=565793&format=mp31&u=0');
UPDATE track SET album_id='65452' WHERE id='565793';
UPDATE track SET text='' WHERE id='565793';
INSERT INTO playlist VALUES('198473','Relax','http://www.jamendo.com/es/playlist/198473','23241');
INSERT INTO playlist_track VALUES('198473','565793');
INSERT INTO playlist VALUES('178552','*TripHop/Instru*','http://www.jamendo.com/es/playlist/178552','5119');
INSERT INTO playlist_track VALUES('178552','565793');
INSERT INTO playlist_track VALUES('167631','565793');
INSERT INTO playlist_track VALUES('167732','565793');
INSERT INTO playlist_track VALUES('172633','565793');
INSERT INTO playlist_track VALUES('184207','565793');
INSERT INTO playlist_track VALUES('194240','565793');
INSERT INTO playlist_track VALUES('203985','565793');
INSERT INTO playlist_track VALUES('203818','565793');
INSERT INTO track VALUES('565794','Hertig''s Z','http://www.jamendo.com/es/track/565794','','','142','http://mp3l.jamendo.com/?trackid=565794&format=mp31&u=0');
UPDATE track SET album_id='65452' WHERE id='565794';
UPDATE track SET text='' WHERE id='565794';
INSERT INTO playlist_track VALUES('182969','565794');
INSERT INTO playlist_track VALUES('167301','565794');
INSERT INTO playlist_track VALUES('167631','565794');
INSERT INTO playlist_track VALUES('167732','565794');
INSERT INTO playlist_track VALUES('172633','565794');
INSERT INTO playlist_track VALUES('184207','565794');
INSERT INTO playlist_track VALUES('194240','565794');
INSERT INTO playlist_track VALUES('185806','565794');
INSERT INTO playlist_track VALUES('203985','565794');
INSERT INTO playlist_track VALUES('203818','565794');
INSERT INTO track VALUES('565795','Knod First','http://www.jamendo.com/es/track/565795','','','141','http://mp3l.jamendo.com/?trackid=565795&format=mp31&u=0');
UPDATE track SET album_id='65452' WHERE id='565795';
UPDATE track SET text='' WHERE id='565795';
INSERT INTO playlist_track VALUES('167631','565795');
INSERT INTO playlist_track VALUES('167732','565795');
INSERT INTO playlist_track VALUES('172633','565795');
INSERT INTO playlist_track VALUES('184207','565795');
INSERT INTO playlist_track VALUES('194240','565795');
INSERT INTO playlist_track VALUES('203985','565795');
INSERT INTO playlist_track VALUES('203818','565795');
INSERT INTO track VALUES('565796','Waiting Room','http://www.jamendo.com/es/track/565796','','','169','http://mp3l.jamendo.com/?trackid=565796&format=mp31&u=0');
UPDATE track SET album_id='65452' WHERE id='565796';
UPDATE track SET text='' WHERE id='565796';
INSERT INTO playlist_track VALUES('167631','565796');
INSERT INTO playlist_track VALUES('167732','565796');
INSERT INTO playlist_track VALUES('172633','565796');
INSERT INTO playlist_track VALUES('184207','565796');
INSERT INTO playlist_track VALUES('194240','565796');
INSERT INTO playlist_track VALUES('203985','565796');
INSERT INTO playlist_track VALUES('203818','565796');
INSERT INTO track VALUES('565797','Reminisce','http://www.jamendo.com/es/track/565797','','','148','http://mp3l.jamendo.com/?trackid=565797&format=mp31&u=0');
UPDATE track SET album_id='65452' WHERE id='565797';
UPDATE track SET text='' WHERE id='565797';
INSERT INTO playlist_track VALUES('167631','565797');
INSERT INTO playlist_track VALUES('167732','565797');
INSERT INTO playlist_track VALUES('172633','565797');
INSERT INTO playlist_track VALUES('184207','565797');
INSERT INTO playlist_track VALUES('194240','565797');
INSERT INTO playlist_track VALUES('203985','565797');
INSERT INTO playlist_track VALUES('203818','565797');
INSERT INTO playlist VALUES('226878','','http://www.jamendo.com/es/playlist/226878','9753');
INSERT INTO playlist_track VALUES('226878','565797');
INSERT INTO playlist_track VALUES('227311','565797');
INSERT INTO track VALUES('565798','Dateline','http://www.jamendo.com/es/track/565798','','','213','http://mp3l.jamendo.com/?trackid=565798&format=mp31&u=0');
UPDATE track SET album_id='65452' WHERE id='565798';
UPDATE track SET text='' WHERE id='565798';
INSERT INTO playlist_track VALUES('167631','565798');
INSERT INTO playlist_track VALUES('167732','565798');
INSERT INTO playlist_track VALUES('172633','565798');
INSERT INTO playlist_track VALUES('184207','565798');
INSERT INTO playlist_track VALUES('194240','565798');
INSERT INTO playlist_track VALUES('203985','565798');
INSERT INTO playlist_track VALUES('203818','565798');
INSERT INTO track VALUES('565799','What Ever Happened To Love - Feat. Ellie Rose','http://www.jamendo.com/es/track/565799','','en','142','http://mp3l.jamendo.com/?trackid=565799&format=mp31&u=0');
UPDATE track SET album_id='65452' WHERE id='565799';
UPDATE track SET text='' WHERE id='565799';
INSERT INTO playlist_track VALUES('167631','565799');
INSERT INTO playlist_track VALUES('167732','565799');
INSERT INTO playlist_track VALUES('172633','565799');
INSERT INTO playlist_track VALUES('184207','565799');
INSERT INTO playlist_track VALUES('194240','565799');
INSERT INTO playlist_track VALUES('203985','565799');
INSERT INTO playlist_track VALUES('203818','565799');
INSERT INTO playlist VALUES('210806','Jazzy','http://www.jamendo.com/es/playlist/210806','5682');
INSERT INTO playlist_track VALUES('210806','565799');
INSERT INTO playlist_track VALUES('227311','565799');
INSERT INTO track VALUES('565800','Cupcake - Feat. Danny Gonzalez','http://www.jamendo.com/es/track/565800','','','197','http://mp3l.jamendo.com/?trackid=565800&format=mp31&u=0');
UPDATE track SET album_id='65452' WHERE id='565800';
UPDATE track SET text='' WHERE id='565800';
INSERT INTO playlist_track VALUES('167631','565800');
INSERT INTO playlist_track VALUES('167732','565800');
INSERT INTO playlist_track VALUES('172633','565800');
INSERT INTO playlist_track VALUES('184207','565800');
INSERT INTO playlist_track VALUES('194240','565800');
INSERT INTO playlist_track VALUES('203985','565800');
INSERT INTO playlist_track VALUES('203818','565800');
INSERT INTO track VALUES('565801','Limpy','http://www.jamendo.com/es/track/565801','','','204','http://mp3l.jamendo.com/?trackid=565801&format=mp31&u=0');
UPDATE track SET album_id='65452' WHERE id='565801';
UPDATE track SET text='' WHERE id='565801';
INSERT INTO playlist_track VALUES('167631','565801');
INSERT INTO playlist_track VALUES('167732','565801');
INSERT INTO playlist_track VALUES('172633','565801');
INSERT INTO playlist_track VALUES('184207','565801');
INSERT INTO playlist_track VALUES('194240','565801');
INSERT INTO playlist_track VALUES('203985','565801');
INSERT INTO playlist_track VALUES('203818','565801');
INSERT INTO track VALUES('565802','Pencil Kid','http://www.jamendo.com/es/track/565802','','','141','http://mp3l.jamendo.com/?trackid=565802&format=mp31&u=0');
UPDATE track SET album_id='65452' WHERE id='565802';
UPDATE track SET text='' WHERE id='565802';
INSERT INTO playlist_track VALUES('167631','565802');
INSERT INTO playlist_track VALUES('167732','565802');
INSERT INTO playlist_track VALUES('172633','565802');
INSERT INTO playlist_track VALUES('184207','565802');
INSERT INTO playlist_track VALUES('194240','565802');
INSERT INTO playlist_track VALUES('185806','565802');
INSERT INTO playlist_track VALUES('203985','565802');
INSERT INTO playlist_track VALUES('203818','565802');
INSERT INTO track VALUES('565803','Time We Meet','http://www.jamendo.com/es/track/565803','','','164','http://mp3l.jamendo.com/?trackid=565803&format=mp31&u=0');
UPDATE track SET album_id='65452' WHERE id='565803';
UPDATE track SET text='' WHERE id='565803';
INSERT INTO playlist_track VALUES('167631','565803');
INSERT INTO playlist_track VALUES('167732','565803');
INSERT INTO playlist_track VALUES('172633','565803');
INSERT INTO playlist_track VALUES('184207','565803');
INSERT INTO playlist_track VALUES('194240','565803');
INSERT INTO playlist_track VALUES('203985','565803');
INSERT INTO playlist_track VALUES('203818','565803');
INSERT INTO track VALUES('565804','Chop Stick Method','http://www.jamendo.com/es/track/565804','','','224','http://mp3l.jamendo.com/?trackid=565804&format=mp31&u=0');
UPDATE track SET album_id='65452' WHERE id='565804';
UPDATE track SET text='' WHERE id='565804';
INSERT INTO playlist VALUES('195175','Trip hop','http://www.jamendo.com/es/playlist/195175','3102');
INSERT INTO playlist_track VALUES('195175','565804');
INSERT INTO playlist_track VALUES('181897','565804');
INSERT INTO playlist_track VALUES('167301','565804');
INSERT INTO playlist_track VALUES('167631','565804');
INSERT INTO playlist_track VALUES('167732','565804');
INSERT INTO playlist_track VALUES('172633','565804');
INSERT INTO playlist_track VALUES('184207','565804');
INSERT INTO playlist_track VALUES('194240','565804');
INSERT INTO playlist_track VALUES('203985','565804');
INSERT INTO playlist_track VALUES('203818','565804');
INSERT INTO track VALUES('565805','4-20-88','http://www.jamendo.com/es/track/565805','','','124','http://mp3l.jamendo.com/?trackid=565805&format=mp31&u=0');
UPDATE track SET album_id='65452' WHERE id='565805';
UPDATE track SET text='' WHERE id='565805';
INSERT INTO playlist_track VALUES('167631','565805');
INSERT INTO playlist_track VALUES('167732','565805');
INSERT INTO playlist_track VALUES('172633','565805');
INSERT INTO playlist_track VALUES('184207','565805');
INSERT INTO playlist_track VALUES('194240','565805');
INSERT INTO playlist_track VALUES('203985','565805');
INSERT INTO playlist_track VALUES('203818','565805');
INSERT INTO track VALUES('565806','Pots and Panning','http://www.jamendo.com/es/track/565806','','','86','http://mp3l.jamendo.com/?trackid=565806&format=mp31&u=0');
UPDATE track SET album_id='65452' WHERE id='565806';
UPDATE track SET text='' WHERE id='565806';
INSERT INTO playlist_track VALUES('167631','565806');
INSERT INTO playlist_track VALUES('167732','565806');
INSERT INTO playlist_track VALUES('172633','565806');
INSERT INTO playlist_track VALUES('184207','565806');
INSERT INTO playlist_track VALUES('194240','565806');
INSERT INTO playlist_track VALUES('203985','565806');
INSERT INTO playlist_track VALUES('203818','565806');
INSERT INTO track VALUES('565807','Becca Fine','http://www.jamendo.com/es/track/565807','','en','141','http://mp3l.jamendo.com/?trackid=565807&format=mp31&u=0');
UPDATE track SET album_id='65452' WHERE id='565807';
UPDATE track SET text='' WHERE id='565807';
INSERT INTO playlist_track VALUES('167631','565807');
INSERT INTO playlist_track VALUES('167732','565807');
INSERT INTO playlist_track VALUES('172633','565807');
INSERT INTO playlist VALUES('165655','World-wide breaks galore','http://www.jamendo.com/es/playlist/165655','1491');
INSERT INTO playlist_track VALUES('165655','565807');
INSERT INTO playlist_track VALUES('184207','565807');
INSERT INTO playlist_track VALUES('194240','565807');
INSERT INTO playlist_track VALUES('203985','565807');
INSERT INTO playlist_track VALUES('203818','565807');
INSERT INTO track VALUES('565808','Bastin Hyeep','http://www.jamendo.com/es/track/565808','','','196','http://mp3l.jamendo.com/?trackid=565808&format=mp31&u=0');
UPDATE track SET album_id='65452' WHERE id='565808';
UPDATE track SET text='' WHERE id='565808';
INSERT INTO playlist_track VALUES('167631','565808');
INSERT INTO playlist_track VALUES('167732','565808');
INSERT INTO playlist_track VALUES('172633','565808');
INSERT INTO playlist_track VALUES('184207','565808');
INSERT INTO playlist_track VALUES('194240','565808');
INSERT INTO playlist_track VALUES('203985','565808');
INSERT INTO playlist_track VALUES('203818','565808');
INSERT INTO track VALUES('565809','Tension','http://www.jamendo.com/es/track/565809','','','198','http://mp3l.jamendo.com/?trackid=565809&format=mp31&u=0');
UPDATE track SET album_id='65452' WHERE id='565809';
UPDATE track SET text='' WHERE id='565809';
INSERT INTO playlist_track VALUES('167631','565809');
INSERT INTO playlist_track VALUES('167732','565809');
INSERT INTO playlist_track VALUES('172633','565809');
INSERT INTO playlist_track VALUES('184207','565809');
INSERT INTO playlist_track VALUES('194240','565809');
INSERT INTO playlist_track VALUES('203985','565809');
INSERT INTO playlist_track VALUES('203818','565809');
INSERT INTO track VALUES('565810','Giraffe Chin','http://www.jamendo.com/es/track/565810','','','148','http://mp3l.jamendo.com/?trackid=565810&format=mp31&u=0');
UPDATE track SET album_id='65452' WHERE id='565810';
UPDATE track SET text='' WHERE id='565810';
INSERT INTO playlist_track VALUES('167631','565810');
INSERT INTO playlist_track VALUES('167732','565810');
INSERT INTO playlist_track VALUES('172633','565810');
INSERT INTO playlist_track VALUES('184207','565810');
INSERT INTO playlist_track VALUES('194240','565810');
INSERT INTO playlist_track VALUES('203985','565810');
INSERT INTO playlist_track VALUES('203818','565810');
INSERT INTO juser VALUES('985684','Szczypcik',' ','http://www.jamendo.com/es/user/Szczypcik','http://imgjam.com/avatars/684/985684.100.jpg','pl');
INSERT INTO juser VALUES('971189','SerenaDiGi','Serenadigi','http://www.jamendo.com/es/user/SerenaDiGi','http://imgjam.com/avatars/jamendo/100/pro.png','it');
INSERT INTO juser VALUES('984491','mbrownie','Mbrownie','http://www.jamendo.com/es/user/mbrownie','http://imgjam.com/avatars/jamendo/100/pro.png','en');
INSERT INTO juser VALUES('951372','-SpaG-','Miro  benjamin','http://www.jamendo.com/es/user/-SpaG-','http://imgjam.com/avatars/372/951372.100.jpg','en');
INSERT INTO album_juser VALUES('65452','717228');
INSERT INTO album_juser VALUES('65452','985684');
INSERT INTO album_juser VALUES('65452','971189');
INSERT INTO album_juser VALUES('65452','984491');
INSERT INTO album_juser VALUES('65452','951372');
INSERT INTO juser VALUES('536036','wirarama','Wirarama wedashwara','http://www.jamendo.com/es/user/wirarama','http://imgjam.com/avatars/36/536036.100.png','en');
INSERT INTO juser VALUES('327548','Sonic Mystery','Bucalo dejan','http://www.jamendo.com/es/user/Sonic%20Mystery','http://imgjam.com/avatars/548/327548.100.png','en');
INSERT INTO juser VALUES('753956','Anitek','David nunez','http://www.jamendo.com/es/user/Anitek','http://imgjam.com/avatars/956/753956.100.jpg','en');
INSERT INTO juser VALUES('832893','Bomblee','Bomblee','http://www.jamendo.com/es/user/Bomblee','http://imgjam.com/avatars/jamendo/100/pro.png','en');
INSERT INTO juser VALUES('585976','Le Pandorien','William trojman','http://www.jamendo.com/es/user/Le%20Pandorien','http://imgjam.com/avatars/976/585976.100.png','fr');
INSERT INTO album_juser VALUES('65452','536036');
INSERT INTO album_juser VALUES('65452','327548');
INSERT INTO album_juser VALUES('65452','753956');
INSERT INTO album_juser VALUES('65452','832893');
INSERT INTO album_juser VALUES('65452','585976');
INSERT INTO juser VALUES('702953','Creix',' ','http://www.jamendo.com/es/user/Creix','http://imgjam.com/avatars/953/702953.100.jpg','fr');
INSERT INTO juser VALUES('650227','urzhiakan','Jacky urzhia-kan/le bihan','http://www.jamendo.com/es/user/urzhiakan','http://imgjam.com/avatars/227/650227.100.jpg','fr');
INSERT INTO juser VALUES('262950','GzU','Rémi lesquivin','http://www.jamendo.com/es/user/GzU','http://imgjam.com/avatars/950/262950.100.jpg','fr');
INSERT INTO juser VALUES('836830','jic',' ','http://www.jamendo.com/es/user/jic','http://imgjam.com/avatars/jamendo/100/pro.png','en');
INSERT INTO juser VALUES('476371','terex','Kämmerer frederik','http://www.jamendo.com/es/user/terex','http://imgjam.com/avatars/371/476371.100.jpg','en');
INSERT INTO album_juser VALUES('65452','702953');
INSERT INTO album_juser VALUES('65452','650227');
INSERT INTO album_juser VALUES('65452','262950');
INSERT INTO album_juser VALUES('65452','836830');
INSERT INTO album_juser VALUES('65452','476371');
INSERT INTO juser VALUES('612127','Antonio P','Antonio p','http://www.jamendo.com/es/user/Antonio%20P','http://imgjam.com/avatars/jamendo/100/pro.png','fr');
INSERT INTO juser VALUES('986148','Lou_se',' ','http://www.jamendo.com/es/user/Lou_se','http://imgjam.com/avatars/148/986148.100.jpg','fr');
INSERT INTO juser VALUES('885840','RASHMAN','Fabio alario','http://www.jamendo.com/es/user/RASHMAN','http://imgjam.com/avatars/840/885840.100.jpg','it');
INSERT INTO album_juser VALUES('65452','924544');
INSERT INTO album_juser VALUES('65452','612127');
INSERT INTO album_juser VALUES('65452','986148');
INSERT INTO album_juser VALUES('65452','885840');
INSERT INTO album VALUES('65970','Anitek Instrumentals Vol. 3','http://www.jamendo.com/es/album/65970','http://imgjam.com/albums/s65/65970/covers/1.100.jpg','2','3075','Trip Hop');
UPDATE album SET artist_id='359034' WHERE id='65970';
INSERT INTO track VALUES('571472','Man Of Value','http://www.jamendo.com/es/track/571472','','','149','http://mp3l.jamendo.com/?trackid=571472&format=mp31&u=0');
UPDATE track SET album_id='65970' WHERE id='571472';
UPDATE track SET text='' WHERE id='571472';
INSERT INTO playlist VALUES('177957','Bontisson','http://www.jamendo.com/es/playlist/177957','7187');
INSERT INTO playlist_track VALUES('177957','571472');
INSERT INTO playlist VALUES('38803','Trip - electro','http://www.jamendo.com/es/playlist/38803','20767');
INSERT INTO playlist_track VALUES('38803','571472');
INSERT INTO playlist_track VALUES('167732','571472');
INSERT INTO playlist VALUES('172210','Varia','http://www.jamendo.com/es/playlist/172210','48026');
INSERT INTO playlist_track VALUES('172210','571472');
INSERT INTO playlist_track VALUES('184207','571472');
INSERT INTO playlist_track VALUES('194240','571472');
INSERT INTO playlist_track VALUES('203985','571472');
INSERT INTO playlist VALUES('167547','Sunny','http://www.jamendo.com/es/playlist/167547','961');
INSERT INTO playlist_track VALUES('167547','571472');
INSERT INTO track VALUES('571473','In Control','http://www.jamendo.com/es/track/571473','','','182','http://mp3l.jamendo.com/?trackid=571473&format=mp31&u=0');
UPDATE track SET album_id='65970' WHERE id='571473';
UPDATE track SET text='' WHERE id='571473';
INSERT INTO playlist VALUES('205914','Ambient','http://www.jamendo.com/es/playlist/205914','2148');
INSERT INTO playlist_track VALUES('205914','571473');
INSERT INTO playlist_track VALUES('177957','571473');
INSERT INTO playlist VALUES('190807','Jazzy','http://www.jamendo.com/es/playlist/190807','881');
INSERT INTO playlist_track VALUES('190807','571473');
INSERT INTO playlist_track VALUES('38803','571473');
INSERT INTO playlist_track VALUES('167732','571473');
INSERT INTO playlist_track VALUES('172210','571473');
INSERT INTO playlist VALUES('133900','SR','http://www.jamendo.com/es/playlist/133900','2173');
INSERT INTO juser VALUES('1403790','redefinit.radio',' ','http://www.jamendo.com/es/user/redefinit.radio','http://imgjam.com/avatars/jamendo/100/pro.png','en');
INSERT INTO playlist_juser VALUES('133900','1403790');
INSERT INTO playlist_track VALUES('133900','571473');
INSERT INTO playlist_track VALUES('184207','571473');
INSERT INTO playlist_track VALUES('194240','571473');
INSERT INTO playlist_track VALUES('203985','571473');
INSERT INTO track VALUES('571474','Looney Bob','http://www.jamendo.com/es/track/571474','','','149','http://mp3l.jamendo.com/?trackid=571474&format=mp31&u=0');
UPDATE track SET album_id='65970' WHERE id='571474';
UPDATE track SET text='' WHERE id='571474';
INSERT INTO playlist_track VALUES('177957','571474');
INSERT INTO playlist_track VALUES('38803','571474');
INSERT INTO playlist_track VALUES('167732','571474');
INSERT INTO playlist_track VALUES('172210','571474');
INSERT INTO playlist_track VALUES('133900','571474');
INSERT INTO playlist_track VALUES('182969','571474');
INSERT INTO playlist_track VALUES('184207','571474');
INSERT INTO playlist_track VALUES('194240','571474');
INSERT INTO playlist_track VALUES('185806','571474');
INSERT INTO playlist_track VALUES('203985','571474');
INSERT INTO track VALUES('571475','Can''t Catch Me','http://www.jamendo.com/es/track/571475','','','113','http://mp3l.jamendo.com/?trackid=571475&format=mp31&u=0');
UPDATE track SET album_id='65970' WHERE id='571475';
UPDATE track SET text='' WHERE id='571475';
INSERT INTO playlist_track VALUES('177957','571475');
INSERT INTO playlist_track VALUES('38803','571475');
INSERT INTO playlist_track VALUES('167732','571475');
INSERT INTO playlist_track VALUES('172210','571475');
INSERT INTO playlist_track VALUES('184207','571475');
INSERT INTO playlist_track VALUES('194240','571475');
INSERT INTO playlist_track VALUES('203985','571475');
INSERT INTO track VALUES('571476','Lighter ','http://www.jamendo.com/es/track/571476','','','177','http://mp3l.jamendo.com/?trackid=571476&format=mp31&u=0');
UPDATE track SET album_id='65970' WHERE id='571476';
UPDATE track SET text='' WHERE id='571476';
INSERT INTO playlist_track VALUES('205914','571476');
INSERT INTO playlist_track VALUES('177957','571476');
INSERT INTO playlist_track VALUES('38803','571476');
INSERT INTO playlist_track VALUES('167732','571476');
INSERT INTO playlist_track VALUES('172210','571476');
INSERT INTO playlist_track VALUES('133900','571476');
INSERT INTO playlist_track VALUES('184207','571476');
INSERT INTO playlist_track VALUES('194240','571476');
INSERT INTO playlist_track VALUES('203985','571476');
INSERT INTO track VALUES('571477','Cry','http://www.jamendo.com/es/track/571477','','','196','http://mp3l.jamendo.com/?trackid=571477&format=mp31&u=0');
UPDATE track SET album_id='65970' WHERE id='571477';
UPDATE track SET text='' WHERE id='571477';
INSERT INTO playlist VALUES('122679','Calm','http://www.jamendo.com/es/playlist/122679','16941');
INSERT INTO playlist_track VALUES('122679','571477');
INSERT INTO playlist_track VALUES('126560','571477');
INSERT INTO playlist VALUES('166103','T','http://www.jamendo.com/es/playlist/166103','291');
INSERT INTO playlist_track VALUES('166103','571477');
INSERT INTO playlist_track VALUES('177957','571477');
INSERT INTO playlist VALUES('165719','Sergem8','http://www.jamendo.com/es/playlist/165719','5207');
INSERT INTO playlist_track VALUES('165719','571477');
INSERT INTO playlist_track VALUES('38803','571477');
INSERT INTO playlist_track VALUES('167732','571477');
INSERT INTO playlist_track VALUES('172210','571477');
INSERT INTO playlist_track VALUES('133900','571477');
INSERT INTO playlist_track VALUES('184207','571477');
INSERT INTO playlist_track VALUES('194240','571477');
INSERT INTO playlist_track VALUES('203985','571477');
INSERT INTO track VALUES('571478','Say What?!','http://www.jamendo.com/es/track/571478','','','152','http://mp3l.jamendo.com/?trackid=571478&format=mp31&u=0');
UPDATE track SET album_id='65970' WHERE id='571478';
UPDATE track SET text='' WHERE id='571478';
INSERT INTO playlist_track VALUES('177957','571478');
INSERT INTO playlist_track VALUES('38803','571478');
INSERT INTO playlist_track VALUES('167732','571478');
INSERT INTO playlist_track VALUES('172210','571478');
INSERT INTO playlist_track VALUES('184207','571478');
INSERT INTO playlist_track VALUES('194240','571478');
INSERT INTO playlist_track VALUES('203985','571478');
INSERT INTO track VALUES('571479','Fumboo','http://www.jamendo.com/es/track/571479','','','215','http://mp3l.jamendo.com/?trackid=571479&format=mp31&u=0');
UPDATE track SET album_id='65970' WHERE id='571479';
UPDATE track SET text='' WHERE id='571479';
INSERT INTO playlist_track VALUES('177957','571479');
INSERT INTO playlist_track VALUES('38803','571479');
INSERT INTO playlist_track VALUES('167732','571479');
INSERT INTO playlist_track VALUES('172210','571479');
INSERT INTO playlist_track VALUES('184207','571479');
INSERT INTO playlist_track VALUES('194240','571479');
INSERT INTO playlist_track VALUES('203985','571479');
INSERT INTO track VALUES('571480','Jadason','http://www.jamendo.com/es/track/571480','','','170','http://mp3l.jamendo.com/?trackid=571480&format=mp31&u=0');
UPDATE track SET album_id='65970' WHERE id='571480';
UPDATE track SET text='' WHERE id='571480';
INSERT INTO playlist_track VALUES('177957','571480');
INSERT INTO playlist_track VALUES('38803','571480');
INSERT INTO playlist_track VALUES('167732','571480');
INSERT INTO playlist_track VALUES('172210','571480');
INSERT INTO playlist VALUES('179304','Funkeh','http://www.jamendo.com/es/playlist/179304','686');
INSERT INTO playlist_track VALUES('179304','571480');
INSERT INTO playlist_track VALUES('184207','571480');
INSERT INTO playlist VALUES('186185','прикол','http://www.jamendo.com/es/playlist/186185','421');
INSERT INTO playlist_track VALUES('186185','571480');
INSERT INTO playlist VALUES('187089','The Girl Store Intro','http://www.jamendo.com/es/playlist/187089','4426');
INSERT INTO playlist_track VALUES('187089','571480');
INSERT INTO playlist_track VALUES('194240','571480');
INSERT INTO playlist_track VALUES('203985','571480');
INSERT INTO track VALUES('571481','Recline','http://www.jamendo.com/es/track/571481','','','160','http://mp3l.jamendo.com/?trackid=571481&format=mp31&u=0');
UPDATE track SET album_id='65970' WHERE id='571481';
UPDATE track SET text='' WHERE id='571481';
INSERT INTO playlist_track VALUES('177957','571481');
INSERT INTO playlist_track VALUES('38803','571481');
INSERT INTO playlist_track VALUES('167732','571481');
INSERT INTO playlist_track VALUES('172210','571481');
INSERT INTO playlist_track VALUES('179304','571481');
INSERT INTO playlist_track VALUES('184207','571481');
INSERT INTO playlist_track VALUES('194240','571481');
INSERT INTO playlist_track VALUES('203985','571481');
INSERT INTO track VALUES('571482','1,127 Works','http://www.jamendo.com/es/track/571482','','','153','http://mp3l.jamendo.com/?trackid=571482&format=mp31&u=0');
UPDATE track SET album_id='65970' WHERE id='571482';
UPDATE track SET text='' WHERE id='571482';
INSERT INTO playlist_track VALUES('177957','571482');
INSERT INTO playlist_track VALUES('38803','571482');
INSERT INTO playlist_track VALUES('167732','571482');
INSERT INTO playlist_track VALUES('172210','571482');
INSERT INTO playlist VALUES('191964','Varie iris','http://www.jamendo.com/es/playlist/191964','6214');
INSERT INTO playlist_track VALUES('191964','571482');
INSERT INTO playlist_track VALUES('182969','571482');
INSERT INTO playlist_track VALUES('184207','571482');
INSERT INTO playlist_track VALUES('194240','571482');
INSERT INTO playlist_track VALUES('203985','571482');
INSERT INTO track VALUES('571483','Lamb Of Who?','http://www.jamendo.com/es/track/571483','','','146','http://mp3l.jamendo.com/?trackid=571483&format=mp31&u=0');
UPDATE track SET album_id='65970' WHERE id='571483';
UPDATE track SET text='' WHERE id='571483';
INSERT INTO playlist_track VALUES('177957','571483');
INSERT INTO playlist VALUES('181249','Possible Music Themes','http://www.jamendo.com/es/playlist/181249','1526');
INSERT INTO playlist_track VALUES('181249','571483');
INSERT INTO playlist_track VALUES('38803','571483');
INSERT INTO playlist_track VALUES('167732','571483');
INSERT INTO playlist_track VALUES('172210','571483');
INSERT INTO playlist_track VALUES('184207','571483');
INSERT INTO playlist_track VALUES('194240','571483');
INSERT INTO playlist_track VALUES('181897','571483');
INSERT INTO playlist_track VALUES('195175','571483');
INSERT INTO playlist_track VALUES('203985','571483');
INSERT INTO track VALUES('571484','Moon Shine','http://www.jamendo.com/es/track/571484','','','189','http://mp3l.jamendo.com/?trackid=571484&format=mp31&u=0');
UPDATE track SET album_id='65970' WHERE id='571484';
UPDATE track SET text='' WHERE id='571484';
INSERT INTO playlist_track VALUES('177957','571484');
INSERT INTO playlist_track VALUES('38803','571484');
INSERT INTO playlist_track VALUES('167732','571484');
INSERT INTO playlist_track VALUES('172210','571484');
INSERT INTO playlist_track VALUES('184207','571484');
INSERT INTO playlist VALUES('193242','Dreamy-movie','http://www.jamendo.com/es/playlist/193242','360');
INSERT INTO playlist_track VALUES('193242','571484');
INSERT INTO playlist_track VALUES('194240','571484');
INSERT INTO playlist_track VALUES('185806','571484');
INSERT INTO playlist_track VALUES('181897','571484');
INSERT INTO playlist_track VALUES('195175','571484');
INSERT INTO playlist_track VALUES('203985','571484');
INSERT INTO track VALUES('571485','Trapped Talent','http://www.jamendo.com/es/track/571485','','','185','http://mp3l.jamendo.com/?trackid=571485&format=mp31&u=0');
UPDATE track SET album_id='65970' WHERE id='571485';
UPDATE track SET text='' WHERE id='571485';
INSERT INTO playlist VALUES('183472','Musique','http://www.jamendo.com/es/playlist/183472','1575');
INSERT INTO playlist_track VALUES('183472','571485');
INSERT INTO playlist_track VALUES('177957','571485');
INSERT INTO playlist VALUES('190244','Hip-instrument','http://www.jamendo.com/es/playlist/190244','4388');
INSERT INTO playlist_track VALUES('190244','571485');
INSERT INTO playlist_track VALUES('38803','571485');
INSERT INTO playlist_track VALUES('167732','571485');
INSERT INTO playlist_track VALUES('172210','571485');
INSERT INTO playlist_track VALUES('182969','571485');
INSERT INTO playlist_track VALUES('184207','571485');
INSERT INTO playlist VALUES('182970','SSTV','http://www.jamendo.com/es/playlist/182970','2527');
INSERT INTO playlist_track VALUES('182970','571485');
INSERT INTO playlist_track VALUES('194240','571485');
INSERT INTO playlist_track VALUES('181897','571485');
INSERT INTO playlist_track VALUES('195175','571485');
INSERT INTO playlist_track VALUES('203985','571485');
INSERT INTO playlist VALUES('208071','Sprawl','http://www.jamendo.com/es/playlist/208071','1685');
INSERT INTO playlist_track VALUES('208071','571485');
INSERT INTO track VALUES('571486','Adore','http://www.jamendo.com/es/track/571486','','','122','http://mp3l.jamendo.com/?trackid=571486&format=mp31&u=0');
UPDATE track SET album_id='65970' WHERE id='571486';
UPDATE track SET text='' WHERE id='571486';
INSERT INTO playlist_track VALUES('177957','571486');
INSERT INTO playlist_track VALUES('38803','571486');
INSERT INTO playlist_track VALUES('167732','571486');
INSERT INTO playlist_track VALUES('172210','571486');
INSERT INTO playlist_track VALUES('184207','571486');
INSERT INTO playlist_track VALUES('194240','571486');
INSERT INTO playlist_track VALUES('203985','571486');
INSERT INTO track VALUES('571487','The Fourth World','http://www.jamendo.com/es/track/571487','','','130','http://mp3l.jamendo.com/?trackid=571487&format=mp31&u=0');
UPDATE track SET album_id='65970' WHERE id='571487';
UPDATE track SET text='' WHERE id='571487';
INSERT INTO playlist_track VALUES('177957','571487');
INSERT INTO playlist_track VALUES('38803','571487');
INSERT INTO playlist_track VALUES('167732','571487');
INSERT INTO playlist_track VALUES('172210','571487');
INSERT INTO playlist_track VALUES('184207','571487');
INSERT INTO playlist_track VALUES('194240','571487');
INSERT INTO playlist_track VALUES('203985','571487');
INSERT INTO track VALUES('571488','Archaic','http://www.jamendo.com/es/track/571488','','','171','http://mp3l.jamendo.com/?trackid=571488&format=mp31&u=0');
UPDATE track SET album_id='65970' WHERE id='571488';
UPDATE track SET text='' WHERE id='571488';
INSERT INTO playlist VALUES('165952','Exprimental','http://www.jamendo.com/es/playlist/165952','2431');
INSERT INTO juser VALUES('711524','peter sharp','Piero acuto','http://www.jamendo.com/es/user/peter%20sharp','http://imgjam.com/avatars/524/711524.100.jpg','it');
INSERT INTO playlist_juser VALUES('165952','711524');
INSERT INTO playlist_track VALUES('165952','571488');
INSERT INTO playlist_track VALUES('177957','571488');
INSERT INTO playlist_track VALUES('38803','571488');
INSERT INTO playlist_track VALUES('167732','571488');
INSERT INTO playlist_track VALUES('172210','571488');
INSERT INTO playlist_track VALUES('184207','571488');
INSERT INTO playlist_track VALUES('193242','571488');
INSERT INTO playlist_track VALUES('194240','571488');
INSERT INTO playlist_track VALUES('203985','571488');
INSERT INTO track VALUES('571489','Passion Brass','http://www.jamendo.com/es/track/571489','','','124','http://mp3l.jamendo.com/?trackid=571489&format=mp31&u=0');
UPDATE track SET album_id='65970' WHERE id='571489';
UPDATE track SET text='' WHERE id='571489';
INSERT INTO playlist_track VALUES('135942','571489');
INSERT INTO playlist_track VALUES('177957','571489');
INSERT INTO playlist_track VALUES('38803','571489');
INSERT INTO playlist_track VALUES('167732','571489');
INSERT INTO playlist_track VALUES('172210','571489');
INSERT INTO playlist VALUES('176008','Music for Zim','http://www.jamendo.com/es/playlist/176008','124');
INSERT INTO playlist_track VALUES('176008','571489');
INSERT INTO playlist_track VALUES('184207','571489');
INSERT INTO playlist_track VALUES('194240','571489');
INSERT INTO playlist_track VALUES('203985','571489');
INSERT INTO playlist VALUES('209536','Spaardingen','http://www.jamendo.com/es/playlist/209536','2004');
INSERT INTO playlist_track VALUES('209536','571489');
INSERT INTO track VALUES('571490','Mixed Fruit','http://www.jamendo.com/es/track/571490','','','192','http://mp3l.jamendo.com/?trackid=571490&format=mp31&u=0');
UPDATE track SET album_id='65970' WHERE id='571490';
UPDATE track SET text='' WHERE id='571490';
INSERT INTO playlist_track VALUES('177957','571490');
INSERT INTO playlist_track VALUES('38803','571490');
INSERT INTO playlist_track VALUES('167732','571490');
INSERT INTO playlist_track VALUES('172210','571490');
INSERT INTO playlist_track VALUES('184207','571490');
INSERT INTO playlist_track VALUES('194240','571490');
INSERT INTO playlist_track VALUES('203985','571490');
INSERT INTO playlist VALUES('220970','Divers & varié','http://www.jamendo.com/es/playlist/220970','1718');
INSERT INTO playlist_track VALUES('220970','571490');
INSERT INTO juser VALUES('135086','musictomyears',' dawn','http://www.jamendo.com/es/user/musictomyears','http://imgjam.com/avatars/jamendo/100/dj.png','en');
INSERT INTO juser VALUES('784503','azntwboy','Azntwboy','http://www.jamendo.com/es/user/azntwboy','http://imgjam.com/avatars/jamendo/100/pro.png','en');
INSERT INTO juser VALUES('654830','hazelbud','Hazelbud','http://www.jamendo.com/es/user/hazelbud','http://imgjam.com/avatars/830/654830.100.jpg','en');
INSERT INTO juser VALUES('1235359','dom421',' ','http://www.jamendo.com/es/user/dom421','http://imgjam.com/avatars/359/1235359.100.jpg','fr');
INSERT INTO album_juser VALUES('65970','717228');
INSERT INTO album_juser VALUES('65970','135086');
INSERT INTO album_juser VALUES('65970','784503');
INSERT INTO album_juser VALUES('65970','654830');
INSERT INTO album_juser VALUES('65970','1235359');
INSERT INTO juser VALUES('415539','voxmortem','Voxmortem','http://www.jamendo.com/es/user/voxmortem','http://imgjam.com/avatars/539/415539.100.jpg','pl');
INSERT INTO juser VALUES('988743','Empire1985',' ','http://www.jamendo.com/es/user/Empire1985','http://imgjam.com/avatars/jamendo/100/pro.png','en');
INSERT INTO juser VALUES('1143946','juve67','Juve67','http://www.jamendo.com/es/user/juve67','http://imgjam.com/avatars/946/1143946.100.jpg','fr');
INSERT INTO album_juser VALUES('65970','985684');
INSERT INTO album_juser VALUES('65970','415539');
INSERT INTO album_juser VALUES('65970','988743');
INSERT INTO album_juser VALUES('65970','753956');
INSERT INTO album_juser VALUES('65970','1143946');
INSERT INTO juser VALUES('887123','justin.teichen','Justin.teichen','http://www.jamendo.com/es/user/justin.teichen','http://imgjam.com/avatars/jamendo/100/pro.png','en');
INSERT INTO juser VALUES('621784','mrtriphop',' ','http://www.jamendo.com/es/user/mrtriphop','http://imgjam.com/avatars/784/621784.100.png','fr');
INSERT INTO juser VALUES('804785','Dick Splash','Dick splash','http://www.jamendo.com/es/user/Dick%20Splash','http://imgjam.com/avatars/785/804785.100.jpg','en');
INSERT INTO juser VALUES('271441','kirschkern','Kirschkern','http://www.jamendo.com/es/user/kirschkern','http://imgjam.com/avatars/441/271441.100.png','de');
INSERT INTO album_juser VALUES('65970','536036');
INSERT INTO album_juser VALUES('65970','887123');
INSERT INTO album_juser VALUES('65970','621784');
INSERT INTO album_juser VALUES('65970','804785');
INSERT INTO album_juser VALUES('65970','271441');
INSERT INTO juser VALUES('819537','basignorelli','Basignorelli','http://www.jamendo.com/es/user/basignorelli','http://imgjam.com/avatars/jamendo/100/pro.png','en');
INSERT INTO juser VALUES('801167','s.ylvie','S.ylvie','http://www.jamendo.com/es/user/s.ylvie','http://imgjam.com/avatars/167/801167.100.jpg','de');
INSERT INTO juser VALUES('892471','elisa150','Elisa150','http://www.jamendo.com/es/user/elisa150','http://imgjam.com/avatars/471/892471.100.jpg','fr');
INSERT INTO juser VALUES('859316','DanielM','Danielm','http://www.jamendo.com/es/user/DanielM','http://imgjam.com/avatars/jamendo/100/pro.png','en');
INSERT INTO album_juser VALUES('65970','819537');
INSERT INTO album_juser VALUES('65970','801167');
INSERT INTO album_juser VALUES('65970','892471');
INSERT INTO album_juser VALUES('65970','859316');
INSERT INTO album_juser VALUES('65970','836830');
INSERT INTO album VALUES('67498','Extraordinary Intelligence','http://www.jamendo.com/es/album/67498','http://imgjam.com/albums/s67/67498/covers/1.100.jpg','2','1840','Turntablism/ Trip Hop');
UPDATE album SET artist_id='359034' WHERE id='67498';
INSERT INTO track VALUES('585146','Barney Rubble Toupee Fillet','http://www.jamendo.com/es/track/585146','','','71','http://mp3l.jamendo.com/?trackid=585146&format=mp31&u=0');
UPDATE track SET album_id='67498' WHERE id='585146';
UPDATE track SET text='' WHERE id='585146';
INSERT INTO playlist VALUES('25560','Trip Hop','http://www.jamendo.com/es/playlist/25560','28669');
INSERT INTO playlist_track VALUES('25560','585146');
INSERT INTO playlist VALUES('171874','Ra''s playlist','http://www.jamendo.com/es/playlist/171874','3689');
INSERT INTO playlist_track VALUES('171874','585146');
INSERT INTO playlist VALUES('172043','Cms','http://www.jamendo.com/es/playlist/172043','13840');
INSERT INTO playlist_track VALUES('172043','585146');
INSERT INTO playlist_track VALUES('166494','585146');
INSERT INTO playlist VALUES('128806','Noodlin''','http://www.jamendo.com/es/playlist/128806','3542');
INSERT INTO playlist_track VALUES('128806','585146');
INSERT INTO playlist_track VALUES('182969','585146');
INSERT INTO playlist_track VALUES('184207','585146');
INSERT INTO playlist_track VALUES('194240','585146');
INSERT INTO playlist_track VALUES('203985','585146');
INSERT INTO track VALUES('585147','Teknical Devolpement','http://www.jamendo.com/es/track/585147','','','170','http://mp3l.jamendo.com/?trackid=585147&format=mp31&u=0');
UPDATE track SET album_id='67498' WHERE id='585147';
UPDATE track SET text='' WHERE id='585147';
INSERT INTO playlist_track VALUES('171874','585147');
INSERT INTO playlist_track VALUES('171874','585147');
INSERT INTO playlist_track VALUES('35350','585147');
INSERT INTO playlist_track VALUES('25560','585147');
INSERT INTO playlist_track VALUES('166494','585147');
INSERT INTO playlist_track VALUES('128806','585147');
INSERT INTO playlist_track VALUES('184207','585147');
INSERT INTO playlist_track VALUES('194240','585147');
INSERT INTO playlist_track VALUES('203985','585147');
INSERT INTO playlist VALUES('208117','Tripop','http://www.jamendo.com/es/playlist/208117','170');
INSERT INTO playlist_track VALUES('208117','585147');
INSERT INTO track VALUES('585148','Message from the President','http://www.jamendo.com/es/track/585148','','','62','http://mp3l.jamendo.com/?trackid=585148&format=mp31&u=0');
UPDATE track SET album_id='67498' WHERE id='585148';
UPDATE track SET text='' WHERE id='585148';
INSERT INTO playlist_track VALUES('171874','585148');
INSERT INTO playlist_track VALUES('25560','585148');
INSERT INTO playlist_track VALUES('166494','585148');
INSERT INTO playlist_track VALUES('128806','585148');
INSERT INTO playlist_track VALUES('184207','585148');
INSERT INTO playlist_track VALUES('194240','585148');
INSERT INTO playlist_track VALUES('203985','585148');
INSERT INTO track VALUES('585149','VIctorious','http://www.jamendo.com/es/track/585149','','','106','http://mp3l.jamendo.com/?trackid=585149&format=mp31&u=0');
UPDATE track SET album_id='67498' WHERE id='585149';
UPDATE track SET text='' WHERE id='585149';
INSERT INTO playlist_track VALUES('171874','585149');
INSERT INTO playlist_track VALUES('25560','585149');
INSERT INTO playlist_track VALUES('35350','585149');
INSERT INTO playlist_track VALUES('166494','585149');
INSERT INTO playlist_track VALUES('128806','585149');
INSERT INTO playlist_track VALUES('184207','585149');
INSERT INTO playlist_track VALUES('194240','585149');
INSERT INTO playlist_track VALUES('203985','585149');
INSERT INTO track VALUES('585150','Pots N'' Panning','http://www.jamendo.com/es/track/585150','','','85','http://mp3l.jamendo.com/?trackid=585150&format=mp31&u=0');
UPDATE track SET album_id='67498' WHERE id='585150';
UPDATE track SET text='' WHERE id='585150';
INSERT INTO playlist_track VALUES('171874','585150');
INSERT INTO playlist_track VALUES('25560','585150');
INSERT INTO playlist VALUES('129884','Trance Liquido No: 01 (triphop)','http://www.jamendo.com/es/playlist/129884','3147');
INSERT INTO playlist_track VALUES('129884','585150');
INSERT INTO playlist_track VALUES('166494','585150');
INSERT INTO playlist_track VALUES('128806','585150');
INSERT INTO playlist_track VALUES('184207','585150');
INSERT INTO playlist_track VALUES('194240','585150');
INSERT INTO playlist_track VALUES('203985','585150');
INSERT INTO track VALUES('585151','In Control','http://www.jamendo.com/es/track/585151','','','180','http://mp3l.jamendo.com/?trackid=585151&format=mp31&u=0');
UPDATE track SET album_id='67498' WHERE id='585151';
UPDATE track SET text='' WHERE id='585151';
INSERT INTO playlist_track VALUES('25560','585151');
INSERT INTO playlist_track VALUES('171874','585151');
INSERT INTO playlist_track VALUES('166494','585151');
INSERT INTO playlist VALUES('169999','Triphop 2010','http://www.jamendo.com/es/playlist/169999','4967');
INSERT INTO playlist_track VALUES('169999','585151');
INSERT INTO playlist_track VALUES('128806','585151');
INSERT INTO playlist_track VALUES('184207','585151');
INSERT INTO playlist_track VALUES('194240','585151');
INSERT INTO playlist_track VALUES('203985','585151');
INSERT INTO playlist_track VALUES('226878','585151');
INSERT INTO playlist_track VALUES('227311','585151');
INSERT INTO track VALUES('585152','Ne Ota','http://www.jamendo.com/es/track/585152','','','145','http://mp3l.jamendo.com/?trackid=585152&format=mp31&u=0');
UPDATE track SET album_id='67498' WHERE id='585152';
UPDATE track SET text='' WHERE id='585152';
INSERT INTO playlist_track VALUES('171874','585152');
INSERT INTO playlist_track VALUES('25560','585152');
INSERT INTO playlist_track VALUES('166494','585152');
INSERT INTO playlist_track VALUES('128806','585152');
INSERT INTO playlist_track VALUES('184207','585152');
INSERT INTO playlist_track VALUES('194240','585152');
INSERT INTO playlist_track VALUES('203985','585152');
INSERT INTO track VALUES('585153','First Treatment','http://www.jamendo.com/es/track/585153','','','242','http://mp3l.jamendo.com/?trackid=585153&format=mp31&u=0');
UPDATE track SET album_id='67498' WHERE id='585153';
UPDATE track SET text='' WHERE id='585153';
INSERT INTO playlist_track VALUES('171874','585153');
INSERT INTO playlist_track VALUES('25560','585153');
INSERT INTO playlist VALUES('175070','Kiffen auf Ibiza - oder Goa, wo sind wir denn jetzt?','http://www.jamendo.com/es/playlist/175070','1708');
INSERT INTO playlist_track VALUES('175070','585153');
INSERT INTO playlist VALUES('181044','Eхperimental','http://www.jamendo.com/es/playlist/181044','8921');
INSERT INTO playlist_track VALUES('181044','585153');
INSERT INTO playlist_track VALUES('172043','585153');
INSERT INTO playlist VALUES('169403','Triphop','http://www.jamendo.com/es/playlist/169403','653');
INSERT INTO playlist_track VALUES('169403','585153');
INSERT INTO playlist_track VALUES('166494','585153');
INSERT INTO playlist VALUES('190088','Générique','http://www.jamendo.com/es/playlist/190088','3672');
INSERT INTO playlist_track VALUES('190088','585153');
INSERT INTO playlist_track VALUES('128806','585153');
INSERT INTO playlist_track VALUES('135942','585153');
INSERT INTO playlist_track VALUES('182918','585153');
INSERT INTO playlist_track VALUES('182969','585153');
INSERT INTO playlist_track VALUES('184207','585153');
INSERT INTO playlist_track VALUES('194240','585153');
INSERT INTO playlist VALUES('202024','Juin 2011','http://www.jamendo.com/es/playlist/202024','5112');
INSERT INTO playlist_track VALUES('202024','585153');
INSERT INTO playlist_track VALUES('203985','585153');
INSERT INTO track VALUES('585154','Modest Man','http://www.jamendo.com/es/track/585154','','','219','http://mp3l.jamendo.com/?trackid=585154&format=mp31&u=0');
UPDATE track SET album_id='67498' WHERE id='585154';
UPDATE track SET text='' WHERE id='585154';
INSERT INTO playlist_track VALUES('171874','585154');
INSERT INTO playlist_track VALUES('25560','585154');
INSERT INTO playlist_track VALUES('166494','585154');
INSERT INTO playlist_track VALUES('128806','585154');
INSERT INTO playlist_track VALUES('184207','585154');
INSERT INTO playlist_track VALUES('194240','585154');
INSERT INTO playlist_track VALUES('203985','585154');
INSERT INTO playlist VALUES('62046','Triphops','http://www.jamendo.com/es/playlist/62046','8269');
INSERT INTO juser VALUES('331639','509',' ','http://www.jamendo.com/es/user/509','http://imgjam.com/avatars/639/331639.100.jpg','de');
INSERT INTO playlist_juser VALUES('62046','331639');
INSERT INTO playlist_juser VALUES('62046','877851');
INSERT INTO playlist_track VALUES('62046','585154');
INSERT INTO track VALUES('585155','Broken - Feat. Ellie Rose','http://www.jamendo.com/es/track/585155','','','163','http://mp3l.jamendo.com/?trackid=585155&format=mp31&u=0');
UPDATE track SET album_id='67498' WHERE id='585155';
UPDATE track SET text='' WHERE id='585155';
INSERT INTO playlist_track VALUES('171874','585155');
INSERT INTO playlist_track VALUES('25560','585155');
INSERT INTO playlist_track VALUES('35350','585155');
INSERT INTO playlist_track VALUES('166494','585155');
INSERT INTO playlist_track VALUES('128806','585155');
INSERT INTO playlist VALUES('178459','Trip hop','http://www.jamendo.com/es/playlist/178459','163');
INSERT INTO playlist_track VALUES('178459','585155');
INSERT INTO playlist_track VALUES('135942','585155');
INSERT INTO playlist VALUES('182207','AmientRadio','http://www.jamendo.com/es/playlist/182207','1030');
INSERT INTO playlist_juser VALUES('182207','1403790');
INSERT INTO playlist_track VALUES('182207','585155');
INSERT INTO playlist_track VALUES('184207','585155');
INSERT INTO playlist VALUES('190039','Trip hop','http://www.jamendo.com/es/playlist/190039','953');
INSERT INTO playlist_track VALUES('190039','585155');
INSERT INTO playlist_track VALUES('194240','585155');
INSERT INTO playlist VALUES('202723','Augh','http://www.jamendo.com/es/playlist/202723','163');
INSERT INTO playlist_track VALUES('202723','585155');
INSERT INTO playlist_track VALUES('203985','585155');
INSERT INTO playlist VALUES('225437','Música per omplir','http://www.jamendo.com/es/playlist/225437','5396');
INSERT INTO playlist_track VALUES('225437','585155');
INSERT INTO track VALUES('585156','Sunny Daze Feat. Tab & Axl J. Foley','http://www.jamendo.com/es/track/585156','','','181','http://mp3l.jamendo.com/?trackid=585156&format=mp31&u=0');
UPDATE track SET album_id='67498' WHERE id='585156';
UPDATE track SET text='' WHERE id='585156';
INSERT INTO playlist_track VALUES('171874','585156');
INSERT INTO playlist_track VALUES('25560','585156');
INSERT INTO playlist_track VALUES('166494','585156');
INSERT INTO playlist_track VALUES('128806','585156');
INSERT INTO playlist_track VALUES('184207','585156');
INSERT INTO playlist_track VALUES('194240','585156');
INSERT INTO playlist_track VALUES('203985','585156');
INSERT INTO track VALUES('585157','Exrtaordinary Intelligence','http://www.jamendo.com/es/track/585157','','','61','http://mp3l.jamendo.com/?trackid=585157&format=mp31&u=0');
UPDATE track SET album_id='67498' WHERE id='585157';
UPDATE track SET text='' WHERE id='585157';
INSERT INTO playlist_track VALUES('171874','585157');
INSERT INTO playlist_track VALUES('25560','585157');
INSERT INTO playlist_track VALUES('166494','585157');
INSERT INTO playlist_track VALUES('128806','585157');
INSERT INTO playlist_track VALUES('184207','585157');
INSERT INTO playlist_track VALUES('194240','585157');
INSERT INTO playlist_track VALUES('203985','585157');
INSERT INTO track VALUES('585158','Infrastructure','http://www.jamendo.com/es/track/585158','','','155','http://mp3l.jamendo.com/?trackid=585158&format=mp31&u=0');
UPDATE track SET album_id='67498' WHERE id='585158';
UPDATE track SET text='' WHERE id='585158';
INSERT INTO playlist_track VALUES('171874','585158');
INSERT INTO playlist_track VALUES('25560','585158');
INSERT INTO playlist_track VALUES('166494','585158');
INSERT INTO playlist_track VALUES('128806','585158');
INSERT INTO playlist_track VALUES('184207','585158');
INSERT INTO playlist_track VALUES('194240','585158');
INSERT INTO playlist_track VALUES('203985','585158');
INSERT INTO juser VALUES('693640','Geri G',' ','http://www.jamendo.com/es/user/Geri%20G','http://imgjam.com/avatars/640/693640.100.jpg','de');
INSERT INTO juser VALUES('1007302','RoboticMamboMe','Roboticmambome','http://www.jamendo.com/es/user/RoboticMamboMe','http://imgjam.com/avatars/302/1007302.100.png','en');
INSERT INTO juser VALUES('209760','aroman','Aroman','http://www.jamendo.com/es/user/aroman','http://imgjam.com/avatars/jamendo/100/king.png','en');
INSERT INTO juser VALUES('1004081','denstratiotes','Denstratiotes','http://www.jamendo.com/es/user/denstratiotes','http://imgjam.com/avatars/jamendo/100/pro.png','fr');
INSERT INTO juser VALUES('3073736','lowrev','Lowrev','http://www.jamendo.com/es/user/lowrev','http://imgjam.com/avatars/jamendo/100/pro.png','');
INSERT INTO album_juser VALUES('67498','693640');
INSERT INTO album_juser VALUES('67498','1007302');
INSERT INTO album_juser VALUES('67498','209760');
INSERT INTO album_juser VALUES('67498','1004081');
INSERT INTO album_juser VALUES('67498','3073736');
INSERT INTO juser VALUES('1048938','andremcfarr','Andremcfarr','http://www.jamendo.com/es/user/andremcfarr','http://imgjam.com/avatars/938/1048938.100.jpg','fr');
INSERT INTO juser VALUES('985237','gippy73','Gippy73','http://www.jamendo.com/es/user/gippy73','http://imgjam.com/avatars/jamendo/100/pro.png','it');
INSERT INTO juser VALUES('884777','pnds666','Pnds666','http://www.jamendo.com/es/user/pnds666','http://imgjam.com/avatars/jamendo/100/pro.png','es');
INSERT INTO juser VALUES('885551','axljfoley','Axljfoley','http://www.jamendo.com/es/user/axljfoley','http://imgjam.com/avatars/551/885551.100.jpg','en');
INSERT INTO album_juser VALUES('67498','1048938');
INSERT INTO album_juser VALUES('67498','985684');
INSERT INTO album_juser VALUES('67498','985237');
INSERT INTO album_juser VALUES('67498','884777');
INSERT INTO album_juser VALUES('67498','885551');
INSERT INTO juser VALUES('62393','wojd1','Wojd1','http://www.jamendo.com/es/user/wojd1','http://imgjam.com/avatars/393/62393.100.jpg','pl');
INSERT INTO juser VALUES('805849','Schneem4nn',' ','http://www.jamendo.com/es/user/Schneem4nn','http://imgjam.com/avatars/jamendo/100/pro.png','de');
INSERT INTO juser VALUES('870448','zenremix','Zenremix','http://www.jamendo.com/es/user/zenremix','http://imgjam.com/avatars/448/870448.100.png','en');
INSERT INTO album_juser VALUES('67498','62393');
INSERT INTO album_juser VALUES('67498','135086');
INSERT INTO album_juser VALUES('67498','536036');
INSERT INTO album_juser VALUES('67498','805849');
INSERT INTO album_juser VALUES('67498','870448');
INSERT INTO juser VALUES('852113','Anael Engel','Anaël engel','http://www.jamendo.com/es/user/Anael%20Engel','http://imgjam.com/avatars/113/852113.100.jpg','fr');
INSERT INTO juser VALUES('918567','coda','Coda','http://www.jamendo.com/es/user/coda','http://imgjam.com/avatars/jamendo/100/pro.png','pl');
INSERT INTO juser VALUES('889280','fgaray7','Fgaray7','http://www.jamendo.com/es/user/fgaray7','http://imgjam.com/avatars/280/889280.100.jpg','es');
INSERT INTO juser VALUES('536587','irolinya','Irolinya','http://www.jamendo.com/es/user/irolinya','http://imgjam.com/avatars/587/536587.100.jpg','en');
INSERT INTO album_juser VALUES('67498','892471');
INSERT INTO album_juser VALUES('67498','852113');
INSERT INTO album_juser VALUES('67498','918567');
INSERT INTO album_juser VALUES('67498','889280');
INSERT INTO album_juser VALUES('67498','536587');
INSERT INTO album VALUES('71594','Anitek Instrumentals Vol. 4','http://www.jamendo.com/es/album/71594','http://imgjam.com/albums/s71/71594/covers/1.100.jpg','2','2172','Hip Hop');
UPDATE album SET artist_id='359034' WHERE id='71594';
INSERT INTO track VALUES('618448','Contours','http://www.jamendo.com/es/track/618448','','','134','http://mp3l.jamendo.com/?trackid=618448&format=mp31&u=0');
UPDATE track SET album_id='71594' WHERE id='618448';
UPDATE track SET text='' WHERE id='618448';
INSERT INTO playlist_track VALUES('177957','618448');
INSERT INTO playlist VALUES('191508','Soundtrack','http://www.jamendo.com/es/playlist/191508','39225');
INSERT INTO playlist_track VALUES('191508','618448');
INSERT INTO playlist VALUES('175639','Sunshine Concerts','http://www.jamendo.com/es/playlist/175639','64993');
INSERT INTO playlist_juser VALUES('175639','945952');
INSERT INTO playlist_track VALUES('175639','618448');
INSERT INTO playlist_track VALUES('184207','618448');
INSERT INTO playlist_track VALUES('194240','618448');
INSERT INTO playlist_track VALUES('203985','618448');
INSERT INTO playlist VALUES('211957','Bistro','http://www.jamendo.com/es/playlist/211957','13315');
INSERT INTO playlist_track VALUES('211957','618448');
INSERT INTO track VALUES('618449','Reflection','http://www.jamendo.com/es/track/618449','','','166','http://mp3l.jamendo.com/?trackid=618449&format=mp31&u=0');
UPDATE track SET album_id='71594' WHERE id='618449';
UPDATE track SET text='' WHERE id='618449';
INSERT INTO playlist_track VALUES('177957','618449');
INSERT INTO playlist_track VALUES('191508','618449');
INSERT INTO playlist_track VALUES('180355','618449');
INSERT INTO playlist_track VALUES('177016','618449');
INSERT INTO playlist_track VALUES('175639','618449');
INSERT INTO playlist_track VALUES('184207','618449');
INSERT INTO playlist_track VALUES('194240','618449');
INSERT INTO playlist_track VALUES('203985','618449');
INSERT INTO playlist_track VALUES('211957','618449');
INSERT INTO track VALUES('618450','Chess','http://www.jamendo.com/es/track/618450','','','142','http://mp3l.jamendo.com/?trackid=618450&format=mp31&u=0');
UPDATE track SET album_id='71594' WHERE id='618450';
UPDATE track SET text='' WHERE id='618450';
INSERT INTO playlist_track VALUES('177957','618450');
INSERT INTO playlist_track VALUES('191508','618450');
INSERT INTO playlist VALUES('171202','Sergem10','http://www.jamendo.com/es/playlist/171202','3480');
INSERT INTO juser VALUES('630488','BelRedRoad','Belredroad','http://www.jamendo.com/es/user/BelRedRoad','http://imgjam.com/avatars/488/630488.100.jpg','en');
INSERT INTO playlist_juser VALUES('171202','630488');
INSERT INTO playlist_track VALUES('171202','618450');
INSERT INTO playlist_track VALUES('191964','618450');
INSERT INTO playlist_track VALUES('175639','618450');
INSERT INTO playlist_track VALUES('184207','618450');
INSERT INTO playlist_track VALUES('194240','618450');
INSERT INTO playlist_track VALUES('203985','618450');
INSERT INTO playlist_track VALUES('211957','618450');
INSERT INTO track VALUES('618451','The Moral of the Story is... Feat. Tab','http://www.jamendo.com/es/track/618451','','','151','http://mp3l.jamendo.com/?trackid=618451&format=mp31&u=0');
UPDATE track SET album_id='71594' WHERE id='618451';
UPDATE track SET text='' WHERE id='618451';
INSERT INTO playlist_track VALUES('177957','618451');
INSERT INTO playlist_track VALUES('191508','618451');
INSERT INTO playlist_track VALUES('175639','618451');
INSERT INTO playlist_track VALUES('184207','618451');
INSERT INTO playlist_track VALUES('194240','618451');
INSERT INTO playlist_track VALUES('203985','618451');
INSERT INTO playlist_track VALUES('211957','618451');
INSERT INTO track VALUES('618452','Show Off','http://www.jamendo.com/es/track/618452','','','122','http://mp3l.jamendo.com/?trackid=618452&format=mp31&u=0');
UPDATE track SET album_id='71594' WHERE id='618452';
UPDATE track SET text='' WHERE id='618452';
INSERT INTO playlist_track VALUES('177957','618452');
INSERT INTO playlist_track VALUES('191508','618452');
INSERT INTO playlist_track VALUES('175639','618452');
INSERT INTO playlist_track VALUES('184207','618452');
INSERT INTO playlist_track VALUES('194240','618452');
INSERT INTO playlist_track VALUES('203985','618452');
INSERT INTO playlist_track VALUES('211957','618452');
INSERT INTO track VALUES('618453','Tip Toe','http://www.jamendo.com/es/track/618453','','','189','http://mp3l.jamendo.com/?trackid=618453&format=mp31&u=0');
UPDATE track SET album_id='71594' WHERE id='618453';
UPDATE track SET text='' WHERE id='618453';
INSERT INTO playlist_track VALUES('177957','618453');
INSERT INTO playlist_track VALUES('191508','618453');
INSERT INTO playlist_track VALUES('180355','618453');
INSERT INTO playlist_track VALUES('175639','618453');
INSERT INTO playlist_track VALUES('184207','618453');
INSERT INTO playlist_track VALUES('194240','618453');
INSERT INTO playlist_track VALUES('203985','618453');
INSERT INTO playlist_track VALUES('211957','618453');
INSERT INTO track VALUES('618454','Ali Shuffle','http://www.jamendo.com/es/track/618454','','','188','http://mp3l.jamendo.com/?trackid=618454&format=mp31&u=0');
UPDATE track SET album_id='71594' WHERE id='618454';
UPDATE track SET text='' WHERE id='618454';
INSERT INTO playlist_track VALUES('177957','618454');
INSERT INTO playlist_track VALUES('191508','618454');
INSERT INTO playlist_track VALUES('177016','618454');
INSERT INTO playlist_track VALUES('175639','618454');
INSERT INTO playlist_track VALUES('182918','618454');
INSERT INTO playlist_track VALUES('184207','618454');
INSERT INTO playlist VALUES('191611','Pour vidéo','http://www.jamendo.com/es/playlist/191611','1526');
INSERT INTO playlist_track VALUES('191611','618454');
INSERT INTO playlist_track VALUES('194240','618454');
INSERT INTO playlist_track VALUES('203985','618454');
INSERT INTO playlist_track VALUES('211957','618454');
INSERT INTO track VALUES('618455','Gray Area','http://www.jamendo.com/es/track/618455','','','174','http://mp3l.jamendo.com/?trackid=618455&format=mp31&u=0');
UPDATE track SET album_id='71594' WHERE id='618455';
UPDATE track SET text='' WHERE id='618455';
INSERT INTO playlist_track VALUES('177957','618455');
INSERT INTO playlist_track VALUES('177016','618455');
INSERT INTO playlist_track VALUES('191508','618455');
INSERT INTO playlist_track VALUES('175639','618455');
INSERT INTO playlist_track VALUES('184207','618455');
INSERT INTO playlist_track VALUES('194240','618455');
INSERT INTO playlist_track VALUES('203985','618455');
INSERT INTO playlist_track VALUES('211957','618455');
INSERT INTO track VALUES('618456','Mr. Wizard Feat. Dead Poets','http://www.jamendo.com/es/track/618456','','','163','http://mp3l.jamendo.com/?trackid=618456&format=mp31&u=0');
UPDATE track SET album_id='71594' WHERE id='618456';
UPDATE track SET text='' WHERE id='618456';
INSERT INTO playlist_track VALUES('177957','618456');
INSERT INTO playlist_track VALUES('191508','618456');
INSERT INTO playlist_track VALUES('175639','618456');
INSERT INTO playlist_track VALUES('184207','618456');
INSERT INTO playlist_track VALUES('194240','618456');
INSERT INTO playlist_track VALUES('203985','618456');
INSERT INTO playlist_track VALUES('211957','618456');
INSERT INTO track VALUES('618457','Rain','http://www.jamendo.com/es/track/618457','','','189','http://mp3l.jamendo.com/?trackid=618457&format=mp31&u=0');
UPDATE track SET album_id='71594' WHERE id='618457';
UPDATE track SET text='' WHERE id='618457';
INSERT INTO playlist_track VALUES('177957','618457');
INSERT INTO playlist_track VALUES('191508','618457');
INSERT INTO playlist_track VALUES('175639','618457');
INSERT INTO playlist_track VALUES('126560','618457');
INSERT INTO playlist_track VALUES('184207','618457');
INSERT INTO playlist_track VALUES('194240','618457');
INSERT INTO playlist_track VALUES('181897','618457');
INSERT INTO playlist_track VALUES('195175','618457');
INSERT INTO playlist_track VALUES('203985','618457');
INSERT INTO playlist_track VALUES('211957','618457');
INSERT INTO track VALUES('618458','Amanditek','http://www.jamendo.com/es/track/618458','','','156','http://mp3l.jamendo.com/?trackid=618458&format=mp31&u=0');
UPDATE track SET album_id='71594' WHERE id='618458';
UPDATE track SET text='' WHERE id='618458';
INSERT INTO playlist_track VALUES('177957','618458');
INSERT INTO playlist_track VALUES('191508','618458');
INSERT INTO playlist_track VALUES('175639','618458');
INSERT INTO playlist_track VALUES('184207','618458');
INSERT INTO playlist_track VALUES('185880','618458');
INSERT INTO playlist_track VALUES('194240','618458');
INSERT INTO playlist_track VALUES('203985','618458');
INSERT INTO playlist_track VALUES('211957','618458');
INSERT INTO track VALUES('618459','Show Me','http://www.jamendo.com/es/track/618459','','','141','http://mp3l.jamendo.com/?trackid=618459&format=mp31&u=0');
UPDATE track SET album_id='71594' WHERE id='618459';
UPDATE track SET text='' WHERE id='618459';
INSERT INTO playlist_track VALUES('177957','618459');
INSERT INTO playlist_track VALUES('191508','618459');
INSERT INTO playlist_track VALUES('175639','618459');
INSERT INTO playlist_track VALUES('184207','618459');
INSERT INTO playlist_track VALUES('194240','618459');
INSERT INTO playlist_track VALUES('203985','618459');
INSERT INTO playlist_track VALUES('211957','618459');
INSERT INTO track VALUES('618460','Someday','http://www.jamendo.com/es/track/618460','','','112','http://mp3l.jamendo.com/?trackid=618460&format=mp31&u=0');
UPDATE track SET album_id='71594' WHERE id='618460';
UPDATE track SET text='' WHERE id='618460';
INSERT INTO playlist_track VALUES('177957','618460');
INSERT INTO playlist_track VALUES('191508','618460');
INSERT INTO playlist_track VALUES('175639','618460');
INSERT INTO playlist_track VALUES('184207','618460');
INSERT INTO playlist_track VALUES('194240','618460');
INSERT INTO playlist_track VALUES('203985','618460');
INSERT INTO playlist_track VALUES('211957','618460');
INSERT INTO track VALUES('618461','RockandRoll Feat. Dead Poets','http://www.jamendo.com/es/track/618461','','','145','http://mp3l.jamendo.com/?trackid=618461&format=mp31&u=0');
UPDATE track SET album_id='71594' WHERE id='618461';
UPDATE track SET text='' WHERE id='618461';
INSERT INTO playlist_track VALUES('177957','618461');
INSERT INTO playlist_track VALUES('191508','618461');
INSERT INTO playlist_track VALUES('175639','618461');
INSERT INTO playlist_track VALUES('184207','618461');
INSERT INTO playlist_track VALUES('191611','618461');
INSERT INTO playlist_track VALUES('194240','618461');
INSERT INTO playlist_track VALUES('203985','618461');
INSERT INTO playlist_track VALUES('211957','618461');
INSERT INTO juser VALUES('1244927','grzzle','Grzzle','http://www.jamendo.com/es/user/grzzle','http://imgjam.com/avatars/jamendo/100/pro.png','de');
INSERT INTO juser VALUES('812470','CHEPIBE',' ','http://www.jamendo.com/es/user/CHEPIBE','http://imgjam.com/avatars/470/812470.100.jpg','es');
INSERT INTO juser VALUES('819273','tazerk','Tazerk','http://www.jamendo.com/es/user/tazerk','http://imgjam.com/avatars/jamendo/100/pro.png','es');
INSERT INTO album_juser VALUES('71594','1244927');
INSERT INTO album_juser VALUES('71594','812470');
INSERT INTO album_juser VALUES('71594','985684');
INSERT INTO album_juser VALUES('71594','819273');
INSERT INTO album_juser VALUES('71594','135086');
INSERT INTO juser VALUES('928788','laherera5','Laherera5','http://www.jamendo.com/es/user/laherera5','http://imgjam.com/avatars/jamendo/100/pro.png','en');
INSERT INTO juser VALUES('700075','xavourou','Xavourou','http://www.jamendo.com/es/user/xavourou','http://imgjam.com/avatars/jamendo/100/pro.png','fr');
INSERT INTO juser VALUES('82772','lis.pustyni1','Filip','http://www.jamendo.com/es/user/lis.pustyni1','http://imgjam.com/avatars/772/82772.100.jpg','en');
INSERT INTO album_juser VALUES('71594','892471');
INSERT INTO album_juser VALUES('71594','928788');
INSERT INTO album_juser VALUES('71594','836830');
INSERT INTO album_juser VALUES('71594','700075');
INSERT INTO album_juser VALUES('71594','82772');
INSERT INTO album_juser VALUES('71594','924544');
INSERT INTO album_juser VALUES('71594','986148');
INSERT INTO album_juser VALUES('71594','59700');
INSERT INTO album_juser VALUES('71594','266910');
INSERT INTO album VALUES('75057','Anitek Instrumentals Vol. 5','http://www.jamendo.com/es/album/75057','http://imgjam.com/albums/s75/75057/covers/1.100.jpg','2','3122','Hip Hop');
UPDATE album SET artist_id='359034' WHERE id='75057';
INSERT INTO track VALUES('647520','Sloppy Joe','http://www.jamendo.com/es/track/647520','','','183','http://mp3l.jamendo.com/?trackid=647520&format=mp31&u=0');
UPDATE track SET album_id='75057' WHERE id='647520';
UPDATE track SET text='' WHERE id='647520';
INSERT INTO playlist VALUES('77123','JuAnOo','http://www.jamendo.com/es/playlist/77123','14250');
INSERT INTO playlist_track VALUES('77123','647520');
INSERT INTO playlist VALUES('102779','Potpourri eclecti','http://www.jamendo.com/es/playlist/102779','8427');
INSERT INTO playlist_track VALUES('102779','647520');
INSERT INTO playlist_track VALUES('194240','647520');
INSERT INTO playlist_track VALUES('203985','647520');
INSERT INTO track VALUES('647521','Fuzz Bucket','http://www.jamendo.com/es/track/647521','','','114','http://mp3l.jamendo.com/?trackid=647521&format=mp31&u=0');
UPDATE track SET album_id='75057' WHERE id='647521';
UPDATE track SET text='' WHERE id='647521';
INSERT INTO playlist_track VALUES('77123','647521');
INSERT INTO playlist VALUES('187620','Hips'' Hop','http://www.jamendo.com/es/playlist/187620','3275');
INSERT INTO playlist_track VALUES('187620','647521');
INSERT INTO playlist_track VALUES('194240','647521');
INSERT INTO playlist_track VALUES('203985','647521');
INSERT INTO track VALUES('647522','Shitty Day','http://www.jamendo.com/es/track/647522','','','128','http://mp3l.jamendo.com/?trackid=647522&format=mp31&u=0');
UPDATE track SET album_id='75057' WHERE id='647522';
UPDATE track SET text='' WHERE id='647522';
INSERT INTO playlist VALUES('168085','Video','http://www.jamendo.com/es/playlist/168085','13364');
INSERT INTO playlist_track VALUES('168085','647522');
INSERT INTO playlist_track VALUES('77123','647522');
INSERT INTO playlist_track VALUES('194240','647522');
INSERT INTO playlist_track VALUES('203985','647522');
INSERT INTO track VALUES('647524','Mary Burger','http://www.jamendo.com/es/track/647524','','','113','http://mp3l.jamendo.com/?trackid=647524&format=mp31&u=0');
UPDATE track SET album_id='75057' WHERE id='647524';
UPDATE track SET text='' WHERE id='647524';
INSERT INTO playlist_track VALUES('77123','647524');
INSERT INTO playlist_track VALUES('194240','647524');
INSERT INTO playlist_track VALUES('203985','647524');
INSERT INTO track VALUES('647525','Si','http://www.jamendo.com/es/track/647525','','','243','http://mp3l.jamendo.com/?trackid=647525&format=mp31&u=0');
UPDATE track SET album_id='75057' WHERE id='647525';
UPDATE track SET text='' WHERE id='647525';
INSERT INTO playlist VALUES('177567','Sergey11','http://www.jamendo.com/es/playlist/177567','5204');
INSERT INTO playlist_juser VALUES('177567','157383');
INSERT INTO playlist_track VALUES('177567','647525');
INSERT INTO playlist_track VALUES('77123','647525');
INSERT INTO playlist_track VALUES('187620','647525');
INSERT INTO playlist_track VALUES('194240','647525');
INSERT INTO playlist VALUES('201182','Randomness','http://www.jamendo.com/es/playlist/201182','2209');
INSERT INTO playlist_track VALUES('201182','647525');
INSERT INTO playlist_track VALUES('203985','647525');
INSERT INTO playlist VALUES('226941','JamendoProRadioZip_trendysoft','http://www.jamendo.com/es/playlist/226941','66502');
INSERT INTO playlist_track VALUES('226941','647525');
INSERT INTO playlist VALUES('227113','JamendoProRadioZip_trendysoft','http://www.jamendo.com/es/playlist/227113','66833');
INSERT INTO playlist_track VALUES('227113','647525');
INSERT INTO playlist VALUES('227291','JamendoProRadioZip_trendysoft','http://www.jamendo.com/es/playlist/227291','66833');
INSERT INTO playlist_track VALUES('227291','647525');
INSERT INTO playlist VALUES('227443','Chill-Out','http://www.jamendo.com/es/playlist/227443','190126');
INSERT INTO playlist_track VALUES('227443','647525');
INSERT INTO playlist VALUES('227488','JamendoProRadioZip_trendysoft','http://www.jamendo.com/es/playlist/227488','66992');
INSERT INTO playlist_track VALUES('227488','647525');
INSERT INTO playlist VALUES('227513','','http://www.jamendo.com/es/playlist/227513','44541');
INSERT INTO playlist_track VALUES('227513','647525');
INSERT INTO playlist VALUES('227538','JamendoProRadioZip_trendysoft','http://www.jamendo.com/es/playlist/227538','76415');
INSERT INTO playlist_track VALUES('227538','647525');
INSERT INTO playlist VALUES('227780','JamendoProRadioZip_trendysoft','http://www.jamendo.com/es/playlist/227780','76159');
INSERT INTO playlist_track VALUES('227780','647525');
INSERT INTO track VALUES('647527','Windmills','http://www.jamendo.com/es/track/647527','','','164','http://mp3l.jamendo.com/?trackid=647527&format=mp31&u=0');
UPDATE track SET album_id='75057' WHERE id='647527';
UPDATE track SET text='' WHERE id='647527';
INSERT INTO playlist VALUES('178424','Sounds','http://www.jamendo.com/es/playlist/178424','20545');
INSERT INTO playlist_track VALUES('178424','647527');
INSERT INTO playlist_track VALUES('77123','647527');
INSERT INTO playlist VALUES('174212','Dance please!','http://www.jamendo.com/es/playlist/174212','23548');
INSERT INTO playlist_track VALUES('174212','647527');
INSERT INTO playlist_track VALUES('194240','647527');
INSERT INTO playlist VALUES('181000','EAG TV','http://www.jamendo.com/es/playlist/181000','15241');
INSERT INTO playlist_track VALUES('181000','647527');
INSERT INTO playlist_track VALUES('203985','647527');
INSERT INTO playlist_track VALUES('217854','647527');
INSERT INTO track VALUES('647528','Three Four','http://www.jamendo.com/es/track/647528','','','152','http://mp3l.jamendo.com/?trackid=647528&format=mp31&u=0');
UPDATE track SET album_id='75057' WHERE id='647528';
UPDATE track SET text='' WHERE id='647528';
INSERT INTO playlist_track VALUES('182969','647528');
INSERT INTO playlist VALUES('173492','Cover','http://www.jamendo.com/es/playlist/173492','958');
INSERT INTO playlist_track VALUES('173492','647528');
INSERT INTO playlist_track VALUES('77123','647528');
INSERT INTO playlist_track VALUES('194240','647528');
INSERT INTO playlist_track VALUES('181000','647528');
INSERT INTO playlist_track VALUES('203985','647528');
INSERT INTO track VALUES('647529','Lucky Thief','http://www.jamendo.com/es/track/647529','','','117','http://mp3l.jamendo.com/?trackid=647529&format=mp31&u=0');
UPDATE track SET album_id='75057' WHERE id='647529';
UPDATE track SET text='' WHERE id='647529';
INSERT INTO playlist_track VALUES('77123','647529');
INSERT INTO playlist_track VALUES('194240','647529');
INSERT INTO playlist_track VALUES('203985','647529');
INSERT INTO track VALUES('647530','Ahhh!','http://www.jamendo.com/es/track/647530','','','147','http://mp3l.jamendo.com/?trackid=647530&format=mp31&u=0');
UPDATE track SET album_id='75057' WHERE id='647530';
UPDATE track SET text='' WHERE id='647530';
INSERT INTO playlist_track VALUES('77123','647530');
INSERT INTO playlist_track VALUES('187620','647530');
INSERT INTO playlist VALUES('192907','Theatre','http://www.jamendo.com/es/playlist/192907','2392');
INSERT INTO playlist_track VALUES('192907','647530');
INSERT INTO playlist VALUES('104070','Electronic wirrwarr','http://www.jamendo.com/es/playlist/104070','5192');
INSERT INTO playlist_track VALUES('104070','647530');
INSERT INTO playlist_track VALUES('194240','647530');
INSERT INTO playlist_track VALUES('203985','647530');
INSERT INTO track VALUES('647531','Queen Murray','http://www.jamendo.com/es/track/647531','','','152','http://mp3l.jamendo.com/?trackid=647531&format=mp31&u=0');
UPDATE track SET album_id='75057' WHERE id='647531';
UPDATE track SET text='' WHERE id='647531';
INSERT INTO playlist_track VALUES('77123','647531');
INSERT INTO playlist_track VALUES('187620','647531');
INSERT INTO playlist_track VALUES('194240','647531');
INSERT INTO playlist_track VALUES('203985','647531');
INSERT INTO track VALUES('647532','Middle Western','http://www.jamendo.com/es/track/647532','','','146','http://mp3l.jamendo.com/?trackid=647532&format=mp31&u=0');
UPDATE track SET album_id='75057' WHERE id='647532';
UPDATE track SET text='' WHERE id='647532';
INSERT INTO playlist_track VALUES('77123','647532');
INSERT INTO playlist_track VALUES('194240','647532');
INSERT INTO playlist_track VALUES('203985','647532');
INSERT INTO track VALUES('647533','Vacation','http://www.jamendo.com/es/track/647533','','en','167','http://mp3l.jamendo.com/?trackid=647533&format=mp31&u=0');
UPDATE track SET album_id='75057' WHERE id='647533';
UPDATE track SET text='' WHERE id='647533';
INSERT INTO playlist_track VALUES('77123','647533');
INSERT INTO playlist_track VALUES('187620','647533');
INSERT INTO playlist_track VALUES('174212','647533');
INSERT INTO playlist_track VALUES('194240','647533');
INSERT INTO playlist_track VALUES('203985','647533');
INSERT INTO playlist VALUES('207779','[̲̅A̲̅]bstract [̲̅H̲̅]ip[̲̅H̲̅]op ▀▄▀','http://www.jamendo.com/es/playlist/207779','2777');
INSERT INTO playlist_track VALUES('207779','647533');
INSERT INTO track VALUES('647534','Fun House','http://www.jamendo.com/es/track/647534','','','170','http://mp3l.jamendo.com/?trackid=647534&format=mp31&u=0');
UPDATE track SET album_id='75057' WHERE id='647534';
UPDATE track SET text='' WHERE id='647534';
INSERT INTO playlist_track VALUES('77123','647534');
INSERT INTO playlist_track VALUES('104070','647534');
INSERT INTO playlist_track VALUES('194240','647534');
INSERT INTO playlist_track VALUES('203985','647534');
INSERT INTO playlist_track VALUES('207779','647534');
INSERT INTO track VALUES('647535','Say No Prayer For Me','http://www.jamendo.com/es/track/647535','','','158','http://mp3l.jamendo.com/?trackid=647535&format=mp31&u=0');
UPDATE track SET album_id='75057' WHERE id='647535';
UPDATE track SET text='' WHERE id='647535';
INSERT INTO playlist_track VALUES('77123','647535');
INSERT INTO playlist_track VALUES('194240','647535');
INSERT INTO playlist_track VALUES('203985','647535');
INSERT INTO track VALUES('647536','Detox','http://www.jamendo.com/es/track/647536','','','147','http://mp3l.jamendo.com/?trackid=647536&format=mp31&u=0');
UPDATE track SET album_id='75057' WHERE id='647536';
UPDATE track SET text='' WHERE id='647536';
INSERT INTO playlist_track VALUES('77123','647536');
INSERT INTO playlist_track VALUES('187620','647536');
INSERT INTO playlist_track VALUES('194240','647536');
INSERT INTO playlist_track VALUES('203985','647536');
INSERT INTO track VALUES('647537','Saya Chyan','http://www.jamendo.com/es/track/647537','','','145','http://mp3l.jamendo.com/?trackid=647537&format=mp31&u=0');
UPDATE track SET album_id='75057' WHERE id='647537';
UPDATE track SET text='' WHERE id='647537';
INSERT INTO playlist_track VALUES('77123','647537');
INSERT INTO playlist_track VALUES('194240','647537');
INSERT INTO playlist_track VALUES('203985','647537');
INSERT INTO track VALUES('647538','Growing Old','http://www.jamendo.com/es/track/647538','','','170','http://mp3l.jamendo.com/?trackid=647538&format=mp31&u=0');
UPDATE track SET album_id='75057' WHERE id='647538';
UPDATE track SET text='' WHERE id='647538';
INSERT INTO playlist_track VALUES('168085','647538');
INSERT INTO playlist_track VALUES('77123','647538');
INSERT INTO playlist_track VALUES('187620','647538');
INSERT INTO playlist_track VALUES('104070','647538');
INSERT INTO playlist_track VALUES('194240','647538');
INSERT INTO playlist_track VALUES('201182','647538');
INSERT INTO playlist_track VALUES('203985','647538');
INSERT INTO track VALUES('647539','Cruella','http://www.jamendo.com/es/track/647539','','','158','http://mp3l.jamendo.com/?trackid=647539&format=mp31&u=0');
UPDATE track SET album_id='75057' WHERE id='647539';
UPDATE track SET text='' WHERE id='647539';
INSERT INTO playlist_track VALUES('77123','647539');
INSERT INTO playlist_track VALUES('194240','647539');
INSERT INTO playlist_track VALUES('203985','647539');
INSERT INTO track VALUES('647540','Strong Hand','http://www.jamendo.com/es/track/647540','','','158','http://mp3l.jamendo.com/?trackid=647540&format=mp31&u=0');
UPDATE track SET album_id='75057' WHERE id='647540';
UPDATE track SET text='' WHERE id='647540';
INSERT INTO playlist_track VALUES('77123','647540');
INSERT INTO playlist_track VALUES('194240','647540');
INSERT INTO playlist_track VALUES('203985','647540');
INSERT INTO playlist_track VALUES('201182','647540');
INSERT INTO track VALUES('647541','Champioonee','http://www.jamendo.com/es/track/647541','','','112','http://mp3l.jamendo.com/?trackid=647541&format=mp31&u=0');
UPDATE track SET album_id='75057' WHERE id='647541';
UPDATE track SET text='' WHERE id='647541';
INSERT INTO playlist_track VALUES('77123','647541');
INSERT INTO playlist_track VALUES('187620','647541');
INSERT INTO playlist_track VALUES('174212','647541');
INSERT INTO playlist_track VALUES('194240','647541');
INSERT INTO playlist_track VALUES('181897','647541');
INSERT INTO playlist VALUES('195417','Hip hop','http://www.jamendo.com/es/playlist/195417','112');
INSERT INTO playlist_track VALUES('195417','647541');
INSERT INTO playlist_track VALUES('181000','647541');
INSERT INTO playlist_track VALUES('202024','647541');
INSERT INTO playlist_track VALUES('203985','647541');
INSERT INTO track VALUES('647559','Operator','http://www.jamendo.com/es/track/647559','','','78','http://mp3l.jamendo.com/?trackid=647559&format=mp31&u=0');
UPDATE track SET album_id='75057' WHERE id='647559';
UPDATE track SET text='' WHERE id='647559';
INSERT INTO playlist_track VALUES('186185','647559');
INSERT INTO playlist_track VALUES('77123','647559');
INSERT INTO playlist_track VALUES('104070','647559');
INSERT INTO playlist_track VALUES('194240','647559');
INSERT INTO playlist_track VALUES('201182','647559');
INSERT INTO playlist_track VALUES('203985','647559');
INSERT INTO juser VALUES('482726','jborrego','Jborrego','http://www.jamendo.com/es/user/jborrego','http://imgjam.com/avatars/726/482726.100.gif','es');
INSERT INTO juser VALUES('158748','ernest01',' ','http://www.jamendo.com/es/user/ernest01','http://imgjam.com/avatars/questionmark/avatar.100.gif','pl');
INSERT INTO juser VALUES('845804','lovelilou',' ','http://www.jamendo.com/es/user/lovelilou','http://imgjam.com/avatars/804/845804.100.png','fr');
INSERT INTO album_juser VALUES('75057','482726');
INSERT INTO album_juser VALUES('75057','3073736');
INSERT INTO album_juser VALUES('75057','985684');
INSERT INTO album_juser VALUES('75057','158748');
INSERT INTO album_juser VALUES('75057','845804');
INSERT INTO juser VALUES('478763','kileek','Kileek','http://www.jamendo.com/es/user/kileek','http://imgjam.com/avatars/jamendo/100/pro.png','en');
INSERT INTO juser VALUES('3719','drerock','Drerock','http://www.jamendo.com/es/user/drerock','http://imgjam.com/avatars/719/3719.100.jpg','en');
INSERT INTO juser VALUES('957096','awanderer','Awanderer','http://www.jamendo.com/es/user/awanderer','http://imgjam.com/avatars/jamendo/100/pro.png','fr');
INSERT INTO album_juser VALUES('75057','711533');
INSERT INTO album_juser VALUES('75057','478763');
INSERT INTO album_juser VALUES('75057','3719');
INSERT INTO album_juser VALUES('75057','135086');
INSERT INTO album_juser VALUES('75057','957096');
INSERT INTO juser VALUES('934415','MidoriKid','Midorikid','http://www.jamendo.com/es/user/MidoriKid','http://imgjam.com/avatars/jamendo/100/pro.png','en');
INSERT INTO juser VALUES('973577','sapiensog','Sapiensog','http://www.jamendo.com/es/user/sapiensog','http://imgjam.com/avatars/jamendo/100/pro.png','en');
INSERT INTO album_juser VALUES('75057','836830');
INSERT INTO album_juser VALUES('75057','934415');
INSERT INTO album_juser VALUES('75057','82772');
INSERT INTO album_juser VALUES('75057','973577');
INSERT INTO album_juser VALUES('75057','986148');
INSERT INTO juser VALUES('514012','annamundi',' ','http://www.jamendo.com/es/user/annamundi','http://imgjam.com/avatars/12/514012.100.jpg','fr');
INSERT INTO juser VALUES('1045607','tema29','Tema29','http://www.jamendo.com/es/user/tema29','http://imgjam.com/avatars/jamendo/100/pro.png','fr');
INSERT INTO juser VALUES('569842','alesiram','Alesiram','http://www.jamendo.com/es/user/alesiram','http://imgjam.com/avatars/842/569842.100.png','es');
INSERT INTO album_juser VALUES('75057','514012');
INSERT INTO album_juser VALUES('75057','1045607');
INSERT INTO album_juser VALUES('75057','569842');
INSERT INTO album_juser VALUES('75057','59700');
INSERT INTO album_juser VALUES('75057','924544');
INSERT INTO album VALUES('76553','Anitek Instrumentals Vol. 6','http://www.jamendo.com/es/album/76553','http://imgjam.com/albums/s76/76553/covers/1.100.jpg','2','3178','Trip Hop');
UPDATE album SET artist_id='359034' WHERE id='76553';
INSERT INTO track VALUES('659885','Self Righteous','http://www.jamendo.com/es/track/659885','','','188','http://mp3l.jamendo.com/?trackid=659885&format=mp31&u=0');
UPDATE track SET album_id='76553' WHERE id='659885';
UPDATE track SET text='' WHERE id='659885';
INSERT INTO playlist_track VALUES('182969','659885');
INSERT INTO playlist_track VALUES('184207','659885');
INSERT INTO playlist_track VALUES('194240','659885');
INSERT INTO playlist_track VALUES('181897','659885');
INSERT INTO playlist_track VALUES('195175','659885');
INSERT INTO playlist_track VALUES('203985','659885');
INSERT INTO playlist VALUES('212694','132','http://www.jamendo.com/es/playlist/212694','57608');
INSERT INTO playlist_track VALUES('212694','659885');
INSERT INTO playlist VALUES('212730','139','http://www.jamendo.com/es/playlist/212730','57608');
INSERT INTO playlist_track VALUES('212730','659885');
INSERT INTO playlist VALUES('226402','JamendoProRadioZip_groovedancepop','http://www.jamendo.com/es/playlist/226402','69178');
INSERT INTO playlist_track VALUES('226402','659885');
INSERT INTO playlist VALUES('222006','169','http://www.jamendo.com/es/playlist/222006','60997');
INSERT INTO playlist_track VALUES('222006','659885');
INSERT INTO playlist VALUES('226321','JamendoProRadioZip_groovedancepop','http://www.jamendo.com/es/playlist/226321','69836');
INSERT INTO playlist_track VALUES('226321','659885');
INSERT INTO playlist VALUES('226431','JamendoProRadioZip_groovedancepop','http://www.jamendo.com/es/playlist/226431','69178');
INSERT INTO playlist_track VALUES('226431','659885');
INSERT INTO playlist VALUES('226562','JamendoProRadioZip_groovedancepop','http://www.jamendo.com/es/playlist/226562','69185');
INSERT INTO playlist_track VALUES('226562','659885');
INSERT INTO playlist_track VALUES('226743','659885');
INSERT INTO playlist_track VALUES('226772','659885');
INSERT INTO playlist_track VALUES('226935','659885');
INSERT INTO playlist_track VALUES('226926','659885');
INSERT INTO playlist_track VALUES('227107','659885');
INSERT INTO playlist_track VALUES('227285','659885');
INSERT INTO playlist_track VALUES('227311','659885');
INSERT INTO track VALUES('659886','Walking Bird','http://www.jamendo.com/es/track/659886','','','162','http://mp3l.jamendo.com/?trackid=659886&format=mp31&u=0');
UPDATE track SET album_id='76553' WHERE id='659886';
UPDATE track SET text='' WHERE id='659886';
INSERT INTO playlist_track VALUES('182969','659886');
INSERT INTO playlist VALUES('226417','JamendoProRadioZip_ambientlounge','http://www.jamendo.com/es/playlist/226417','45806');
INSERT INTO playlist_track VALUES('226417','659886');
INSERT INTO playlist_track VALUES('184207','659886');
INSERT INTO playlist VALUES('153779','Mitternachtsmusik','http://www.jamendo.com/es/playlist/153779','7756');
INSERT INTO playlist_track VALUES('153779','659886');
INSERT INTO playlist_track VALUES('194240','659886');
INSERT INTO playlist VALUES('201251','UNO','http://www.jamendo.com/es/playlist/201251','4706');
INSERT INTO playlist_track VALUES('201251','659886');
INSERT INTO playlist VALUES('202034','Lounge 2011','http://www.jamendo.com/es/playlist/202034','40090');
INSERT INTO playlist_track VALUES('202034','659886');
INSERT INTO playlist VALUES('202656','Lounge 2011 B','http://www.jamendo.com/es/playlist/202656','40090');
INSERT INTO playlist_track VALUES('202656','659886');
INSERT INTO playlist_track VALUES('203985','659886');
INSERT INTO playlist VALUES('209180','Like iT','http://www.jamendo.com/es/playlist/209180','5351');
INSERT INTO playlist_track VALUES('209180','659886');
INSERT INTO playlist VALUES('209847','Epic','http://www.jamendo.com/es/playlist/209847','11153');
INSERT INTO playlist_track VALUES('209847','659886');
INSERT INTO playlist VALUES('212208','123','http://www.jamendo.com/es/playlist/212208','44966');
INSERT INTO playlist_track VALUES('212208','659886');
INSERT INTO playlist VALUES('212679','126','http://www.jamendo.com/es/playlist/212679','44966');
INSERT INTO playlist_track VALUES('212679','659886');
INSERT INTO playlist VALUES('212717','133','http://www.jamendo.com/es/playlist/212717','44966');
INSERT INTO playlist_track VALUES('212717','659886');
INSERT INTO playlist VALUES('217499','Phd','http://www.jamendo.com/es/playlist/217499','18129');
INSERT INTO playlist_track VALUES('217499','659886');
INSERT INTO playlist VALUES('220200','Trip Hop','http://www.jamendo.com/es/playlist/220200','842');
INSERT INTO playlist_track VALUES('220200','659886');
INSERT INTO playlist VALUES('185342','Timelapse','http://www.jamendo.com/es/playlist/185342','29522');
INSERT INTO playlist_track VALUES('185342','659886');
INSERT INTO playlist VALUES('221995','163','http://www.jamendo.com/es/playlist/221995','46126');
INSERT INTO playlist_track VALUES('221995','659886');
INSERT INTO playlist VALUES('226336','JamendoProRadioZip_ambientlounge','http://www.jamendo.com/es/playlist/226336','46787');
INSERT INTO playlist_track VALUES('226336','659886');
INSERT INTO playlist VALUES('226553','JamendoProRadioZip_ambientlounge','http://www.jamendo.com/es/playlist/226553','45694');
INSERT INTO playlist_track VALUES('226553','659886');
INSERT INTO track VALUES('659887','120 hours','http://www.jamendo.com/es/track/659887','','','60','http://mp3l.jamendo.com/?trackid=659887&format=mp31&u=0');
UPDATE track SET album_id='76553' WHERE id='659887';
UPDATE track SET text='' WHERE id='659887';
INSERT INTO playlist_track VALUES('184207','659887');
INSERT INTO playlist_track VALUES('194240','659887');
INSERT INTO playlist_track VALUES('203985','659887');
INSERT INTO playlist VALUES('198507','Čill','http://www.jamendo.com/es/playlist/198507','846');
INSERT INTO playlist_track VALUES('198507','659887');
INSERT INTO track VALUES('659888','Feedback','http://www.jamendo.com/es/track/659888','','','154','http://mp3l.jamendo.com/?trackid=659888&format=mp31&u=0');
UPDATE track SET album_id='76553' WHERE id='659888';
UPDATE track SET text='' WHERE id='659888';
INSERT INTO playlist VALUES('183527','Triphop dub hiphop','http://www.jamendo.com/es/playlist/183527','8812');
INSERT INTO playlist_track VALUES('183527','659888');
INSERT INTO playlist VALUES('226408','JamendoProRadioZip_trendysoft','http://www.jamendo.com/es/playlist/226408','45549');
INSERT INTO playlist_track VALUES('226408','659888');
INSERT INTO playlist_track VALUES('184207','659888');
INSERT INTO playlist VALUES('187543','Chillout lounge','http://www.jamendo.com/es/playlist/187543','12685');
INSERT INTO juser VALUES('1057211','digitalverwindung',' ','http://www.jamendo.com/es/user/digitalverwindung','http://imgjam.com/avatars/211/1057211.100.jpg','ru');
INSERT INTO playlist_juser VALUES('187543','1057211');
INSERT INTO playlist_track VALUES('187543','659888');
INSERT INTO playlist_track VALUES('194240','659888');
INSERT INTO playlist VALUES('202035','Trendy Instrumental 2011','http://www.jamendo.com/es/playlist/202035','33230');
INSERT INTO playlist_track VALUES('202035','659888');
INSERT INTO playlist VALUES('202655','Trendy Instrumental 2011 B','http://www.jamendo.com/es/playlist/202655','33230');
INSERT INTO playlist_track VALUES('202655','659888');
INSERT INTO playlist_track VALUES('203985','659888');
INSERT INTO playlist VALUES('212795','145','http://www.jamendo.com/es/playlist/212795','41834');
INSERT INTO playlist_track VALUES('212795','659888');
INSERT INTO playlist VALUES('212912','154','http://www.jamendo.com/es/playlist/212912','41834');
INSERT INTO playlist_track VALUES('212912','659888');
INSERT INTO playlist VALUES('222016','175','http://www.jamendo.com/es/playlist/222016','42400');
INSERT INTO playlist_track VALUES('222016','659888');
INSERT INTO playlist VALUES('226327','JamendoProRadioZip_trendysoft','http://www.jamendo.com/es/playlist/226327','45179');
INSERT INTO playlist_track VALUES('226327','659888');
INSERT INTO playlist VALUES('226544','JamendoProRadioZip_trendysoft','http://www.jamendo.com/es/playlist/226544','45331');
INSERT INTO playlist_track VALUES('226544','659888');
INSERT INTO playlist VALUES('226727','JamendoProRadioZip_trendysoft','http://www.jamendo.com/es/playlist/226727','46432');
INSERT INTO playlist_track VALUES('226727','659888');
INSERT INTO playlist VALUES('226847','JamendoProRadioZip_trendysoft','http://www.jamendo.com/es/playlist/226847','45065');
INSERT INTO playlist_track VALUES('226847','659888');
INSERT INTO playlist_track VALUES('226941','659888');
INSERT INTO playlist_track VALUES('227113','659888');
INSERT INTO playlist_track VALUES('227291','659888');
INSERT INTO playlist_track VALUES('227311','659888');
INSERT INTO playlist_track VALUES('227443','659888');
INSERT INTO track VALUES('659889','Vapor Diving','http://www.jamendo.com/es/track/659889','','','164','http://mp3l.jamendo.com/?trackid=659889&format=mp31&u=0');
UPDATE track SET album_id='76553' WHERE id='659889';
UPDATE track SET text='' WHERE id='659889';
INSERT INTO playlist VALUES('226419','JamendoProRadioZip_electronica','http://www.jamendo.com/es/playlist/226419','71154');
INSERT INTO playlist_track VALUES('226419','659889');
INSERT INTO playlist_track VALUES('184207','659889');
INSERT INTO playlist_track VALUES('194240','659889');
INSERT INTO playlist VALUES('202032','Electro 2011','http://www.jamendo.com/es/playlist/202032','63412');
INSERT INTO playlist_track VALUES('202032','659889');
INSERT INTO playlist VALUES('202658','Electro 2011 B','http://www.jamendo.com/es/playlist/202658','63412');
INSERT INTO playlist_track VALUES('202658','659889');
INSERT INTO playlist_track VALUES('203985','659889');
INSERT INTO playlist VALUES('212212','125','http://www.jamendo.com/es/playlist/212212','64448');
INSERT INTO playlist_track VALUES('212212','659889');
INSERT INTO playlist VALUES('212686','128','http://www.jamendo.com/es/playlist/212686','64448');
INSERT INTO playlist_track VALUES('212686','659889');
INSERT INTO playlist_track VALUES('212694','659889');
INSERT INTO playlist VALUES('212721','135','http://www.jamendo.com/es/playlist/212721','64448');
INSERT INTO playlist_track VALUES('212721','659889');
INSERT INTO playlist_track VALUES('212730','659889');
INSERT INTO playlist_track VALUES('226402','659889');
INSERT INTO playlist VALUES('221998','165','http://www.jamendo.com/es/playlist/221998','68958');
INSERT INTO playlist_track VALUES('221998','659889');
INSERT INTO playlist_track VALUES('222006','659889');
INSERT INTO playlist_track VALUES('226321','659889');
INSERT INTO playlist VALUES('226338','JamendoProRadioZip_electronica','http://www.jamendo.com/es/playlist/226338','74417');
INSERT INTO playlist_track VALUES('226338','659889');
INSERT INTO playlist_track VALUES('226431','659889');
INSERT INTO playlist VALUES('226555','JamendoProRadioZip_electronica','http://www.jamendo.com/es/playlist/226555','70569');
INSERT INTO playlist_track VALUES('226555','659889');
INSERT INTO playlist_track VALUES('226562','659889');
INSERT INTO playlist VALUES('226738','JamendoProRadioZip_electronica','http://www.jamendo.com/es/playlist/226738','73372');
INSERT INTO playlist_track VALUES('226738','659889');
INSERT INTO track VALUES('659890','Skeezix','http://www.jamendo.com/es/track/659890','','','250','http://mp3l.jamendo.com/?trackid=659890&format=mp31&u=0');
UPDATE track SET album_id='76553' WHERE id='659890';
UPDATE track SET text='' WHERE id='659890';
INSERT INTO playlist_track VALUES('184207','659890');
INSERT INTO playlist_track VALUES('194240','659890');
INSERT INTO playlist_track VALUES('203985','659890');
INSERT INTO track VALUES('659891','Of No Importance','http://www.jamendo.com/es/track/659891','','','111','http://mp3l.jamendo.com/?trackid=659891&format=mp31&u=0');
UPDATE track SET album_id='76553' WHERE id='659891';
UPDATE track SET text='' WHERE id='659891';
INSERT INTO playlist_track VALUES('184207','659891');
INSERT INTO playlist_track VALUES('188222','659891');
INSERT INTO playlist_track VALUES('194240','659891');
INSERT INTO playlist_track VALUES('203985','659891');
INSERT INTO track VALUES('659892','Lost Hope','http://www.jamendo.com/es/track/659892','','','130','http://mp3l.jamendo.com/?trackid=659892&format=mp31&u=0');
UPDATE track SET album_id='76553' WHERE id='659892';
UPDATE track SET text='' WHERE id='659892';
INSERT INTO playlist_track VALUES('226417','659892');
INSERT INTO playlist_track VALUES('226408','659892');
INSERT INTO playlist_track VALUES('184207','659892');
INSERT INTO playlist_track VALUES('194240','659892');
INSERT INTO playlist_track VALUES('202035','659892');
INSERT INTO playlist_track VALUES('202034','659892');
INSERT INTO playlist_track VALUES('202655','659892');
INSERT INTO playlist_track VALUES('202656','659892');
INSERT INTO playlist_track VALUES('203985','659892');
INSERT INTO playlist_track VALUES('212208','659892');
INSERT INTO playlist_track VALUES('212679','659892');
INSERT INTO playlist_track VALUES('212717','659892');
INSERT INTO playlist_track VALUES('212795','659892');
INSERT INTO playlist_track VALUES('212912','659892');
INSERT INTO playlist_track VALUES('220200','659892');
INSERT INTO playlist_track VALUES('221995','659892');
INSERT INTO playlist_track VALUES('222016','659892');
INSERT INTO playlist_track VALUES('226327','659892');
INSERT INTO playlist_track VALUES('226336','659892');
INSERT INTO playlist_track VALUES('226544','659892');
INSERT INTO track VALUES('659893','Mind of Xela','http://www.jamendo.com/es/track/659893','','','144','http://mp3l.jamendo.com/?trackid=659893&format=mp31&u=0');
UPDATE track SET album_id='76553' WHERE id='659893';
UPDATE track SET text='' WHERE id='659893';
INSERT INTO playlist_track VALUES('184207','659893');
INSERT INTO playlist_track VALUES('194240','659893');
INSERT INTO playlist_track VALUES('203985','659893');
INSERT INTO track VALUES('659894','Gland Man','http://www.jamendo.com/es/track/659894','','','148','http://mp3l.jamendo.com/?trackid=659894&format=mp31&u=0');
UPDATE track SET album_id='76553' WHERE id='659894';
UPDATE track SET text='' WHERE id='659894';
INSERT INTO playlist VALUES('181880','Triphop jazz','http://www.jamendo.com/es/playlist/181880','5925');
INSERT INTO playlist_track VALUES('181880','659894');
INSERT INTO playlist_track VALUES('184207','659894');
INSERT INTO playlist_track VALUES('188222','659894');
INSERT INTO playlist_track VALUES('194240','659894');
INSERT INTO playlist_track VALUES('201251','659894');
INSERT INTO playlist VALUES('203294','Soul Funk 2011','http://www.jamendo.com/es/playlist/203294','7411');
INSERT INTO playlist_juser VALUES('203294','583803');
INSERT INTO playlist_track VALUES('203294','659894');
INSERT INTO playlist_track VALUES('203985','659894');
INSERT INTO playlist_track VALUES('212694','659894');
INSERT INTO playlist_track VALUES('212730','659894');
INSERT INTO playlist_track VALUES('226402','659894');
INSERT INTO playlist_track VALUES('222006','659894');
INSERT INTO playlist_track VALUES('226321','659894');
INSERT INTO playlist_track VALUES('226431','659894');
INSERT INTO playlist_track VALUES('226562','659894');
INSERT INTO playlist_track VALUES('226743','659894');
INSERT INTO playlist_track VALUES('226772','659894');
INSERT INTO playlist_track VALUES('226935','659894');
INSERT INTO playlist_track VALUES('226926','659894');
INSERT INTO playlist_track VALUES('227107','659894');
INSERT INTO playlist_track VALUES('227285','659894');
INSERT INTO track VALUES('659895','Blowjob Talk','http://www.jamendo.com/es/track/659895','','','97','http://mp3l.jamendo.com/?trackid=659895&format=mp31&u=0');
UPDATE track SET album_id='76553' WHERE id='659895';
UPDATE track SET text='' WHERE id='659895';
INSERT INTO playlist_track VALUES('184207','659895');
INSERT INTO playlist_track VALUES('194240','659895');
INSERT INTO playlist_track VALUES('203985','659895');
INSERT INTO playlist_track VALUES('198507','659895');
INSERT INTO track VALUES('659896','Sunrise','http://www.jamendo.com/es/track/659896','','','189','http://mp3l.jamendo.com/?trackid=659896&format=mp31&u=0');
UPDATE track SET album_id='76553' WHERE id='659896';
UPDATE track SET text='' WHERE id='659896';
INSERT INTO playlist_track VALUES('226419','659896');
INSERT INTO playlist_track VALUES('181880','659896');
INSERT INTO playlist_track VALUES('184207','659896');
INSERT INTO playlist_track VALUES('194240','659896');
INSERT INTO playlist_track VALUES('202032','659896');
INSERT INTO playlist_track VALUES('202658','659896');
INSERT INTO playlist_track VALUES('203294','659896');
INSERT INTO playlist_track VALUES('203985','659896');
INSERT INTO playlist_track VALUES('212212','659896');
INSERT INTO playlist_track VALUES('212686','659896');
INSERT INTO playlist_track VALUES('212694','659896');
INSERT INTO playlist_track VALUES('212721','659896');
INSERT INTO playlist_track VALUES('212730','659896');
INSERT INTO playlist_track VALUES('226402','659896');
INSERT INTO playlist_track VALUES('221998','659896');
INSERT INTO playlist_track VALUES('222006','659896');
INSERT INTO playlist_track VALUES('226321','659896');
INSERT INTO playlist_track VALUES('226338','659896');
INSERT INTO playlist_track VALUES('226431','659896');
INSERT INTO playlist_track VALUES('226555','659896');
INSERT INTO track VALUES('659897','In The Middle','http://www.jamendo.com/es/track/659897','','','166','http://mp3l.jamendo.com/?trackid=659897&format=mp31&u=0');
UPDATE track SET album_id='76553' WHERE id='659897';
UPDATE track SET text='' WHERE id='659897';
INSERT INTO playlist_track VALUES('182969','659897');
INSERT INTO playlist_track VALUES('226419','659897');
INSERT INTO playlist_track VALUES('226417','659897');
INSERT INTO playlist_track VALUES('184207','659897');
INSERT INTO playlist_track VALUES('194240','659897');
INSERT INTO playlist_track VALUES('202032','659897');
INSERT INTO playlist_track VALUES('202034','659897');
INSERT INTO playlist_track VALUES('202656','659897');
INSERT INTO playlist_track VALUES('202658','659897');
INSERT INTO playlist_track VALUES('203294','659897');
INSERT INTO playlist_track VALUES('203985','659897');
INSERT INTO playlist VALUES('192433','Best of Jamendo (Instrumental)','http://www.jamendo.com/es/playlist/192433','9398');
INSERT INTO juser VALUES('910958','RBN1967','Rodolfo barbaste','http://www.jamendo.com/es/user/RBN1967','http://imgjam.com/avatars/958/910958.100.jpg','en');
INSERT INTO playlist_juser VALUES('192433','910958');
INSERT INTO playlist_track VALUES('192433','659897');
INSERT INTO playlist_track VALUES('212208','659897');
INSERT INTO playlist_track VALUES('212212','659897');
INSERT INTO playlist_track VALUES('212679','659897');
INSERT INTO playlist_track VALUES('212686','659897');
INSERT INTO playlist_track VALUES('212694','659897');
INSERT INTO playlist_track VALUES('212717','659897');
INSERT INTO playlist_track VALUES('212721','659897');
INSERT INTO playlist_track VALUES('212730','659897');
INSERT INTO track VALUES('659898','All Hail He','http://www.jamendo.com/es/track/659898','','','169','http://mp3l.jamendo.com/?trackid=659898&format=mp31&u=0');
UPDATE track SET album_id='76553' WHERE id='659898';
UPDATE track SET text='' WHERE id='659898';
INSERT INTO playlist_track VALUES('184207','659898');
INSERT INTO playlist_track VALUES('194240','659898');
INSERT INTO playlist_track VALUES('203985','659898');
INSERT INTO track VALUES('659899','Dampness','http://www.jamendo.com/es/track/659899','','','150','http://mp3l.jamendo.com/?trackid=659899&format=mp31&u=0');
UPDATE track SET album_id='76553' WHERE id='659899';
UPDATE track SET text='' WHERE id='659899';
INSERT INTO playlist_track VALUES('184207','659899');
INSERT INTO playlist_track VALUES('194240','659899');
INSERT INTO playlist_track VALUES('203985','659899');
INSERT INTO track VALUES('659900','Don''t Let Me Know','http://www.jamendo.com/es/track/659900','','','147','http://mp3l.jamendo.com/?trackid=659900&format=mp31&u=0');
UPDATE track SET album_id='76553' WHERE id='659900';
UPDATE track SET text='' WHERE id='659900';
INSERT INTO playlist_track VALUES('184207','659900');
INSERT INTO playlist VALUES('184117','For martin &amp; angelica @fb','http://www.jamendo.com/es/playlist/184117','86509');
INSERT INTO playlist_juser VALUES('184117','924544');
INSERT INTO playlist_track VALUES('184117','659900');
INSERT INTO playlist_track VALUES('194240','659900');
INSERT INTO playlist_track VALUES('203985','659900');
INSERT INTO playlist_track VALUES('217499','659900');
INSERT INTO track VALUES('659901','End of The World','http://www.jamendo.com/es/track/659901','','','183','http://mp3l.jamendo.com/?trackid=659901&format=mp31&u=0');
UPDATE track SET album_id='76553' WHERE id='659901';
UPDATE track SET text='' WHERE id='659901';
INSERT INTO playlist_track VALUES('184207','659901');
INSERT INTO playlist_track VALUES('194240','659901');
INSERT INTO playlist_track VALUES('203985','659901');
INSERT INTO track VALUES('659902','Extraction','http://www.jamendo.com/es/track/659902','','','215','http://mp3l.jamendo.com/?trackid=659902&format=mp31&u=0');
UPDATE track SET album_id='76553' WHERE id='659902';
UPDATE track SET text='' WHERE id='659902';
INSERT INTO playlist_track VALUES('226417','659902');
INSERT INTO playlist_track VALUES('184207','659902');
INSERT INTO playlist_track VALUES('194240','659902');
INSERT INTO playlist_track VALUES('202034','659902');
INSERT INTO playlist_track VALUES('202656','659902');
INSERT INTO playlist_track VALUES('203985','659902');
INSERT INTO playlist_track VALUES('212208','659902');
INSERT INTO playlist_track VALUES('212679','659902');
INSERT INTO playlist_track VALUES('212717','659902');
INSERT INTO playlist_track VALUES('198507','659902');
INSERT INTO playlist_track VALUES('220200','659902');
INSERT INTO playlist_track VALUES('221995','659902');
INSERT INTO playlist_track VALUES('226336','659902');
INSERT INTO playlist_track VALUES('226553','659902');
INSERT INTO playlist VALUES('226736','JamendoProRadioZip_ambientlounge','http://www.jamendo.com/es/playlist/226736','47479');
INSERT INTO playlist_track VALUES('226736','659902');
INSERT INTO playlist VALUES('226856','JamendoProRadioZip_ambientlounge','http://www.jamendo.com/es/playlist/226856','45211');
INSERT INTO playlist_track VALUES('226856','659902');
INSERT INTO playlist VALUES('226950','JamendoProRadioZip_ambientlounge','http://www.jamendo.com/es/playlist/226950','64981');
INSERT INTO playlist_track VALUES('226950','659902');
INSERT INTO playlist VALUES('227122','JamendoProRadioZip_ambientlounge','http://www.jamendo.com/es/playlist/227122','64624');
INSERT INTO playlist_track VALUES('227122','659902');
INSERT INTO playlist VALUES('227300','JamendoProRadioZip_ambientlounge','http://www.jamendo.com/es/playlist/227300','64362');
INSERT INTO playlist_track VALUES('227300','659902');
INSERT INTO playlist_track VALUES('227311','659902');
INSERT INTO track VALUES('659903','Honey','http://www.jamendo.com/es/track/659903','','','179','http://mp3l.jamendo.com/?trackid=659903&format=mp31&u=0');
UPDATE track SET album_id='76553' WHERE id='659903';
UPDATE track SET text='' WHERE id='659903';
INSERT INTO playlist_track VALUES('183527','659903');
INSERT INTO playlist_track VALUES('184207','659903');
INSERT INTO playlist_track VALUES('194240','659903');
INSERT INTO playlist_track VALUES('203985','659903');
INSERT INTO track VALUES('659904','Taken Advice','http://www.jamendo.com/es/track/659904','','','172','http://mp3l.jamendo.com/?trackid=659904&format=mp31&u=0');
UPDATE track SET album_id='76553' WHERE id='659904';
UPDATE track SET text='' WHERE id='659904';
INSERT INTO playlist_track VALUES('184207','659904');
INSERT INTO playlist_track VALUES('194240','659904');
INSERT INTO playlist_track VALUES('203985','659904');
INSERT INTO juser VALUES('335447','bomsfinanz','Bomsfinanz','http://www.jamendo.com/es/user/bomsfinanz','http://imgjam.com/avatars/447/335447.100.png','de');
INSERT INTO juser VALUES('628919','Sinister_21','Sinister_21','http://www.jamendo.com/es/user/Sinister_21','http://imgjam.com/avatars/jamendo/100/pro.png','en');
INSERT INTO juser VALUES('1076021','Papirosov','Михаил Долдов','http://www.jamendo.com/es/user/Papirosov','http://imgjam.com/avatars/21/1076021.100.jpg','ru');
INSERT INTO album_juser VALUES('76553','335447');
INSERT INTO album_juser VALUES('76553','476371');
INSERT INTO album_juser VALUES('76553','628919');
INSERT INTO album_juser VALUES('76553','985684');
INSERT INTO album_juser VALUES('76553','1076021');
INSERT INTO juser VALUES('968831','massfocus','Massfocus','http://www.jamendo.com/es/user/massfocus','http://imgjam.com/avatars/831/968831.100.jpg','en');
INSERT INTO juser VALUES('489893','Chill Carrier','Kretzschmar sebastian','http://www.jamendo.com/es/user/Chill%20Carrier','http://imgjam.com/avatars/893/489893.100.jpg','de');
INSERT INTO juser VALUES('718644','shinjuku',' ','http://www.jamendo.com/es/user/shinjuku','http://imgjam.com/avatars/jamendo/100/pro.png','en');
INSERT INTO album_juser VALUES('76553','968831');
INSERT INTO album_juser VALUES('76553','951372');
INSERT INTO album_juser VALUES('76553','489893');
INSERT INTO album_juser VALUES('76553','718644');
INSERT INTO album_juser VALUES('76553','924544');
INSERT INTO juser VALUES('978658','filoupaki',' ','http://www.jamendo.com/es/user/filoupaki','http://imgjam.com/avatars/658/978658.100.jpg','fr');
INSERT INTO juser VALUES('919990','matyenfa','Matyenfa','http://www.jamendo.com/es/user/matyenfa','http://imgjam.com/avatars/990/919990.100.jpg','es');
INSERT INTO album_juser VALUES('76553','986148');
INSERT INTO album_juser VALUES('76553','978658');
INSERT INTO album_juser VALUES('76553','59700');
INSERT INTO album_juser VALUES('76553','919990');
INSERT INTO album VALUES('83048','Anitek Instrumentals Vol. 7','http://www.jamendo.com/es/album/83048','http://imgjam.com/albums/s83/83048/covers/1.100.jpg','2','4203','Trip Hop');
UPDATE album SET artist_id='359034' WHERE id='83048';
INSERT INTO track VALUES('711253','Bad Jokes','http://www.jamendo.com/es/track/711253','','','153','http://mp3l.jamendo.com/?trackid=711253&format=mp31&u=0');
UPDATE track SET album_id='83048' WHERE id='711253';
UPDATE track SET text='' WHERE id='711253';
INSERT INTO playlist VALUES('188437','CanAda','http://www.jamendo.com/es/playlist/188437','28990');
INSERT INTO playlist_track VALUES('188437','711253');
INSERT INTO playlist VALUES('190517','Jazz','http://www.jamendo.com/es/playlist/190517','18262');
INSERT INTO playlist_track VALUES('190517','711253');
INSERT INTO playlist VALUES('180239','Video','http://www.jamendo.com/es/playlist/180239','20931');
INSERT INTO playlist_track VALUES('180239','711253');
INSERT INTO playlist VALUES('191281','Instrumental','http://www.jamendo.com/es/playlist/191281','38235');
INSERT INTO playlist_track VALUES('191281','711253');
INSERT INTO playlist_track VALUES('190244','711253');
INSERT INTO playlist_track VALUES('226408','711253');
INSERT INTO playlist VALUES('185646','My list','http://www.jamendo.com/es/playlist/185646','121517');
INSERT INTO playlist_track VALUES('185646','711253');
INSERT INTO playlist_track VALUES('187620','711253');
INSERT INTO playlist_track VALUES('185937','711253');
INSERT INTO playlist VALUES('189332','00-random','http://www.jamendo.com/es/playlist/189332','2250');
INSERT INTO playlist_track VALUES('189332','711253');
INSERT INTO playlist VALUES('164640','Trip Hop','http://www.jamendo.com/es/playlist/164640','44211');
INSERT INTO juser VALUES('938201','AlexDuncan','Alexduncan','http://www.jamendo.com/es/user/AlexDuncan','http://imgjam.com/avatars/jamendo/100/pro.png','en');
INSERT INTO playlist_juser VALUES('164640','938201');
INSERT INTO playlist_track VALUES('164640','711253');
INSERT INTO playlist_track VALUES('194240','711253');
INSERT INTO playlist VALUES('201165','Anitek','http://www.jamendo.com/es/playlist/201165','6657');
INSERT INTO playlist_track VALUES('201165','711253');
INSERT INTO playlist_track VALUES('203818','711253');
INSERT INTO playlist_track VALUES('212694','711253');
INSERT INTO playlist_track VALUES('212730','711253');
INSERT INTO playlist_track VALUES('212795','711253');
INSERT INTO playlist_track VALUES('212912','711253');
INSERT INTO playlist_track VALUES('226402','711253');
INSERT INTO playlist_track VALUES('222006','711253');
INSERT INTO track VALUES('711254','First Touch','http://www.jamendo.com/es/track/711254','','','211','http://mp3l.jamendo.com/?trackid=711254&format=mp31&u=0');
UPDATE track SET album_id='83048' WHERE id='711254';
UPDATE track SET text='' WHERE id='711254';
INSERT INTO playlist_track VALUES('180239','711254');
INSERT INTO playlist_track VALUES('190244','711254');
INSERT INTO playlist_track VALUES('191281','711254');
INSERT INTO playlist_track VALUES('188437','711254');
INSERT INTO playlist VALUES('212834','149','http://www.jamendo.com/es/playlist/212834','40491');
INSERT INTO playlist_track VALUES('212834','711254');
INSERT INTO playlist_track VALUES('226417','711254');
INSERT INTO playlist VALUES('226413','JamendoProRadioZip_tourdumonde','http://www.jamendo.com/es/playlist/226413','41834');
INSERT INTO playlist_track VALUES('226413','711254');
INSERT INTO playlist_track VALUES('226408','711254');
INSERT INTO playlist_track VALUES('190517','711254');
INSERT INTO playlist_track VALUES('185646','711254');
INSERT INTO playlist_track VALUES('185937','711254');
INSERT INTO playlist VALUES('203415','Top Tracks','http://www.jamendo.com/es/playlist/203415','1889');
INSERT INTO playlist_track VALUES('203415','711254');
INSERT INTO playlist_track VALUES('164640','711254');
INSERT INTO playlist_track VALUES('194240','711254');
INSERT INTO playlist_track VALUES('181897','711254');
INSERT INTO playlist_track VALUES('195175','711254');
INSERT INTO playlist_track VALUES('201165','711254');
INSERT INTO playlist VALUES('203342','World 2011','http://www.jamendo.com/es/playlist/203342','7421');
INSERT INTO juser VALUES('1134593','Cinthya E.','Gama cinthya','http://www.jamendo.com/es/user/Cinthya%20E.','http://imgjam.com/avatars/jamendo/100/girl_pink.png','es');
INSERT INTO playlist_juser VALUES('203342','1134593');
INSERT INTO playlist_track VALUES('203342','711254');
INSERT INTO playlist_track VALUES('203818','711254');
INSERT INTO playlist VALUES('203931','Cool cool','http://www.jamendo.com/es/playlist/203931','3558');
INSERT INTO playlist_track VALUES('203931','711254');
INSERT INTO track VALUES('711255','Hoover','http://www.jamendo.com/es/track/711255','','','164','http://mp3l.jamendo.com/?trackid=711255&format=mp31&u=0');
UPDATE track SET album_id='83048' WHERE id='711255';
UPDATE track SET text='' WHERE id='711255';
INSERT INTO playlist_track VALUES('190517','711255');
INSERT INTO playlist_track VALUES('188437','711255');
INSERT INTO playlist_track VALUES('180239','711255');
INSERT INTO playlist_track VALUES('190244','711255');
INSERT INTO playlist_track VALUES('191281','711255');
INSERT INTO playlist_track VALUES('226408','711255');
INSERT INTO playlist_track VALUES('185646','711255');
INSERT INTO playlist_track VALUES('187620','711255');
INSERT INTO playlist_track VALUES('185937','711255');
INSERT INTO playlist_track VALUES('164640','711255');
INSERT INTO playlist_track VALUES('194240','711255');
INSERT INTO playlist_track VALUES('201165','711255');
INSERT INTO playlist_track VALUES('203818','711255');
INSERT INTO playlist_track VALUES('212694','711255');
INSERT INTO playlist_track VALUES('212730','711255');
INSERT INTO playlist_track VALUES('212795','711255');
INSERT INTO playlist_track VALUES('212912','711255');
INSERT INTO playlist_track VALUES('222006','711255');
INSERT INTO playlist_track VALUES('222016','711255');
INSERT INTO playlist_track VALUES('226402','711255');
INSERT INTO track VALUES('711256','Mr. Boogers','http://www.jamendo.com/es/track/711256','','','116','http://mp3l.jamendo.com/?trackid=711256&format=mp31&u=0');
UPDATE track SET album_id='83048' WHERE id='711256';
UPDATE track SET text='' WHERE id='711256';
INSERT INTO playlist_track VALUES('190517','711256');
INSERT INTO playlist_track VALUES('188437','711256');
INSERT INTO playlist_track VALUES('180239','711256');
INSERT INTO playlist_track VALUES('191281','711256');
INSERT INTO playlist_track VALUES('190244','711256');
INSERT INTO playlist VALUES('191894','Atmospheric','http://www.jamendo.com/es/playlist/191894','9746');
INSERT INTO playlist_track VALUES('191894','711256');
INSERT INTO playlist_track VALUES('226417','711256');
INSERT INTO playlist_track VALUES('226408','711256');
INSERT INTO playlist_track VALUES('185646','711256');
INSERT INTO playlist_track VALUES('185937','711256');
INSERT INTO playlist_track VALUES('164640','711256');
INSERT INTO playlist_track VALUES('194240','711256');
INSERT INTO playlist_track VALUES('201165','711256');
INSERT INTO playlist_track VALUES('203818','711256');
INSERT INTO playlist_track VALUES('212208','711256');
INSERT INTO playlist_track VALUES('212679','711256');
INSERT INTO playlist_track VALUES('212717','711256');
INSERT INTO playlist_track VALUES('212795','711256');
INSERT INTO playlist_track VALUES('212912','711256');
INSERT INTO playlist_track VALUES('221995','711256');
INSERT INTO track VALUES('711257','Big Nose','http://www.jamendo.com/es/track/711257','','','168','http://mp3l.jamendo.com/?trackid=711257&format=mp31&u=0');
UPDATE track SET album_id='83048' WHERE id='711257';
UPDATE track SET text='' WHERE id='711257';
INSERT INTO playlist_track VALUES('190244','711257');
INSERT INTO playlist_track VALUES('180239','711257');
INSERT INTO playlist_track VALUES('191281','711257');
INSERT INTO playlist_track VALUES('188437','711257');
INSERT INTO playlist_track VALUES('190517','711257');
INSERT INTO playlist VALUES('226411','JamendoProRadioZip_pianobar','http://www.jamendo.com/es/playlist/226411','35054');
INSERT INTO playlist_track VALUES('226411','711257');
INSERT INTO playlist_track VALUES('185646','711257');
INSERT INTO playlist_track VALUES('185937','711257');
INSERT INTO playlist_track VALUES('189332','711257');
INSERT INTO playlist_track VALUES('164640','711257');
INSERT INTO playlist_track VALUES('194240','711257');
INSERT INTO playlist_track VALUES('181897','711257');
INSERT INTO playlist_track VALUES('195175','711257');
INSERT INTO playlist_track VALUES('201165','711257');
INSERT INTO playlist_track VALUES('203818','711257');
INSERT INTO playlist_track VALUES('212694','711257');
INSERT INTO playlist_track VALUES('212730','711257');
INSERT INTO playlist VALUES('212799','147','http://www.jamendo.com/es/playlist/212799','31355');
INSERT INTO playlist_track VALUES('212799','711257');
INSERT INTO playlist VALUES('212914','156','http://www.jamendo.com/es/playlist/212914','31355');
INSERT INTO playlist_track VALUES('212914','711257');
INSERT INTO playlist_track VALUES('222006','711257');
INSERT INTO track VALUES('711258','C''est Cheese','http://www.jamendo.com/es/track/711258','','en','155','http://mp3l.jamendo.com/?trackid=711258&format=mp31&u=0');
UPDATE track SET album_id='83048' WHERE id='711258';
UPDATE track SET text='' WHERE id='711258';
INSERT INTO playlist_track VALUES('188437','711258');
INSERT INTO playlist_track VALUES('190517','711258');
INSERT INTO playlist_track VALUES('180239','711258');
INSERT INTO playlist_track VALUES('209847','711258');
INSERT INTO playlist_track VALUES('191281','711258');
INSERT INTO playlist_track VALUES('190244','711258');
INSERT INTO playlist_track VALUES('191894','711258');
INSERT INTO playlist_track VALUES('185646','711258');
INSERT INTO playlist_track VALUES('185937','711258');
INSERT INTO playlist_track VALUES('164640','711258');
INSERT INTO playlist_track VALUES('194240','711258');
INSERT INTO playlist_track VALUES('185806','711258');
INSERT INTO playlist VALUES('185582','1','http://www.jamendo.com/es/playlist/185582','3278');
INSERT INTO playlist_track VALUES('185582','711258');
INSERT INTO playlist_track VALUES('201165','711258');
INSERT INTO playlist_track VALUES('202024','711258');
INSERT INTO playlist_track VALUES('203818','711258');
INSERT INTO playlist_track VALUES('212694','711258');
INSERT INTO playlist_track VALUES('212730','711258');
INSERT INTO playlist_track VALUES('222006','711258');
INSERT INTO playlist_track VALUES('226402','711258');
INSERT INTO track VALUES('711259','Train Run','http://www.jamendo.com/es/track/711259','','','143','http://mp3l.jamendo.com/?trackid=711259&format=mp31&u=0');
UPDATE track SET album_id='83048' WHERE id='711259';
UPDATE track SET text='' WHERE id='711259';
INSERT INTO playlist_track VALUES('190517','711259');
INSERT INTO playlist_track VALUES('190244','711259');
INSERT INTO playlist_track VALUES('180239','711259');
INSERT INTO playlist_track VALUES('188437','711259');
INSERT INTO playlist_track VALUES('191281','711259');
INSERT INTO playlist VALUES('128769','Funk','http://www.jamendo.com/es/playlist/128769','16036');
INSERT INTO playlist_track VALUES('128769','711259');
INSERT INTO playlist_track VALUES('185646','711259');
INSERT INTO playlist_track VALUES('187620','711259');
INSERT INTO playlist_track VALUES('185937','711259');
INSERT INTO playlist_track VALUES('164640','711259');
INSERT INTO playlist_track VALUES('194240','711259');
INSERT INTO playlist_track VALUES('201165','711259');
INSERT INTO playlist_track VALUES('203818','711259');
INSERT INTO playlist_track VALUES('212694','711259');
INSERT INTO playlist_track VALUES('212730','711259');
INSERT INTO playlist_track VALUES('222006','711259');
INSERT INTO playlist_track VALUES('226402','711259');
INSERT INTO playlist_track VALUES('226321','711259');
INSERT INTO playlist_track VALUES('226431','711259');
INSERT INTO playlist_track VALUES('226562','711259');
INSERT INTO track VALUES('711260','Little Monster','http://www.jamendo.com/es/track/711260','','','157','http://mp3l.jamendo.com/?trackid=711260&format=mp31&u=0');
UPDATE track SET album_id='83048' WHERE id='711260';
UPDATE track SET text='' WHERE id='711260';
INSERT INTO playlist_track VALUES('188437','711260');
INSERT INTO playlist_track VALUES('180239','711260');
INSERT INTO playlist_track VALUES('190244','711260');
INSERT INTO playlist_track VALUES('191281','711260');
INSERT INTO playlist_track VALUES('190517','711260');
INSERT INTO playlist_track VALUES('185646','711260');
INSERT INTO playlist_track VALUES('185937','711260');
INSERT INTO playlist_track VALUES('164640','711260');
INSERT INTO playlist_track VALUES('194240','711260');
INSERT INTO playlist_track VALUES('201165','711260');
INSERT INTO playlist_track VALUES('203818','711260');
INSERT INTO playlist_track VALUES('226941','711260');
INSERT INTO playlist_track VALUES('227113','711260');
INSERT INTO playlist_track VALUES('227291','711260');
INSERT INTO playlist_track VALUES('227443','711260');
INSERT INTO playlist_track VALUES('227488','711260');
INSERT INTO playlist_track VALUES('227513','711260');
INSERT INTO playlist_track VALUES('227538','711260');
INSERT INTO playlist_track VALUES('227780','711260');
INSERT INTO track VALUES('711261','Room Chase','http://www.jamendo.com/es/track/711261','','','172','http://mp3l.jamendo.com/?trackid=711261&format=mp31&u=0');
UPDATE track SET album_id='83048' WHERE id='711261';
UPDATE track SET text='' WHERE id='711261';
INSERT INTO playlist_track VALUES('190244','711261');
INSERT INTO playlist_track VALUES('180239','711261');
INSERT INTO playlist_track VALUES('191281','711261');
INSERT INTO playlist_track VALUES('190517','711261');
INSERT INTO playlist_track VALUES('188437','711261');
INSERT INTO playlist_track VALUES('191894','711261');
INSERT INTO playlist_track VALUES('226417','711261');
INSERT INTO playlist_track VALUES('226408','711261');
INSERT INTO playlist_track VALUES('185646','711261');
INSERT INTO playlist_track VALUES('165655','711261');
INSERT INTO playlist_track VALUES('187620','711261');
INSERT INTO playlist_track VALUES('185937','711261');
INSERT INTO playlist_track VALUES('164640','711261');
INSERT INTO playlist_track VALUES('194240','711261');
INSERT INTO playlist_track VALUES('201165','711261');
INSERT INTO playlist_track VALUES('203818','711261');
INSERT INTO playlist_track VALUES('212208','711261');
INSERT INTO playlist_track VALUES('212679','711261');
INSERT INTO playlist_track VALUES('212717','711261');
INSERT INTO playlist_track VALUES('212795','711261');
INSERT INTO track VALUES('711262','Sweetheart','http://www.jamendo.com/es/track/711262','','','115','http://mp3l.jamendo.com/?trackid=711262&format=mp31&u=0');
UPDATE track SET album_id='83048' WHERE id='711262';
UPDATE track SET text='' WHERE id='711262';
INSERT INTO playlist_track VALUES('190517','711262');
INSERT INTO playlist_track VALUES('188437','711262');
INSERT INTO playlist_track VALUES('180239','711262');
INSERT INTO playlist_track VALUES('190244','711262');
INSERT INTO playlist_track VALUES('191281','711262');
INSERT INTO playlist_track VALUES('226402','711262');
INSERT INTO playlist VALUES('199324','BE','http://www.jamendo.com/es/playlist/199324','0');
INSERT INTO playlist_track VALUES('199324','711262');
INSERT INTO playlist_track VALUES('185937','711262');
INSERT INTO playlist_track VALUES('185646','711262');
INSERT INTO playlist_track VALUES('187620','711262');
INSERT INTO playlist_track VALUES('164640','711262');
INSERT INTO playlist_track VALUES('194240','711262');
INSERT INTO playlist_track VALUES('201165','711262');
INSERT INTO playlist_track VALUES('203818','711262');
INSERT INTO playlist VALUES('226569','Lounge1','http://www.jamendo.com/es/playlist/226569','8227');
INSERT INTO playlist_track VALUES('226569','711262');
INSERT INTO playlist_track VALUES('212694','711262');
INSERT INTO playlist_track VALUES('212730','711262');
INSERT INTO playlist_track VALUES('222006','711262');
INSERT INTO playlist_track VALUES('226321','711262');
INSERT INTO playlist_track VALUES('226431','711262');
INSERT INTO track VALUES('711263','Ring Finger','http://www.jamendo.com/es/track/711263','','','193','http://mp3l.jamendo.com/?trackid=711263&format=mp31&u=0');
UPDATE track SET album_id='83048' WHERE id='711263';
UPDATE track SET text='' WHERE id='711263';
INSERT INTO playlist_track VALUES('180239','711263');
INSERT INTO playlist_track VALUES('190244','711263');
INSERT INTO playlist_track VALUES('191281','711263');
INSERT INTO playlist_track VALUES('188437','711263');
INSERT INTO playlist_track VALUES('190517','711263');
INSERT INTO playlist_track VALUES('185646','711263');
INSERT INTO playlist_track VALUES('185937','711263');
INSERT INTO playlist_track VALUES('164640','711263');
INSERT INTO playlist_track VALUES('194240','711263');
INSERT INTO playlist_track VALUES('201165','711263');
INSERT INTO playlist_track VALUES('203818','711263');
INSERT INTO playlist_track VALUES('226941','711263');
INSERT INTO playlist_track VALUES('227113','711263');
INSERT INTO playlist_track VALUES('227291','711263');
INSERT INTO playlist_track VALUES('227443','711263');
INSERT INTO playlist_track VALUES('227488','711263');
INSERT INTO playlist_track VALUES('227513','711263');
INSERT INTO playlist_track VALUES('227538','711263');
INSERT INTO playlist_track VALUES('227780','711263');
INSERT INTO track VALUES('711264','Backseat Taxi','http://www.jamendo.com/es/track/711264','','','181','http://mp3l.jamendo.com/?trackid=711264&format=mp31&u=0');
UPDATE track SET album_id='83048' WHERE id='711264';
UPDATE track SET text='' WHERE id='711264';
INSERT INTO playlist_track VALUES('190517','711264');
INSERT INTO playlist_track VALUES('188437','711264');
INSERT INTO playlist_track VALUES('180239','711264');
INSERT INTO playlist_track VALUES('191281','711264');
INSERT INTO playlist_track VALUES('190244','711264');
INSERT INTO playlist_track VALUES('191894','711264');
INSERT INTO playlist_track VALUES('226411','711264');
INSERT INTO playlist_track VALUES('185646','711264');
INSERT INTO playlist_track VALUES('185937','711264');
INSERT INTO playlist_track VALUES('164640','711264');
INSERT INTO playlist_track VALUES('194240','711264');
INSERT INTO playlist_track VALUES('201165','711264');
INSERT INTO playlist_track VALUES('203818','711264');
INSERT INTO playlist_track VALUES('212799','711264');
INSERT INTO playlist_track VALUES('212914','711264');
INSERT INTO playlist VALUES('222021','177','http://www.jamendo.com/es/playlist/222021','31355');
INSERT INTO playlist_track VALUES('222021','711264');
INSERT INTO playlist VALUES('226330','JamendoProRadioZip_pianobar','http://www.jamendo.com/es/playlist/226330','33707');
INSERT INTO playlist_track VALUES('226330','711264');
INSERT INTO playlist VALUES('226547','JamendoProRadioZip_pianobar','http://www.jamendo.com/es/playlist/226547','34815');
INSERT INTO playlist_track VALUES('226547','711264');
INSERT INTO playlist VALUES('226730','JamendoProRadioZip_pianobar','http://www.jamendo.com/es/playlist/226730','36903');
INSERT INTO playlist_track VALUES('226730','711264');
INSERT INTO playlist VALUES('226850','JamendoProRadioZip_pianobar','http://www.jamendo.com/es/playlist/226850','36903');
INSERT INTO playlist_track VALUES('226850','711264');
INSERT INTO track VALUES('711265','Dont Leave Me','http://www.jamendo.com/es/track/711265','','','184','http://mp3l.jamendo.com/?trackid=711265&format=mp31&u=0');
UPDATE track SET album_id='83048' WHERE id='711265';
UPDATE track SET text='' WHERE id='711265';
INSERT INTO playlist_track VALUES('190517','711265');
INSERT INTO playlist_track VALUES('188437','711265');
INSERT INTO playlist_track VALUES('180239','711265');
INSERT INTO playlist_track VALUES('190244','711265');
INSERT INTO playlist_track VALUES('191281','711265');
INSERT INTO playlist_track VALUES('185646','711265');
INSERT INTO playlist_track VALUES('187620','711265');
INSERT INTO playlist_track VALUES('185937','711265');
INSERT INTO playlist_track VALUES('164640','711265');
INSERT INTO playlist_track VALUES('194240','711265');
INSERT INTO playlist_track VALUES('201165','711265');
INSERT INTO playlist_track VALUES('203818','711265');
INSERT INTO track VALUES('711266','Hyatt','http://www.jamendo.com/es/track/711266','','','184','http://mp3l.jamendo.com/?trackid=711266&format=mp31&u=0');
UPDATE track SET album_id='83048' WHERE id='711266';
UPDATE track SET text='' WHERE id='711266';
INSERT INTO playlist_track VALUES('180239','711266');
INSERT INTO playlist_track VALUES('190244','711266');
INSERT INTO playlist_track VALUES('191281','711266');
INSERT INTO playlist_track VALUES('190517','711266');
INSERT INTO playlist_track VALUES('188437','711266');
INSERT INTO playlist_track VALUES('226408','711266');
INSERT INTO playlist_track VALUES('185646','711266');
INSERT INTO playlist_track VALUES('185937','711266');
INSERT INTO playlist_track VALUES('164640','711266');
INSERT INTO playlist_track VALUES('194240','711266');
INSERT INTO playlist_track VALUES('201165','711266');
INSERT INTO playlist_track VALUES('203818','711266');
INSERT INTO playlist_track VALUES('212694','711266');
INSERT INTO playlist_track VALUES('212730','711266');
INSERT INTO playlist_track VALUES('212795','711266');
INSERT INTO playlist_track VALUES('212912','711266');
INSERT INTO playlist_track VALUES('222006','711266');
INSERT INTO playlist_track VALUES('222016','711266');
INSERT INTO playlist_track VALUES('226402','711266');
INSERT INTO playlist_track VALUES('226321','711266');
INSERT INTO track VALUES('711267','Stuck in a Box','http://www.jamendo.com/es/track/711267','','','164','http://mp3l.jamendo.com/?trackid=711267&format=mp31&u=0');
UPDATE track SET album_id='83048' WHERE id='711267';
UPDATE track SET text='' WHERE id='711267';
INSERT INTO playlist_track VALUES('190517','711267');
INSERT INTO playlist_track VALUES('188437','711267');
INSERT INTO playlist_track VALUES('180239','711267');
INSERT INTO playlist_track VALUES('190244','711267');
INSERT INTO playlist_track VALUES('191281','711267');
INSERT INTO playlist_track VALUES('185646','711267');
INSERT INTO playlist_track VALUES('185937','711267');
INSERT INTO playlist_track VALUES('164640','711267');
INSERT INTO playlist_track VALUES('194240','711267');
INSERT INTO playlist_track VALUES('201165','711267');
INSERT INTO playlist_track VALUES('203818','711267');
INSERT INTO playlist_track VALUES('212694','711267');
INSERT INTO playlist_track VALUES('212730','711267');
INSERT INTO playlist_track VALUES('222006','711267');
INSERT INTO playlist_track VALUES('226402','711267');
INSERT INTO playlist_track VALUES('226321','711267');
INSERT INTO playlist_track VALUES('226431','711267');
INSERT INTO playlist_track VALUES('226562','711267');
INSERT INTO playlist_track VALUES('226743','711267');
INSERT INTO playlist_track VALUES('226772','711267');
INSERT INTO track VALUES('711268','Bloody Sheets','http://www.jamendo.com/es/track/711268','','','154','http://mp3l.jamendo.com/?trackid=711268&format=mp31&u=0');
UPDATE track SET album_id='83048' WHERE id='711268';
UPDATE track SET text='' WHERE id='711268';
INSERT INTO playlist_track VALUES('190517','711268');
INSERT INTO playlist_track VALUES('188437','711268');
INSERT INTO playlist_track VALUES('180239','711268');
INSERT INTO playlist_track VALUES('190244','711268');
INSERT INTO playlist_track VALUES('191281','711268');
INSERT INTO playlist_track VALUES('185646','711268');
INSERT INTO playlist_track VALUES('187620','711268');
INSERT INTO playlist_track VALUES('185937','711268');
INSERT INTO playlist_track VALUES('164640','711268');
INSERT INTO playlist_track VALUES('194240','711268');
INSERT INTO playlist_track VALUES('201165','711268');
INSERT INTO playlist_track VALUES('203818','711268');
INSERT INTO track VALUES('711269','Ground Beef','http://www.jamendo.com/es/track/711269','','','172','http://mp3l.jamendo.com/?trackid=711269&format=mp31&u=0');
UPDATE track SET album_id='83048' WHERE id='711269';
UPDATE track SET text='' WHERE id='711269';
INSERT INTO playlist_track VALUES('180239','711269');
INSERT INTO playlist_track VALUES('190244','711269');
INSERT INTO playlist_track VALUES('191281','711269');
INSERT INTO playlist_track VALUES('226411','711269');
INSERT INTO playlist_track VALUES('188437','711269');
INSERT INTO playlist_track VALUES('190517','711269');
INSERT INTO playlist_track VALUES('185646','711269');
INSERT INTO playlist_track VALUES('185937','711269');
INSERT INTO playlist_track VALUES('164640','711269');
INSERT INTO playlist_track VALUES('194240','711269');
INSERT INTO playlist VALUES('198715','Smooth','http://www.jamendo.com/es/playlist/198715','356');
INSERT INTO playlist_track VALUES('198715','711269');
INSERT INTO playlist_track VALUES('201165','711269');
INSERT INTO playlist_track VALUES('203818','711269');
INSERT INTO playlist_track VALUES('212694','711269');
INSERT INTO playlist_track VALUES('212730','711269');
INSERT INTO playlist_track VALUES('212799','711269');
INSERT INTO playlist_track VALUES('212914','711269');
INSERT INTO playlist_track VALUES('222006','711269');
INSERT INTO playlist_track VALUES('222021','711269');
INSERT INTO playlist_track VALUES('226402','711269');
INSERT INTO track VALUES('711270','The Burning','http://www.jamendo.com/es/track/711270','','','153','http://mp3l.jamendo.com/?trackid=711270&format=mp31&u=0');
UPDATE track SET album_id='83048' WHERE id='711270';
UPDATE track SET text='' WHERE id='711270';
INSERT INTO playlist_track VALUES('190517','711270');
INSERT INTO playlist_track VALUES('190244','711270');
INSERT INTO playlist_track VALUES('188437','711270');
INSERT INTO playlist_track VALUES('180239','711270');
INSERT INTO playlist_track VALUES('191281','711270');
INSERT INTO playlist_track VALUES('226411','711270');
INSERT INTO playlist_track VALUES('226408','711270');
INSERT INTO playlist_track VALUES('185646','711270');
INSERT INTO playlist_track VALUES('187620','711270');
INSERT INTO playlist_track VALUES('185937','711270');
INSERT INTO playlist_track VALUES('164640','711270');
INSERT INTO playlist_track VALUES('194240','711270');
INSERT INTO playlist_track VALUES('181897','711270');
INSERT INTO playlist_track VALUES('195175','711270');
INSERT INTO playlist_track VALUES('201165','711270');
INSERT INTO playlist_track VALUES('203818','711270');
INSERT INTO playlist_track VALUES('212795','711270');
INSERT INTO playlist_track VALUES('212799','711270');
INSERT INTO playlist_track VALUES('212912','711270');
INSERT INTO playlist_track VALUES('212914','711270');
INSERT INTO track VALUES('711271','Morning Charms','http://www.jamendo.com/es/track/711271','','','160','http://mp3l.jamendo.com/?trackid=711271&format=mp31&u=0');
UPDATE track SET album_id='83048' WHERE id='711271';
UPDATE track SET text='' WHERE id='711271';
INSERT INTO playlist_track VALUES('190517','711271');
INSERT INTO playlist_track VALUES('188437','711271');
INSERT INTO playlist_track VALUES('180239','711271');
INSERT INTO playlist_track VALUES('191281','711271');
INSERT INTO playlist_track VALUES('190244','711271');
INSERT INTO playlist_track VALUES('191894','711271');
INSERT INTO playlist_track VALUES('226408','711271');
INSERT INTO playlist_track VALUES('185646','711271');
INSERT INTO playlist_track VALUES('187620','711271');
INSERT INTO playlist_track VALUES('185937','711271');
INSERT INTO playlist_track VALUES('164640','711271');
INSERT INTO playlist_track VALUES('194240','711271');
INSERT INTO playlist_track VALUES('201165','711271');
INSERT INTO playlist_track VALUES('203818','711271');
INSERT INTO playlist_track VALUES('212795','711271');
INSERT INTO playlist_track VALUES('212912','711271');
INSERT INTO playlist_track VALUES('222016','711271');
INSERT INTO playlist_track VALUES('226327','711271');
INSERT INTO playlist_track VALUES('226544','711271');
INSERT INTO playlist_track VALUES('226727','711271');
INSERT INTO track VALUES('711272','Little Nails','http://www.jamendo.com/es/track/711272','','','168','http://mp3l.jamendo.com/?trackid=711272&format=mp31&u=0');
UPDATE track SET album_id='83048' WHERE id='711272';
UPDATE track SET text='' WHERE id='711272';
INSERT INTO playlist_track VALUES('190244','711272');
INSERT INTO playlist_track VALUES('180239','711272');
INSERT INTO playlist_track VALUES('188437','711272');
INSERT INTO playlist_track VALUES('191281','711272');
INSERT INTO playlist_track VALUES('190517','711272');
INSERT INTO playlist_track VALUES('226411','711272');
INSERT INTO playlist_track VALUES('185646','711272');
INSERT INTO playlist_track VALUES('187620','711272');
INSERT INTO playlist_track VALUES('185937','711272');
INSERT INTO playlist_track VALUES('164640','711272');
INSERT INTO playlist_track VALUES('194240','711272');
INSERT INTO playlist_track VALUES('201165','711272');
INSERT INTO playlist_track VALUES('203818','711272');
INSERT INTO playlist_track VALUES('212694','711272');
INSERT INTO playlist_track VALUES('212730','711272');
INSERT INTO playlist_track VALUES('212799','711272');
INSERT INTO playlist_track VALUES('212914','711272');
INSERT INTO playlist_track VALUES('222006','711272');
INSERT INTO playlist_track VALUES('222021','711272');
INSERT INTO playlist_track VALUES('226402','711272');
INSERT INTO track VALUES('711273','Bowling Queen','http://www.jamendo.com/es/track/711273','','','146','http://mp3l.jamendo.com/?trackid=711273&format=mp31&u=0');
UPDATE track SET album_id='83048' WHERE id='711273';
UPDATE track SET text='' WHERE id='711273';
INSERT INTO playlist_track VALUES('188437','711273');
INSERT INTO playlist_track VALUES('180239','711273');
INSERT INTO playlist_track VALUES('190244','711273');
INSERT INTO playlist_track VALUES('191281','711273');
INSERT INTO playlist_track VALUES('190517','711273');
INSERT INTO playlist_track VALUES('185646','711273');
INSERT INTO playlist_track VALUES('185937','711273');
INSERT INTO playlist_track VALUES('164640','711273');
INSERT INTO playlist_track VALUES('194240','711273');
INSERT INTO playlist_track VALUES('201165','711273');
INSERT INTO playlist_track VALUES('203818','711273');
INSERT INTO track VALUES('711274','No No No','http://www.jamendo.com/es/track/711274','','','152','http://mp3l.jamendo.com/?trackid=711274&format=mp31&u=0');
UPDATE track SET album_id='83048' WHERE id='711274';
UPDATE track SET text='' WHERE id='711274';
INSERT INTO playlist_track VALUES('188437','711274');
INSERT INTO playlist_track VALUES('180239','711274');
INSERT INTO playlist_track VALUES('190244','711274');
INSERT INTO playlist_track VALUES('191281','711274');
INSERT INTO playlist_track VALUES('226417','711274');
INSERT INTO playlist_track VALUES('226411','711274');
INSERT INTO playlist_track VALUES('226408','711274');
INSERT INTO playlist_track VALUES('190517','711274');
INSERT INTO playlist_track VALUES('185646','711274');
INSERT INTO playlist_track VALUES('187620','711274');
INSERT INTO playlist_track VALUES('185937','711274');
INSERT INTO playlist_track VALUES('164640','711274');
INSERT INTO playlist_track VALUES('194240','711274');
INSERT INTO playlist_track VALUES('201165','711274');
INSERT INTO playlist_track VALUES('203818','711274');
INSERT INTO playlist_track VALUES('212208','711274');
INSERT INTO playlist_track VALUES('212679','711274');
INSERT INTO playlist_track VALUES('212717','711274');
INSERT INTO playlist_track VALUES('212795','711274');
INSERT INTO playlist_track VALUES('212799','711274');
INSERT INTO track VALUES('711275','Coffee Talk','http://www.jamendo.com/es/track/711275','','','168','http://mp3l.jamendo.com/?trackid=711275&format=mp31&u=0');
UPDATE track SET album_id='83048' WHERE id='711275';
UPDATE track SET text='' WHERE id='711275';
INSERT INTO playlist_track VALUES('190517','711275');
INSERT INTO playlist_track VALUES('190244','711275');
INSERT INTO playlist_track VALUES('180239','711275');
INSERT INTO playlist_track VALUES('188437','711275');
INSERT INTO playlist_track VALUES('191281','711275');
INSERT INTO playlist_track VALUES('191894','711275');
INSERT INTO playlist_track VALUES('226411','711275');
INSERT INTO playlist_track VALUES('226408','711275');
INSERT INTO playlist_track VALUES('185646','711275');
INSERT INTO playlist_track VALUES('185937','711275');
INSERT INTO playlist_track VALUES('164640','711275');
INSERT INTO playlist_track VALUES('194240','711275');
INSERT INTO playlist_track VALUES('201165','711275');
INSERT INTO playlist_track VALUES('203818','711275');
INSERT INTO playlist_track VALUES('212795','711275');
INSERT INTO playlist_track VALUES('212799','711275');
INSERT INTO playlist_track VALUES('212912','711275');
INSERT INTO playlist_track VALUES('212914','711275');
INSERT INTO playlist_track VALUES('222016','711275');
INSERT INTO playlist_track VALUES('222021','711275');
INSERT INTO track VALUES('711276','Debit Declined','http://www.jamendo.com/es/track/711276','','','165','http://mp3l.jamendo.com/?trackid=711276&format=mp31&u=0');
UPDATE track SET album_id='83048' WHERE id='711276';
UPDATE track SET text='' WHERE id='711276';
INSERT INTO playlist_track VALUES('190517','711276');
INSERT INTO playlist_track VALUES('188437','711276');
INSERT INTO playlist_track VALUES('180239','711276');
INSERT INTO playlist_track VALUES('190244','711276');
INSERT INTO playlist_track VALUES('191281','711276');
INSERT INTO playlist_track VALUES('226411','711276');
INSERT INTO playlist_track VALUES('226408','711276');
INSERT INTO playlist_track VALUES('185646','711276');
INSERT INTO playlist_track VALUES('185937','711276');
INSERT INTO playlist_track VALUES('164640','711276');
INSERT INTO playlist_track VALUES('194240','711276');
INSERT INTO playlist_track VALUES('201165','711276');
INSERT INTO playlist_track VALUES('203818','711276');
INSERT INTO playlist_track VALUES('212795','711276');
INSERT INTO playlist_track VALUES('212799','711276');
INSERT INTO playlist_track VALUES('212912','711276');
INSERT INTO playlist_track VALUES('212914','711276');
INSERT INTO playlist_track VALUES('222016','711276');
INSERT INTO playlist_track VALUES('222021','711276');
INSERT INTO playlist_track VALUES('226327','711276');
INSERT INTO track VALUES('711277','Room 916','http://www.jamendo.com/es/track/711277','','','150','http://mp3l.jamendo.com/?trackid=711277&format=mp31&u=0');
UPDATE track SET album_id='83048' WHERE id='711277';
UPDATE track SET text='' WHERE id='711277';
INSERT INTO playlist_track VALUES('190517','711277');
INSERT INTO playlist_track VALUES('188437','711277');
INSERT INTO playlist_track VALUES('180239','711277');
INSERT INTO playlist_track VALUES('190244','711277');
INSERT INTO playlist_track VALUES('191281','711277');
INSERT INTO playlist_track VALUES('185646','711277');
INSERT INTO playlist_track VALUES('187620','711277');
INSERT INTO playlist_track VALUES('185937','711277');
INSERT INTO playlist_track VALUES('164640','711277');
INSERT INTO playlist_track VALUES('194240','711277');
INSERT INTO playlist_track VALUES('201165','711277');
INSERT INTO playlist_track VALUES('203818','711277');
INSERT INTO track VALUES('711278','Plenty of Spit','http://www.jamendo.com/es/track/711278','','','155','http://mp3l.jamendo.com/?trackid=711278&format=mp31&u=0');
UPDATE track SET album_id='83048' WHERE id='711278';
UPDATE track SET text='' WHERE id='711278';
INSERT INTO playlist_track VALUES('180239','711278');
INSERT INTO playlist_track VALUES('188437','711278');
INSERT INTO playlist_track VALUES('190244','711278');
INSERT INTO playlist_track VALUES('191281','711278');
INSERT INTO playlist_track VALUES('190517','711278');
INSERT INTO playlist_track VALUES('226402','711278');
INSERT INTO playlist_track VALUES('226408','711278');
INSERT INTO playlist_track VALUES('185646','711278');
INSERT INTO playlist_track VALUES('187620','711278');
INSERT INTO playlist_track VALUES('185937','711278');
INSERT INTO playlist_track VALUES('164640','711278');
INSERT INTO playlist_track VALUES('194240','711278');
INSERT INTO playlist_track VALUES('201165','711278');
INSERT INTO playlist_track VALUES('203818','711278');
INSERT INTO playlist_track VALUES('212694','711278');
INSERT INTO playlist_track VALUES('212730','711278');
INSERT INTO playlist_track VALUES('212795','711278');
INSERT INTO playlist_track VALUES('212912','711278');
INSERT INTO playlist_track VALUES('222006','711278');
INSERT INTO playlist_track VALUES('222016','711278');
INSERT INTO juser VALUES('739442','lamccain','Lamccain','http://www.jamendo.com/es/user/lamccain','http://imgjam.com/avatars/442/739442.100.jpg','en');
INSERT INTO juser VALUES('6991','Rams','Julien reignier','http://www.jamendo.com/es/user/Rams','http://imgjam.com/avatars/questionmark/avatar.100.gif','fr');
INSERT INTO juser VALUES('577888','cristianandres','Cristian mendoza','http://www.jamendo.com/es/user/cristianandres','http://imgjam.com/avatars/888/577888.100.png','es');
INSERT INTO album_juser VALUES('83048','812470');
INSERT INTO album_juser VALUES('83048','739442');
INSERT INTO album_juser VALUES('83048','6991');
INSERT INTO album_juser VALUES('83048','718644');
INSERT INTO album_juser VALUES('83048','577888');
INSERT INTO juser VALUES('864516','immediat','Immediat','http://www.jamendo.com/es/user/immediat','http://imgjam.com/avatars/jamendo/100/pro.png','en');
INSERT INTO juser VALUES('1052154','J.L.',' ','http://www.jamendo.com/es/user/J.L.','http://imgjam.com/avatars/154/1052154.100.jpg','en');
INSERT INTO album_juser VALUES('83048','3073736');
INSERT INTO album_juser VALUES('83048','864516');
INSERT INTO album_juser VALUES('83048','1052154');
INSERT INTO album_juser VALUES('83048','711533');
INSERT INTO album_juser VALUES('83048','985684');
INSERT INTO juser VALUES('1074473','vjocari','Vjocari','http://www.jamendo.com/es/user/vjocari','http://imgjam.com/avatars/473/1074473.100.jpg','br');
INSERT INTO juser VALUES('1085984','Keita',' ','http://www.jamendo.com/es/user/Keita','http://imgjam.com/avatars/984/1085984.100.jpg','en');
INSERT INTO juser VALUES('1141831','Pirat28HH','Pirat28hh','http://www.jamendo.com/es/user/Pirat28HH','http://imgjam.com/avatars/jamendo/100/pro.png','en');
INSERT INTO juser VALUES('532727','YouSir DMO',' ','http://www.jamendo.com/es/user/YouSir%20DMO','http://imgjam.com/avatars/jamendo/100/pro.png','en');
INSERT INTO album_juser VALUES('83048','1074473');
INSERT INTO album_juser VALUES('83048','1085984');
INSERT INTO album_juser VALUES('83048','1141831');
INSERT INTO album_juser VALUES('83048','6220');
INSERT INTO album_juser VALUES('83048','532727');
INSERT INTO juser VALUES('943812','gapingvoid','Gapingvoid','http://www.jamendo.com/es/user/gapingvoid','http://imgjam.com/avatars/jamendo/100/pro.png','en');
INSERT INTO juser VALUES('1058956','lbongiovanni','Lbongiovanni','http://www.jamendo.com/es/user/lbongiovanni','http://imgjam.com/avatars/jamendo/100/pro.png','es');
INSERT INTO juser VALUES('469551','superkiy','Superkiy','http://www.jamendo.com/es/user/superkiy','http://imgjam.com/avatars/jamendo/100/pro.png','en');
INSERT INTO juser VALUES('785545','joanna.rationalist','Joanna.rationalist','http://www.jamendo.com/es/user/joanna.rationalist','http://imgjam.com/avatars/545/785545.100.jpg','en');
INSERT INTO album_juser VALUES('83048','943812');
INSERT INTO album_juser VALUES('83048','1058956');
INSERT INTO album_juser VALUES('83048','469551');
INSERT INTO album_juser VALUES('83048','951372');
INSERT INTO album_juser VALUES('83048','785545');
INSERT INTO album VALUES('90022','Anitek Instrumentals Vol. 8','http://www.jamendo.com/es/album/90022','http://imgjam.com/albums/s90/90022/covers/1.100.jpg','2','2454','Trip Hop');
UPDATE album SET artist_id='359034' WHERE id='90022';
INSERT INTO track VALUES('768432','Grandmaster Turtle','http://www.jamendo.com/es/track/768432','','','169','http://mp3l.jamendo.com/?trackid=768432&format=mp31&u=0');
UPDATE track SET album_id='90022' WHERE id='768432';
UPDATE track SET text='' WHERE id='768432';
INSERT INTO playlist_track VALUES('126560','768432');
INSERT INTO playlist_track VALUES('122674','768432');
INSERT INTO playlist VALUES('199169','Top Track Week Jamendo 2011 - Semaine 18','http://www.jamendo.com/es/playlist/199169','7084');
INSERT INTO playlist_track VALUES('199169','768432');
INSERT INTO playlist VALUES('199924','SLB','http://www.jamendo.com/es/playlist/199924','4326');
INSERT INTO playlist_track VALUES('199924','768432');
INSERT INTO playlist_track VALUES('185937','768432');
INSERT INTO playlist_track VALUES('197400','768432');
INSERT INTO playlist VALUES('199467','Top 100','http://www.jamendo.com/es/playlist/199467','25870');
INSERT INTO juser VALUES('646768','rafuskis','Rafuskis','http://www.jamendo.com/es/user/rafuskis','http://imgjam.com/avatars/jamendo/100/pro.png','es');
INSERT INTO playlist_juser VALUES('199467','646768');
INSERT INTO playlist_juser VALUES('199467','1075568');
INSERT INTO playlist_track VALUES('199467','768432');
INSERT INTO playlist VALUES('113776','Par'' & Zik','http://www.jamendo.com/es/playlist/113776','55544');
INSERT INTO playlist_track VALUES('113776','768432');
INSERT INTO playlist VALUES('199186','Ambiance','http://www.jamendo.com/es/playlist/199186','9616');
INSERT INTO playlist_track VALUES('199186','768432');
INSERT INTO playlist VALUES('199342','Interressant','http://www.jamendo.com/es/playlist/199342','14667');
INSERT INTO playlist_juser VALUES('199342','1075568');
INSERT INTO playlist_track VALUES('199342','768432');
INSERT INTO playlist VALUES('198583','Top 20 Mid May 2011','http://www.jamendo.com/es/playlist/198583','4817');
INSERT INTO playlist_track VALUES('198583','768432');
INSERT INTO playlist VALUES('190472','Cool stuff','http://www.jamendo.com/es/playlist/190472','714');
INSERT INTO playlist_track VALUES('190472','768432');
INSERT INTO playlist VALUES('200756','70301','http://www.jamendo.com/es/playlist/200756','512');
INSERT INTO playlist_track VALUES('200756','768432');
INSERT INTO playlist VALUES('198977','Jan1','http://www.jamendo.com/es/playlist/198977','2454');
INSERT INTO playlist_track VALUES('198977','768432');
INSERT INTO playlist VALUES('169272','Bum-bum-cià, reggae,  vibbradub, ska-ska-ska','http://www.jamendo.com/es/playlist/169272','4848');
INSERT INTO playlist_track VALUES('169272','768432');
INSERT INTO playlist VALUES('197229','Anitek''s Abums','http://www.jamendo.com/es/playlist/197229','2454');
INSERT INTO playlist_track VALUES('197229','768432');
INSERT INTO playlist VALUES('188155','Elektroniczna','http://www.jamendo.com/es/playlist/188155','4719');
INSERT INTO playlist_track VALUES('188155','768432');
INSERT INTO playlist VALUES('188319','House trans','http://www.jamendo.com/es/playlist/188319','2688');
INSERT INTO playlist_track VALUES('188319','768432');
INSERT INTO playlist VALUES('197913','Muza','http://www.jamendo.com/es/playlist/197913','8657');
INSERT INTO playlist_track VALUES('197913','768432');
INSERT INTO playlist VALUES('198323','Escucha 2011','http://www.jamendo.com/es/playlist/198323','9866');
INSERT INTO playlist_juser VALUES('198323','1075568');
INSERT INTO playlist_track VALUES('198323','768432');
INSERT INTO track VALUES('768436','Flight To Geneva','http://www.jamendo.com/es/track/768436','','','172','http://mp3l.jamendo.com/?trackid=768436&format=mp31&u=0');
UPDATE track SET album_id='90022' WHERE id='768436';
UPDATE track SET text='' WHERE id='768436';
INSERT INTO playlist_track VALUES('185937','768436');
INSERT INTO playlist VALUES('197410','Neu','http://www.jamendo.com/es/playlist/197410','5087');
INSERT INTO playlist_track VALUES('197410','768436');
INSERT INTO playlist VALUES('201225','Musica cool','http://www.jamendo.com/es/playlist/201225','4979');
INSERT INTO playlist_track VALUES('201225','768436');
INSERT INTO playlist_track VALUES('226408','768436');
INSERT INTO playlist VALUES('226404','JamendoProRadioZip_jazz','http://www.jamendo.com/es/playlist/226404','47347');
INSERT INTO playlist_track VALUES('226404','768436');
INSERT INTO playlist_track VALUES('198977','768436');
INSERT INTO playlist_track VALUES('197229','768436');
INSERT INTO playlist_track VALUES('197913','768436');
INSERT INTO playlist VALUES('212908','150','http://www.jamendo.com/es/playlist/212908','43288');
INSERT INTO playlist_track VALUES('212908','768436');
INSERT INTO playlist_track VALUES('201165','768436');
INSERT INTO playlist_track VALUES('202024','768436');
INSERT INTO playlist VALUES('191722','Good','http://www.jamendo.com/es/playlist/191722','1608');
INSERT INTO playlist_track VALUES('191722','768436');
INSERT INTO playlist_track VALUES('209847','768436');
INSERT INTO playlist VALUES('210848','My Good Music','http://www.jamendo.com/es/playlist/210848','172');
INSERT INTO playlist_track VALUES('210848','768436');
INSERT INTO playlist_track VALUES('211957','768436');
INSERT INTO playlist VALUES('212734','141','http://www.jamendo.com/es/playlist/212734','43288');
INSERT INTO playlist_track VALUES('212734','768436');
INSERT INTO playlist_track VALUES('212795','768436');
INSERT INTO playlist_track VALUES('212912','768436');
INSERT INTO playlist VALUES('221497','Potential for BMCS','http://www.jamendo.com/es/playlist/221497','691');
INSERT INTO playlist_track VALUES('221497','768436');
INSERT INTO playlist VALUES('222009','171','http://www.jamendo.com/es/playlist/222009','43861');
INSERT INTO playlist_track VALUES('222009','768436');
INSERT INTO track VALUES('768444','The Arrival','http://www.jamendo.com/es/track/768444','','','124','http://mp3l.jamendo.com/?trackid=768444&format=mp31&u=0');
UPDATE track SET album_id='90022' WHERE id='768444';
UPDATE track SET text='' WHERE id='768444';
INSERT INTO playlist_track VALUES('185937','768444');
INSERT INTO playlist VALUES('91577','Anitek','http://www.jamendo.com/es/playlist/91577','2889');
INSERT INTO playlist_track VALUES('91577','768444');
INSERT INTO playlist_track VALUES('169272','768444');
INSERT INTO playlist_track VALUES('198977','768444');
INSERT INTO playlist_track VALUES('197229','768444');
INSERT INTO playlist VALUES('197394','Misc.','http://www.jamendo.com/es/playlist/197394','16548');
INSERT INTO playlist_track VALUES('197394','768444');
INSERT INTO playlist_track VALUES('197913','768444');
INSERT INTO playlist_track VALUES('201165','768444');
INSERT INTO playlist_track VALUES('202024','768444');
INSERT INTO playlist VALUES('209373','Soundtracks','http://www.jamendo.com/es/playlist/209373','1827');
INSERT INTO playlist_track VALUES('209373','768444');
INSERT INTO playlist_track VALUES('209847','768444');
INSERT INTO playlist_track VALUES('211957','768444');
INSERT INTO playlist_track VALUES('212694','768444');
INSERT INTO playlist_track VALUES('212730','768444');
INSERT INTO playlist_track VALUES('222006','768444');
INSERT INTO playlist_track VALUES('226402','768444');
INSERT INTO playlist_track VALUES('226321','768444');
INSERT INTO playlist_track VALUES('226431','768444');
INSERT INTO playlist_track VALUES('226562','768444');
INSERT INTO playlist_track VALUES('226743','768444');
INSERT INTO track VALUES('768443','Mr. Monster Man','http://www.jamendo.com/es/track/768443','','','151','http://mp3l.jamendo.com/?trackid=768443&format=mp31&u=0');
UPDATE track SET album_id='90022' WHERE id='768443';
UPDATE track SET text='' WHERE id='768443';
INSERT INTO playlist_track VALUES('185937','768443');
INSERT INTO playlist_track VALUES('226404','768443');
INSERT INTO playlist_track VALUES('198977','768443');
INSERT INTO playlist_track VALUES('197229','768443');
INSERT INTO playlist_track VALUES('197913','768443');
INSERT INTO playlist_track VALUES('212908','768443');
INSERT INTO playlist_track VALUES('201165','768443');
INSERT INTO playlist_track VALUES('209373','768443');
INSERT INTO playlist_track VALUES('209847','768443');
INSERT INTO playlist_track VALUES('211957','768443');
INSERT INTO playlist_track VALUES('212694','768443');
INSERT INTO playlist_track VALUES('212730','768443');
INSERT INTO playlist_track VALUES('212734','768443');
INSERT INTO playlist_track VALUES('222006','768443');
INSERT INTO playlist_track VALUES('222009','768443');
INSERT INTO playlist VALUES('222043','184','http://www.jamendo.com/es/playlist/222043','43861');
INSERT INTO playlist_track VALUES('222043','768443');
INSERT INTO playlist_track VALUES('226402','768443');
INSERT INTO playlist_track VALUES('226321','768443');
INSERT INTO playlist VALUES('226323','JamendoProRadioZip_jazz','http://www.jamendo.com/es/playlist/226323','45664');
INSERT INTO playlist_track VALUES('226323','768443');
INSERT INTO playlist_track VALUES('226431','768443');
INSERT INTO track VALUES('768441','Turkey Neck Sandwich','http://www.jamendo.com/es/track/768441','','','164','http://mp3l.jamendo.com/?trackid=768441&format=mp31&u=0');
UPDATE track SET album_id='90022' WHERE id='768441';
UPDATE track SET text='' WHERE id='768441';
INSERT INTO playlist_track VALUES('217701','768441');
INSERT INTO playlist_track VALUES('185937','768441');
INSERT INTO playlist_track VALUES('198977','768441');
INSERT INTO playlist_track VALUES('197229','768441');
INSERT INTO playlist_track VALUES('197913','768441');
INSERT INTO playlist_track VALUES('201165','768441');
INSERT INTO playlist_track VALUES('209847','768441');
INSERT INTO playlist_track VALUES('211957','768441');
INSERT INTO playlist_track VALUES('221497','768441');
INSERT INTO track VALUES('768434','Raining Rome','http://www.jamendo.com/es/track/768434','','','191','http://mp3l.jamendo.com/?trackid=768434&format=mp31&u=0');
UPDATE track SET album_id='90022' WHERE id='768434';
UPDATE track SET text='' WHERE id='768434';
INSERT INTO playlist_track VALUES('185937','768434');
INSERT INTO playlist_track VALUES('199871','768434');
INSERT INTO playlist_track VALUES('226417','768434');
INSERT INTO playlist VALUES('226409','JamendoProRadioZip_zen','http://www.jamendo.com/es/playlist/226409','41389');
INSERT INTO playlist_track VALUES('226409','768434');
INSERT INTO playlist_track VALUES('226408','768434');
INSERT INTO playlist_track VALUES('198977','768434');
INSERT INTO playlist_track VALUES('197229','768434');
INSERT INTO playlist_track VALUES('197913','768434');
INSERT INTO playlist_track VALUES('201165','768434');
INSERT INTO playlist VALUES('222033','182','http://www.jamendo.com/es/playlist/222033','42937');
INSERT INTO playlist_track VALUES('222033','768434');
INSERT INTO playlist_track VALUES('209373','768434');
INSERT INTO playlist_track VALUES('209847','768434');
INSERT INTO playlist_track VALUES('211957','768434');
INSERT INTO playlist VALUES('212047','Film Stuff','http://www.jamendo.com/es/playlist/212047','1795');
INSERT INTO playlist_track VALUES('212047','768434');
INSERT INTO playlist_track VALUES('212208','768434');
INSERT INTO playlist_track VALUES('212679','768434');
INSERT INTO playlist_track VALUES('212717','768434');
INSERT INTO playlist_track VALUES('212795','768434');
INSERT INTO playlist_track VALUES('212912','768434');
INSERT INTO playlist VALUES('212921','161','http://www.jamendo.com/es/playlist/212921','42724');
INSERT INTO juser VALUES('1201897','xl23','Xl23','http://www.jamendo.com/es/user/xl23','http://imgjam.com/avatars/897/1201897.100.jpg','fr');
INSERT INTO playlist_juser VALUES('212921','1201897');
INSERT INTO playlist_track VALUES('212921','768434');
INSERT INTO track VALUES('768442','Suisse Connection','http://www.jamendo.com/es/track/768442','','','156','http://mp3l.jamendo.com/?trackid=768442&format=mp31&u=0');
UPDATE track SET album_id='90022' WHERE id='768442';
UPDATE track SET text='' WHERE id='768442';
INSERT INTO playlist_track VALUES('122674','768442');
INSERT INTO playlist VALUES('199469','Sergem19','http://www.jamendo.com/es/playlist/199469','5046');
INSERT INTO playlist_track VALUES('199469','768442');
INSERT INTO playlist_track VALUES('185937','768442');
INSERT INTO playlist_track VALUES('195175','768442');
INSERT INTO playlist_track VALUES('181897','768442');
INSERT INTO playlist_track VALUES('126560','768442');
INSERT INTO playlist_track VALUES('198977','768442');
INSERT INTO playlist VALUES('195081','Filmowa','http://www.jamendo.com/es/playlist/195081','51232');
INSERT INTO playlist_track VALUES('195081','768442');
INSERT INTO playlist_track VALUES('197229','768442');
INSERT INTO playlist_track VALUES('197913','768442');
INSERT INTO playlist_track VALUES('201165','768442');
INSERT INTO playlist_track VALUES('209847','768442');
INSERT INTO playlist_track VALUES('211957','768442');
INSERT INTO playlist_track VALUES('212047','768442');
INSERT INTO playlist_track VALUES('167547','768442');
INSERT INTO playlist_track VALUES('226569','768442');
INSERT INTO playlist_track VALUES('226950','768442');
INSERT INTO playlist_track VALUES('227122','768442');
INSERT INTO playlist_track VALUES('227300','768442');
INSERT INTO playlist_track VALUES('227443','768442');
INSERT INTO track VALUES('768438','Shower Floor','http://www.jamendo.com/es/track/768438','','','170','http://mp3l.jamendo.com/?trackid=768438&format=mp31&u=0');
UPDATE track SET album_id='90022' WHERE id='768438';
UPDATE track SET text='' WHERE id='768438';
INSERT INTO playlist_track VALUES('185937','768438');
INSERT INTO playlist VALUES('226420','JamendoProRadioZip_experience','http://www.jamendo.com/es/playlist/226420','42002');
INSERT INTO playlist_track VALUES('226420','768438');
INSERT INTO playlist_track VALUES('226408','768438');
INSERT INTO playlist_track VALUES('126560','768438');
INSERT INTO playlist_track VALUES('122674','768438');
INSERT INTO playlist_track VALUES('198977','768438');
INSERT INTO playlist_track VALUES('197229','768438');
INSERT INTO playlist_track VALUES('197913','768438');
INSERT INTO playlist_track VALUES('201165','768438');
INSERT INTO playlist VALUES('202736','Trip hop forever','http://www.jamendo.com/es/playlist/202736','1109');
INSERT INTO playlist_track VALUES('202736','768438');
INSERT INTO playlist_track VALUES('226569','768438');
INSERT INTO playlist VALUES('204169','Londres 2011','http://www.jamendo.com/es/playlist/204169','3332');
INSERT INTO playlist_track VALUES('204169','768438');
INSERT INTO playlist_track VALUES('209847','768438');
INSERT INTO playlist VALUES('203706','11-07','http://www.jamendo.com/es/playlist/203706','27099');
INSERT INTO playlist_track VALUES('203706','768438');
INSERT INTO playlist_track VALUES('211957','768438');
INSERT INTO playlist VALUES('212687','129','http://www.jamendo.com/es/playlist/212687','40996');
INSERT INTO playlist_track VALUES('212687','768438');
INSERT INTO playlist VALUES('212724','136','http://www.jamendo.com/es/playlist/212724','40996');
INSERT INTO playlist_track VALUES('212724','768438');
INSERT INTO playlist_track VALUES('212795','768438');
INSERT INTO playlist_track VALUES('212912','768438');
INSERT INTO playlist VALUES('222002','166','http://www.jamendo.com/es/playlist/222002','45178');
INSERT INTO playlist_track VALUES('222002','768438');
INSERT INTO track VALUES('768437','Panda','http://www.jamendo.com/es/track/768437','','en','182','http://mp3l.jamendo.com/?trackid=768437&format=mp31&u=0');
UPDATE track SET album_id='90022' WHERE id='768437';
UPDATE track SET text='' WHERE id='768437';
INSERT INTO playlist_track VALUES('185937','768437');
INSERT INTO playlist_track VALUES('226408','768437');
INSERT INTO playlist_track VALUES('198977','768437');
INSERT INTO playlist_track VALUES('197229','768437');
INSERT INTO playlist_track VALUES('197913','768437');
INSERT INTO playlist_track VALUES('201165','768437');
INSERT INTO playlist_track VALUES('202024','768437');
INSERT INTO playlist_track VALUES('209847','768437');
INSERT INTO playlist_track VALUES('203706','768437');
INSERT INTO playlist_track VALUES('211957','768437');
INSERT INTO playlist_track VALUES('212795','768437');
INSERT INTO playlist_track VALUES('212912','768437');
INSERT INTO playlist_track VALUES('222016','768437');
INSERT INTO playlist_track VALUES('226327','768437');
INSERT INTO playlist_track VALUES('226544','768437');
INSERT INTO playlist_track VALUES('226727','768437');
INSERT INTO playlist_track VALUES('226847','768437');
INSERT INTO playlist_track VALUES('226941','768437');
INSERT INTO playlist_track VALUES('227113','768437');
INSERT INTO playlist_track VALUES('227291','768437');
INSERT INTO track VALUES('768433','Authorization','http://www.jamendo.com/es/track/768433','','en','195','http://mp3l.jamendo.com/?trackid=768433&format=mp31&u=0');
UPDATE track SET album_id='90022' WHERE id='768433';
UPDATE track SET text='' WHERE id='768433';
INSERT INTO playlist_track VALUES('195175','768433');
INSERT INTO playlist_track VALUES('181897','768433');
INSERT INTO playlist_track VALUES('185937','768433');
INSERT INTO playlist VALUES('197973','Kapital List','http://www.jamendo.com/es/playlist/197973','195');
INSERT INTO playlist_track VALUES('197973','768433');
INSERT INTO playlist_track VALUES('198977','768433');
INSERT INTO playlist_track VALUES('226417','768433');
INSERT INTO playlist_track VALUES('226408','768433');
INSERT INTO playlist_track VALUES('122674','768433');
INSERT INTO playlist VALUES('195072','Rozmaitosci','http://www.jamendo.com/es/playlist/195072','55577');
INSERT INTO juser VALUES('807732','juanmcsean','Juanmcsean','http://www.jamendo.com/es/user/juanmcsean','http://imgjam.com/avatars/jamendo/100/pro.png','es');
INSERT INTO juser VALUES('1216537','Crustacean','Crustacean','http://www.jamendo.com/es/user/Crustacean','http://imgjam.com/avatars/jamendo/100/pro.png','de');
INSERT INTO juser VALUES('1394034','anacron1c','Anacron1c','http://www.jamendo.com/es/user/anacron1c','http://imgjam.com/avatars/jamendo/100/pro.png','en');
INSERT INTO playlist_juser VALUES('195072','807732');
INSERT INTO playlist_juser VALUES('195072','1216537');
INSERT INTO playlist_juser VALUES('195072','1394034');
INSERT INTO playlist_track VALUES('195072','768433');
INSERT INTO playlist_track VALUES('197229','768433');
INSERT INTO playlist_track VALUES('197913','768433');
INSERT INTO playlist_track VALUES('198507','768433');
INSERT INTO playlist_track VALUES('201165','768433');
INSERT INTO playlist_track VALUES('209847','768433');
INSERT INTO playlist_track VALUES('203706','768433');
INSERT INTO playlist_track VALUES('211957','768433');
INSERT INTO playlist_track VALUES('212208','768433');
INSERT INTO playlist_track VALUES('212679','768433');
INSERT INTO playlist_track VALUES('212717','768433');
INSERT INTO playlist_track VALUES('212795','768433');
INSERT INTO track VALUES('768430','Lost Hours','http://www.jamendo.com/es/track/768430','','','175','http://mp3l.jamendo.com/?trackid=768430&format=mp31&u=0');
UPDATE track SET album_id='90022' WHERE id='768430';
UPDATE track SET text='' WHERE id='768430';
INSERT INTO playlist_track VALUES('185937','768430');
INSERT INTO playlist_track VALUES('198977','768430');
INSERT INTO playlist_track VALUES('226408','768430');
INSERT INTO playlist_track VALUES('126560','768430');
INSERT INTO playlist_track VALUES('226404','768430');
INSERT INTO playlist_track VALUES('195081','768430');
INSERT INTO playlist_track VALUES('197229','768430');
INSERT INTO playlist_track VALUES('197913','768430');
INSERT INTO playlist_track VALUES('212908','768430');
INSERT INTO playlist_track VALUES('201165','768430');
INSERT INTO playlist_track VALUES('209847','768430');
INSERT INTO playlist_track VALUES('211957','768430');
INSERT INTO playlist_track VALUES('212734','768430');
INSERT INTO playlist_track VALUES('212795','768430');
INSERT INTO playlist_track VALUES('212912','768430');
INSERT INTO playlist_track VALUES('222009','768430');
INSERT INTO playlist_track VALUES('222016','768430');
INSERT INTO playlist_track VALUES('222043','768430');
INSERT INTO playlist_track VALUES('226323','768430');
INSERT INTO playlist_track VALUES('226327','768430');
INSERT INTO track VALUES('768435','Balcony Photography','http://www.jamendo.com/es/track/768435','','','170','http://mp3l.jamendo.com/?trackid=768435&format=mp31&u=0');
UPDATE track SET album_id='90022' WHERE id='768435';
UPDATE track SET text='' WHERE id='768435';
INSERT INTO playlist_track VALUES('185937','768435');
INSERT INTO playlist_track VALUES('198977','768435');
INSERT INTO playlist_track VALUES('226417','768435');
INSERT INTO playlist_track VALUES('226409','768435');
INSERT INTO playlist_track VALUES('226408','768435');
INSERT INTO playlist_track VALUES('126560','768435');
INSERT INTO playlist_track VALUES('195081','768435');
INSERT INTO playlist_track VALUES('197229','768435');
INSERT INTO playlist_track VALUES('197913','768435');
INSERT INTO playlist_track VALUES('201165','768435');
INSERT INTO playlist_track VALUES('222033','768435');
INSERT INTO playlist_track VALUES('209847','768435');
INSERT INTO playlist_track VALUES('203706','768435');
INSERT INTO playlist_track VALUES('211957','768435');
INSERT INTO playlist_track VALUES('212208','768435');
INSERT INTO playlist_track VALUES('212679','768435');
INSERT INTO playlist_track VALUES('212717','768435');
INSERT INTO playlist_track VALUES('212795','768435');
INSERT INTO playlist_track VALUES('212912','768435');
INSERT INTO playlist_track VALUES('212921','768435');
INSERT INTO track VALUES('768427','Six Head','http://www.jamendo.com/es/track/768427','','','154','http://mp3l.jamendo.com/?trackid=768427&format=mp31&u=0');
UPDATE track SET album_id='90022' WHERE id='768427';
UPDATE track SET text='' WHERE id='768427';
INSERT INTO playlist_track VALUES('185937','768427');
INSERT INTO playlist_track VALUES('198977','768427');
INSERT INTO playlist_track VALUES('197229','768427');
INSERT INTO playlist_track VALUES('197913','768427');
INSERT INTO playlist_track VALUES('201165','768427');
INSERT INTO playlist_track VALUES('209847','768427');
INSERT INTO playlist_track VALUES('211957','768427');
INSERT INTO playlist_track VALUES('217701','768427');
INSERT INTO track VALUES('768428','Asleep Again','http://www.jamendo.com/es/track/768428','','','171','http://mp3l.jamendo.com/?trackid=768428&format=mp31&u=0');
UPDATE track SET album_id='90022' WHERE id='768428';
UPDATE track SET text='' WHERE id='768428';
INSERT INTO playlist_track VALUES('185937','768428');
INSERT INTO playlist_track VALUES('198977','768428');
INSERT INTO playlist_track VALUES('226411','768428');
INSERT INTO playlist_track VALUES('226404','768428');
INSERT INTO playlist_track VALUES('197229','768428');
INSERT INTO playlist_track VALUES('197913','768428');
INSERT INTO playlist_track VALUES('212908','768428');
INSERT INTO playlist_track VALUES('201165','768428');
INSERT INTO playlist_track VALUES('209847','768428');
INSERT INTO playlist_track VALUES('211957','768428');
INSERT INTO playlist_track VALUES('212734','768428');
INSERT INTO playlist_track VALUES('212799','768428');
INSERT INTO playlist_track VALUES('212914','768428');
INSERT INTO playlist_track VALUES('222009','768428');
INSERT INTO playlist_track VALUES('222021','768428');
INSERT INTO playlist_track VALUES('222043','768428');
INSERT INTO playlist_track VALUES('226323','768428');
INSERT INTO playlist_track VALUES('226330','768428');
INSERT INTO playlist VALUES('226540','JamendoProRadioZip_jazz','http://www.jamendo.com/es/playlist/226540','46479');
INSERT INTO playlist_track VALUES('226540','768428');
INSERT INTO playlist_track VALUES('226547','768428');
INSERT INTO track VALUES('768398','Ant Invasion','http://www.jamendo.com/es/track/768398','','','110','http://mp3l.jamendo.com/?trackid=768398&format=mp31&u=0');
UPDATE track SET album_id='90022' WHERE id='768398';
UPDATE track SET text='' WHERE id='768398';
INSERT INTO playlist_track VALUES('185937','768398');
INSERT INTO playlist_track VALUES('198977','768398');
INSERT INTO playlist_track VALUES('195072','768398');
INSERT INTO playlist_track VALUES('197229','768398');
INSERT INTO playlist_track VALUES('197913','768398');
INSERT INTO playlist_track VALUES('201165','768398');
INSERT INTO playlist_track VALUES('209847','768398');
INSERT INTO playlist_track VALUES('211957','768398');
INSERT INTO playlist_track VALUES('212694','768398');
INSERT INTO playlist_track VALUES('212730','768398');
INSERT INTO playlist_track VALUES('222006','768398');
INSERT INTO playlist_track VALUES('226402','768398');
INSERT INTO playlist_track VALUES('226321','768398');
INSERT INTO playlist_track VALUES('226431','768398');
INSERT INTO playlist_track VALUES('226562','768398');
INSERT INTO playlist_track VALUES('226743','768398');
INSERT INTO playlist_track VALUES('226772','768398');
INSERT INTO playlist_track VALUES('226935','768398');
INSERT INTO playlist_track VALUES('226926','768398');
INSERT INTO playlist_track VALUES('227107','768398');
INSERT INTO juser VALUES('129284','mariusz_es','Mariusz es','http://www.jamendo.com/es/user/mariusz_es','http://imgjam.com/avatars/284/129284.100.jpg','en');
INSERT INTO juser VALUES('1161126','dk16','Dk16','http://www.jamendo.com/es/user/dk16','http://imgjam.com/avatars/jamendo/100/pro.png','en');
INSERT INTO juser VALUES('918769','deniselortza','Deniselortza','http://www.jamendo.com/es/user/deniselortza','http://imgjam.com/avatars/jamendo/100/pro.png','es');
INSERT INTO juser VALUES('1130719','eded59','Eded59','http://www.jamendo.com/es/user/eded59','http://imgjam.com/avatars/jamendo/100/pro.png','fr');
INSERT INTO album_juser VALUES('90022','129284');
INSERT INTO album_juser VALUES('90022','1161126');
INSERT INTO album_juser VALUES('90022','918769');
INSERT INTO album_juser VALUES('90022','985684');
INSERT INTO album_juser VALUES('90022','1130719');
INSERT INTO juser VALUES('1142888','elekiteru','Elekiteru','http://www.jamendo.com/es/user/elekiteru','http://imgjam.com/avatars/jamendo/100/pro.png','en');
INSERT INTO juser VALUES('213648','Groom','Groom','http://www.jamendo.com/es/user/Groom','http://imgjam.com/avatars/648/213648.100.jpg','fr');
INSERT INTO juser VALUES('1094997','carinabarros','Carinabarros','http://www.jamendo.com/es/user/carinabarros','http://imgjam.com/avatars/997/1094997.100.jpg','en');
INSERT INTO juser VALUES('1111798','rominus001','Romain orsoni','http://www.jamendo.com/es/user/rominus001','http://imgjam.com/avatars/jamendo/100/pb_instrument.png','fr');
INSERT INTO album_juser VALUES('90022','646501');
INSERT INTO album_juser VALUES('90022','1142888');
INSERT INTO album_juser VALUES('90022','213648');
INSERT INTO album_juser VALUES('90022','1094997');
INSERT INTO album_juser VALUES('90022','1111798');
INSERT INTO juser VALUES('503461','ichtysdk','Ichtysdk','http://www.jamendo.com/es/user/ichtysdk','http://imgjam.com/avatars/jamendo/100/pro.png','en');
INSERT INTO juser VALUES('831227','Anyamene',' ','http://www.jamendo.com/es/user/Anyamene','http://imgjam.com/avatars/227/831227.100.png','en');
INSERT INTO juser VALUES('1125373','freerangeoyster','Freerangeoyster','http://www.jamendo.com/es/user/freerangeoyster','http://imgjam.com/avatars/jamendo/100/pro.png','en');
INSERT INTO album_juser VALUES('90022','1104126');
INSERT INTO album_juser VALUES('90022','503461');
INSERT INTO album_juser VALUES('90022','957625');
INSERT INTO album_juser VALUES('90022','831227');
INSERT INTO album_juser VALUES('90022','1125373');
INSERT INTO juser VALUES('769061','antropkitti','Antropkitti','http://www.jamendo.com/es/user/antropkitti','http://imgjam.com/avatars/jamendo/100/pro.png','en');
INSERT INTO juser VALUES('259991','rynsa','Rynsa','http://www.jamendo.com/es/user/rynsa','http://imgjam.com/avatars/questionmark/avatar.100.gif','en');
INSERT INTO juser VALUES('1115764','molenstein','Molenstein','http://www.jamendo.com/es/user/molenstein','http://imgjam.com/avatars/jamendo/100/pro.png','en');
INSERT INTO album_juser VALUES('90022','769061');
INSERT INTO album_juser VALUES('90022','259991');
INSERT INTO album_juser VALUES('90022','1115764');
INSERT INTO album_juser VALUES('90022','6991');
INSERT INTO album_juser VALUES('90022','1141831');
INSERT INTO album VALUES('90408','Mind Express','http://www.jamendo.com/es/album/90408','http://imgjam.com/albums/s90/90408/covers/1.100.jpg','2','1586','Triphop/Turntablism/Chillout/Instrumental');
UPDATE album SET artist_id='359034' WHERE id='90408';
INSERT INTO track VALUES('771290','Calling','http://www.jamendo.com/es/track/771290','','','161','http://mp3l.jamendo.com/?trackid=771290&format=mp31&u=0');
UPDATE track SET album_id='90408' WHERE id='771290';
UPDATE track SET text='' WHERE id='771290';
INSERT INTO playlist VALUES('200147','LoungeTriphop','http://www.jamendo.com/es/playlist/200147','1908');
INSERT INTO playlist_track VALUES('200147','771290');
INSERT INTO playlist VALUES('199239','Love it!','http://www.jamendo.com/es/playlist/199239','0');
INSERT INTO playlist_track VALUES('199239','771290');
INSERT INTO playlist_track VALUES('199865','771290');
INSERT INTO playlist VALUES('200574','MyFirstPlaylist','http://www.jamendo.com/es/playlist/200574','7159');
INSERT INTO playlist_track VALUES('200574','771290');
INSERT INTO playlist_track VALUES('160222','771290');
INSERT INTO playlist_track VALUES('158477','771290');
INSERT INTO playlist VALUES('191613','Films','http://www.jamendo.com/es/playlist/191613','8812');
INSERT INTO playlist_track VALUES('191613','771290');
INSERT INTO playlist_track VALUES('226417','771290');
INSERT INTO playlist_track VALUES('226408','771290');
INSERT INTO playlist VALUES('197872','Turntablism','http://www.jamendo.com/es/playlist/197872','161');
INSERT INTO playlist_track VALUES('197872','771290');
INSERT INTO playlist VALUES('178850','Mmoproj','http://www.jamendo.com/es/playlist/178850','201101');
INSERT INTO playlist_track VALUES('178850','771290');
INSERT INTO playlist VALUES('160983','V-Misc','http://www.jamendo.com/es/playlist/160983','26581');
INSERT INTO playlist_track VALUES('160983','771290');
INSERT INTO playlist VALUES('198425','ChillOut','http://www.jamendo.com/es/playlist/198425','6639');
INSERT INTO playlist_track VALUES('198425','771290');
INSERT INTO playlist_track VALUES('185937','771290');
INSERT INTO playlist_track VALUES('203985','771290');
INSERT INTO playlist_track VALUES('205051','771290');
INSERT INTO playlist VALUES('213793','Diginauta''s','http://www.jamendo.com/es/playlist/213793','6834');
INSERT INTO playlist_track VALUES('213793','771290');
INSERT INTO playlist_track VALUES('211957','771290');
INSERT INTO playlist_track VALUES('212208','771290');
INSERT INTO playlist_track VALUES('212679','771290');
INSERT INTO track VALUES('771294','Flow','http://www.jamendo.com/es/track/771294','','','134','http://mp3l.jamendo.com/?trackid=771294&format=mp31&u=0');
UPDATE track SET album_id='90408' WHERE id='771294';
UPDATE track SET text='' WHERE id='771294';
INSERT INTO playlist VALUES('186102','Chillout','http://www.jamendo.com/es/playlist/186102','3160');
INSERT INTO playlist_track VALUES('186102','771294');
INSERT INTO playlist_track VALUES('199865','771294');
INSERT INTO playlist_track VALUES('200574','771294');
INSERT INTO playlist_track VALUES('160222','771294');
INSERT INTO playlist_track VALUES('158477','771294');
INSERT INTO playlist_track VALUES('199239','771294');
INSERT INTO playlist VALUES('73135','Chillout','http://www.jamendo.com/es/playlist/73135','14694');
INSERT INTO playlist_track VALUES('73135','771294');
INSERT INTO playlist_track VALUES('197394','771294');
INSERT INTO playlist_track VALUES('178850','771294');
INSERT INTO playlist_track VALUES('198425','771294');
INSERT INTO playlist_track VALUES('185937','771294');
INSERT INTO playlist_track VALUES('203985','771294');
INSERT INTO playlist_track VALUES('213793','771294');
INSERT INTO playlist_track VALUES('207779','771294');
INSERT INTO playlist_track VALUES('211957','771294');
INSERT INTO track VALUES('771285','Blueprint','http://www.jamendo.com/es/track/771285','','','238','http://mp3l.jamendo.com/?trackid=771285&format=mp31&u=0');
UPDATE track SET album_id='90408' WHERE id='771285';
UPDATE track SET text='' WHERE id='771285';
INSERT INTO playlist_track VALUES('199865','771285');
INSERT INTO playlist_track VALUES('200574','771285');
INSERT INTO playlist_track VALUES('195175','771285');
INSERT INTO playlist_track VALUES('181897','771285');
INSERT INTO playlist_track VALUES('160222','771285');
INSERT INTO playlist_track VALUES('158477','771285');
INSERT INTO playlist_track VALUES('91577','771285');
INSERT INTO playlist_track VALUES('226417','771285');
INSERT INTO playlist_track VALUES('226408','771285');
INSERT INTO playlist_track VALUES('199239','771285');
INSERT INTO playlist_track VALUES('178850','771285');
INSERT INTO playlist VALUES('198415','Mayo2011','http://www.jamendo.com/es/playlist/198415','1436');
INSERT INTO playlist_track VALUES('198415','771285');
INSERT INTO playlist_track VALUES('185937','771285');
INSERT INTO playlist VALUES('12241','Attitune: chillout 1','http://www.jamendo.com/es/playlist/12241','5453');
INSERT INTO playlist_track VALUES('12241','771285');
INSERT INTO playlist_track VALUES('203985','771285');
INSERT INTO playlist_track VALUES('213793','771285');
INSERT INTO playlist VALUES('204818','11-07b','http://www.jamendo.com/es/playlist/204818','15585');
INSERT INTO playlist_track VALUES('204818','771285');
INSERT INTO playlist_track VALUES('211957','771285');
INSERT INTO playlist_track VALUES('212208','771285');
INSERT INTO playlist_track VALUES('212679','771285');
INSERT INTO track VALUES('771287','Sarcasm','http://www.jamendo.com/es/track/771287','','','128','http://mp3l.jamendo.com/?trackid=771287&format=mp31&u=0');
UPDATE track SET album_id='90408' WHERE id='771287';
UPDATE track SET text='' WHERE id='771287';
INSERT INTO playlist_track VALUES('199865','771287');
INSERT INTO playlist_track VALUES('200574','771287');
INSERT INTO playlist_track VALUES('160222','771287');
INSERT INTO playlist_track VALUES('158477','771287');
INSERT INTO playlist_track VALUES('199239','771287');
INSERT INTO playlist_track VALUES('178850','771287');
INSERT INTO playlist_track VALUES('185937','771287');
INSERT INTO playlist_track VALUES('203985','771287');
INSERT INTO playlist_track VALUES('204818','771287');
INSERT INTO playlist_track VALUES('213793','771287');
INSERT INTO playlist_track VALUES('211957','771287');
INSERT INTO track VALUES('771288','Light-year','http://www.jamendo.com/es/track/771288','','','203','http://mp3l.jamendo.com/?trackid=771288&format=mp31&u=0');
UPDATE track SET album_id='90408' WHERE id='771288';
UPDATE track SET text='' WHERE id='771288';
INSERT INTO playlist_track VALUES('213793','771288');
INSERT INTO playlist_track VALUES('199865','771288');
INSERT INTO playlist_track VALUES('200574','771288');
INSERT INTO playlist VALUES('198047','Pref','http://www.jamendo.com/es/playlist/198047','5717');
INSERT INTO playlist_track VALUES('198047','771288');
INSERT INTO playlist_track VALUES('160222','771288');
INSERT INTO playlist_track VALUES('158477','771288');
INSERT INTO playlist_track VALUES('226420','771288');
INSERT INTO playlist_track VALUES('226417','771288');
INSERT INTO playlist_track VALUES('226408','771288');
INSERT INTO playlist_track VALUES('199239','771288');
INSERT INTO playlist_track VALUES('178850','771288');
INSERT INTO playlist_track VALUES('198425','771288');
INSERT INTO playlist_track VALUES('185937','771288');
INSERT INTO playlist_track VALUES('203985','771288');
INSERT INTO playlist_track VALUES('211957','771288');
INSERT INTO playlist_track VALUES('212208','771288');
INSERT INTO playlist_track VALUES('212679','771288');
INSERT INTO playlist_track VALUES('212687','771288');
INSERT INTO playlist_track VALUES('212717','771288');
INSERT INTO playlist_track VALUES('212724','771288');
INSERT INTO track VALUES('771291','Shortcut','http://www.jamendo.com/es/track/771291','','','78','http://mp3l.jamendo.com/?trackid=771291&format=mp31&u=0');
UPDATE track SET album_id='90408' WHERE id='771291';
UPDATE track SET text='' WHERE id='771291';
INSERT INTO playlist_track VALUES('199865','771291');
INSERT INTO playlist_track VALUES('200574','771291');
INSERT INTO playlist_track VALUES('160222','771291');
INSERT INTO playlist_track VALUES('158477','771291');
INSERT INTO playlist_track VALUES('199239','771291');
INSERT INTO playlist_track VALUES('178850','771291');
INSERT INTO playlist_track VALUES('160983','771291');
INSERT INTO playlist_track VALUES('198415','771291');
INSERT INTO playlist_track VALUES('185937','771291');
INSERT INTO playlist_track VALUES('203985','771291');
INSERT INTO playlist_track VALUES('213793','771291');
INSERT INTO playlist VALUES('207601','Like','http://www.jamendo.com/es/playlist/207601','1464');
INSERT INTO playlist_track VALUES('207601','771291');
INSERT INTO playlist_track VALUES('211957','771291');
INSERT INTO track VALUES('771289','Contact','http://www.jamendo.com/es/track/771289','','','154','http://mp3l.jamendo.com/?trackid=771289&format=mp31&u=0');
UPDATE track SET album_id='90408' WHERE id='771289';
UPDATE track SET text='' WHERE id='771289';
INSERT INTO playlist_track VALUES('199865','771289');
INSERT INTO playlist_track VALUES('200574','771289');
INSERT INTO playlist_track VALUES('158477','771289');
INSERT INTO playlist_track VALUES('226417','771289');
INSERT INTO playlist_track VALUES('226408','771289');
INSERT INTO playlist_track VALUES('199239','771289');
INSERT INTO playlist_track VALUES('160222','771289');
INSERT INTO playlist_track VALUES('178850','771289');
INSERT INTO playlist_track VALUES('198425','771289');
INSERT INTO playlist_track VALUES('185937','771289');
INSERT INTO playlist_track VALUES('190088','771289');
INSERT INTO playlist_track VALUES('203985','771289');
INSERT INTO playlist_track VALUES('213793','771289');
INSERT INTO playlist_track VALUES('211957','771289');
INSERT INTO playlist_track VALUES('212208','771289');
INSERT INTO playlist_track VALUES('212679','771289');
INSERT INTO playlist_track VALUES('212717','771289');
INSERT INTO playlist_track VALUES('212795','771289');
INSERT INTO playlist_track VALUES('212912','771289');
INSERT INTO playlist_track VALUES('221995','771289');
INSERT INTO track VALUES('771292','One-way','http://www.jamendo.com/es/track/771292','','','180','http://mp3l.jamendo.com/?trackid=771292&format=mp31&u=0');
UPDATE track SET album_id='90408' WHERE id='771292';
UPDATE track SET text='' WHERE id='771292';
INSERT INTO playlist VALUES('199071','Mental Health','http://www.jamendo.com/es/playlist/199071','4575');
INSERT INTO playlist_track VALUES('199071','771292');
INSERT INTO playlist_track VALUES('199865','771292');
INSERT INTO playlist_track VALUES('200574','771292');
INSERT INTO playlist_track VALUES('158477','771292');
INSERT INTO playlist_track VALUES('213793','771292');
INSERT INTO playlist_track VALUES('199239','771292');
INSERT INTO playlist_track VALUES('160222','771292');
INSERT INTO playlist_track VALUES('178850','771292');
INSERT INTO playlist_track VALUES('198415','771292');
INSERT INTO playlist_track VALUES('198425','771292');
INSERT INTO playlist_track VALUES('185937','771292');
INSERT INTO playlist_track VALUES('203985','771292');
INSERT INTO playlist_track VALUES('211957','771292');
INSERT INTO track VALUES('771293','Welcome','http://www.jamendo.com/es/track/771293','','','146','http://mp3l.jamendo.com/?trackid=771293&format=mp31&u=0');
UPDATE track SET album_id='90408' WHERE id='771293';
UPDATE track SET text='' WHERE id='771293';
INSERT INTO playlist_track VALUES('199865','771293');
INSERT INTO playlist_track VALUES('200574','771293');
INSERT INTO playlist_track VALUES('158477','771293');
INSERT INTO playlist_track VALUES('91577','771293');
INSERT INTO playlist_track VALUES('226408','771293');
INSERT INTO playlist_track VALUES('199239','771293');
INSERT INTO playlist_track VALUES('160222','771293');
INSERT INTO playlist VALUES('198089','2breheard','http://www.jamendo.com/es/playlist/198089','146');
INSERT INTO playlist_track VALUES('198089','771293');
INSERT INTO playlist_track VALUES('178850','771293');
INSERT INTO playlist_track VALUES('185937','771293');
INSERT INTO playlist_track VALUES('203985','771293');
INSERT INTO playlist_track VALUES('204818','771293');
INSERT INTO playlist_track VALUES('213793','771293');
INSERT INTO playlist_track VALUES('211957','771293');
INSERT INTO playlist_track VALUES('212795','771293');
INSERT INTO playlist_track VALUES('212912','771293');
INSERT INTO playlist_track VALUES('185342','771293');
INSERT INTO playlist_track VALUES('222016','771293');
INSERT INTO playlist VALUES('224965','201','http://www.jamendo.com/es/playlist/224965','38431');
INSERT INTO playlist_track VALUES('224965','771293');
INSERT INTO playlist VALUES('226217','JamendoProRadioZip_trendysoft','http://www.jamendo.com/es/playlist/226217','39240');
INSERT INTO playlist_track VALUES('226217','771293');
INSERT INTO track VALUES('771286','Destination','http://www.jamendo.com/es/track/771286','','','164','http://mp3l.jamendo.com/?trackid=771286&format=mp31&u=0');
UPDATE track SET album_id='90408' WHERE id='771286';
UPDATE track SET text='' WHERE id='771286';
INSERT INTO playlist_track VALUES('199865','771286');
INSERT INTO playlist_track VALUES('200574','771286');
INSERT INTO playlist_track VALUES('158477','771286');
INSERT INTO playlist VALUES('18264','Jazzy electro beat','http://www.jamendo.com/es/playlist/18264','9446');
INSERT INTO playlist_track VALUES('18264','771286');
INSERT INTO playlist_track VALUES('199239','771286');
INSERT INTO playlist_track VALUES('160222','771286');
INSERT INTO playlist_track VALUES('178850','771286');
INSERT INTO playlist_track VALUES('188222','771286');
INSERT INTO playlist_track VALUES('185937','771286');
INSERT INTO playlist_track VALUES('190088','771286');
INSERT INTO playlist VALUES('203293','Hip-Hop 2011','http://www.jamendo.com/es/playlist/203293','4419');
INSERT INTO playlist_track VALUES('203293','771286');
INSERT INTO playlist_track VALUES('203985','771286');
INSERT INTO playlist_track VALUES('213793','771286');
INSERT INTO playlist VALUES('226211','JamendoProRadioZip_groovedancepop','http://www.jamendo.com/es/playlist/226211','60165');
INSERT INTO playlist_track VALUES('226211','771286');
INSERT INTO playlist_track VALUES('211957','771286');
INSERT INTO playlist_track VALUES('212694','771286');
INSERT INTO playlist_track VALUES('212730','771286');
INSERT INTO playlist_track VALUES('222006','771286');
INSERT INTO playlist_track VALUES('226402','771286');
INSERT INTO playlist VALUES('224947','192','http://www.jamendo.com/es/playlist/224947','63659');
INSERT INTO playlist_track VALUES('224947','771286');
INSERT INTO juser VALUES('1025121','musicgypsy7',' ','http://www.jamendo.com/es/user/musicgypsy7','http://imgjam.com/avatars/121/1025121.100.png','en');
INSERT INTO juser VALUES('677054','kreciooo','Kreciooo','http://www.jamendo.com/es/user/kreciooo','http://imgjam.com/avatars/54/677054.100.jpg','pl');
INSERT INTO juser VALUES('563626','geckorange','Geckorange','http://www.jamendo.com/es/user/geckorange','http://imgjam.com/avatars/jamendo/100/geek.png','fr');
INSERT INTO juser VALUES('55661','jamasi','Jan ','http://www.jamendo.com/es/user/jamasi','http://imgjam.com/avatars/661/55661.100.png','de');
INSERT INTO album_juser VALUES('90408','1025121');
INSERT INTO album_juser VALUES('90408','677054');
INSERT INTO album_juser VALUES('90408','812470');
INSERT INTO album_juser VALUES('90408','563626');
INSERT INTO album_juser VALUES('90408','55661');
INSERT INTO juser VALUES('1123510','Kallinski','S. hermann','http://www.jamendo.com/es/user/Kallinski','http://imgjam.com/avatars/510/1123510.100.jpg','de');
INSERT INTO album_juser VALUES('90408','1123510');
INSERT INTO album_juser VALUES('90408','978658');
INSERT INTO album_juser VALUES('90408','3073736');
INSERT INTO album_juser VALUES('90408','1008749');
INSERT INTO album_juser VALUES('90408','62532');
INSERT INTO juser VALUES('1132113','Andrey.Peskarev','Andrey.peskarev','http://www.jamendo.com/es/user/Andrey.Peskarev','http://imgjam.com/avatars/113/1132113.100.jpg','ru');
INSERT INTO juser VALUES('1242960','secondlove','Secondlove','http://www.jamendo.com/es/user/secondlove','http://imgjam.com/avatars/960/1242960.100.jpg','fr');
INSERT INTO album_juser VALUES('90408','985684');
INSERT INTO album_juser VALUES('90408','1132113');
INSERT INTO album_juser VALUES('90408','1242960');
INSERT INTO album_juser VALUES('90408','702953');
INSERT INTO album_juser VALUES('90408','1143946');
INSERT INTO juser VALUES('826337','Wilson Marino','Wilson marino','http://www.jamendo.com/es/user/Wilson%20Marino','http://imgjam.com/avatars/jamendo/100/pro.png','es');
INSERT INTO juser VALUES('474465','Azulita',' ','http://www.jamendo.com/es/user/Azulita','http://imgjam.com/avatars/465/474465.100.jpg','es');
INSERT INTO juser VALUES('578352','XtraChill','Schneider andreas','http://www.jamendo.com/es/user/XtraChill','http://imgjam.com/avatars/352/578352.100.jpg','de');
INSERT INTO album_juser VALUES('90408','826337');
INSERT INTO album_juser VALUES('90408','536036');
INSERT INTO album_juser VALUES('90408','474465');
INSERT INTO album_juser VALUES('90408','578352');
INSERT INTO album_juser VALUES('90408','1048938');
INSERT INTO album VALUES('91459','Unconscious','http://www.jamendo.com/es/album/91459','http://imgjam.com/albums/s91/91459/covers/1.100.jpg','2','2677','Trip Hop/Instrumental/Lounge/ Easy Listening/ Hiphop/Instrumental/ Soundtrack');
UPDATE album SET artist_id='359034' WHERE id='91459';
INSERT INTO track VALUES('780388','Apnea','http://www.jamendo.com/es/track/780388','','','312','http://mp3l.jamendo.com/?trackid=780388&format=mp31&u=0');
UPDATE track SET album_id='91459' WHERE id='780388';
UPDATE track SET text='' WHERE id='780388';
INSERT INTO playlist VALUES('197755','Chillout','http://www.jamendo.com/es/playlist/197755','22958');
INSERT INTO playlist_track VALUES('197755','780388');
INSERT INTO playlist VALUES('205903','Unconscious','http://www.jamendo.com/es/playlist/205903','2677');
INSERT INTO playlist_track VALUES('205903','780388');
INSERT INTO playlist_track VALUES('199865','780388');
INSERT INTO playlist VALUES('153336','Ambient','http://www.jamendo.com/es/playlist/153336','9174');
INSERT INTO playlist_track VALUES('153336','780388');
INSERT INTO playlist VALUES('205506','Fx ambient','http://www.jamendo.com/es/playlist/205506','15435');
INSERT INTO playlist_track VALUES('205506','780388');
INSERT INTO playlist VALUES('198064','Lounge','http://www.jamendo.com/es/playlist/198064','3088');
INSERT INTO playlist_track VALUES('198064','780388');
INSERT INTO playlist VALUES('128186','Lounge y soul','http://www.jamendo.com/es/playlist/128186','15492');
INSERT INTO juser VALUES('965307','deroj','Deroj','http://www.jamendo.com/es/user/deroj','http://imgjam.com/avatars/jamendo/100/pro.png','fr');
INSERT INTO playlist_juser VALUES('128186','965307');
INSERT INTO playlist_track VALUES('128186','780388');
INSERT INTO playlist VALUES('132854','Chill','http://www.jamendo.com/es/playlist/132854','4870');
INSERT INTO playlist_track VALUES('132854','780388');
INSERT INTO playlist VALUES('212205','CHILL','http://www.jamendo.com/es/playlist/212205','11302');
INSERT INTO playlist_track VALUES('212205','780388');
INSERT INTO playlist_track VALUES('158477','780388');
INSERT INTO playlist_track VALUES('226417','780388');
INSERT INTO playlist_track VALUES('226409','780388');
INSERT INTO playlist VALUES('195520','Simple','http://www.jamendo.com/es/playlist/195520','7458');
INSERT INTO playlist_track VALUES('195520','780388');
INSERT INTO playlist_track VALUES('201251','780388');
INSERT INTO playlist VALUES('182073','Electronic','http://www.jamendo.com/es/playlist/182073','17375');
INSERT INTO playlist_track VALUES('182073','780388');
INSERT INTO playlist_track VALUES('203985','780388');
INSERT INTO playlist VALUES('205256','Er','http://www.jamendo.com/es/playlist/205256','38654');
INSERT INTO playlist_track VALUES('205256','780388');
INSERT INTO playlist_track VALUES('211957','780388');
INSERT INTO playlist_track VALUES('212208','780388');
INSERT INTO playlist_track VALUES('212679','780388');
INSERT INTO track VALUES('780389','Advance','http://www.jamendo.com/es/track/780389','','','280','http://mp3l.jamendo.com/?trackid=780389&format=mp31&u=0');
UPDATE track SET album_id='91459' WHERE id='780389';
UPDATE track SET text='' WHERE id='780389';
INSERT INTO playlist_track VALUES('199469','780389');
INSERT INTO playlist VALUES('197210','HIP HOP','http://www.jamendo.com/es/playlist/197210','7373');
INSERT INTO playlist_track VALUES('197210','780389');
INSERT INTO playlist_track VALUES('205903','780389');
INSERT INTO playlist_track VALUES('199865','780389');
INSERT INTO playlist VALUES('198618','Adolfo Uno','http://www.jamendo.com/es/playlist/198618','986');
INSERT INTO playlist_track VALUES('198618','780389');
INSERT INTO playlist VALUES('199795','Tunes','http://www.jamendo.com/es/playlist/199795','280');
INSERT INTO playlist_track VALUES('199795','780389');
INSERT INTO playlist_track VALUES('198064','780389');
INSERT INTO playlist_track VALUES('205506','780389');
INSERT INTO playlist VALUES('213359','Chillout (для души)','http://www.jamendo.com/es/playlist/213359','17186');
INSERT INTO playlist_track VALUES('213359','780389');
INSERT INTO playlist_track VALUES('153336','780389');
INSERT INTO playlist_track VALUES('158477','780389');
INSERT INTO playlist VALUES('196761','Ambient','http://www.jamendo.com/es/playlist/196761','13826');
INSERT INTO playlist_track VALUES('196761','780389');
INSERT INTO playlist_track VALUES('128186','780389');
INSERT INTO playlist_track VALUES('132854','780389');
INSERT INTO playlist VALUES('183714','Main','http://www.jamendo.com/es/playlist/183714','5598');
INSERT INTO playlist_track VALUES('183714','780389');
INSERT INTO playlist_track VALUES('197755','780389');
INSERT INTO playlist_track VALUES('195520','780389');
INSERT INTO playlist_track VALUES('182073','780389');
INSERT INTO playlist_track VALUES('203985','780389');
INSERT INTO playlist_track VALUES('205256','780389');
INSERT INTO track VALUES('780390','Circadian','http://www.jamendo.com/es/track/780390','','','341','http://mp3l.jamendo.com/?trackid=780390&format=mp31&u=0');
UPDATE track SET album_id='91459' WHERE id='780390';
UPDATE track SET text='' WHERE id='780390';
INSERT INTO playlist_track VALUES('197755','780390');
INSERT INTO playlist_track VALUES('205903','780390');
INSERT INTO playlist_track VALUES('199865','780390');
INSERT INTO playlist_track VALUES('153336','780390');
INSERT INTO playlist_track VALUES('158477','780390');
INSERT INTO playlist_track VALUES('198064','780390');
INSERT INTO playlist_track VALUES('205506','780390');
INSERT INTO playlist VALUES('189568','Création de cocktail','http://www.jamendo.com/es/playlist/189568','4917');
INSERT INTO playlist_track VALUES('189568','780390');
INSERT INTO playlist_track VALUES('91577','780390');
INSERT INTO playlist_track VALUES('197394','780390');
INSERT INTO playlist VALUES('200521','1','http://www.jamendo.com/es/playlist/200521','2607');
INSERT INTO playlist_track VALUES('200521','780390');
INSERT INTO playlist_track VALUES('128186','780390');
INSERT INTO playlist VALUES('199055','Chill','http://www.jamendo.com/es/playlist/199055','8250');
INSERT INTO playlist_track VALUES('199055','780390');
INSERT INTO playlist_track VALUES('132854','780390');
INSERT INTO playlist_track VALUES('226417','780390');
INSERT INTO playlist_track VALUES('226408','780390');
INSERT INTO playlist_track VALUES('183714','780390');
INSERT INTO playlist VALUES('199108','Intrumentale','http://www.jamendo.com/es/playlist/199108','3751');
INSERT INTO juser VALUES('1002327','brunoart','Brunoart','http://www.jamendo.com/es/user/brunoart','http://imgjam.com/avatars/jamendo/100/pro.png','br');
INSERT INTO juser VALUES('1129610','ricardomoura','Ricardo moura','http://www.jamendo.com/es/user/ricardomoura','http://imgjam.com/avatars/jamendo/100/vador.png','br');
INSERT INTO playlist_juser VALUES('199108','1002327');
INSERT INTO playlist_juser VALUES('199108','1129610');
INSERT INTO playlist_track VALUES('199108','780390');
INSERT INTO playlist VALUES('199131','Kzxyke','http://www.jamendo.com/es/playlist/199131','7249');
INSERT INTO playlist_track VALUES('199131','780390');
INSERT INTO playlist VALUES('123215','Digitalcole 1','http://www.jamendo.com/es/playlist/123215','13453');
INSERT INTO playlist_track VALUES('123215','780390');
INSERT INTO track VALUES('780391','Thermoregulation','http://www.jamendo.com/es/track/780391','','','266','http://mp3l.jamendo.com/?trackid=780391&format=mp31&u=0');
UPDATE track SET album_id='91459' WHERE id='780391';
UPDATE track SET text='' WHERE id='780391';
INSERT INTO playlist_track VALUES('197755','780391');
INSERT INTO playlist_track VALUES('205903','780391');
INSERT INTO playlist_track VALUES('199865','780391');
INSERT INTO playlist_track VALUES('199055','780391');
INSERT INTO playlist_track VALUES('153336','780391');
INSERT INTO playlist_track VALUES('205506','780391');
INSERT INTO playlist_track VALUES('91577','780391');
INSERT INTO playlist_track VALUES('158477','780391');
INSERT INTO playlist_track VALUES('198064','780391');
INSERT INTO playlist_track VALUES('128186','780391');
INSERT INTO playlist_track VALUES('132854','780391');
INSERT INTO playlist_track VALUES('226417','780391');
INSERT INTO playlist_track VALUES('226409','780391');
INSERT INTO playlist_track VALUES('195520','780391');
INSERT INTO playlist_track VALUES('201251','780391');
INSERT INTO playlist_track VALUES('182073','780391');
INSERT INTO playlist_track VALUES('203985','780391');
INSERT INTO playlist VALUES('203588','LISTA-01','http://www.jamendo.com/es/playlist/203588','31241');
INSERT INTO playlist_track VALUES('203588','780391');
INSERT INTO playlist_track VALUES('205256','780391');
INSERT INTO playlist_track VALUES('211957','780391');
INSERT INTO track VALUES('780392','Bruxism','http://www.jamendo.com/es/track/780392','','','192','http://mp3l.jamendo.com/?trackid=780392&format=mp31&u=0');
UPDATE track SET album_id='91459' WHERE id='780392';
UPDATE track SET text='' WHERE id='780392';
INSERT INTO playlist_track VALUES('197755','780392');
INSERT INTO playlist_track VALUES('205903','780392');
INSERT INTO playlist_track VALUES('199865','780392');
INSERT INTO playlist_track VALUES('153336','780392');
INSERT INTO playlist_track VALUES('205506','780392');
INSERT INTO playlist_track VALUES('198064','780392');
INSERT INTO playlist_track VALUES('158477','780392');
INSERT INTO playlist_track VALUES('196761','780392');
INSERT INTO playlist_track VALUES('128186','780392');
INSERT INTO playlist_track VALUES('199055','780392');
INSERT INTO playlist_track VALUES('132854','780392');
INSERT INTO playlist_track VALUES('226417','780392');
INSERT INTO playlist_track VALUES('226408','780392');
INSERT INTO playlist_track VALUES('195520','780392');
INSERT INTO playlist VALUES('201244','Anitek','http://www.jamendo.com/es/playlist/201244','192');
INSERT INTO playlist_track VALUES('201244','780392');
INSERT INTO playlist_track VALUES('182073','780392');
INSERT INTO playlist_track VALUES('190088','780392');
INSERT INTO playlist_track VALUES('203985','780392');
INSERT INTO playlist_track VALUES('180355','780392');
INSERT INTO playlist_track VALUES('205256','780392');
INSERT INTO track VALUES('780393','Entrain','http://www.jamendo.com/es/track/780393','','','282','http://mp3l.jamendo.com/?trackid=780393&format=mp31&u=0');
UPDATE track SET album_id='91459' WHERE id='780393';
UPDATE track SET text='' WHERE id='780393';
INSERT INTO playlist VALUES('200133','Pivot','http://www.jamendo.com/es/playlist/200133','2144');
INSERT INTO playlist_track VALUES('200133','780393');
INSERT INTO playlist_track VALUES('197755','780393');
INSERT INTO playlist VALUES('205407','New','http://www.jamendo.com/es/playlist/205407','1213');
INSERT INTO playlist_track VALUES('205407','780393');
INSERT INTO playlist_track VALUES('205903','780393');
INSERT INTO playlist_track VALUES('199865','780393');
INSERT INTO playlist_track VALUES('153336','780393');
INSERT INTO playlist_track VALUES('198064','780393');
INSERT INTO playlist_track VALUES('205506','780393');
INSERT INTO playlist_track VALUES('91577','780393');
INSERT INTO playlist_track VALUES('158477','780393');
INSERT INTO playlist_track VALUES('196761','780393');
INSERT INTO playlist_track VALUES('128186','780393');
INSERT INTO playlist_track VALUES('199055','780393');
INSERT INTO playlist_track VALUES('132854','780393');
INSERT INTO playlist_track VALUES('226417','780393');
INSERT INTO playlist_track VALUES('226408','780393');
INSERT INTO playlist_track VALUES('195520','780393');
INSERT INTO playlist_track VALUES('201251','780393');
INSERT INTO playlist_track VALUES('182073','780393');
INSERT INTO playlist_track VALUES('202024','780393');
INSERT INTO track VALUES('780394','Hypersomnia','http://www.jamendo.com/es/track/780394','','','421','http://mp3l.jamendo.com/?trackid=780394&format=mp31&u=0');
UPDATE track SET album_id='91459' WHERE id='780394';
UPDATE track SET text='' WHERE id='780394';
INSERT INTO playlist_track VALUES('199865','780394');
INSERT INTO playlist_track VALUES('198064','780394');
INSERT INTO playlist_track VALUES('205506','780394');
INSERT INTO playlist_track VALUES('153336','780394');
INSERT INTO playlist_track VALUES('91577','780394');
INSERT INTO playlist_track VALUES('158477','780394');
INSERT INTO playlist_track VALUES('196761','780394');
INSERT INTO playlist_track VALUES('128186','780394');
INSERT INTO playlist_track VALUES('132854','780394');
INSERT INTO playlist_track VALUES('212205','780394');
INSERT INTO playlist_track VALUES('226417','780394');
INSERT INTO playlist_track VALUES('226409','780394');
INSERT INTO playlist_track VALUES('226408','780394');
INSERT INTO playlist_track VALUES('197755','780394');
INSERT INTO playlist_track VALUES('195520','780394');
INSERT INTO playlist_track VALUES('182073','780394');
INSERT INTO playlist_track VALUES('203985','780394');
INSERT INTO playlist_track VALUES('205903','780394');
INSERT INTO playlist_track VALUES('205256','780394');
INSERT INTO playlist_track VALUES('211957','780394');
INSERT INTO track VALUES('780395','Zeitgebers','http://www.jamendo.com/es/track/780395','','','303','http://mp3l.jamendo.com/?trackid=780395&format=mp31&u=0');
UPDATE track SET album_id='91459' WHERE id='780395';
UPDATE track SET text='' WHERE id='780395';
INSERT INTO playlist_track VALUES('199865','780395');
INSERT INTO playlist_track VALUES('198064','780395');
INSERT INTO playlist_track VALUES('205506','780395');
INSERT INTO playlist_track VALUES('153336','780395');
INSERT INTO playlist_track VALUES('128186','780395');
INSERT INTO playlist_track VALUES('199055','780395');
INSERT INTO playlist_track VALUES('132854','780395');
INSERT INTO playlist_track VALUES('158477','780395');
INSERT INTO playlist_track VALUES('196761','780395');
INSERT INTO playlist_track VALUES('197755','780395');
INSERT INTO playlist_track VALUES('195520','780395');
INSERT INTO playlist_track VALUES('201251','780395');
INSERT INTO playlist_track VALUES('182073','780395');
INSERT INTO playlist_track VALUES('203985','780395');
INSERT INTO playlist_track VALUES('205903','780395');
INSERT INTO playlist_track VALUES('205256','780395');
INSERT INTO playlist_track VALUES('211957','780395');
INSERT INTO playlist VALUES('225638','Prueba','http://www.jamendo.com/es/playlist/225638','2677');
INSERT INTO playlist_track VALUES('225638','780395');
INSERT INTO playlist VALUES('220433','Todo','http://www.jamendo.com/es/playlist/220433','90937');
INSERT INTO playlist_track VALUES('220433','780395');
INSERT INTO track VALUES('780396','Hypnic Jerk','http://www.jamendo.com/es/track/780396','','en','280','http://mp3l.jamendo.com/?trackid=780396&format=mp31&u=0');
UPDATE track SET album_id='91459' WHERE id='780396';
UPDATE track SET text='' WHERE id='780396';
INSERT INTO playlist_track VALUES('197755','780396');
INSERT INTO playlist_track VALUES('197210','780396');
INSERT INTO playlist_track VALUES('205903','780396');
INSERT INTO playlist_track VALUES('199865','780396');
INSERT INTO playlist_track VALUES('153336','780396');
INSERT INTO playlist_track VALUES('205506','780396');
INSERT INTO playlist_track VALUES('198064','780396');
INSERT INTO playlist_track VALUES('128186','780396');
INSERT INTO playlist_track VALUES('132854','780396');
INSERT INTO playlist_track VALUES('158477','780396');
INSERT INTO playlist_track VALUES('226408','780396');
INSERT INTO playlist_track VALUES('199131','780396');
INSERT INTO playlist_track VALUES('195520','780396');
INSERT INTO playlist_track VALUES('182073','780396');
INSERT INTO playlist VALUES('202040','Love','http://www.jamendo.com/es/playlist/202040','859');
INSERT INTO playlist_track VALUES('202040','780396');
INSERT INTO playlist_track VALUES('203293','780396');
INSERT INTO playlist_track VALUES('203985','780396');
INSERT INTO playlist_track VALUES('205256','780396');
INSERT INTO playlist_track VALUES('226211','780396');
INSERT INTO playlist_track VALUES('211957','780396');
INSERT INTO juser VALUES('533144','score.com','Suárez rodríguez javier','http://www.jamendo.com/es/user/score.com','http://imgjam.com/avatars/144/533144.100.jpg','es');
INSERT INTO album_juser VALUES('91459','1048613');
INSERT INTO album_juser VALUES('91459','866683');
INSERT INTO album_juser VALUES('91459','978658');
INSERT INTO album_juser VALUES('91459','533144');
INSERT INTO album_juser VALUES('91459','1143946');
INSERT INTO juser VALUES('205596','Robson Veio','Robson veio','http://www.jamendo.com/es/user/Robson%20Veio','http://imgjam.com/avatars/596/205596.100.jpg','en');
INSERT INTO album_juser VALUES('91459','205596');
INSERT INTO album_juser VALUES('91459','3073736');
INSERT INTO album_juser VALUES('91459','826337');
INSERT INTO album_juser VALUES('91459','705250');
INSERT INTO album_juser VALUES('91459','1092741');
INSERT INTO juser VALUES('729831','Johanni da Rho','Johanni da rho','http://www.jamendo.com/es/user/Johanni%20da%20Rho','http://imgjam.com/avatars/jamendo/100/pro.png','it');
INSERT INTO juser VALUES('1079762','krijst3lle','Krijst3lle','http://www.jamendo.com/es/user/krijst3lle','http://imgjam.com/avatars/jamendo/100/pro.png','ru');
INSERT INTO juser VALUES('859264','browe','Garduño antonio','http://www.jamendo.com/es/user/browe','http://imgjam.com/avatars/264/859264.100.png','es');
INSERT INTO juser VALUES('1058675','SlickRights','Wüstenberg stephen','http://www.jamendo.com/es/user/SlickRights','http://imgjam.com/avatars/675/1058675.100.jpg','de');
INSERT INTO album_juser VALUES('91459','729831');
INSERT INTO album_juser VALUES('91459','985684');
INSERT INTO album_juser VALUES('91459','1079762');
INSERT INTO album_juser VALUES('91459','859264');
INSERT INTO album_juser VALUES('91459','1058675');
INSERT INTO juser VALUES('893587','DJ DOS','Domingo serci','http://www.jamendo.com/es/user/DJ%20DOS','http://imgjam.com/avatars/587/893587.100.jpg','it');
INSERT INTO juser VALUES('473815','Demonoriz',' ','http://www.jamendo.com/es/user/Demonoriz','http://imgjam.com/avatars/jamendo/100/vador.png','ru');
INSERT INTO juser VALUES('1124246','Halvalven','Halvalven','http://www.jamendo.com/es/user/Halvalven','http://imgjam.com/avatars/jamendo/100/pro.png','en');
INSERT INTO album_juser VALUES('91459','39202');
INSERT INTO album_juser VALUES('91459','893587');
INSERT INTO album_juser VALUES('91459','473815');
INSERT INTO album_juser VALUES('91459','1124246');
INSERT INTO album_juser VALUES('91459','476371');
INSERT INTO album VALUES('93869','The Substance Affair','http://www.jamendo.com/es/album/93869','http://imgjam.com/albums/s93/93869/covers/1.100.jpg','2','1872','Trip-Hop');
UPDATE album SET artist_id='359034' WHERE id='93869';
INSERT INTO track VALUES('802175','First Contact','http://www.jamendo.com/es/track/802175','','','216','http://mp3l.jamendo.com/?trackid=802175&format=mp31&u=0');
UPDATE track SET album_id='93869' WHERE id='802175';
UPDATE track SET text='' WHERE id='802175';
INSERT INTO playlist VALUES('189714','First','http://www.jamendo.com/es/playlist/189714','2325');
INSERT INTO playlist_track VALUES('189714','802175');
INSERT INTO playlist VALUES('217171','Stuff to try','http://www.jamendo.com/es/playlist/217171','5657');
INSERT INTO playlist_track VALUES('217171','802175');
INSERT INTO playlist VALUES('186761','8-bit lagerfeuer','http://www.jamendo.com/es/playlist/186761','1872');
INSERT INTO playlist_track VALUES('186761','802175');
INSERT INTO playlist VALUES('203711','Instrumental','http://www.jamendo.com/es/playlist/203711','1872');
INSERT INTO playlist_track VALUES('203711','802175');
INSERT INTO playlist_track VALUES('158477','802175');
INSERT INTO playlist VALUES('203434','Fav','http://www.jamendo.com/es/playlist/203434','1872');
INSERT INTO playlist_track VALUES('203434','802175');
INSERT INTO playlist VALUES('203989','Triphop','http://www.jamendo.com/es/playlist/203989','428');
INSERT INTO playlist_track VALUES('203989','802175');
INSERT INTO playlist_track VALUES('185937','802175');
INSERT INTO playlist_track VALUES('203818','802175');
INSERT INTO playlist_track VALUES('197210','802175');
INSERT INTO playlist VALUES('203290','06 juillet 11','http://www.jamendo.com/es/playlist/203290','13120');
INSERT INTO playlist_track VALUES('203290','802175');
INSERT INTO playlist_track VALUES('203985','802175');
INSERT INTO playlist VALUES('184172','Chillout','http://www.jamendo.com/es/playlist/184172','66816');
INSERT INTO playlist_track VALUES('184172','802175');
INSERT INTO playlist VALUES('167586','Sélection v','http://www.jamendo.com/es/playlist/167586','11252');
INSERT INTO playlist_track VALUES('167586','802175');
INSERT INTO playlist VALUES('204213','Cool music','http://www.jamendo.com/es/playlist/204213','8574');
INSERT INTO playlist_track VALUES('204213','802175');
INSERT INTO playlist VALUES('205341','B_st','http://www.jamendo.com/es/playlist/205341','26621');
INSERT INTO playlist_track VALUES('205341','802175');
INSERT INTO playlist_track VALUES('181897','802175');
INSERT INTO playlist VALUES('129002','Chill','http://www.jamendo.com/es/playlist/129002','35036');
INSERT INTO playlist_track VALUES('129002','802175');
INSERT INTO playlist VALUES('159409','Découvertes','http://www.jamendo.com/es/playlist/159409','4487');
INSERT INTO playlist_track VALUES('159409','802175');
INSERT INTO playlist VALUES('207180','Get on this BANDYWAGONEER!!!','http://www.jamendo.com/es/playlist/207180','21282');
INSERT INTO playlist_track VALUES('207180','802175');
INSERT INTO track VALUES('802176','Sleepless Nights','http://www.jamendo.com/es/track/802176','','','83','http://mp3l.jamendo.com/?trackid=802176&format=mp31&u=0');
UPDATE track SET album_id='93869' WHERE id='802176';
UPDATE track SET text='' WHERE id='802176';
INSERT INTO playlist_track VALUES('189714','802176');
INSERT INTO playlist_track VALUES('217171','802176');
INSERT INTO playlist_track VALUES('186761','802176');
INSERT INTO playlist_track VALUES('203711','802176');
INSERT INTO playlist_track VALUES('158477','802176');
INSERT INTO playlist_track VALUES('203434','802176');
INSERT INTO playlist_track VALUES('181880','802176');
INSERT INTO playlist_track VALUES('185937','802176');
INSERT INTO playlist_track VALUES('203818','802176');
INSERT INTO playlist_track VALUES('197210','802176');
INSERT INTO playlist_track VALUES('203290','802176');
INSERT INTO playlist_track VALUES('203985','802176');
INSERT INTO playlist_track VALUES('184172','802176');
INSERT INTO playlist_track VALUES('204213','802176');
INSERT INTO playlist_track VALUES('205341','802176');
INSERT INTO playlist_track VALUES('129002','802176');
INSERT INTO playlist_track VALUES('159409','802176');
INSERT INTO playlist_track VALUES('207180','802176');
INSERT INTO playlist VALUES('207790','Trip-hop','http://www.jamendo.com/es/playlist/207790','3104');
INSERT INTO playlist_track VALUES('207790','802176');
INSERT INTO playlist VALUES('209214','Joda''s Zic4Vid','http://www.jamendo.com/es/playlist/209214','2643');
INSERT INTO playlist_track VALUES('209214','802176');
INSERT INTO track VALUES('802177','Supervisor Crew','http://www.jamendo.com/es/track/802177','','','254','http://mp3l.jamendo.com/?trackid=802177&format=mp31&u=0');
UPDATE track SET album_id='93869' WHERE id='802177';
UPDATE track SET text='' WHERE id='802177';
INSERT INTO playlist_track VALUES('189714','802177');
INSERT INTO playlist_track VALUES('217171','802177');
INSERT INTO playlist_track VALUES('186761','802177');
INSERT INTO playlist_track VALUES('203711','802177');
INSERT INTO playlist_track VALUES('91577','802177');
INSERT INTO playlist_track VALUES('158477','802177');
INSERT INTO playlist_track VALUES('203434','802177');
INSERT INTO playlist VALUES('48219','Zeugs','http://www.jamendo.com/es/playlist/48219','20343');
INSERT INTO playlist_track VALUES('48219','802177');
INSERT INTO playlist_track VALUES('181880','802177');
INSERT INTO playlist_track VALUES('185937','802177');
INSERT INTO playlist_track VALUES('203818','802177');
INSERT INTO playlist_track VALUES('197210','802177');
INSERT INTO playlist_track VALUES('203290','802177');
INSERT INTO playlist_track VALUES('203985','802177');
INSERT INTO playlist_track VALUES('184172','802177');
INSERT INTO playlist_track VALUES('204213','802177');
INSERT INTO playlist_track VALUES('203588','802177');
INSERT INTO playlist_track VALUES('205341','802177');
INSERT INTO playlist_track VALUES('129002','802177');
INSERT INTO playlist_track VALUES('159409','802177');
INSERT INTO track VALUES('802178','East Rain','http://www.jamendo.com/es/track/802178','','','211','http://mp3l.jamendo.com/?trackid=802178&format=mp31&u=0');
UPDATE track SET album_id='93869' WHERE id='802178';
UPDATE track SET text='' WHERE id='802178';
INSERT INTO playlist_track VALUES('189714','802178');
INSERT INTO playlist_track VALUES('217171','802178');
INSERT INTO playlist_track VALUES('186761','802178');
INSERT INTO playlist_track VALUES('203711','802178');
INSERT INTO playlist VALUES('186755','Intresting music','http://www.jamendo.com/es/playlist/186755','4638');
INSERT INTO playlist_track VALUES('186755','802178');
INSERT INTO playlist_track VALUES('158477','802178');
INSERT INTO playlist_track VALUES('203434','802178');
INSERT INTO playlist_track VALUES('185937','802178');
INSERT INTO playlist_track VALUES('203818','802178');
INSERT INTO playlist_track VALUES('197210','802178');
INSERT INTO playlist_track VALUES('203290','802178');
INSERT INTO playlist_track VALUES('203985','802178');
INSERT INTO playlist_track VALUES('184172','802178');
INSERT INTO playlist VALUES('203729','JTRadio','http://www.jamendo.com/es/playlist/203729','2776');
INSERT INTO playlist_track VALUES('203729','802178');
INSERT INTO playlist_track VALUES('204213','802178');
INSERT INTO playlist_track VALUES('205341','802178');
INSERT INTO playlist_track VALUES('129002','802178');
INSERT INTO playlist_track VALUES('159409','802178');
INSERT INTO playlist_track VALUES('207180','802178');
INSERT INTO playlist_track VALUES('207790','802178');
INSERT INTO track VALUES('802179','Waiting Process','http://www.jamendo.com/es/track/802179','','','231','http://mp3l.jamendo.com/?trackid=802179&format=mp31&u=0');
UPDATE track SET album_id='93869' WHERE id='802179';
UPDATE track SET text='' WHERE id='802179';
INSERT INTO playlist_track VALUES('189714','802179');
INSERT INTO playlist_track VALUES('217171','802179');
INSERT INTO playlist_track VALUES('186761','802179');
INSERT INTO playlist_track VALUES('158477','802179');
INSERT INTO playlist_track VALUES('203434','802179');
INSERT INTO playlist_track VALUES('185937','802179');
INSERT INTO playlist_track VALUES('203818','802179');
INSERT INTO playlist_track VALUES('197210','802179');
INSERT INTO playlist_track VALUES('203290','802179');
INSERT INTO playlist_track VALUES('203985','802179');
INSERT INTO playlist_track VALUES('184172','802179');
INSERT INTO playlist_track VALUES('203711','802179');
INSERT INTO playlist_track VALUES('204213','802179');
INSERT INTO playlist_track VALUES('203588','802179');
INSERT INTO playlist_track VALUES('205341','802179');
INSERT INTO playlist_track VALUES('209180','802179');
INSERT INTO playlist_track VALUES('129002','802179');
INSERT INTO playlist_track VALUES('159409','802179');
INSERT INTO playlist_track VALUES('207180','802179');
INSERT INTO playlist_track VALUES('207790','802179');
INSERT INTO track VALUES('802180','Practical Use {feat. Evan Straley}','http://www.jamendo.com/es/track/802180','','','199','http://mp3l.jamendo.com/?trackid=802180&format=mp31&u=0');
UPDATE track SET album_id='93869' WHERE id='802180';
UPDATE track SET text='' WHERE id='802180';
INSERT INTO playlist_track VALUES('209536','802180');
INSERT INTO playlist_track VALUES('189714','802180');
INSERT INTO playlist_track VALUES('217171','802180');
INSERT INTO playlist VALUES('210344','Spencerwire Radio #7','http://www.jamendo.com/es/playlist/210344','2676');
INSERT INTO playlist_track VALUES('210344','802180');
INSERT INTO playlist_track VALUES('186761','802180');
INSERT INTO playlist_track VALUES('203711','802180');
INSERT INTO playlist_track VALUES('158477','802180');
INSERT INTO playlist_track VALUES('203434','802180');
INSERT INTO playlist_track VALUES('183527','802180');
INSERT INTO playlist_track VALUES('185937','802180');
INSERT INTO playlist_track VALUES('203818','802180');
INSERT INTO playlist_track VALUES('197210','802180');
INSERT INTO playlist_track VALUES('203290','802180');
INSERT INTO playlist_track VALUES('203985','802180');
INSERT INTO playlist_track VALUES('184172','802180');
INSERT INTO playlist_track VALUES('203729','802180');
INSERT INTO playlist_track VALUES('204213','802180');
INSERT INTO playlist_track VALUES('205341','802180');
INSERT INTO playlist_track VALUES('129002','802180');
INSERT INTO playlist_track VALUES('159409','802180');
INSERT INTO track VALUES('802181','Tale Of The Elegance','http://www.jamendo.com/es/track/802181','','','224','http://mp3l.jamendo.com/?trackid=802181&format=mp31&u=0');
UPDATE track SET album_id='93869' WHERE id='802181';
UPDATE track SET text='' WHERE id='802181';
INSERT INTO playlist_track VALUES('189714','802181');
INSERT INTO playlist VALUES('205775','Relax','http://www.jamendo.com/es/playlist/205775','7434');
INSERT INTO playlist_track VALUES('205775','802181');
INSERT INTO playlist_track VALUES('217171','802181');
INSERT INTO playlist_track VALUES('186761','802181');
INSERT INTO playlist_track VALUES('203711','802181');
INSERT INTO playlist VALUES('206389','ALTIS','http://www.jamendo.com/es/playlist/206389','674');
INSERT INTO playlist_track VALUES('206389','802181');
INSERT INTO playlist VALUES('208131','Music','http://www.jamendo.com/es/playlist/208131','2433');
INSERT INTO playlist_track VALUES('208131','802181');
INSERT INTO playlist VALUES('207972','Meditation','http://www.jamendo.com/es/playlist/207972','17598');
INSERT INTO playlist_track VALUES('207972','802181');
INSERT INTO playlist_track VALUES('158477','802181');
INSERT INTO playlist_track VALUES('203434','802181');
INSERT INTO playlist_track VALUES('197210','802181');
INSERT INTO playlist_track VALUES('197394','802181');
INSERT INTO playlist_track VALUES('185937','802181');
INSERT INTO playlist_track VALUES('203818','802181');
INSERT INTO playlist_track VALUES('203290','802181');
INSERT INTO playlist_track VALUES('203985','802181');
INSERT INTO playlist_track VALUES('184172','802181');
INSERT INTO playlist VALUES('186101','PLAYLIST LOUNGE','http://www.jamendo.com/es/playlist/186101','4073');
INSERT INTO playlist_track VALUES('186101','802181');
INSERT INTO playlist_track VALUES('203729','802181');
INSERT INTO playlist VALUES('165731','Various','http://www.jamendo.com/es/playlist/165731','6685');
INSERT INTO playlist_track VALUES('165731','802181');
INSERT INTO track VALUES('802183','Visa Race','http://www.jamendo.com/es/track/802183','','','240','http://mp3l.jamendo.com/?trackid=802183&format=mp31&u=0');
UPDATE track SET album_id='93869' WHERE id='802183';
UPDATE track SET text='' WHERE id='802183';
INSERT INTO playlist_track VALUES('189714','802183');
INSERT INTO playlist_track VALUES('217171','802183');
INSERT INTO playlist_track VALUES('186761','802183');
INSERT INTO playlist_track VALUES('91577','802183');
INSERT INTO playlist_track VALUES('158477','802183');
INSERT INTO playlist_track VALUES('203434','802183');
INSERT INTO playlist_track VALUES('181880','802183');
INSERT INTO playlist_track VALUES('185937','802183');
INSERT INTO playlist_track VALUES('203818','802183');
INSERT INTO playlist_track VALUES('197210','802183');
INSERT INTO playlist_track VALUES('203290','802183');
INSERT INTO playlist_track VALUES('203985','802183');
INSERT INTO playlist_track VALUES('184172','802183');
INSERT INTO playlist_track VALUES('203711','802183');
INSERT INTO playlist_track VALUES('204213','802183');
INSERT INTO playlist_track VALUES('205341','802183');
INSERT INTO playlist_track VALUES('129002','802183');
INSERT INTO playlist_track VALUES('159409','802183');
INSERT INTO playlist_track VALUES('207180','802183');
INSERT INTO playlist_track VALUES('207790','802183');
INSERT INTO track VALUES('802184','The Better Kids','http://www.jamendo.com/es/track/802184','','','214','http://mp3l.jamendo.com/?trackid=802184&format=mp31&u=0');
UPDATE track SET album_id='93869' WHERE id='802184';
UPDATE track SET text='' WHERE id='802184';
INSERT INTO playlist_track VALUES('217171','802184');
INSERT INTO playlist_track VALUES('189714','802184');
INSERT INTO playlist_track VALUES('186761','802184');
INSERT INTO playlist_track VALUES('203711','802184');
INSERT INTO playlist_track VALUES('158477','802184');
INSERT INTO playlist_track VALUES('203434','802184');
INSERT INTO playlist_track VALUES('183527','802184');
INSERT INTO playlist_track VALUES('185937','802184');
INSERT INTO playlist_track VALUES('203818','802184');
INSERT INTO playlist_track VALUES('197210','802184');
INSERT INTO playlist_track VALUES('203290','802184');
INSERT INTO playlist_track VALUES('203985','802184');
INSERT INTO playlist_track VALUES('184172','802184');
INSERT INTO playlist VALUES('204016','Instrus pour yor','http://www.jamendo.com/es/playlist/204016','1296');
INSERT INTO playlist_track VALUES('204016','802184');
INSERT INTO playlist_track VALUES('204213','802184');
INSERT INTO playlist_track VALUES('205341','802184');
INSERT INTO playlist_track VALUES('129002','802184');
INSERT INTO playlist_track VALUES('159409','802184');
INSERT INTO playlist_track VALUES('207180','802184');
INSERT INTO playlist_track VALUES('207790','802184');
INSERT INTO juser VALUES('1158650','daniloprates','Daniloprates','http://www.jamendo.com/es/user/daniloprates','http://imgjam.com/avatars/jamendo/100/pro.png','en');
INSERT INTO album_juser VALUES('93869','135086');
INSERT INTO album_juser VALUES('93869','753956');
INSERT INTO album_juser VALUES('93869','36573');
INSERT INTO album_juser VALUES('93869','1092741');
INSERT INTO album_juser VALUES('93869','1158650');
INSERT INTO juser VALUES('615127','sonnenjagd','Sonnenjagd','http://www.jamendo.com/es/user/sonnenjagd','http://imgjam.com/avatars/127/615127.100.jpg','de');
INSERT INTO juser VALUES('864070','OLdSKuul62',' ','http://www.jamendo.com/es/user/OLdSKuul62','http://imgjam.com/avatars/70/864070.100.jpg','en');
INSERT INTO album_juser VALUES('93869','615127');
INSERT INTO album_juser VALUES('93869','893587');
INSERT INTO album_juser VALUES('93869','826337');
INSERT INTO album_juser VALUES('93869','1161126');
INSERT INTO album_juser VALUES('93869','864070');
INSERT INTO juser VALUES('95648','anteater','Anteater','http://www.jamendo.com/es/user/anteater','http://imgjam.com/avatars/questionmark/avatar.100.gif','en');
INSERT INTO juser VALUES('97422','heatwave','Heatwave','http://www.jamendo.com/es/user/heatwave','http://imgjam.com/avatars/422/97422.100.gif','en');
INSERT INTO juser VALUES('496753','Liakmad','Liakmad','http://www.jamendo.com/es/user/Liakmad','http://imgjam.com/avatars/753/496753.100.jpg','ru');
INSERT INTO juser VALUES('613518','gnot-tribal',' george','http://www.jamendo.com/es/user/gnot-tribal','http://imgjam.com/avatars/518/613518.100.png','en');
INSERT INTO juser VALUES('909875','indigo78','Duncan corinaldi','http://www.jamendo.com/es/user/indigo78','http://imgjam.com/avatars/875/909875.100.jpg','en');
INSERT INTO album_juser VALUES('93869','95648');
INSERT INTO album_juser VALUES('93869','97422');
INSERT INTO album_juser VALUES('93869','496753');
INSERT INTO album_juser VALUES('93869','613518');
INSERT INTO album_juser VALUES('93869','909875');
INSERT INTO juser VALUES('1117916','tendencias','Tendencias','http://www.jamendo.com/es/user/tendencias','http://imgjam.com/avatars/jamendo/100/pro.png','es');
INSERT INTO juser VALUES('248425','azonic','Azonic','http://www.jamendo.com/es/user/azonic','http://imgjam.com/avatars/425/248425.100.jpg','de');
INSERT INTO juser VALUES('1125001','justathoughtor2','Jesse bohanan','http://www.jamendo.com/es/user/justathoughtor2','http://imgjam.com/avatars/jamendo/100/pro.png','en');
INSERT INTO juser VALUES('918733','HAYFOUFA',' ','http://www.jamendo.com/es/user/HAYFOUFA','http://imgjam.com/avatars/733/918733.100.jpg','fr');
INSERT INTO album_juser VALUES('93869','1117916');
INSERT INTO album_juser VALUES('93869','248425');
INSERT INTO album_juser VALUES('93869','1125001');
INSERT INTO album_juser VALUES('93869','3073736');
INSERT INTO album_juser VALUES('93869','918733');
INSERT INTO album VALUES('93877','Tab & Anitek - Traveling in Stere0','http://www.jamendo.com/es/album/93877','http://imgjam.com/albums/s93/93877/covers/1.100.jpg','2','2195','Triphop/Rap');
UPDATE album SET artist_id='359034' WHERE id='93877';
INSERT INTO track VALUES('802274','08 Disappearing Act {Feat. Renagade and Tab}','http://www.jamendo.com/es/track/802274','','','223','http://mp3l.jamendo.com/?trackid=802274&format=mp31&u=0');
UPDATE track SET album_id='93877' WHERE id='802274';
UPDATE track SET text='' WHERE id='802274';
INSERT INTO playlist_track VALUES('203985','802274');
INSERT INTO track VALUES('802275','05 Mind Warp (Interlude) {Feat. Scootie}','http://www.jamendo.com/es/track/802275','','','87','http://mp3l.jamendo.com/?trackid=802275&format=mp31&u=0');
UPDATE track SET album_id='93877' WHERE id='802275';
UPDATE track SET text='' WHERE id='802275';
INSERT INTO playlist_track VALUES('203985','802275');
INSERT INTO track VALUES('802276','12 Traveling in Stereo (Reprise) (feat. Tab)','http://www.jamendo.com/es/track/802276','','','176','http://mp3l.jamendo.com/?trackid=802276&format=mp31&u=0');
UPDATE track SET album_id='93877' WHERE id='802276';
UPDATE track SET text='' WHERE id='802276';
INSERT INTO playlist_track VALUES('203985','802276');
INSERT INTO track VALUES('802277','06 Inquiring Minds (feat. Tab)','http://www.jamendo.com/es/track/802277','','','233','http://mp3l.jamendo.com/?trackid=802277&format=mp31&u=0');
UPDATE track SET album_id='93877' WHERE id='802277';
UPDATE track SET text='' WHERE id='802277';
INSERT INTO playlist_track VALUES('203985','802277');
INSERT INTO track VALUES('802278','03 Ride and Fly (feat. Tab)','http://www.jamendo.com/es/track/802278','','','196','http://mp3l.jamendo.com/?trackid=802278&format=mp31&u=0');
UPDATE track SET album_id='93877' WHERE id='802278';
UPDATE track SET text='' WHERE id='802278';
INSERT INTO playlist_track VALUES('203985','802278');
INSERT INTO track VALUES('802279','07 This Party is Fuckin'' Awsome (feat. Tab)','http://www.jamendo.com/es/track/802279','','','125','http://mp3l.jamendo.com/?trackid=802279&format=mp31&u=0');
UPDATE track SET album_id='93877' WHERE id='802279';
UPDATE track SET text='' WHERE id='802279';
INSERT INTO playlist_track VALUES('203985','802279');
INSERT INTO track VALUES('802280','04 Bo0ze Infused Wisdom (feat. Tab)','http://www.jamendo.com/es/track/802280','','','195','http://mp3l.jamendo.com/?trackid=802280&format=mp31&u=0');
UPDATE track SET album_id='93877' WHERE id='802280';
UPDATE track SET text='' WHERE id='802280';
INSERT INTO playlist_track VALUES('203985','802280');
INSERT INTO track VALUES('802281','09 Follow the Leader (feat. Tab)','http://www.jamendo.com/es/track/802281','','','152','http://mp3l.jamendo.com/?trackid=802281&format=mp31&u=0');
UPDATE track SET album_id='93877' WHERE id='802281';
UPDATE track SET text='' WHERE id='802281';
INSERT INTO playlist_track VALUES('203985','802281');
INSERT INTO track VALUES('802282','10 Note To Self (feat. Tab)','http://www.jamendo.com/es/track/802282','','','184','http://mp3l.jamendo.com/?trackid=802282&format=mp31&u=0');
UPDATE track SET album_id='93877' WHERE id='802282';
UPDATE track SET text='' WHERE id='802282';
INSERT INTO playlist_track VALUES('203985','802282');
INSERT INTO playlist VALUES('209711','11-09b','http://www.jamendo.com/es/playlist/209711','14167');
INSERT INTO playlist_track VALUES('209711','802282');
INSERT INTO track VALUES('802283','02 Built from Scratch (feat. Tab)','http://www.jamendo.com/es/track/802283','','','212','http://mp3l.jamendo.com/?trackid=802283&format=mp31&u=0');
UPDATE track SET album_id='93877' WHERE id='802283';
UPDATE track SET text='' WHERE id='802283';
INSERT INTO playlist_track VALUES('203985','802283');
INSERT INTO track VALUES('802284','11 The Strange {Feat. Ton Digittie and Tab}','http://www.jamendo.com/es/track/802284','','','218','http://mp3l.jamendo.com/?trackid=802284&format=mp31&u=0');
UPDATE track SET album_id='93877' WHERE id='802284';
UPDATE track SET text='' WHERE id='802284';
INSERT INTO playlist_track VALUES('203985','802284');
INSERT INTO track VALUES('802285','01 Peace Pipe (feat. Tab)','http://www.jamendo.com/es/track/802285','','','194','http://mp3l.jamendo.com/?trackid=802285&format=mp31&u=0');
UPDATE track SET album_id='93877' WHERE id='802285';
UPDATE track SET text='' WHERE id='802285';
INSERT INTO playlist_track VALUES('203985','802285');
INSERT INTO juser VALUES('3014687','gneu','Gneu','http://www.jamendo.com/es/user/gneu','http://imgjam.com/avatars/jamendo/100/pro.png','fr');
INSERT INTO juser VALUES('1186783','Qwilson73','Qwilson73','http://www.jamendo.com/es/user/Qwilson73','http://imgjam.com/avatars/jamendo/100/pro.png','en');
INSERT INTO album_juser VALUES('93877','3073736');
INSERT INTO album_juser VALUES('93877','3014687');
INSERT INTO album_juser VALUES('93877','985684');
INSERT INTO album_juser VALUES('93877','39202');
INSERT INTO album_juser VALUES('93877','1186783');
INSERT INTO juser VALUES('1386986','NiCoLe_25',' nicole','http://www.jamendo.com/es/user/NiCoLe_25','http://imgjam.com/avatars/986/1386986.100.png','en');
INSERT INTO album_juser VALUES('93877','152787');
INSERT INTO album_juser VALUES('93877','1386986');
INSERT INTO album_juser VALUES('93877','476371');
INSERT INTO album VALUES('93880','Tab & Anitek - The Freakout Tent','http://www.jamendo.com/es/album/93880','http://imgjam.com/albums/s93/93880/covers/1.100.jpg','2','2236','Trip hop/Instrumental/Hip Hop/Experimental');
UPDATE album SET artist_id='359034' WHERE id='93880';
INSERT INTO track VALUES('802286','Air','http://www.jamendo.com/es/track/802286','','','137','http://mp3l.jamendo.com/?trackid=802286&format=mp31&u=0');
UPDATE track SET album_id='93880' WHERE id='802286';
UPDATE track SET text='' WHERE id='802286';
INSERT INTO playlist_track VALUES('203985','802286');
INSERT INTO playlist VALUES('84363','Chill - Lounge','http://www.jamendo.com/es/playlist/84363','189985');
INSERT INTO juser VALUES('442367','maxcyborg','Maxcyborg','http://www.jamendo.com/es/user/maxcyborg','http://imgjam.com/avatars/jamendo/100/pro.png','it');
INSERT INTO playlist_juser VALUES('84363','442367');
INSERT INTO playlist_track VALUES('84363','802286');
INSERT INTO playlist VALUES('220686','Soft','http://www.jamendo.com/es/playlist/220686','2236');
INSERT INTO playlist_track VALUES('220686','802286');
INSERT INTO playlist VALUES('208806','Off beat and in time','http://www.jamendo.com/es/playlist/208806','6068');
INSERT INTO playlist_track VALUES('208806','802286');
INSERT INTO playlist VALUES('221739','First','http://www.jamendo.com/es/playlist/221739','10276');
INSERT INTO playlist_track VALUES('221739','802286');
INSERT INTO playlist VALUES('223555','Bensire','http://www.jamendo.com/es/playlist/223555','4810');
INSERT INTO playlist_track VALUES('223555','802286');
INSERT INTO playlist VALUES('225102','Checking Out','http://www.jamendo.com/es/playlist/225102','32593');
INSERT INTO playlist_track VALUES('225102','802286');
INSERT INTO playlist VALUES('225589','Chilounge','http://www.jamendo.com/es/playlist/225589','2236');
INSERT INTO playlist_track VALUES('225589','802286');
INSERT INTO track VALUES('802287','The Life Aquatic','http://www.jamendo.com/es/track/802287','','','106','http://mp3l.jamendo.com/?trackid=802287&format=mp31&u=0');
UPDATE track SET album_id='93880' WHERE id='802287';
UPDATE track SET text='' WHERE id='802287';
INSERT INTO playlist_track VALUES('203985','802287');
INSERT INTO playlist_track VALUES('84363','802287');
INSERT INTO playlist_track VALUES('220686','802287');
INSERT INTO playlist_track VALUES('208806','802287');
INSERT INTO playlist_track VALUES('221739','802287');
INSERT INTO playlist_track VALUES('223555','802287');
INSERT INTO playlist_track VALUES('225102','802287');
INSERT INTO playlist_track VALUES('225589','802287');
INSERT INTO track VALUES('802288','Ruffin Feathers','http://www.jamendo.com/es/track/802288','','','117','http://mp3l.jamendo.com/?trackid=802288&format=mp31&u=0');
UPDATE track SET album_id='93880' WHERE id='802288';
UPDATE track SET text='' WHERE id='802288';
INSERT INTO playlist_track VALUES('203985','802288');
INSERT INTO playlist_track VALUES('84363','802288');
INSERT INTO playlist_track VALUES('220686','802288');
INSERT INTO playlist_track VALUES('208806','802288');
INSERT INTO playlist_track VALUES('221739','802288');
INSERT INTO playlist_track VALUES('223555','802288');
INSERT INTO playlist_track VALUES('225102','802288');
INSERT INTO playlist_track VALUES('225589','802288');
INSERT INTO track VALUES('802289','Night Life','http://www.jamendo.com/es/track/802289','','','146','http://mp3l.jamendo.com/?trackid=802289&format=mp31&u=0');
UPDATE track SET album_id='93880' WHERE id='802289';
UPDATE track SET text='' WHERE id='802289';
INSERT INTO playlist_track VALUES('203985','802289');
INSERT INTO playlist_track VALUES('84363','802289');
INSERT INTO playlist_track VALUES('220686','802289');
INSERT INTO playlist_track VALUES('208806','802289');
INSERT INTO playlist VALUES('221058','Wispehsd','http://www.jamendo.com/es/playlist/221058','13059');
INSERT INTO playlist_track VALUES('221058','802289');
INSERT INTO playlist_track VALUES('221739','802289');
INSERT INTO playlist_track VALUES('223555','802289');
INSERT INTO playlist_track VALUES('225102','802289');
INSERT INTO playlist_track VALUES('225589','802289');
INSERT INTO track VALUES('802290','Dreams','http://www.jamendo.com/es/track/802290','','','178','http://mp3l.jamendo.com/?trackid=802290&format=mp31&u=0');
UPDATE track SET album_id='93880' WHERE id='802290';
UPDATE track SET text='' WHERE id='802290';
INSERT INTO playlist_track VALUES('203985','802290');
INSERT INTO playlist_track VALUES('84363','802290');
INSERT INTO playlist_track VALUES('220686','802290');
INSERT INTO playlist_track VALUES('208806','802290');
INSERT INTO playlist_track VALUES('221739','802290');
INSERT INTO playlist_track VALUES('223555','802290');
INSERT INTO playlist_track VALUES('225102','802290');
INSERT INTO playlist_track VALUES('225589','802290');
INSERT INTO track VALUES('802291','Yes Yes Yall','http://www.jamendo.com/es/track/802291','','','124','http://mp3l.jamendo.com/?trackid=802291&format=mp31&u=0');
UPDATE track SET album_id='93880' WHERE id='802291';
UPDATE track SET text='' WHERE id='802291';
INSERT INTO playlist_track VALUES('203985','802291');
INSERT INTO playlist_track VALUES('84363','802291');
INSERT INTO playlist_track VALUES('220686','802291');
INSERT INTO playlist_track VALUES('208806','802291');
INSERT INTO playlist_track VALUES('221739','802291');
INSERT INTO playlist_track VALUES('223555','802291');
INSERT INTO playlist_track VALUES('225102','802291');
INSERT INTO playlist_track VALUES('225589','802291');
INSERT INTO playlist VALUES('224585','Possible','http://www.jamendo.com/es/playlist/224585','6888');
INSERT INTO playlist_track VALUES('224585','802291');
INSERT INTO track VALUES('802292','The Excess','http://www.jamendo.com/es/track/802292','','en','206','http://mp3l.jamendo.com/?trackid=802292&format=mp31&u=0');
UPDATE track SET album_id='93880' WHERE id='802292';
UPDATE track SET text='' WHERE id='802292';
INSERT INTO playlist_track VALUES('203985','802292');
INSERT INTO playlist_track VALUES('84363','802292');
INSERT INTO playlist_track VALUES('220686','802292');
INSERT INTO playlist_track VALUES('208806','802292');
INSERT INTO playlist_track VALUES('221739','802292');
INSERT INTO playlist_track VALUES('223555','802292');
INSERT INTO playlist_track VALUES('225102','802292');
INSERT INTO playlist_track VALUES('225589','802292');
INSERT INTO track VALUES('802293','Fantom','http://www.jamendo.com/es/track/802293','','','245','http://mp3l.jamendo.com/?trackid=802293&format=mp31&u=0');
UPDATE track SET album_id='93880' WHERE id='802293';
UPDATE track SET text='' WHERE id='802293';
INSERT INTO playlist_track VALUES('203985','802293');
INSERT INTO playlist_track VALUES('84363','802293');
INSERT INTO playlist_track VALUES('220686','802293');
INSERT INTO playlist_track VALUES('208806','802293');
INSERT INTO playlist_track VALUES('221739','802293');
INSERT INTO playlist_track VALUES('223555','802293');
INSERT INTO playlist_track VALUES('225102','802293');
INSERT INTO playlist_track VALUES('225589','802293');
INSERT INTO track VALUES('802294','Clockwork','http://www.jamendo.com/es/track/802294','','','183','http://mp3l.jamendo.com/?trackid=802294&format=mp31&u=0');
UPDATE track SET album_id='93880' WHERE id='802294';
UPDATE track SET text='' WHERE id='802294';
INSERT INTO playlist_track VALUES('203985','802294');
INSERT INTO playlist_track VALUES('84363','802294');
INSERT INTO playlist_track VALUES('220686','802294');
INSERT INTO playlist_track VALUES('208806','802294');
INSERT INTO playlist_track VALUES('221739','802294');
INSERT INTO playlist_track VALUES('223555','802294');
INSERT INTO playlist_track VALUES('225102','802294');
INSERT INTO playlist_track VALUES('225589','802294');
INSERT INTO track VALUES('802295','Music Theory','http://www.jamendo.com/es/track/802295','','','291','http://mp3l.jamendo.com/?trackid=802295&format=mp31&u=0');
UPDATE track SET album_id='93880' WHERE id='802295';
UPDATE track SET text='' WHERE id='802295';
INSERT INTO playlist_track VALUES('203985','802295');
INSERT INTO playlist_track VALUES('84363','802295');
INSERT INTO playlist_track VALUES('220686','802295');
INSERT INTO playlist_track VALUES('208806','802295');
INSERT INTO playlist VALUES('202250','This','http://www.jamendo.com/es/playlist/202250','15424');
INSERT INTO playlist_track VALUES('202250','802295');
INSERT INTO playlist_track VALUES('221739','802295');
INSERT INTO playlist_track VALUES('223555','802295');
INSERT INTO playlist_track VALUES('225102','802295');
INSERT INTO playlist_track VALUES('225589','802295');
INSERT INTO track VALUES('802296','Moderate Stimulation','http://www.jamendo.com/es/track/802296','','','45','http://mp3l.jamendo.com/?trackid=802296&format=mp31&u=0');
UPDATE track SET album_id='93880' WHERE id='802296';
UPDATE track SET text='' WHERE id='802296';
INSERT INTO playlist_track VALUES('203985','802296');
INSERT INTO playlist_track VALUES('84363','802296');
INSERT INTO playlist_track VALUES('220686','802296');
INSERT INTO playlist_track VALUES('208806','802296');
INSERT INTO playlist_track VALUES('221739','802296');
INSERT INTO playlist_track VALUES('223555','802296');
INSERT INTO playlist_track VALUES('225102','802296');
INSERT INTO playlist_track VALUES('225589','802296');
INSERT INTO track VALUES('802297','Channel Surf','http://www.jamendo.com/es/track/802297','','','55','http://mp3l.jamendo.com/?trackid=802297&format=mp31&u=0');
UPDATE track SET album_id='93880' WHERE id='802297';
UPDATE track SET text='' WHERE id='802297';
INSERT INTO playlist_track VALUES('203985','802297');
INSERT INTO playlist VALUES('221289','Posibles curso','http://www.jamendo.com/es/playlist/221289','253');
INSERT INTO playlist_track VALUES('221289','802297');
INSERT INTO playlist_track VALUES('84363','802297');
INSERT INTO playlist_track VALUES('220686','802297');
INSERT INTO playlist_track VALUES('208806','802297');
INSERT INTO playlist_track VALUES('221739','802297');
INSERT INTO playlist_track VALUES('223555','802297');
INSERT INTO playlist_track VALUES('225102','802297');
INSERT INTO playlist_track VALUES('225589','802297');
INSERT INTO track VALUES('802298','The Freakout Tent','http://www.jamendo.com/es/track/802298','','','171','http://mp3l.jamendo.com/?trackid=802298&format=mp31&u=0');
UPDATE track SET album_id='93880' WHERE id='802298';
UPDATE track SET text='' WHERE id='802298';
INSERT INTO playlist_track VALUES('203985','802298');
INSERT INTO playlist_track VALUES('203818','802298');
INSERT INTO playlist_track VALUES('84363','802298');
INSERT INTO playlist_track VALUES('220686','802298');
INSERT INTO playlist_track VALUES('208806','802298');
INSERT INTO playlist_track VALUES('221739','802298');
INSERT INTO playlist_track VALUES('223555','802298');
INSERT INTO playlist_track VALUES('225102','802298');
INSERT INTO playlist_track VALUES('225589','802298');
INSERT INTO playlist VALUES('179045','Mio','http://www.jamendo.com/es/playlist/179045','1576');
INSERT INTO playlist_track VALUES('179045','802298');
INSERT INTO track VALUES('802299','Sinister Psyche','http://www.jamendo.com/es/track/802299','','','157','http://mp3l.jamendo.com/?trackid=802299&format=mp31&u=0');
UPDATE track SET album_id='93880' WHERE id='802299';
UPDATE track SET text='' WHERE id='802299';
INSERT INTO playlist_track VALUES('203985','802299');
INSERT INTO playlist_track VALUES('84363','802299');
INSERT INTO playlist_track VALUES('220686','802299');
INSERT INTO playlist_track VALUES('208806','802299');
INSERT INTO playlist_track VALUES('221058','802299');
INSERT INTO playlist_track VALUES('221739','802299');
INSERT INTO playlist_track VALUES('223555','802299');
INSERT INTO playlist_track VALUES('225102','802299');
INSERT INTO playlist_track VALUES('225589','802299');
INSERT INTO track VALUES('802300','ChopCity','http://www.jamendo.com/es/track/802300','','','75','http://mp3l.jamendo.com/?trackid=802300&format=mp31&u=0');
UPDATE track SET album_id='93880' WHERE id='802300';
UPDATE track SET text='' WHERE id='802300';
INSERT INTO playlist_track VALUES('203985','802300');
INSERT INTO playlist_track VALUES('84363','802300');
INSERT INTO playlist_track VALUES('220686','802300');
INSERT INTO playlist_track VALUES('208806','802300');
INSERT INTO playlist_track VALUES('221289','802300');
INSERT INTO playlist_track VALUES('221739','802300');
INSERT INTO playlist_track VALUES('223555','802300');
INSERT INTO playlist_track VALUES('225102','802300');
INSERT INTO playlist_track VALUES('225589','802300');
INSERT INTO juser VALUES('1402905','panpixielives','Panpixielives','http://www.jamendo.com/es/user/panpixielives','http://imgjam.com/avatars/905/1402905.100.jpg','en');
INSERT INTO juser VALUES('1188731','funky_boyz','Funky_boyz','http://www.jamendo.com/es/user/funky_boyz','http://imgjam.com/avatars/jamendo/100/pb_gzzz.png','en');
INSERT INTO juser VALUES('336752','Mr-Jacky','Mr-jacky','http://www.jamendo.com/es/user/Mr-Jacky','http://imgjam.com/avatars/752/336752.100.jpg','fr');
INSERT INTO juser VALUES('673926','FlorineWriter','Florine writer ','http://www.jamendo.com/es/user/FlorineWriter','http://imgjam.com/avatars/926/673926.100.jpg','en');
INSERT INTO album_juser VALUES('93880','1402905');
INSERT INTO album_juser VALUES('93880','1188731');
INSERT INTO album_juser VALUES('93880','985684');
INSERT INTO album_juser VALUES('93880','336752');
INSERT INTO album_juser VALUES('93880','673926');
INSERT INTO juser VALUES('1268821','Psy-M2','Kappes jean-marc','http://www.jamendo.com/es/user/Psy-M2','http://imgjam.com/avatars/821/1268821.100.png','fr');
INSERT INTO juser VALUES('1247380','LaKjamusical','Lakjamusical','http://www.jamendo.com/es/user/LaKjamusical','http://imgjam.com/avatars/jamendo/100/pro.png','es');
INSERT INTO juser VALUES('728595','bifhart','Bifhart','http://www.jamendo.com/es/user/bifhart','http://imgjam.com/avatars/jamendo/100/pro.png','es');
INSERT INTO album_juser VALUES('93880','1268821');
INSERT INTO album_juser VALUES('93880','158748');
INSERT INTO album_juser VALUES('93880','1247380');
INSERT INTO album_juser VALUES('93880','728595');
INSERT INTO album_juser VALUES('93880','924544');
INSERT INTO juser VALUES('1184474','Wolfgang195x','Wolfgang195x','http://www.jamendo.com/es/user/Wolfgang195x','http://imgjam.com/avatars/jamendo/100/pro.png','de');
INSERT INTO juser VALUES('1068627','teegoat',' ','http://www.jamendo.com/es/user/teegoat','http://imgjam.com/avatars/jamendo/100/dj.png','en');
INSERT INTO juser VALUES('68439','Ogier','Ogier','http://www.jamendo.com/es/user/Ogier','http://imgjam.com/avatars/439/68439.100.jpg','fr');
INSERT INTO album_juser VALUES('93880','1184474');
INSERT INTO album_juser VALUES('93880','39202');
INSERT INTO album_juser VALUES('93880','910958');
INSERT INTO album_juser VALUES('93880','1068627');
INSERT INTO album_juser VALUES('93880','68439');
INSERT INTO juser VALUES('1368795','sapiensantiquus','Sapiensantiquus','http://www.jamendo.com/es/user/sapiensantiquus','http://imgjam.com/avatars/795/1368795.100.png','en');
INSERT INTO juser VALUES('1410593','bigvee77','Bigvee77','http://www.jamendo.com/es/user/bigvee77','http://imgjam.com/avatars/jamendo/100/pro.png','en');
INSERT INTO juser VALUES('1411052','Urge4Vert','Urge4vert','http://www.jamendo.com/es/user/Urge4Vert','http://imgjam.com/avatars/jamendo/100/pro.png','en');
INSERT INTO album_juser VALUES('93880','1135093');
INSERT INTO album_juser VALUES('93880','1368795');
INSERT INTO album_juser VALUES('93880','1386986');
INSERT INTO album_juser VALUES('93880','1410593');
INSERT INTO album_juser VALUES('93880','1411052');
INSERT INTO album VALUES('93908','Tab & Anitek - Chasing Rabbits EP','http://www.jamendo.com/es/album/93908','http://imgjam.com/albums/s93/93908/covers/1.100.jpg','2','2278','Underground hip hop');
UPDATE album SET artist_id='359034' WHERE id='93908';
INSERT INTO track VALUES('802321','Down the Rabbit Hole {feat. Tab}','http://www.jamendo.com/es/track/802321','','','252','http://mp3l.jamendo.com/?trackid=802321&format=mp31&u=0');
UPDATE track SET album_id='93908' WHERE id='802321';
UPDATE track SET text='' WHERE id='802321';
INSERT INTO playlist VALUES('206656','Native nigga','http://www.jamendo.com/es/playlist/206656','8841');
INSERT INTO playlist_track VALUES('206656','802321');
INSERT INTO playlist_track VALUES('203985','802321');
INSERT INTO playlist_track VALUES('226211','802321');
INSERT INTO playlist_track VALUES('86493','802321');
INSERT INTO playlist_track VALUES('222006','802321');
INSERT INTO playlist_track VALUES('226402','802321');
INSERT INTO playlist_track VALUES('224947','802321');
INSERT INTO playlist_track VALUES('226321','802321');
INSERT INTO playlist_track VALUES('226431','802321');
INSERT INTO playlist_track VALUES('226562','802321');
INSERT INTO playlist_track VALUES('226743','802321');
INSERT INTO playlist_track VALUES('226772','802321');
INSERT INTO playlist_track VALUES('226935','802321');
INSERT INTO playlist_track VALUES('226926','802321');
INSERT INTO playlist_track VALUES('227107','802321');
INSERT INTO playlist_track VALUES('227285','802321');
INSERT INTO playlist_track VALUES('227311','802321');
INSERT INTO playlist_track VALUES('227482','802321');
INSERT INTO playlist_track VALUES('227532','802321');
INSERT INTO playlist_track VALUES('227774','802321');
INSERT INTO track VALUES('802319','Scrapbook {feat. Tab}','http://www.jamendo.com/es/track/802319','','','188','http://mp3l.jamendo.com/?trackid=802319&format=mp31&u=0');
UPDATE track SET album_id='93908' WHERE id='802319';
UPDATE track SET text='' WHERE id='802319';
INSERT INTO playlist_track VALUES('206656','802319');
INSERT INTO playlist_track VALUES('203985','802319');
INSERT INTO playlist_track VALUES('86493','802319');
INSERT INTO track VALUES('802322','Vitamin Shoppe {feat. Tab}','http://www.jamendo.com/es/track/802322','','','189','http://mp3l.jamendo.com/?trackid=802322&format=mp31&u=0');
UPDATE track SET album_id='93908' WHERE id='802322';
UPDATE track SET text='' WHERE id='802322';
INSERT INTO playlist_track VALUES('206656','802322');
INSERT INTO playlist_track VALUES('203985','802322');
INSERT INTO playlist_track VALUES('86493','802322');
INSERT INTO track VALUES('802320','House of the Rising Son {feat. Tab}','http://www.jamendo.com/es/track/802320','','','206','http://mp3l.jamendo.com/?trackid=802320&format=mp31&u=0');
UPDATE track SET album_id='93908' WHERE id='802320';
UPDATE track SET text='' WHERE id='802320';
INSERT INTO playlist_track VALUES('203985','802320');
INSERT INTO playlist_track VALUES('226211','802320');
INSERT INTO playlist_track VALUES('206656','802320');
INSERT INTO playlist_track VALUES('86493','802320');
INSERT INTO playlist_track VALUES('222006','802320');
INSERT INTO playlist_track VALUES('226402','802320');
INSERT INTO playlist_track VALUES('224947','802320');
INSERT INTO playlist_track VALUES('226321','802320');
INSERT INTO playlist_track VALUES('226431','802320');
INSERT INTO playlist_track VALUES('226562','802320');
INSERT INTO playlist_track VALUES('226743','802320');
INSERT INTO playlist_track VALUES('226772','802320');
INSERT INTO playlist_track VALUES('226935','802320');
INSERT INTO playlist_track VALUES('226926','802320');
INSERT INTO playlist_track VALUES('227107','802320');
INSERT INTO playlist_track VALUES('227285','802320');
INSERT INTO playlist_track VALUES('227311','802320');
INSERT INTO playlist_track VALUES('227482','802320');
INSERT INTO playlist_track VALUES('227532','802320');
INSERT INTO playlist_track VALUES('227774','802320');
INSERT INTO track VALUES('802317','Cheap Disguise {feat. Tab}','http://www.jamendo.com/es/track/802317','','','237','http://mp3l.jamendo.com/?trackid=802317&format=mp31&u=0');
UPDATE track SET album_id='93908' WHERE id='802317';
UPDATE track SET text='' WHERE id='802317';
INSERT INTO playlist_track VALUES('203985','802317');
INSERT INTO playlist_track VALUES('206656','802317');
INSERT INTO playlist_track VALUES('86493','802317');
INSERT INTO track VALUES('802325','Here Comes the Rain {feat. Tab}','http://www.jamendo.com/es/track/802325','','','249','http://mp3l.jamendo.com/?trackid=802325&format=mp31&u=0');
UPDATE track SET album_id='93908' WHERE id='802325';
UPDATE track SET text='' WHERE id='802325';
INSERT INTO playlist_track VALUES('203985','802325');
INSERT INTO playlist_track VALUES('206656','802325');
INSERT INTO playlist_track VALUES('86493','802325');
INSERT INTO track VALUES('802323','Charades {feat. Shape} {feat. Tab}','http://www.jamendo.com/es/track/802323','','','193','http://mp3l.jamendo.com/?trackid=802323&format=mp31&u=0');
UPDATE track SET album_id='93908' WHERE id='802323';
UPDATE track SET text='' WHERE id='802323';
INSERT INTO playlist_track VALUES('203985','802323');
INSERT INTO playlist_track VALUES('226211','802323');
INSERT INTO playlist_track VALUES('206656','802323');
INSERT INTO playlist_track VALUES('86493','802323');
INSERT INTO playlist_track VALUES('222006','802323');
INSERT INTO playlist_track VALUES('226402','802323');
INSERT INTO playlist_track VALUES('224947','802323');
INSERT INTO playlist_track VALUES('226321','802323');
INSERT INTO playlist_track VALUES('226431','802323');
INSERT INTO playlist_track VALUES('226562','802323');
INSERT INTO playlist_track VALUES('226743','802323');
INSERT INTO playlist_track VALUES('226772','802323');
INSERT INTO playlist_track VALUES('226935','802323');
INSERT INTO playlist_track VALUES('226926','802323');
INSERT INTO playlist_track VALUES('227107','802323');
INSERT INTO playlist_track VALUES('227285','802323');
INSERT INTO playlist_track VALUES('227311','802323');
INSERT INTO playlist_track VALUES('227482','802323');
INSERT INTO playlist_track VALUES('227532','802323');
INSERT INTO playlist_track VALUES('227774','802323');
INSERT INTO track VALUES('802327','Last Call {feat. Tab}','http://www.jamendo.com/es/track/802327','','','175','http://mp3l.jamendo.com/?trackid=802327&format=mp31&u=0');
UPDATE track SET album_id='93908' WHERE id='802327';
UPDATE track SET text='' WHERE id='802327';
INSERT INTO playlist_track VALUES('203985','802327');
INSERT INTO playlist_track VALUES('226211','802327');
INSERT INTO playlist_track VALUES('206656','802327');
INSERT INTO playlist_track VALUES('86493','802327');
INSERT INTO playlist_track VALUES('222006','802327');
INSERT INTO playlist_track VALUES('226402','802327');
INSERT INTO playlist_track VALUES('224947','802327');
INSERT INTO playlist_track VALUES('226321','802327');
INSERT INTO playlist_track VALUES('226431','802327');
INSERT INTO playlist_track VALUES('226562','802327');
INSERT INTO playlist_track VALUES('226743','802327');
INSERT INTO playlist_track VALUES('226772','802327');
INSERT INTO playlist_track VALUES('226935','802327');
INSERT INTO playlist_track VALUES('226926','802327');
INSERT INTO playlist_track VALUES('227107','802327');
INSERT INTO playlist_track VALUES('227285','802327');
INSERT INTO playlist_track VALUES('227311','802327');
INSERT INTO playlist_track VALUES('227482','802327');
INSERT INTO playlist_track VALUES('227532','802327');
INSERT INTO playlist_track VALUES('227774','802327');
INSERT INTO track VALUES('802318','Manipulated Living {feat. Tab}','http://www.jamendo.com/es/track/802318','','','198','http://mp3l.jamendo.com/?trackid=802318&format=mp31&u=0');
UPDATE track SET album_id='93908' WHERE id='802318';
UPDATE track SET text='' WHERE id='802318';
INSERT INTO playlist_track VALUES('203985','802318');
INSERT INTO playlist_track VALUES('206656','802318');
INSERT INTO playlist_track VALUES('209711','802318');
INSERT INTO playlist_track VALUES('86493','802318');
INSERT INTO track VALUES('802326','Ballad of the Man that Never Made {feat. Tab}','http://www.jamendo.com/es/track/802326','','','240','http://mp3l.jamendo.com/?trackid=802326&format=mp31&u=0');
UPDATE track SET album_id='93908' WHERE id='802326';
UPDATE track SET text='' WHERE id='802326';
INSERT INTO playlist_track VALUES('203985','802326');
INSERT INTO playlist_track VALUES('206656','802326');
INSERT INTO playlist_track VALUES('209711','802326');
INSERT INTO playlist_track VALUES('86493','802326');
INSERT INTO track VALUES('802324','Elmer Fudd Theory {feat. Tone Liv} {feat. Tab}','http://www.jamendo.com/es/track/802324','','','151','http://mp3l.jamendo.com/?trackid=802324&format=mp31&u=0');
UPDATE track SET album_id='93908' WHERE id='802324';
UPDATE track SET text='' WHERE id='802324';
INSERT INTO playlist_track VALUES('203985','802324');
INSERT INTO playlist_track VALUES('206656','802324');
INSERT INTO playlist_track VALUES('209711','802324');
INSERT INTO playlist_track VALUES('86493','802324');
INSERT INTO juser VALUES('1113031','MonsterAce','Monsterace','http://www.jamendo.com/es/user/MonsterAce','http://imgjam.com/avatars/jamendo/100/pro.png','en');
INSERT INTO album_juser VALUES('93908','985684');
INSERT INTO album_juser VALUES('93908','3014687');
INSERT INTO album_juser VALUES('93908','1113031');
INSERT INTO album_juser VALUES('93908','3073736');
INSERT INTO album_juser VALUES('93908','924544');
INSERT INTO juser VALUES('1185895','Cnote25','Cnote25','http://www.jamendo.com/es/user/Cnote25','http://imgjam.com/avatars/jamendo/100/pro.png','en');
INSERT INTO album_juser VALUES('93908','1185895');
INSERT INTO album_juser VALUES('93908','1186783');
INSERT INTO album_juser VALUES('93908','152787');
INSERT INTO album_juser VALUES('93908','68439');
INSERT INTO album_juser VALUES('93908','1386986');
INSERT INTO album VALUES('98203','Blue Suede Through','http://www.jamendo.com/es/album/98203','http://imgjam.com/albums/s98/98203/covers/1.100.jpg','2','1752','Trip-Hop Blues');
UPDATE album SET artist_id='359034' WHERE id='98203';
INSERT INTO track VALUES('839518','Traffic Life','http://www.jamendo.com/es/track/839518','','','165','http://mp3l.jamendo.com/?trackid=839518&format=mp31&u=0');
UPDATE track SET album_id='98203' WHERE id='839518';
UPDATE track SET text='' WHERE id='839518';
INSERT INTO playlist_track VALUES('197394','839518');
INSERT INTO playlist VALUES('213066','Lento','http://www.jamendo.com/es/playlist/213066','4179');
INSERT INTO playlist_track VALUES('213066','839518');
INSERT INTO playlist VALUES('214827','Anitek','http://www.jamendo.com/es/playlist/214827','1752');
INSERT INTO playlist_track VALUES('214827','839518');
INSERT INTO playlist VALUES('207677','Lounge. Easy Listening','http://www.jamendo.com/es/playlist/207677','1311');
INSERT INTO playlist_track VALUES('207677','839518');
INSERT INTO playlist_track VALUES('158477','839518');
INSERT INTO playlist_track VALUES('209180','839518');
INSERT INTO playlist VALUES('211807','Like','http://www.jamendo.com/es/playlist/211807','4285');
INSERT INTO playlist_track VALUES('211807','839518');
INSERT INTO playlist_track VALUES('211957','839518');
INSERT INTO playlist VALUES('218292','Ambient','http://www.jamendo.com/es/playlist/218292','2021');
INSERT INTO playlist_track VALUES('218292','839518');
INSERT INTO playlist_track VALUES('222187','839518');
INSERT INTO track VALUES('839513','Puddle Hoppin','http://www.jamendo.com/es/track/839513','','','190','http://mp3l.jamendo.com/?trackid=839513&format=mp31&u=0');
UPDATE track SET album_id='98203' WHERE id='839513';
UPDATE track SET text='' WHERE id='839513';
INSERT INTO playlist_track VALUES('214827','839513');
INSERT INTO playlist_track VALUES('158477','839513');
INSERT INTO playlist_track VALUES('211807','839513');
INSERT INTO playlist_track VALUES('211957','839513');
INSERT INTO playlist_track VALUES('218292','839513');
INSERT INTO playlist VALUES('220419','PP','http://www.jamendo.com/es/playlist/220419','326');
INSERT INTO playlist_track VALUES('220419','839513');
INSERT INTO playlist VALUES('222510','12-3','http://www.jamendo.com/es/playlist/222510','7331');
INSERT INTO playlist_track VALUES('222510','839513');
INSERT INTO playlist_track VALUES('222187','839513');
INSERT INTO track VALUES('839517','Operator','http://www.jamendo.com/es/track/839517','','','180','http://mp3l.jamendo.com/?trackid=839517&format=mp31&u=0');
UPDATE track SET album_id='98203' WHERE id='839517';
UPDATE track SET text='' WHERE id='839517';
INSERT INTO playlist_track VALUES('214827','839517');
INSERT INTO playlist_track VALUES('158477','839517');
INSERT INTO playlist_track VALUES('211807','839517');
INSERT INTO playlist_track VALUES('211957','839517');
INSERT INTO playlist_track VALUES('218292','839517');
INSERT INTO playlist_track VALUES('222187','839517');
INSERT INTO track VALUES('839522','Taxicab Sunsets','http://www.jamendo.com/es/track/839522','','','170','http://mp3l.jamendo.com/?trackid=839522&format=mp31&u=0');
UPDATE track SET album_id='98203' WHERE id='839522';
UPDATE track SET text='' WHERE id='839522';
INSERT INTO playlist_track VALUES('214827','839522');
INSERT INTO playlist_track VALUES('158477','839522');
INSERT INTO playlist_track VALUES('211807','839522');
INSERT INTO playlist_track VALUES('211957','839522');
INSERT INTO playlist_track VALUES('218292','839522');
INSERT INTO playlist_track VALUES('222187','839522');
INSERT INTO playlist VALUES('222591','Play','http://www.jamendo.com/es/playlist/222591','5880');
INSERT INTO playlist_juser VALUES('222591','1390499');
INSERT INTO playlist_track VALUES('222591','839522');
INSERT INTO playlist VALUES('226732','JamendoProRadioZip_tourdumonde','http://www.jamendo.com/es/playlist/226732','44941');
INSERT INTO playlist_track VALUES('226732','839522');
INSERT INTO playlist VALUES('226733','JamendoProRadioZip_welcomeasia','http://www.jamendo.com/es/playlist/226733','32346');
INSERT INTO playlist_track VALUES('226733','839522');
INSERT INTO playlist_track VALUES('226736','839522');
INSERT INTO playlist VALUES('226852','JamendoProRadioZip_tourdumonde','http://www.jamendo.com/es/playlist/226852','44941');
INSERT INTO playlist_track VALUES('226852','839522');
INSERT INTO playlist VALUES('226853','JamendoProRadioZip_welcomeasia','http://www.jamendo.com/es/playlist/226853','32346');
INSERT INTO playlist_track VALUES('226853','839522');
INSERT INTO playlist_track VALUES('226856','839522');
INSERT INTO playlist_track VALUES('226950','839522');
INSERT INTO playlist VALUES('226947','JamendoProRadioZip_welcomeasia','http://www.jamendo.com/es/playlist/226947','29963');
INSERT INTO playlist_track VALUES('226947','839522');
INSERT INTO playlist_track VALUES('226946','839522');
INSERT INTO playlist_track VALUES('227311','839522');
INSERT INTO playlist_track VALUES('227493','839522');
INSERT INTO playlist VALUES('227494','JamendoProRadioZip_welcomeasia','http://www.jamendo.com/es/playlist/227494','29393');
INSERT INTO playlist_track VALUES('227494','839522');
INSERT INTO playlist VALUES('227497','JamendoProRadioZip_ambientlounge','http://www.jamendo.com/es/playlist/227497','65058');
INSERT INTO playlist_track VALUES('227497','839522');
INSERT INTO track VALUES('839516','Meal Ticket','http://www.jamendo.com/es/track/839516','','','159','http://mp3l.jamendo.com/?trackid=839516&format=mp31&u=0');
UPDATE track SET album_id='98203' WHERE id='839516';
UPDATE track SET text='' WHERE id='839516';
INSERT INTO playlist_track VALUES('214827','839516');
INSERT INTO playlist_track VALUES('158477','839516');
INSERT INTO playlist_track VALUES('211807','839516');
INSERT INTO playlist_track VALUES('211957','839516');
INSERT INTO playlist_track VALUES('218292','839516');
INSERT INTO playlist_track VALUES('222187','839516');
INSERT INTO playlist_track VALUES('226727','839516');
INSERT INTO playlist_track VALUES('226736','839516');
INSERT INTO playlist_track VALUES('226847','839516');
INSERT INTO playlist_track VALUES('226856','839516');
INSERT INTO playlist_track VALUES('226950','839516');
INSERT INTO playlist_track VALUES('226941','839516');
INSERT INTO playlist_track VALUES('227311','839516');
INSERT INTO playlist_track VALUES('227488','839516');
INSERT INTO playlist_track VALUES('227497','839516');
INSERT INTO playlist_track VALUES('227538','839516');
INSERT INTO playlist VALUES('227547','JamendoProRadioZip_ambientlounge','http://www.jamendo.com/es/playlist/227547','71879');
INSERT INTO playlist_track VALUES('227547','839516');
INSERT INTO playlist_track VALUES('227780','839516');
INSERT INTO playlist VALUES('227789','JamendoProRadioZip_ambientlounge','http://www.jamendo.com/es/playlist/227789','71603');
INSERT INTO playlist_track VALUES('227789','839516');
INSERT INTO track VALUES('839521','Ballad of Desert Dialectics','http://www.jamendo.com/es/track/839521','','','230','http://mp3l.jamendo.com/?trackid=839521&format=mp31&u=0');
UPDATE track SET album_id='98203' WHERE id='839521';
UPDATE track SET text='' WHERE id='839521';
INSERT INTO playlist_track VALUES('214827','839521');
INSERT INTO playlist_track VALUES('158477','839521');
INSERT INTO playlist_track VALUES('211807','839521');
INSERT INTO playlist_track VALUES('211957','839521');
INSERT INTO playlist_track VALUES('218292','839521');
INSERT INTO playlist_track VALUES('222187','839521');
INSERT INTO playlist VALUES('226728','JamendoProRadioZip_zen','http://www.jamendo.com/es/playlist/226728','44019');
INSERT INTO playlist_track VALUES('226728','839521');
INSERT INTO playlist_track VALUES('226736','839521');
INSERT INTO playlist_track VALUES('226738','839521');
INSERT INTO playlist VALUES('226848','JamendoProRadioZip_zen','http://www.jamendo.com/es/playlist/226848','43242');
INSERT INTO playlist_track VALUES('226848','839521');
INSERT INTO playlist_track VALUES('226856','839521');
INSERT INTO playlist VALUES('226858','JamendoProRadioZip_electronica','http://www.jamendo.com/es/playlist/226858','71339');
INSERT INTO playlist_track VALUES('226858','839521');
INSERT INTO playlist VALUES('226952','JamendoProRadioZip_electronica','http://www.jamendo.com/es/playlist/226952','77142');
INSERT INTO playlist_track VALUES('226952','839521');
INSERT INTO playlist_track VALUES('226950','839521');
INSERT INTO playlist_track VALUES('226942','839521');
INSERT INTO playlist_track VALUES('227311','839521');
INSERT INTO playlist_track VALUES('227489','839521');
INSERT INTO playlist_track VALUES('227497','839521');
INSERT INTO playlist VALUES('227499','JamendoProRadioZip_electronica','http://www.jamendo.com/es/playlist/227499','76917');
INSERT INTO playlist_track VALUES('227499','839521');
INSERT INTO playlist VALUES('227507','','http://www.jamendo.com/es/playlist/227507','54175');
INSERT INTO playlist_track VALUES('227507','839521');
INSERT INTO track VALUES('839520','The Boss o''Nova','http://www.jamendo.com/es/track/839520','','','221','http://mp3l.jamendo.com/?trackid=839520&format=mp31&u=0');
UPDATE track SET album_id='98203' WHERE id='839520';
UPDATE track SET text='' WHERE id='839520';
INSERT INTO playlist_track VALUES('226420','839520');
INSERT INTO playlist_track VALUES('214827','839520');
INSERT INTO playlist_track VALUES('226211','839520');
INSERT INTO playlist_track VALUES('158477','839520');
INSERT INTO playlist_track VALUES('211807','839520');
INSERT INTO playlist_track VALUES('211957','839520');
INSERT INTO playlist_track VALUES('218292','839520');
INSERT INTO playlist_track VALUES('222002','839520');
INSERT INTO playlist_track VALUES('222006','839520');
INSERT INTO playlist_track VALUES('226402','839520');
INSERT INTO playlist_track VALUES('222187','839520');
INSERT INTO playlist VALUES('224942','189','http://www.jamendo.com/es/playlist/224942','44064');
INSERT INTO playlist_track VALUES('224942','839520');
INSERT INTO playlist_track VALUES('224947','839520');
INSERT INTO playlist VALUES('226229','JamendoProRadioZip_experience','http://www.jamendo.com/es/playlist/226229','42718');
INSERT INTO playlist_track VALUES('226229','839520');
INSERT INTO playlist_track VALUES('226321','839520');
INSERT INTO playlist VALUES('226339','JamendoProRadioZip_experience','http://www.jamendo.com/es/playlist/226339','44318');
INSERT INTO playlist_track VALUES('226339','839520');
INSERT INTO playlist_track VALUES('226431','839520');
INSERT INTO playlist VALUES('226556','JamendoProRadioZip_experience','http://www.jamendo.com/es/playlist/226556','42363');
INSERT INTO playlist_track VALUES('226556','839520');
INSERT INTO playlist_track VALUES('226562','839520');
INSERT INTO playlist VALUES('226739','JamendoProRadioZip_experience','http://www.jamendo.com/es/playlist/226739','45122');
INSERT INTO playlist_track VALUES('226739','839520');
INSERT INTO track VALUES('839519','Suckerpunched Drunk Strides','http://www.jamendo.com/es/track/839519','','','136','http://mp3l.jamendo.com/?trackid=839519&format=mp31&u=0');
UPDATE track SET album_id='98203' WHERE id='839519';
UPDATE track SET text='' WHERE id='839519';
INSERT INTO playlist_track VALUES('214827','839519');
INSERT INTO playlist_track VALUES('158477','839519');
INSERT INTO playlist_track VALUES('211807','839519');
INSERT INTO playlist_track VALUES('211957','839519');
INSERT INTO playlist_track VALUES('218292','839519');
INSERT INTO playlist_track VALUES('220419','839519');
INSERT INTO playlist_track VALUES('222187','839519');
INSERT INTO playlist_track VALUES('226728','839519');
INSERT INTO playlist_track VALUES('226732','839519');
INSERT INTO playlist_track VALUES('226736','839519');
INSERT INTO playlist_track VALUES('226848','839519');
INSERT INTO playlist_track VALUES('226852','839519');
INSERT INTO playlist_track VALUES('226856','839519');
INSERT INTO playlist_track VALUES('226950','839519');
INSERT INTO playlist_track VALUES('226946','839519');
INSERT INTO playlist_track VALUES('226942','839519');
INSERT INTO playlist_track VALUES('227311','839519');
INSERT INTO playlist_track VALUES('227489','839519');
INSERT INTO playlist_track VALUES('227493','839519');
INSERT INTO playlist_track VALUES('227497','839519');
INSERT INTO track VALUES('839514','North Country','http://www.jamendo.com/es/track/839514','','','141','http://mp3l.jamendo.com/?trackid=839514&format=mp31&u=0');
UPDATE track SET album_id='98203' WHERE id='839514';
UPDATE track SET text='' WHERE id='839514';
INSERT INTO playlist_track VALUES('214827','839514');
INSERT INTO playlist_track VALUES('158477','839514');
INSERT INTO playlist_track VALUES('209180','839514');
INSERT INTO playlist_track VALUES('211807','839514');
INSERT INTO playlist_track VALUES('211957','839514');
INSERT INTO playlist_track VALUES('218292','839514');
INSERT INTO playlist_track VALUES('222187','839514');
INSERT INTO track VALUES('839515','Talifeather','http://www.jamendo.com/es/track/839515','','','160','http://mp3l.jamendo.com/?trackid=839515&format=mp31&u=0');
UPDATE track SET album_id='98203' WHERE id='839515';
UPDATE track SET text='' WHERE id='839515';
INSERT INTO playlist_track VALUES('214827','839515');
INSERT INTO playlist_track VALUES('158477','839515');
INSERT INTO playlist_track VALUES('211807','839515');
INSERT INTO playlist_track VALUES('211957','839515');
INSERT INTO playlist_track VALUES('218292','839515');
INSERT INTO playlist_track VALUES('222187','839515');
INSERT INTO juser VALUES('1325527','philpod17','Philpod17','http://www.jamendo.com/es/user/philpod17','http://imgjam.com/avatars/jamendo/100/pro.png','fr');
INSERT INTO juser VALUES('1325998','bett','Bett','http://www.jamendo.com/es/user/bett','http://imgjam.com/avatars/jamendo/100/pro.png','it');
INSERT INTO juser VALUES('1182789','geri1590','Geri1590','http://www.jamendo.com/es/user/geri1590','http://imgjam.com/avatars/jamendo/100/geek.png','es');
INSERT INTO juser VALUES('1352035','carlos30','Carlos30','http://www.jamendo.com/es/user/carlos30','http://imgjam.com/avatars/35/1352035.100.jpg','fr');
INSERT INTO album_juser VALUES('98203','1325527');
INSERT INTO album_juser VALUES('98203','1325998');
INSERT INTO album_juser VALUES('98203','1182789');
INSERT INTO album_juser VALUES('98203','1352035');
INSERT INTO album_juser VALUES('98203','826337');
INSERT INTO juser VALUES('97100','Faldrian',' ','http://www.jamendo.com/es/user/Faldrian','http://imgjam.com/avatars/100/97100.100.png','de');
INSERT INTO album_juser VALUES('98203','985684');
INSERT INTO album_juser VALUES('98203','97100');
INSERT INTO album_juser VALUES('98203','1058675');
INSERT INTO album_juser VALUES('98203','1092741');
INSERT INTO album_juser VALUES('98203','3073736');
INSERT INTO juser VALUES('325775','marow',' ','http://www.jamendo.com/es/user/marow','http://imgjam.com/avatars/questionmark/avatar.100.gif','pl');
INSERT INTO album_juser VALUES('98203','325775');
INSERT INTO album_juser VALUES('98203','1235359');
INSERT INTO album_juser VALUES('98203','1143946');
INSERT INTO album_juser VALUES('98203','1386986');
INSERT INTO album VALUES('98205','Sae Yeon','http://www.jamendo.com/es/album/98205','http://imgjam.com/albums/s98/98205/covers/1.100.jpg','2','2383');
UPDATE album SET artist_id='359034' WHERE id='98205';
INSERT INTO track VALUES('839548','Inducer','http://www.jamendo.com/es/track/839548','','','181','http://mp3l.jamendo.com/?trackid=839548&format=mp31&u=0');
UPDATE track SET album_id='98205' WHERE id='839548';
UPDATE track SET text='' WHERE id='839548';
INSERT INTO playlist_track VALUES('158477','839548');
INSERT INTO playlist_track VALUES('217171','839548');
INSERT INTO playlist_track VALUES('188222','839548');
INSERT INTO playlist_track VALUES('217211','839548');
INSERT INTO playlist VALUES('208604','Playlist: September','http://www.jamendo.com/es/playlist/208604','16597');
INSERT INTO playlist_track VALUES('208604','839548');
INSERT INTO playlist VALUES('214079','My Best of','http://www.jamendo.com/es/playlist/214079','17416');
INSERT INTO playlist_track VALUES('214079','839548');
INSERT INTO playlist_track VALUES('226417','839548');
INSERT INTO playlist_track VALUES('226408','839548');
INSERT INTO playlist_track VALUES('197210','839548');
INSERT INTO playlist_track VALUES('197394','839548');
INSERT INTO playlist VALUES('210077','SHU','http://www.jamendo.com/es/playlist/210077','2044');
INSERT INTO playlist_track VALUES('210077','839548');
INSERT INTO playlist VALUES('208527','11-09','http://www.jamendo.com/es/playlist/208527','22006');
INSERT INTO playlist_track VALUES('208527','839548');
INSERT INTO playlist VALUES('211279','Musique','http://www.jamendo.com/es/playlist/211279','27210');
INSERT INTO playlist_track VALUES('211279','839548');
INSERT INTO playlist_track VALUES('211807','839548');
INSERT INTO playlist_track VALUES('212795','839548');
INSERT INTO playlist_track VALUES('212912','839548');
INSERT INTO playlist VALUES('990','Thomas','http://www.jamendo.com/es/playlist/990','18926');
INSERT INTO playlist_track VALUES('990','839548');
INSERT INTO playlist VALUES('216970','Anitek','http://www.jamendo.com/es/playlist/216970','2533');
INSERT INTO playlist_track VALUES('216970','839548');
INSERT INTO playlist VALUES('217023','Anitek','http://www.jamendo.com/es/playlist/217023','2533');
INSERT INTO playlist_track VALUES('217023','839548');
INSERT INTO playlist VALUES('218539','Music','http://www.jamendo.com/es/playlist/218539','2421');
INSERT INTO playlist_track VALUES('218539','839548');
INSERT INTO track VALUES('839545','Circles','http://www.jamendo.com/es/track/839545','','','194','http://mp3l.jamendo.com/?trackid=839545&format=mp31&u=0');
UPDATE track SET album_id='98205' WHERE id='839545';
UPDATE track SET text='' WHERE id='839545';
INSERT INTO playlist_track VALUES('158477','839545');
INSERT INTO playlist_track VALUES('217171','839545');
INSERT INTO playlist_track VALUES('188222','839545');
INSERT INTO playlist_track VALUES('217211','839545');
INSERT INTO playlist_track VALUES('209847','839545');
INSERT INTO playlist VALUES('78814','Blacke era','http://www.jamendo.com/es/playlist/78814','717');
INSERT INTO playlist_track VALUES('78814','839545');
INSERT INTO playlist_track VALUES('91577','839545');
INSERT INTO playlist_track VALUES('197210','839545');
INSERT INTO playlist VALUES('202676','JamSession (06)','http://www.jamendo.com/es/playlist/202676','3414');
INSERT INTO playlist_track VALUES('202676','839545');
INSERT INTO playlist_track VALUES('209750','839545');
INSERT INTO playlist_track VALUES('211279','839545');
INSERT INTO playlist VALUES('211719','Oct 14','http://www.jamendo.com/es/playlist/211719','322');
INSERT INTO playlist_track VALUES('211719','839545');
INSERT INTO playlist_track VALUES('211807','839545');
INSERT INTO playlist VALUES('211268','My','http://www.jamendo.com/es/playlist/211268','4390');
INSERT INTO juser VALUES('262477','LIBRATION','Päscal ser''jacobs','http://www.jamendo.com/es/user/LIBRATION','http://imgjam.com/avatars/477/262477.100.jpg','fr');
INSERT INTO juser VALUES('805509','Wogis','Solka gisela','http://www.jamendo.com/es/user/Wogis','http://imgjam.com/avatars/509/805509.100.jpg','de');
INSERT INTO playlist_juser VALUES('211268','262477');
INSERT INTO playlist_juser VALUES('211268','805509');
INSERT INTO playlist_track VALUES('211268','839545');
INSERT INTO playlist VALUES('213163','Cool tracks','http://www.jamendo.com/es/playlist/213163','1224');
INSERT INTO playlist_track VALUES('213163','839545');
INSERT INTO playlist_track VALUES('990','839545');
INSERT INTO playlist VALUES('220481','CC','http://www.jamendo.com/es/playlist/220481','375');
INSERT INTO playlist_track VALUES('220481','839545');
INSERT INTO playlist VALUES('213478','Jamsession (07) en cours','http://www.jamendo.com/es/playlist/213478','1993');
INSERT INTO playlist_track VALUES('213478','839545');
INSERT INTO playlist_track VALUES('216970','839545');
INSERT INTO playlist_track VALUES('217023','839545');
INSERT INTO track VALUES('839538','Tunnel Vision','http://www.jamendo.com/es/track/839538','','','180','http://mp3l.jamendo.com/?trackid=839538&format=mp31&u=0');
UPDATE track SET album_id='98205' WHERE id='839538';
UPDATE track SET text='' WHERE id='839538';
INSERT INTO playlist_track VALUES('158477','839538');
INSERT INTO playlist_track VALUES('217171','839538');
INSERT INTO playlist_track VALUES('188222','839538');
INSERT INTO playlist_track VALUES('217211','839538');
INSERT INTO playlist VALUES('210145','Judo20112012','http://www.jamendo.com/es/playlist/210145','7648');
INSERT INTO playlist_track VALUES('210145','839538');
INSERT INTO playlist_track VALUES('197210','839538');
INSERT INTO playlist_track VALUES('209180','839538');
INSERT INTO playlist VALUES('200585','Faves fra Lounge Radio','http://www.jamendo.com/es/playlist/200585','3743');
INSERT INTO playlist_track VALUES('200585','839538');
INSERT INTO playlist_track VALUES('181000','839538');
INSERT INTO playlist_track VALUES('211279','839538');
INSERT INTO playlist_track VALUES('211807','839538');
INSERT INTO playlist VALUES('211864','Full relax','http://www.jamendo.com/es/playlist/211864','886');
INSERT INTO playlist_track VALUES('211864','839538');
INSERT INTO playlist VALUES('213143','Alfa','http://www.jamendo.com/es/playlist/213143','25457');
INSERT INTO playlist_track VALUES('213143','839538');
INSERT INTO playlist_track VALUES('990','839538');
INSERT INTO playlist_track VALUES('216970','839538');
INSERT INTO playlist_track VALUES('217023','839538');
INSERT INTO playlist VALUES('31862','Fun+Tunes=Funes','http://www.jamendo.com/es/playlist/31862','6674');
INSERT INTO playlist_track VALUES('31862','839538');
INSERT INTO track VALUES('839541','Hail to the King','http://www.jamendo.com/es/track/839541','','','148','http://mp3l.jamendo.com/?trackid=839541&format=mp31&u=0');
UPDATE track SET album_id='98205' WHERE id='839541';
UPDATE track SET text='' WHERE id='839541';
INSERT INTO playlist_track VALUES('158477','839541');
INSERT INTO playlist_track VALUES('217171','839541');
INSERT INTO playlist_track VALUES('188222','839541');
INSERT INTO playlist_track VALUES('217211','839541');
INSERT INTO playlist_track VALUES('78814','839541');
INSERT INTO playlist_track VALUES('197210','839541');
INSERT INTO playlist_track VALUES('209180','839541');
INSERT INTO playlist_track VALUES('209750','839541');
INSERT INTO playlist_track VALUES('186287','839541');
INSERT INTO playlist_track VALUES('211279','839541');
INSERT INTO playlist_track VALUES('211807','839541');
INSERT INTO playlist_track VALUES('990','839541');
INSERT INTO playlist VALUES('218257','Chillig','http://www.jamendo.com/es/playlist/218257','2613');
INSERT INTO playlist_track VALUES('218257','839541');
INSERT INTO playlist_track VALUES('216970','839541');
INSERT INTO playlist_track VALUES('217023','839541');
INSERT INTO playlist VALUES('218160','Sunshine Reggae - gute Laune Musik','http://www.jamendo.com/es/playlist/218160','1680');
INSERT INTO playlist_track VALUES('218160','839541');
INSERT INTO playlist_track VALUES('31862','839541');
INSERT INTO playlist VALUES('199918','Top YatooStyle','http://www.jamendo.com/es/playlist/199918','36886');
INSERT INTO playlist_track VALUES('199918','839541');
INSERT INTO playlist VALUES('172081','Musique douce','http://www.jamendo.com/es/playlist/172081','19092');
INSERT INTO playlist_track VALUES('172081','839541');
INSERT INTO track VALUES('839542','Highlights','http://www.jamendo.com/es/track/839542','','','148','http://mp3l.jamendo.com/?trackid=839542&format=mp31&u=0');
UPDATE track SET album_id='98205' WHERE id='839542';
UPDATE track SET text='' WHERE id='839542';
INSERT INTO playlist_track VALUES('158477','839542');
INSERT INTO playlist_track VALUES('217171','839542');
INSERT INTO playlist_track VALUES('188222','839542');
INSERT INTO playlist_track VALUES('217211','839542');
INSERT INTO playlist_track VALUES('208604','839542');
INSERT INTO playlist_track VALUES('226408','839542');
INSERT INTO playlist_track VALUES('197210','839542');
INSERT INTO playlist_track VALUES('226211','839542');
INSERT INTO playlist_track VALUES('213143','839542');
INSERT INTO playlist VALUES('210884','Chillout trip hop','http://www.jamendo.com/es/playlist/210884','398');
INSERT INTO playlist_track VALUES('210884','839542');
INSERT INTO playlist_track VALUES('211279','839542');
INSERT INTO playlist_track VALUES('211807','839542');
INSERT INTO playlist_track VALUES('212795','839542');
INSERT INTO playlist_track VALUES('212912','839542');
INSERT INTO playlist_track VALUES('990','839542');
INSERT INTO playlist VALUES('214924','Like','http://www.jamendo.com/es/playlist/214924','322');
INSERT INTO playlist_track VALUES('214924','839542');
INSERT INTO playlist_track VALUES('216970','839542');
INSERT INTO playlist_track VALUES('217023','839542');
INSERT INTO playlist_track VALUES('217701','839542');
INSERT INTO playlist VALUES('218159','Anfang und Ende','http://www.jamendo.com/es/playlist/218159','3284');
INSERT INTO playlist_track VALUES('218159','839542');
INSERT INTO track VALUES('839534','Bugaboo','http://www.jamendo.com/es/track/839534','','','128','http://mp3l.jamendo.com/?trackid=839534&format=mp31&u=0');
UPDATE track SET album_id='98205' WHERE id='839534';
UPDATE track SET text='' WHERE id='839534';
INSERT INTO playlist_track VALUES('217211','839534');
INSERT INTO playlist_track VALUES('158477','839534');
INSERT INTO playlist_track VALUES('217171','839534');
INSERT INTO playlist_track VALUES('188222','839534');
INSERT INTO playlist_track VALUES('197210','839534');
INSERT INTO playlist_track VALUES('211279','839534');
INSERT INTO playlist_track VALUES('211719','839534');
INSERT INTO playlist_track VALUES('211807','839534');
INSERT INTO playlist_track VALUES('990','839534');
INSERT INTO playlist_track VALUES('216970','839534');
INSERT INTO playlist_track VALUES('217023','839534');
INSERT INTO playlist_track VALUES('31862','839534');
INSERT INTO track VALUES('839544','Mind Growth','http://www.jamendo.com/es/track/839544','','','183','http://mp3l.jamendo.com/?trackid=839544&format=mp31&u=0');
UPDATE track SET album_id='98205' WHERE id='839544';
UPDATE track SET text='' WHERE id='839544';
INSERT INTO playlist_track VALUES('217211','839544');
INSERT INTO playlist_track VALUES('158477','839544');
INSERT INTO playlist_track VALUES('217171','839544');
INSERT INTO playlist_track VALUES('188222','839544');
INSERT INTO playlist_track VALUES('197210','839544');
INSERT INTO playlist_track VALUES('209536','839544');
INSERT INTO playlist_track VALUES('208527','839544');
INSERT INTO playlist_track VALUES('211279','839544');
INSERT INTO playlist_track VALUES('211807','839544');
INSERT INTO playlist_track VALUES('990','839544');
INSERT INTO playlist_track VALUES('216970','839544');
INSERT INTO playlist_track VALUES('217023','839544');
INSERT INTO playlist_track VALUES('31862','839544');
INSERT INTO track VALUES('839547','Pretense','http://www.jamendo.com/es/track/839547','','','142','http://mp3l.jamendo.com/?trackid=839547&format=mp31&u=0');
UPDATE track SET album_id='98205' WHERE id='839547';
UPDATE track SET text='' WHERE id='839547';
INSERT INTO playlist_track VALUES('217211','839547');
INSERT INTO playlist_track VALUES('158477','839547');
INSERT INTO playlist_track VALUES('217171','839547');
INSERT INTO playlist_track VALUES('188222','839547');
INSERT INTO playlist_track VALUES('197210','839547');
INSERT INTO playlist_track VALUES('209750','839547');
INSERT INTO playlist_track VALUES('211279','839547');
INSERT INTO playlist_track VALUES('211807','839547');
INSERT INTO playlist_track VALUES('990','839547');
INSERT INTO playlist_track VALUES('216970','839547');
INSERT INTO playlist_track VALUES('217023','839547');
INSERT INTO playlist_track VALUES('31862','839547');
INSERT INTO track VALUES('839543','Journey of the Acute','http://www.jamendo.com/es/track/839543','','','162','http://mp3l.jamendo.com/?trackid=839543&format=mp31&u=0');
UPDATE track SET album_id='98205' WHERE id='839543';
UPDATE track SET text='' WHERE id='839543';
INSERT INTO playlist_track VALUES('217211','839543');
INSERT INTO playlist_track VALUES('158477','839543');
INSERT INTO playlist_track VALUES('217171','839543');
INSERT INTO playlist_track VALUES('188222','839543');
INSERT INTO playlist_track VALUES('208604','839543');
INSERT INTO playlist_track VALUES('226420','839543');
INSERT INTO playlist_track VALUES('226417','839543');
INSERT INTO playlist_track VALUES('210145','839543');
INSERT INTO playlist_track VALUES('226211','839543');
INSERT INTO playlist VALUES('209758','Fav','http://www.jamendo.com/es/playlist/209758','3558');
INSERT INTO playlist_track VALUES('209758','839543');
INSERT INTO playlist_track VALUES('197210','839543');
INSERT INTO playlist_track VALUES('211279','839543');
INSERT INTO playlist_track VALUES('211807','839543');
INSERT INTO playlist_track VALUES('990','839543');
INSERT INTO playlist_track VALUES('216970','839543');
INSERT INTO playlist_track VALUES('217023','839543');
INSERT INTO playlist_track VALUES('31862','839543');
INSERT INTO playlist_track VALUES('221995','839543');
INSERT INTO playlist_track VALUES('222002','839543');
INSERT INTO playlist_track VALUES('222006','839543');
INSERT INTO track VALUES('839539','Love','http://www.jamendo.com/es/track/839539','','en','180','http://mp3l.jamendo.com/?trackid=839539&format=mp31&u=0');
UPDATE track SET album_id='98205' WHERE id='839539';
UPDATE track SET text='' WHERE id='839539';
INSERT INTO playlist_track VALUES('217211','839539');
INSERT INTO playlist_track VALUES('158477','839539');
INSERT INTO playlist_track VALUES('217171','839539');
INSERT INTO playlist_track VALUES('188222','839539');
INSERT INTO playlist_track VALUES('208604','839539');
INSERT INTO playlist_track VALUES('226417','839539');
INSERT INTO playlist_track VALUES('226411','839539');
INSERT INTO playlist_track VALUES('226408','839539');
INSERT INTO playlist_track VALUES('210145','839539');
INSERT INTO playlist_track VALUES('197210','839539');
INSERT INTO playlist_track VALUES('211279','839539');
INSERT INTO playlist_track VALUES('211807','839539');
INSERT INTO playlist_track VALUES('212795','839539');
INSERT INTO playlist_track VALUES('212799','839539');
INSERT INTO playlist_track VALUES('212912','839539');
INSERT INTO playlist_track VALUES('212914','839539');
INSERT INTO playlist_track VALUES('990','839539');
INSERT INTO playlist_track VALUES('216970','839539');
INSERT INTO playlist_track VALUES('217023','839539');
INSERT INTO playlist_track VALUES('31862','839539');
INSERT INTO track VALUES('839546','Counting Colors','http://www.jamendo.com/es/track/839546','','','162','http://mp3l.jamendo.com/?trackid=839546&format=mp31&u=0');
UPDATE track SET album_id='98205' WHERE id='839546';
UPDATE track SET text='' WHERE id='839546';
INSERT INTO playlist_track VALUES('188222','839546');
INSERT INTO playlist_track VALUES('217211','839546');
INSERT INTO playlist_track VALUES('158477','839546');
INSERT INTO playlist_track VALUES('217171','839546');
INSERT INTO playlist_track VALUES('208604','839546');
INSERT INTO playlist_track VALUES('226417','839546');
INSERT INTO playlist_track VALUES('226408','839546');
INSERT INTO playlist_track VALUES('210145','839546');
INSERT INTO playlist_track VALUES('209180','839546');
INSERT INTO playlist_track VALUES('197210','839546');
INSERT INTO playlist_track VALUES('211279','839546');
INSERT INTO playlist_track VALUES('211807','839546');
INSERT INTO playlist_track VALUES('212795','839546');
INSERT INTO playlist_track VALUES('212912','839546');
INSERT INTO playlist_track VALUES('990','839546');
INSERT INTO playlist_track VALUES('216970','839546');
INSERT INTO playlist_track VALUES('217023','839546');
INSERT INTO playlist_track VALUES('31862','839546');
INSERT INTO playlist_track VALUES('221995','839546');
INSERT INTO playlist_track VALUES('222016','839546');
INSERT INTO track VALUES('839537','Lazy Education','http://www.jamendo.com/es/track/839537','','','170','http://mp3l.jamendo.com/?trackid=839537&format=mp31&u=0');
UPDATE track SET album_id='98205' WHERE id='839537';
UPDATE track SET text='' WHERE id='839537';
INSERT INTO playlist_track VALUES('188222','839537');
INSERT INTO playlist_track VALUES('217211','839537');
INSERT INTO playlist_track VALUES('158477','839537');
INSERT INTO playlist_track VALUES('217171','839537');
INSERT INTO playlist_track VALUES('210145','839537');
INSERT INTO playlist_track VALUES('197210','839537');
INSERT INTO playlist_track VALUES('211279','839537');
INSERT INTO playlist_track VALUES('35350','839537');
INSERT INTO playlist_track VALUES('211807','839537');
INSERT INTO playlist_track VALUES('990','839537');
INSERT INTO playlist_track VALUES('216970','839537');
INSERT INTO playlist_track VALUES('217023','839537');
INSERT INTO playlist_track VALUES('31862','839537');
INSERT INTO track VALUES('839535','Cradle Militia','http://www.jamendo.com/es/track/839535','','','252','http://mp3l.jamendo.com/?trackid=839535&format=mp31&u=0');
UPDATE track SET album_id='98205' WHERE id='839535';
UPDATE track SET text='' WHERE id='839535';
INSERT INTO playlist_track VALUES('188222','839535');
INSERT INTO playlist_track VALUES('217211','839535');
INSERT INTO playlist_track VALUES('158477','839535');
INSERT INTO playlist_track VALUES('217171','839535');
INSERT INTO playlist_track VALUES('210145','839535');
INSERT INTO playlist_track VALUES('197210','839535');
INSERT INTO playlist_track VALUES('211279','839535');
INSERT INTO playlist_track VALUES('211807','839535');
INSERT INTO playlist_track VALUES('990','839535');
INSERT INTO playlist_track VALUES('216970','839535');
INSERT INTO playlist_track VALUES('217023','839535');
INSERT INTO playlist_track VALUES('31862','839535');
INSERT INTO playlist_track VALUES('199918','839535');
INSERT INTO track VALUES('839540','Stage 4','http://www.jamendo.com/es/track/839540','','','153','http://mp3l.jamendo.com/?trackid=839540&format=mp31&u=0');
UPDATE track SET album_id='98205' WHERE id='839540';
UPDATE track SET text='' WHERE id='839540';
INSERT INTO playlist_track VALUES('188222','839540');
INSERT INTO playlist_track VALUES('217211','839540');
INSERT INTO playlist_track VALUES('158477','839540');
INSERT INTO playlist_track VALUES('217171','839540');
INSERT INTO playlist_track VALUES('91577','839540');
INSERT INTO playlist_track VALUES('210145','839540');
INSERT INTO playlist_track VALUES('197210','839540');
INSERT INTO playlist_track VALUES('211279','839540');
INSERT INTO playlist_track VALUES('211807','839540');
INSERT INTO playlist_track VALUES('990','839540');
INSERT INTO playlist_track VALUES('216970','839540');
INSERT INTO playlist_track VALUES('217023','839540');
INSERT INTO playlist_track VALUES('31862','839540');
INSERT INTO juser VALUES('1218570','JjohnMcC','Jjohnmcc','http://www.jamendo.com/es/user/JjohnMcC','http://imgjam.com/avatars/jamendo/100/pro.png','en');
INSERT INTO juser VALUES('1147210','MrDjo','Mrdjo','http://www.jamendo.com/es/user/MrDjo','http://imgjam.com/avatars/jamendo/100/pro.png','fr');
INSERT INTO juser VALUES('969036','l192837465','Sam larson','http://www.jamendo.com/es/user/l192837465','http://imgjam.com/avatars/36/969036.100.jpg','en');
INSERT INTO album_juser VALUES('98205','1218570');
INSERT INTO album_juser VALUES('98205','1147952');
INSERT INTO album_juser VALUES('98205','1147210');
INSERT INTO album_juser VALUES('98205','969036');
INSERT INTO album_juser VALUES('98205','718644');
INSERT INTO juser VALUES('989201','danmacarandang',' ','http://www.jamendo.com/es/user/danmacarandang','http://imgjam.com/avatars/201/989201.100.jpg','en');
INSERT INTO juser VALUES('99922','attitune','Dj cary','http://www.jamendo.com/es/user/attitune','http://imgjam.com/avatars/922/99922.100.jpg','en');
INSERT INTO juser VALUES('1206252','_francois_','_francois_','http://www.jamendo.com/es/user/_francois_','http://imgjam.com/avatars/jamendo/100/pro.png','fr');
INSERT INTO juser VALUES('1229741','RaWeGe','Rawege','http://www.jamendo.com/es/user/RaWeGe','http://imgjam.com/avatars/jamendo/100/pro.png','de');
INSERT INTO album_juser VALUES('98205','318069');
INSERT INTO album_juser VALUES('98205','989201');
INSERT INTO album_juser VALUES('98205','99922');
INSERT INTO album_juser VALUES('98205','1206252');
INSERT INTO album_juser VALUES('98205','1229741');
INSERT INTO juser VALUES('1097893','fjodortatarsky','Fjodortatarsky','http://www.jamendo.com/es/user/fjodortatarsky','http://imgjam.com/avatars/jamendo/100/pro.png','ru');
INSERT INTO juser VALUES('361688','alesko','Alesko et exit man ','http://www.jamendo.com/es/user/alesko','http://imgjam.com/avatars/688/361688.100.png','fr');
INSERT INTO juser VALUES('859556','Dams1er','Dams1er','http://www.jamendo.com/es/user/Dams1er','http://imgjam.com/avatars/jamendo/100/pro.png','fr');
INSERT INTO album_juser VALUES('98205','1097893');
INSERT INTO album_juser VALUES('98205','361688');
INSERT INTO album_juser VALUES('98205','1235359');
INSERT INTO album_juser VALUES('98205','859556');
INSERT INTO album_juser VALUES('98205','910958');
INSERT INTO juser VALUES('658999','wenzu','Wenzu','http://www.jamendo.com/es/user/wenzu','http://imgjam.com/avatars/jamendo/100/pro.png','fr');
INSERT INTO juser VALUES('1218537','enerene','Enerene','http://www.jamendo.com/es/user/enerene','http://imgjam.com/avatars/jamendo/100/pro.png','de');
INSERT INTO album_juser VALUES('98205','563626');
INSERT INTO album_juser VALUES('98205','97100');
INSERT INTO album_juser VALUES('98205','658999');
INSERT INTO album_juser VALUES('98205','1218537');
INSERT INTO album_juser VALUES('98205','621784');
INSERT INTO album VALUES('104860','Tab & Anitek: Project Monarch','http://www.jamendo.com/es/album/104860','http://imgjam.com/albums/s104/104860/covers/1.100.jpg','2','2574','Psychedelic/Triphop/Experimental/Electronica/Conceptual');
UPDATE album SET artist_id='359034' WHERE id='104860';
INSERT INTO track VALUES('891599','Computer Bug','http://www.jamendo.com/es/track/891599','','','127','http://mp3l.jamendo.com/?trackid=891599&format=mp31&u=0');
UPDATE track SET album_id='104860' WHERE id='891599';
UPDATE track SET text='' WHERE id='891599';
INSERT INTO playlist VALUES('215116','Miste 3','http://www.jamendo.com/es/playlist/215116','33278');
INSERT INTO juser VALUES('1091303','ticailloux',' ','http://www.jamendo.com/es/user/ticailloux','http://imgjam.com/avatars/jamendo/100/pb_instrument.png','fr');
INSERT INTO playlist_juser VALUES('215116','1091303');
INSERT INTO playlist_juser VALUES('215116','1261739');
INSERT INTO playlist_track VALUES('215116','891599');
INSERT INTO playlist VALUES('219187','12-1','http://www.jamendo.com/es/playlist/219187','2662');
INSERT INTO playlist_track VALUES('219187','891599');
INSERT INTO playlist VALUES('221117','Februar 2012','http://www.jamendo.com/es/playlist/221117','79774');
INSERT INTO playlist_track VALUES('221117','891599');
INSERT INTO playlist VALUES('219415','Metalista','http://www.jamendo.com/es/playlist/219415','8063');
INSERT INTO playlist_track VALUES('219415','891599');
INSERT INTO playlist VALUES('218748','Triphop','http://www.jamendo.com/es/playlist/218748','5364');
INSERT INTO playlist_track VALUES('218748','891599');
INSERT INTO playlist VALUES('158109','Blueskin Bay FM','http://www.jamendo.com/es/playlist/158109','442635');
INSERT INTO playlist_track VALUES('158109','891599');
INSERT INTO playlist VALUES('215923','ROCK -POP ROCK - ELECTRO','http://www.jamendo.com/es/playlist/215923','64283');
INSERT INTO juser VALUES('19018','fun_it','Ohlott ivan','http://www.jamendo.com/es/user/fun_it','http://imgjam.com/avatars/18/19018.100.jpg','fr');
INSERT INTO playlist_juser VALUES('215923','19018');
INSERT INTO playlist_track VALUES('215923','891599');
INSERT INTO playlist VALUES('125668','Chillout','http://www.jamendo.com/es/playlist/125668','11483');
INSERT INTO playlist_track VALUES('125668','891599');
INSERT INTO playlist VALUES('218985','Ambiance','http://www.jamendo.com/es/playlist/218985','5981');
INSERT INTO playlist_track VALUES('218985','891599');
INSERT INTO playlist VALUES('220018','Triphop','http://www.jamendo.com/es/playlist/220018','2574');
INSERT INTO playlist_track VALUES('220018','891599');
INSERT INTO playlist VALUES('218736','Halabuka','http://www.jamendo.com/es/playlist/218736','5162');
INSERT INTO playlist_track VALUES('218736','891599');
INSERT INTO playlist_track VALUES('133668','891599');
INSERT INTO playlist_track VALUES('219627','891599');
INSERT INTO playlist_track VALUES('208806','891599');
INSERT INTO playlist VALUES('220932','Fonds sonores','http://www.jamendo.com/es/playlist/220932','5845');
INSERT INTO playlist_track VALUES('220932','891599');
INSERT INTO playlist VALUES('217734','Chulas','http://www.jamendo.com/es/playlist/217734','1278');
INSERT INTO playlist_track VALUES('217734','891599');
INSERT INTO playlist_track VALUES('223555','891599');
INSERT INTO playlist_track VALUES('221739','891599');
INSERT INTO playlist VALUES('221823','EleKAmbi','http://www.jamendo.com/es/playlist/221823','576');
INSERT INTO playlist_track VALUES('221823','891599');
INSERT INTO playlist_track VALUES('222187','891599');
INSERT INTO track VALUES('891600','ArtiChoke','http://www.jamendo.com/es/track/891600','','','75','http://mp3l.jamendo.com/?trackid=891600&format=mp31&u=0');
UPDATE track SET album_id='104860' WHERE id='891600';
UPDATE track SET text='' WHERE id='891600';
INSERT INTO playlist_track VALUES('215116','891600');
INSERT INTO playlist VALUES('214242','Beat','http://www.jamendo.com/es/playlist/214242','3219');
INSERT INTO playlist_track VALUES('214242','891600');
INSERT INTO playlist_track VALUES('221117','891600');
INSERT INTO playlist_track VALUES('218748','891600');
INSERT INTO playlist_track VALUES('158109','891600');
INSERT INTO playlist_track VALUES('215923','891600');
INSERT INTO playlist_track VALUES('125668','891600');
INSERT INTO playlist_track VALUES('218985','891600');
INSERT INTO playlist_track VALUES('220018','891600');
INSERT INTO playlist_track VALUES('218736','891600');
INSERT INTO playlist_track VALUES('133668','891600');
INSERT INTO playlist VALUES('204407','Hip-Hop Songs','http://www.jamendo.com/es/playlist/204407','6984');
INSERT INTO playlist_track VALUES('204407','891600');
INSERT INTO playlist_track VALUES('219627','891600');
INSERT INTO playlist_track VALUES('208806','891600');
INSERT INTO playlist_track VALUES('220932','891600');
INSERT INTO playlist_track VALUES('217734','891600');
INSERT INTO playlist_track VALUES('219415','891600');
INSERT INTO playlist_track VALUES('221739','891600');
INSERT INTO playlist_track VALUES('222187','891600');
INSERT INTO playlist VALUES('222735','GoPro','http://www.jamendo.com/es/playlist/222735','3501');
INSERT INTO playlist_track VALUES('222735','891600');
INSERT INTO track VALUES('891601','Sleeper Agent','http://www.jamendo.com/es/track/891601','','','169','http://mp3l.jamendo.com/?trackid=891601&format=mp31&u=0');
UPDATE track SET album_id='104860' WHERE id='891601';
UPDATE track SET text='' WHERE id='891601';
INSERT INTO playlist VALUES('192994','CD1','http://www.jamendo.com/es/playlist/192994','4719');
INSERT INTO playlist_track VALUES('192994','891601');
INSERT INTO playlist VALUES('222231','Xxpromo','http://www.jamendo.com/es/playlist/222231','734');
INSERT INTO playlist_track VALUES('222231','891601');
INSERT INTO playlist_track VALUES('215116','891601');
INSERT INTO playlist VALUES('219468','Digital','http://www.jamendo.com/es/playlist/219468','5107');
INSERT INTO playlist_track VALUES('219468','891601');
INSERT INTO playlist_track VALUES('221117','891601');
INSERT INTO playlist VALUES('219191','Bonamúsica','http://www.jamendo.com/es/playlist/219191','930');
INSERT INTO playlist_track VALUES('219191','891601');
INSERT INTO playlist VALUES('212355','Nighthawk','http://www.jamendo.com/es/playlist/212355','20837');
INSERT INTO playlist_juser VALUES('212355','802696');
INSERT INTO playlist_track VALUES('212355','891601');
INSERT INTO playlist_track VALUES('218748','891601');
INSERT INTO playlist_track VALUES('158109','891601');
INSERT INTO playlist VALUES('219141','1era','http://www.jamendo.com/es/playlist/219141','4398');
INSERT INTO playlist_track VALUES('219141','891601');
INSERT INTO playlist VALUES('219186','Для сайта','http://www.jamendo.com/es/playlist/219186','1111');
INSERT INTO playlist_track VALUES('219186','891601');
INSERT INTO playlist_track VALUES('215923','891601');
INSERT INTO playlist VALUES('219260','Blogmusik','http://www.jamendo.com/es/playlist/219260','1550');
INSERT INTO playlist_track VALUES('219260','891601');
INSERT INTO playlist VALUES('219346','Mellow Tracks','http://www.jamendo.com/es/playlist/219346','1006');
INSERT INTO playlist_track VALUES('219346','891601');
INSERT INTO playlist VALUES('219363','&lt;3','http://www.jamendo.com/es/playlist/219363','642');
INSERT INTO playlist_track VALUES('219363','891601');
INSERT INTO playlist VALUES('219552','Gues 1','http://www.jamendo.com/es/playlist/219552','1928');
INSERT INTO playlist_track VALUES('219552','891601');
INSERT INTO playlist_track VALUES('125668','891601');
INSERT INTO playlist_track VALUES('218985','891601');
INSERT INTO playlist_track VALUES('220018','891601');
INSERT INTO playlist_track VALUES('218736','891601');
INSERT INTO track VALUES('891602','Empire of the Ants','http://www.jamendo.com/es/track/891602','','','189','http://mp3l.jamendo.com/?trackid=891602&format=mp31&u=0');
UPDATE track SET album_id='104860' WHERE id='891602';
UPDATE track SET text='' WHERE id='891602';
INSERT INTO playlist_track VALUES('215116','891602');
INSERT INTO playlist VALUES('145055','Idea for me','http://www.jamendo.com/es/playlist/145055','9736');
INSERT INTO playlist_track VALUES('145055','891602');
INSERT INTO playlist_track VALUES('221117','891602');
INSERT INTO playlist_track VALUES('218748','891602');
INSERT INTO playlist_track VALUES('158109','891602');
INSERT INTO playlist_track VALUES('215923','891602');
INSERT INTO playlist_track VALUES('125668','891602');
INSERT INTO playlist_track VALUES('218985','891602');
INSERT INTO playlist_track VALUES('220018','891602');
INSERT INTO playlist_track VALUES('218736','891602');
INSERT INTO playlist_track VALUES('133668','891602');
INSERT INTO playlist_track VALUES('219627','891602');
INSERT INTO playlist_track VALUES('208806','891602');
INSERT INTO playlist_track VALUES('220932','891602');
INSERT INTO playlist_track VALUES('219415','891602');
INSERT INTO playlist_track VALUES('221739','891602');
INSERT INTO playlist_track VALUES('222187','891602');
INSERT INTO playlist VALUES('222248','Trip hop','http://www.jamendo.com/es/playlist/222248','2574');
INSERT INTO playlist_track VALUES('222248','891602');
INSERT INTO playlist VALUES('223055','My playlist','http://www.jamendo.com/es/playlist/223055','15972');
INSERT INTO playlist_track VALUES('223055','891602');
INSERT INTO playlist VALUES('180163','Elektronik','http://www.jamendo.com/es/playlist/180163','9258');
INSERT INTO playlist_track VALUES('180163','891602');
INSERT INTO track VALUES('891603','Merlot Downer','http://www.jamendo.com/es/track/891603','','','141','http://mp3l.jamendo.com/?trackid=891603&format=mp31&u=0');
UPDATE track SET album_id='104860' WHERE id='891603';
UPDATE track SET text='' WHERE id='891603';
INSERT INTO playlist_track VALUES('215116','891603');
INSERT INTO playlist_track VALUES('218748','891603');
INSERT INTO playlist_track VALUES('221117','891603');
INSERT INTO playlist_track VALUES('125668','891603');
INSERT INTO playlist_track VALUES('219415','891603');
INSERT INTO playlist VALUES('224356','Anitek','http://www.jamendo.com/es/playlist/224356','3052');
INSERT INTO playlist_track VALUES('224356','891603');
INSERT INTO playlist_track VALUES('212355','891603');
INSERT INTO playlist VALUES('225406','POK Vid.','http://www.jamendo.com/es/playlist/225406','4350');
INSERT INTO playlist_track VALUES('225406','891603');
INSERT INTO playlist_track VALUES('158109','891603');
INSERT INTO playlist VALUES('205173','Favoritas Jonise','http://www.jamendo.com/es/playlist/205173','3320');
INSERT INTO playlist_track VALUES('205173','891603');
INSERT INTO playlist_track VALUES('215923','891603');
INSERT INTO playlist VALUES('201067','Work upbeat','http://www.jamendo.com/es/playlist/201067','1345');
INSERT INTO playlist_track VALUES('201067','891603');
INSERT INTO playlist_track VALUES('223555','891603');
INSERT INTO playlist VALUES('171538','Bands','http://www.jamendo.com/es/playlist/171538','3570');
INSERT INTO playlist_track VALUES('171538','891603');
INSERT INTO playlist_track VALUES('218985','891603');
INSERT INTO playlist_track VALUES('220018','891603');
INSERT INTO playlist_track VALUES('218736','891603');
INSERT INTO playlist_track VALUES('133668','891603');
INSERT INTO playlist_track VALUES('219627','891603');
INSERT INTO playlist_track VALUES('208806','891603');
INSERT INTO track VALUES('891604','Wolf Messing','http://www.jamendo.com/es/track/891604','','','193','http://mp3l.jamendo.com/?trackid=891604&format=mp31&u=0');
UPDATE track SET album_id='104860' WHERE id='891604';
UPDATE track SET text='' WHERE id='891604';
INSERT INTO playlist_track VALUES('215116','891604');
INSERT INTO playlist_track VALUES('221117','891604');
INSERT INTO playlist_track VALUES('218748','891604');
INSERT INTO playlist_track VALUES('158109','891604');
INSERT INTO playlist_track VALUES('215923','891604');
INSERT INTO playlist_track VALUES('125668','891604');
INSERT INTO playlist_track VALUES('218985','891604');
INSERT INTO playlist_track VALUES('220018','891604');
INSERT INTO playlist_track VALUES('218736','891604');
INSERT INTO playlist_track VALUES('133668','891604');
INSERT INTO playlist_track VALUES('219627','891604');
INSERT INTO playlist_track VALUES('208806','891604');
INSERT INTO playlist_track VALUES('220932','891604');
INSERT INTO playlist_track VALUES('219415','891604');
INSERT INTO playlist_track VALUES('221739','891604');
INSERT INTO playlist_track VALUES('222187','891604');
INSERT INTO playlist_track VALUES('222248','891604');
INSERT INTO playlist_track VALUES('223055','891604');
INSERT INTO playlist_track VALUES('180163','891604');
INSERT INTO playlist VALUES('223459','Trip hop','http://www.jamendo.com/es/playlist/223459','2574');
INSERT INTO playlist_track VALUES('223459','891604');
INSERT INTO track VALUES('891605','Moloko Plus','http://www.jamendo.com/es/track/891605','','','181','http://mp3l.jamendo.com/?trackid=891605&format=mp31&u=0');
UPDATE track SET album_id='104860' WHERE id='891605';
UPDATE track SET text='' WHERE id='891605';
INSERT INTO playlist_track VALUES('215116','891605');
INSERT INTO playlist_track VALUES('223555','891605');
INSERT INTO playlist_track VALUES('221117','891605');
INSERT INTO playlist VALUES('225144','Dubstep','http://www.jamendo.com/es/playlist/225144','3565');
INSERT INTO playlist_track VALUES('225144','891605');
INSERT INTO playlist_track VALUES('218748','891605');
INSERT INTO playlist_track VALUES('220481','891605');
INSERT INTO playlist_track VALUES('158109','891605');
INSERT INTO playlist_track VALUES('215923','891605');
INSERT INTO playlist_track VALUES('125668','891605');
INSERT INTO playlist_track VALUES('218985','891605');
INSERT INTO playlist_track VALUES('220018','891605');
INSERT INTO playlist_track VALUES('218736','891605');
INSERT INTO playlist_track VALUES('133668','891605');
INSERT INTO playlist VALUES('218642','ReAprender','http://www.jamendo.com/es/playlist/218642','1828');
INSERT INTO playlist_track VALUES('218642','891605');
INSERT INTO playlist VALUES('222983','Las canciones que me gustan','http://www.jamendo.com/es/playlist/222983','12126');
INSERT INTO playlist_track VALUES('222983','891605');
INSERT INTO playlist VALUES('218816','UB drieluik','http://www.jamendo.com/es/playlist/218816','3589');
INSERT INTO playlist_track VALUES('218816','891605');
INSERT INTO playlist VALUES('166067','Favorite','http://www.jamendo.com/es/playlist/166067','2546');
INSERT INTO playlist_track VALUES('166067','891605');
INSERT INTO playlist VALUES('219872','New VTV playlist','http://www.jamendo.com/es/playlist/219872','2374');
INSERT INTO playlist_track VALUES('219872','891605');
INSERT INTO playlist_track VALUES('219627','891605');
INSERT INTO playlist_track VALUES('208806','891605');
INSERT INTO track VALUES('891606','Ataxia','http://www.jamendo.com/es/track/891606','','','152','http://mp3l.jamendo.com/?trackid=891606&format=mp31&u=0');
UPDATE track SET album_id='104860' WHERE id='891606';
UPDATE track SET text='' WHERE id='891606';
INSERT INTO playlist_track VALUES('180355','891606');
INSERT INTO playlist_track VALUES('215116','891606');
INSERT INTO playlist_track VALUES('221117','891606');
INSERT INTO playlist_track VALUES('218748','891606');
INSERT INTO playlist_track VALUES('158109','891606');
INSERT INTO playlist_track VALUES('215923','891606');
INSERT INTO playlist_track VALUES('125668','891606');
INSERT INTO playlist_track VALUES('218985','891606');
INSERT INTO playlist_track VALUES('220018','891606');
INSERT INTO playlist_track VALUES('218736','891606');
INSERT INTO playlist_track VALUES('133668','891606');
INSERT INTO playlist_track VALUES('219627','891606');
INSERT INTO playlist_track VALUES('208806','891606');
INSERT INTO playlist_track VALUES('220932','891606');
INSERT INTO playlist_track VALUES('219415','891606');
INSERT INTO playlist_track VALUES('221739','891606');
INSERT INTO playlist_track VALUES('222187','891606');
INSERT INTO playlist_track VALUES('222248','891606');
INSERT INTO playlist VALUES('222641','27/02/2012','http://www.jamendo.com/es/playlist/222641','13066');
INSERT INTO playlist_track VALUES('222641','891606');
INSERT INTO playlist_track VALUES('223055','891606');
INSERT INTO track VALUES('891607','The Ludovico Technique','http://www.jamendo.com/es/track/891607','','','125','http://mp3l.jamendo.com/?trackid=891607&format=mp31&u=0');
UPDATE track SET album_id='104860' WHERE id='891607';
UPDATE track SET text='' WHERE id='891607';
INSERT INTO playlist_track VALUES('215116','891607');
INSERT INTO playlist_track VALUES('221117','891607');
INSERT INTO playlist_track VALUES('218748','891607');
INSERT INTO playlist_track VALUES('158109','891607');
INSERT INTO playlist_track VALUES('215923','891607');
INSERT INTO playlist_track VALUES('125668','891607');
INSERT INTO playlist_track VALUES('218985','891607');
INSERT INTO playlist_track VALUES('220018','891607');
INSERT INTO playlist_track VALUES('218736','891607');
INSERT INTO playlist_track VALUES('133668','891607');
INSERT INTO playlist VALUES('206746','Ambient','http://www.jamendo.com/es/playlist/206746','26103');
INSERT INTO playlist_track VALUES('206746','891607');
INSERT INTO playlist_track VALUES('219627','891607');
INSERT INTO playlist_track VALUES('208806','891607');
INSERT INTO playlist_track VALUES('220932','891607');
INSERT INTO playlist_track VALUES('219415','891607');
INSERT INTO playlist_track VALUES('221739','891607');
INSERT INTO playlist_track VALUES('222187','891607');
INSERT INTO playlist_track VALUES('222248','891607');
INSERT INTO playlist_track VALUES('223555','891607');
INSERT INTO playlist_track VALUES('223055','891607');
INSERT INTO track VALUES('891608','Heavy Sphere','http://www.jamendo.com/es/track/891608','','','216','http://mp3l.jamendo.com/?trackid=891608&format=mp31&u=0');
UPDATE track SET album_id='104860' WHERE id='891608';
UPDATE track SET text='' WHERE id='891608';
INSERT INTO playlist VALUES('134149','Soundtrack','http://www.jamendo.com/es/playlist/134149','24530');
INSERT INTO playlist_track VALUES('134149','891608');
INSERT INTO playlist_track VALUES('221117','891608');
INSERT INTO playlist VALUES('219846','Trax','http://www.jamendo.com/es/playlist/219846','216');
INSERT INTO playlist_track VALUES('219846','891608');
INSERT INTO playlist VALUES('219922','2012','http://www.jamendo.com/es/playlist/219922','2344');
INSERT INTO juser VALUES('1310763','AgnesCaines','Agnescaines','http://www.jamendo.com/es/user/AgnesCaines','http://imgjam.com/avatars/jamendo/100/pro.png','en');
INSERT INTO playlist_juser VALUES('219922','1310763');
INSERT INTO playlist_track VALUES('219922','891608');
INSERT INTO playlist VALUES('213049','Hudhud','http://www.jamendo.com/es/playlist/213049','1529');
INSERT INTO playlist_track VALUES('213049','891608');
INSERT INTO playlist VALUES('219979','ElectroAmbient','http://www.jamendo.com/es/playlist/219979','216');
INSERT INTO playlist_track VALUES('219979','891608');
INSERT INTO playlist_track VALUES('215116','891608');
INSERT INTO playlist_track VALUES('218748','891608');
INSERT INTO playlist_track VALUES('158109','891608');
INSERT INTO playlist_track VALUES('215923','891608');
INSERT INTO playlist_track VALUES('125668','891608');
INSERT INTO playlist_track VALUES('192994','891608');
INSERT INTO playlist VALUES('207697','ElectroLounge','http://www.jamendo.com/es/playlist/207697','8509');
INSERT INTO playlist_track VALUES('207697','891608');
INSERT INTO playlist_track VALUES('197895','891608');
INSERT INTO playlist_track VALUES('218985','891608');
INSERT INTO playlist_track VALUES('220018','891608');
INSERT INTO playlist VALUES('220089','Понравилось','http://www.jamendo.com/es/playlist/220089','443');
INSERT INTO playlist_track VALUES('220089','891608');
INSERT INTO playlist_track VALUES('218736','891608');
INSERT INTO playlist VALUES('220124','Muzica','http://www.jamendo.com/es/playlist/220124','967');
INSERT INTO playlist_track VALUES('220124','891608');
INSERT INTO playlist_track VALUES('133668','891608');
INSERT INTO track VALUES('891609','Divine Invasion','http://www.jamendo.com/es/track/891609','','','166','http://mp3l.jamendo.com/?trackid=891609&format=mp31&u=0');
UPDATE track SET album_id='104860' WHERE id='891609';
UPDATE track SET text='' WHERE id='891609';
INSERT INTO playlist_track VALUES('215116','891609');
INSERT INTO playlist_track VALUES('221117','891609');
INSERT INTO playlist_track VALUES('218748','891609');
INSERT INTO playlist_track VALUES('158109','891609');
INSERT INTO playlist_track VALUES('215923','891609');
INSERT INTO playlist_track VALUES('125668','891609');
INSERT INTO playlist_track VALUES('218985','891609');
INSERT INTO playlist_track VALUES('220018','891609');
INSERT INTO playlist_track VALUES('218736','891609');
INSERT INTO playlist_track VALUES('133668','891609');
INSERT INTO playlist_track VALUES('219627','891609');
INSERT INTO playlist_track VALUES('208806','891609');
INSERT INTO playlist_track VALUES('220932','891609');
INSERT INTO playlist_track VALUES('219415','891609');
INSERT INTO playlist_track VALUES('221739','891609');
INSERT INTO playlist_track VALUES('222187','891609');
INSERT INTO playlist_track VALUES('222248','891609');
INSERT INTO playlist_track VALUES('223055','891609');
INSERT INTO playlist_track VALUES('180163','891609');
INSERT INTO playlist_track VALUES('223459','891609');
INSERT INTO track VALUES('891610','BlueBird','http://www.jamendo.com/es/track/891610','','','223','http://mp3l.jamendo.com/?trackid=891610&format=mp31&u=0');
UPDATE track SET album_id='104860' WHERE id='891610';
UPDATE track SET text='' WHERE id='891610';
INSERT INTO playlist_track VALUES('215116','891610');
INSERT INTO playlist_track VALUES('219187','891610');
INSERT INTO playlist_track VALUES('223555','891610');
INSERT INTO playlist VALUES('219485','Act1','http://www.jamendo.com/es/playlist/219485','5685');
INSERT INTO playlist_track VALUES('219485','891610');
INSERT INTO playlist_track VALUES('221117','891610');
INSERT INTO playlist_track VALUES('219415','891610');
INSERT INTO playlist_track VALUES('218748','891610');
INSERT INTO playlist_track VALUES('222735','891610');
INSERT INTO playlist_track VALUES('158109','891610');
INSERT INTO playlist_track VALUES('215923','891610');
INSERT INTO playlist_track VALUES('125668','891610');
INSERT INTO playlist_track VALUES('218985','891610');
INSERT INTO playlist_track VALUES('220018','891610');
INSERT INTO playlist_track VALUES('218736','891610');
INSERT INTO playlist_track VALUES('133668','891610');
INSERT INTO playlist_track VALUES('219627','891610');
INSERT INTO playlist_track VALUES('208806','891610');
INSERT INTO playlist_track VALUES('220932','891610');
INSERT INTO playlist_track VALUES('222983','891610');
INSERT INTO playlist_track VALUES('221739','891610');
INSERT INTO track VALUES('891611','UnderDub','http://www.jamendo.com/es/track/891611','','','141','http://mp3l.jamendo.com/?trackid=891611&format=mp31&u=0');
UPDATE track SET album_id='104860' WHERE id='891611';
UPDATE track SET text='' WHERE id='891611';
INSERT INTO playlist_track VALUES('215116','891611');
INSERT INTO playlist VALUES('224006','Triphop....','http://www.jamendo.com/es/playlist/224006','357');
INSERT INTO playlist_track VALUES('224006','891611');
INSERT INTO playlist_track VALUES('221117','891611');
INSERT INTO playlist_track VALUES('218748','891611');
INSERT INTO playlist_track VALUES('222735','891611');
INSERT INTO playlist_track VALUES('158109','891611');
INSERT INTO playlist_track VALUES('223555','891611');
INSERT INTO playlist_track VALUES('215923','891611');
INSERT INTO playlist_track VALUES('125668','891611');
INSERT INTO playlist_track VALUES('218985','891611');
INSERT INTO playlist_track VALUES('220018','891611');
INSERT INTO playlist_track VALUES('218736','891611');
INSERT INTO playlist_track VALUES('133668','891611');
INSERT INTO playlist_track VALUES('219627','891611');
INSERT INTO playlist_track VALUES('208806','891611');
INSERT INTO playlist_track VALUES('220932','891611');
INSERT INTO playlist_track VALUES('219415','891611');
INSERT INTO playlist_track VALUES('221739','891611');
INSERT INTO playlist_track VALUES('222187','891611');
INSERT INTO playlist_track VALUES('222248','891611');
INSERT INTO track VALUES('891612','ChatterMask','http://www.jamendo.com/es/track/891612','','','155','http://mp3l.jamendo.com/?trackid=891612&format=mp31&u=0');
UPDATE track SET album_id='104860' WHERE id='891612';
UPDATE track SET text='' WHERE id='891612';
INSERT INTO playlist_track VALUES('215116','891612');
INSERT INTO playlist VALUES('214043','Instrus','http://www.jamendo.com/es/playlist/214043','1724');
INSERT INTO playlist_juser VALUES('214043','785138');
INSERT INTO playlist_track VALUES('214043','891612');
INSERT INTO playlist_track VALUES('221117','891612');
INSERT INTO playlist_track VALUES('218748','891612');
INSERT INTO playlist_track VALUES('158109','891612');
INSERT INTO playlist_track VALUES('222641','891612');
INSERT INTO playlist_track VALUES('215923','891612');
INSERT INTO playlist_track VALUES('125668','891612');
INSERT INTO playlist_track VALUES('218985','891612');
INSERT INTO playlist_track VALUES('220018','891612');
INSERT INTO playlist_track VALUES('218736','891612');
INSERT INTO playlist_track VALUES('133668','891612');
INSERT INTO playlist_track VALUES('204407','891612');
INSERT INTO playlist_track VALUES('219627','891612');
INSERT INTO playlist_track VALUES('208806','891612');
INSERT INTO playlist_track VALUES('220932','891612');
INSERT INTO playlist_track VALUES('219415','891612');
INSERT INTO playlist_track VALUES('221739','891612');
INSERT INTO playlist_track VALUES('222187','891612');
INSERT INTO playlist_track VALUES('222248','891612');
INSERT INTO track VALUES('891613','Operation Paperclip','http://www.jamendo.com/es/track/891613','','','198','http://mp3l.jamendo.com/?trackid=891613&format=mp31&u=0');
UPDATE track SET album_id='104860' WHERE id='891613';
UPDATE track SET text='' WHERE id='891613';
INSERT INTO playlist_track VALUES('215116','891613');
INSERT INTO playlist_track VALUES('221117','891613');
INSERT INTO playlist_track VALUES('218748','891613');
INSERT INTO playlist_track VALUES('158109','891613');
INSERT INTO playlist_track VALUES('215923','891613');
INSERT INTO playlist_track VALUES('125668','891613');
INSERT INTO playlist_track VALUES('218985','891613');
INSERT INTO playlist_track VALUES('220018','891613');
INSERT INTO playlist_track VALUES('218736','891613');
INSERT INTO playlist_track VALUES('133668','891613');
INSERT INTO playlist_track VALUES('219627','891613');
INSERT INTO playlist_track VALUES('208806','891613');
INSERT INTO playlist_track VALUES('220932','891613');
INSERT INTO playlist_track VALUES('219415','891613');
INSERT INTO playlist_track VALUES('221739','891613');
INSERT INTO playlist_track VALUES('222187','891613');
INSERT INTO playlist_track VALUES('222248','891613');
INSERT INTO playlist_track VALUES('223055','891613');
INSERT INTO playlist_track VALUES('180163','891613');
INSERT INTO playlist_track VALUES('223459','891613');
INSERT INTO track VALUES('891614','Dormouse','http://www.jamendo.com/es/track/891614','','','123','http://mp3l.jamendo.com/?trackid=891614&format=mp31&u=0');
UPDATE track SET album_id='104860' WHERE id='891614';
UPDATE track SET text='' WHERE id='891614';
INSERT INTO playlist_track VALUES('215116','891614');
INSERT INTO playlist_track VALUES('214043','891614');
INSERT INTO playlist VALUES('221554','Naza','http://www.jamendo.com/es/playlist/221554','2107');
INSERT INTO playlist_track VALUES('221554','891614');
INSERT INTO playlist_track VALUES('219485','891614');
INSERT INTO playlist_track VALUES('221117','891614');
INSERT INTO playlist_track VALUES('219415','891614');
INSERT INTO playlist VALUES('223648','Runner','http://www.jamendo.com/es/playlist/223648','862');
INSERT INTO playlist_track VALUES('223648','891614');
INSERT INTO playlist_track VALUES('218748','891614');
INSERT INTO playlist_track VALUES('158109','891614');
INSERT INTO playlist VALUES('90517','Chillin´ moments','http://www.jamendo.com/es/playlist/90517','14498');
INSERT INTO playlist_track VALUES('90517','891614');
INSERT INTO playlist_track VALUES('215923','891614');
INSERT INTO playlist VALUES('219546','Anitek','http://www.jamendo.com/es/playlist/219546','123');
INSERT INTO playlist_track VALUES('219546','891614');
INSERT INTO playlist_track VALUES('125668','891614');
INSERT INTO playlist_track VALUES('218985','891614');
INSERT INTO playlist_track VALUES('220018','891614');
INSERT INTO playlist_track VALUES('218736','891614');
INSERT INTO playlist_track VALUES('133668','891614');
INSERT INTO playlist_track VALUES('204407','891614');
INSERT INTO playlist_track VALUES('223555','891614');
INSERT INTO playlist_track VALUES('219627','891614');
INSERT INTO juser VALUES('1286196','supereli','Supereli','http://www.jamendo.com/es/user/supereli','http://imgjam.com/avatars/jamendo/100/pro.png','es');
INSERT INTO juser VALUES('780268','miradamo',' ','http://www.jamendo.com/es/user/miradamo','http://imgjam.com/avatars/jamendo/100/pro.png','en');
INSERT INTO juser VALUES('729304','Jesjesjes','Jens bormann','http://www.jamendo.com/es/user/Jesjesjes','http://imgjam.com/avatars/jamendo/100/vador.png','de');
INSERT INTO juser VALUES('949240','Rollschuhfahrer',' ','http://www.jamendo.com/es/user/Rollschuhfahrer','http://imgjam.com/avatars/240/949240.100.png','de');
INSERT INTO album_juser VALUES('104860','1286196');
INSERT INTO album_juser VALUES('104860','780268');
INSERT INTO album_juser VALUES('104860','482726');
INSERT INTO album_juser VALUES('104860','729304');
INSERT INTO album_juser VALUES('104860','949240');
INSERT INTO juser VALUES('1242860','pascal.horton','Pascal.horton','http://www.jamendo.com/es/user/pascal.horton','http://imgjam.com/avatars/jamendo/100/pro.png','en');
INSERT INTO juser VALUES('476663','Morganka','Morganka','http://www.jamendo.com/es/user/Morganka','http://imgjam.com/avatars/663/476663.100.jpg','pl');
INSERT INTO juser VALUES('51948','Naonak',' ','http://www.jamendo.com/es/user/Naonak','http://imgjam.com/avatars/questionmark/avatar.100.gif','es');
INSERT INTO juser VALUES('1214392','eagleswind','Eagleswind','http://www.jamendo.com/es/user/eagleswind','http://imgjam.com/avatars/jamendo/100/pro.png','en');
INSERT INTO juser VALUES('1140883','zou63','Zou63','http://www.jamendo.com/es/user/zou63','http://imgjam.com/avatars/jamendo/100/doudou.png','fr');
INSERT INTO album_juser VALUES('104860','1242860');
INSERT INTO album_juser VALUES('104860','476663');
INSERT INTO album_juser VALUES('104860','51948');
INSERT INTO album_juser VALUES('104860','1214392');
INSERT INTO album_juser VALUES('104860','1140883');
INSERT INTO juser VALUES('119522','orangeupurple','Barbara wolfsong','http://www.jamendo.com/es/user/orangeupurple','http://imgjam.com/avatars/522/119522.100.jpg','en');
INSERT INTO juser VALUES('1074093','Michelle Poesi','Michelle poesi','http://www.jamendo.com/es/user/Michelle%20Poesi','http://imgjam.com/avatars/93/1074093.100.jpg','es');
INSERT INTO juser VALUES('1324812','stanleytokyo','Stanleytokyo','http://www.jamendo.com/es/user/stanleytokyo','http://imgjam.com/avatars/jamendo/100/pro.png','pl');
INSERT INTO juser VALUES('1100859','Eredtir.Grew',' ','http://www.jamendo.com/es/user/Eredtir.Grew','http://imgjam.com/avatars/859/1100859.100.png','es');
INSERT INTO album_juser VALUES('104860','119522');
INSERT INTO album_juser VALUES('104860','1074093');
INSERT INTO album_juser VALUES('104860','62532');
INSERT INTO album_juser VALUES('104860','1324812');
INSERT INTO album_juser VALUES('104860','1100859');
INSERT INTO juser VALUES('754096','VadaDj','Vadim fomin','http://www.jamendo.com/es/user/VadaDj','http://imgjam.com/avatars/96/754096.100.png','en');
INSERT INTO juser VALUES('900802','Raido',' ','http://www.jamendo.com/es/user/Raido','http://imgjam.com/avatars/802/900802.100.jpg','en');
INSERT INTO album_juser VALUES('104860','754096');
INSERT INTO album_juser VALUES('104860','845804');
INSERT INTO album_juser VALUES('104860','900802');
INSERT INTO album_juser VALUES('104860','718644');
INSERT INTO album_juser VALUES('104860','951372');
INSERT INTO album VALUES('105656','Anitek Instrumentals Vol. 9','http://www.jamendo.com/es/album/105656','http://imgjam.com/albums/s105/105656/covers/1.100.jpg','2','2496','Oldschool Hiphop');
UPDATE album SET artist_id='359034' WHERE id='105656';
INSERT INTO track VALUES('897986','Dichotic listening','http://www.jamendo.com/es/track/897986','','','91','http://mp3l.jamendo.com/?trackid=897986&format=mp31&u=0');
UPDATE track SET album_id='105656' WHERE id='897986';
UPDATE track SET text='' WHERE id='897986';
INSERT INTO playlist VALUES('172738','The Forcal''Crew','http://www.jamendo.com/es/playlist/172738','17904');
INSERT INTO playlist_track VALUES('172738','897986');
INSERT INTO playlist VALUES('209877','Urban Walk','http://www.jamendo.com/es/playlist/209877','2086');
INSERT INTO playlist_track VALUES('209877','897986');
INSERT INTO playlist_track VALUES('218748','897986');
INSERT INTO playlist_track VALUES('158477','897986');
INSERT INTO playlist_track VALUES('160222','897986');
INSERT INTO playlist VALUES('19779','Toto','http://www.jamendo.com/es/playlist/19779','14104');
INSERT INTO playlist_track VALUES('19779','897986');
INSERT INTO playlist VALUES('220551','Saregune','http://www.jamendo.com/es/playlist/220551','2131');
INSERT INTO playlist_track VALUES('220551','897986');
INSERT INTO playlist VALUES('220439','Saregune','http://www.jamendo.com/es/playlist/220439','1251');
INSERT INTO playlist_track VALUES('220439','897986');
INSERT INTO playlist_track VALUES('221653','897986');
INSERT INTO playlist VALUES('221971','YTsongs','http://www.jamendo.com/es/playlist/221971','5140');
INSERT INTO playlist_track VALUES('221971','897986');
INSERT INTO playlist_track VALUES('224006','897986');
INSERT INTO playlist VALUES('223458','Trip hop','http://www.jamendo.com/es/playlist/223458','5757');
INSERT INTO playlist_track VALUES('223458','897986');
INSERT INTO playlist VALUES('226136','Triphop','http://www.jamendo.com/es/playlist/226136','2496');
INSERT INTO playlist_track VALUES('226136','897986');
INSERT INTO playlist VALUES('224928','Hip-Hop','http://www.jamendo.com/es/playlist/224928','2309');
INSERT INTO playlist_track VALUES('224928','897986');
INSERT INTO track VALUES('897980','Recall','http://www.jamendo.com/es/track/897980','','','144','http://mp3l.jamendo.com/?trackid=897980&format=mp31&u=0');
UPDATE track SET album_id='105656' WHERE id='897980';
UPDATE track SET text='' WHERE id='897980';
INSERT INTO playlist_track VALUES('209877','897980');
INSERT INTO playlist VALUES('220939','Trip hop électro','http://www.jamendo.com/es/playlist/220939','611');
INSERT INTO playlist_track VALUES('220939','897980');
INSERT INTO playlist_track VALUES('218748','897980');
INSERT INTO playlist_track VALUES('158477','897980');
INSERT INTO playlist_track VALUES('160222','897980');
INSERT INTO playlist_track VALUES('126560','897980');
INSERT INTO playlist_track VALUES('19779','897980');
INSERT INTO playlist VALUES('221197','Guter Kram','http://www.jamendo.com/es/playlist/221197','940');
INSERT INTO playlist_track VALUES('221197','897980');
INSERT INTO playlist VALUES('180596','Melancolic mellow','http://www.jamendo.com/es/playlist/180596','1384');
INSERT INTO playlist_track VALUES('180596','897980');
INSERT INTO playlist_track VALUES('221497','897980');
INSERT INTO playlist_track VALUES('223458','897980');
INSERT INTO playlist_track VALUES('226136','897980');
INSERT INTO playlist_track VALUES('224928','897980');
INSERT INTO track VALUES('897982','Refractory Period','http://www.jamendo.com/es/track/897982','','','154','http://mp3l.jamendo.com/?trackid=897982&format=mp31&u=0');
UPDATE track SET album_id='105656' WHERE id='897982';
UPDATE track SET text='' WHERE id='897982';
INSERT INTO playlist_track VALUES('218748','897982');
INSERT INTO playlist_track VALUES('212355','897982');
INSERT INTO playlist_track VALUES('158477','897982');
INSERT INTO playlist_track VALUES('160222','897982');
INSERT INTO playlist_track VALUES('19779','897982');
INSERT INTO playlist VALUES('220437','Saregune','http://www.jamendo.com/es/playlist/220437','7552');
INSERT INTO playlist_track VALUES('220437','897982');
INSERT INTO playlist_track VALUES('221971','897982');
INSERT INTO playlist_track VALUES('223458','897982');
INSERT INTO playlist_track VALUES('226136','897982');
INSERT INTO track VALUES('897992','Dream work','http://www.jamendo.com/es/track/897992','','','138','http://mp3l.jamendo.com/?trackid=897992&format=mp31&u=0');
UPDATE track SET album_id='105656' WHERE id='897992';
UPDATE track SET text='' WHERE id='897992';
INSERT INTO playlist_track VALUES('209877','897992');
INSERT INTO playlist_track VALUES('218748','897992');
INSERT INTO playlist VALUES('208032','[̲̅U̲̅]ne nσte qui vσle et virevσlte Jusqu''à vσs σreilles ♫','http://www.jamendo.com/es/playlist/208032','3521');
INSERT INTO playlist_track VALUES('208032','897992');
INSERT INTO playlist_track VALUES('158477','897992');
INSERT INTO playlist_track VALUES('160222','897992');
INSERT INTO playlist_track VALUES('19779','897992');
INSERT INTO playlist VALUES('220434','Saregune','http://www.jamendo.com/es/playlist/220434','1830');
INSERT INTO playlist_track VALUES('220434','897992');
INSERT INTO playlist_track VALUES('221971','897992');
INSERT INTO playlist_track VALUES('223458','897992');
INSERT INTO playlist_track VALUES('226136','897992');
INSERT INTO track VALUES('897977','Pons','http://www.jamendo.com/es/track/897977','','','156','http://mp3l.jamendo.com/?trackid=897977&format=mp31&u=0');
UPDATE track SET album_id='105656' WHERE id='897977';
UPDATE track SET text='' WHERE id='897977';
INSERT INTO playlist_track VALUES('218748','897977');
INSERT INTO playlist_track VALUES('158477','897977');
INSERT INTO playlist_track VALUES('160222','897977');
INSERT INTO playlist_track VALUES('19779','897977');
INSERT INTO playlist VALUES('206193','Electonic','http://www.jamendo.com/es/playlist/206193','6977');
INSERT INTO playlist_track VALUES('206193','897977');
INSERT INTO playlist_track VALUES('223458','897977');
INSERT INTO playlist_track VALUES('226136','897977');
INSERT INTO track VALUES('897990','Soma','http://www.jamendo.com/es/track/897990','','','123','http://mp3l.jamendo.com/?trackid=897990&format=mp31&u=0');
UPDATE track SET album_id='105656' WHERE id='897990';
UPDATE track SET text='' WHERE id='897990';
INSERT INTO playlist_track VALUES('226136','897990');
INSERT INTO playlist_track VALUES('218748','897990');
INSERT INTO playlist_track VALUES('158477','897990');
INSERT INTO playlist_track VALUES('160222','897990');
INSERT INTO playlist_track VALUES('19779','897990');
INSERT INTO playlist_track VALUES('220439','897990');
INSERT INTO playlist_track VALUES('221971','897990');
INSERT INTO playlist_track VALUES('223458','897990');
INSERT INTO track VALUES('897993','Shamanism','http://www.jamendo.com/es/track/897993','','','148','http://mp3l.jamendo.com/?trackid=897993&format=mp31&u=0');
UPDATE track SET album_id='105656' WHERE id='897993';
UPDATE track SET text='' WHERE id='897993';
INSERT INTO playlist VALUES('222860','Chill','http://www.jamendo.com/es/playlist/222860','718');
INSERT INTO playlist_track VALUES('222860','897993');
INSERT INTO playlist_track VALUES('218748','897993');
INSERT INTO playlist_track VALUES('158477','897993');
INSERT INTO playlist_track VALUES('160222','897993');
INSERT INTO playlist_track VALUES('19779','897993');
INSERT INTO playlist_track VALUES('221971','897993');
INSERT INTO playlist_track VALUES('223458','897993');
INSERT INTO playlist_track VALUES('226136','897993');
INSERT INTO track VALUES('897997','Acquisition','http://www.jamendo.com/es/track/897997','','','143','http://mp3l.jamendo.com/?trackid=897997&format=mp31&u=0');
UPDATE track SET album_id='105656' WHERE id='897997';
UPDATE track SET text='' WHERE id='897997';
INSERT INTO playlist_track VALUES('218748','897997');
INSERT INTO playlist_track VALUES('158477','897997');
INSERT INTO playlist_track VALUES('160222','897997');
INSERT INTO playlist_track VALUES('19779','897997');
INSERT INTO playlist_track VALUES('223458','897997');
INSERT INTO playlist_track VALUES('226136','897997');
INSERT INTO track VALUES('897987','Possible selves','http://www.jamendo.com/es/track/897987','','','146','http://mp3l.jamendo.com/?trackid=897987&format=mp31&u=0');
UPDATE track SET album_id='105656' WHERE id='897987';
UPDATE track SET text='' WHERE id='897987';
INSERT INTO playlist_track VALUES('226136','897987');
INSERT INTO playlist_track VALUES('218748','897987');
INSERT INTO playlist_track VALUES('158477','897987');
INSERT INTO playlist_track VALUES('160222','897987');
INSERT INTO playlist_track VALUES('19779','897987');
INSERT INTO playlist VALUES('221801','Skate,yo','http://www.jamendo.com/es/playlist/221801','1440');
INSERT INTO playlist_track VALUES('221801','897987');
INSERT INTO playlist_track VALUES('223458','897987');
INSERT INTO track VALUES('897983','Catharsis','http://www.jamendo.com/es/track/897983','','','144','http://mp3l.jamendo.com/?trackid=897983&format=mp31&u=0');
UPDATE track SET album_id='105656' WHERE id='897983';
UPDATE track SET text='' WHERE id='897983';
INSERT INTO playlist_track VALUES('226136','897983');
INSERT INTO playlist_track VALUES('218748','897983');
INSERT INTO playlist_track VALUES('158477','897983');
INSERT INTO playlist_track VALUES('160222','897983');
INSERT INTO playlist_track VALUES('19779','897983');
INSERT INTO playlist_track VALUES('223458','897983');
INSERT INTO track VALUES('897996','Photoreceptors','http://www.jamendo.com/es/track/897996','','','165','http://mp3l.jamendo.com/?trackid=897996&format=mp31&u=0');
UPDATE track SET album_id='105656' WHERE id='897996';
UPDATE track SET text='' WHERE id='897996';
INSERT INTO playlist_track VALUES('218748','897996');
INSERT INTO playlist_track VALUES('158477','897996');
INSERT INTO playlist_track VALUES('160222','897996');
INSERT INTO playlist_track VALUES('19779','897996');
INSERT INTO playlist_track VALUES('221801','897996');
INSERT INTO playlist VALUES('221640','Reee','http://www.jamendo.com/es/playlist/221640','689');
INSERT INTO playlist_track VALUES('221640','897996');
INSERT INTO playlist_track VALUES('223458','897996');
INSERT INTO playlist_track VALUES('226136','897996');
INSERT INTO track VALUES('897991','Lobotomy','http://www.jamendo.com/es/track/897991','','','135','http://mp3l.jamendo.com/?trackid=897991&format=mp31&u=0');
UPDATE track SET album_id='105656' WHERE id='897991';
UPDATE track SET text='' WHERE id='897991';
INSERT INTO playlist_track VALUES('218748','897991');
INSERT INTO playlist_track VALUES('158477','897991');
INSERT INTO playlist_track VALUES('160222','897991');
INSERT INTO playlist_track VALUES('19779','897991');
INSERT INTO playlist_track VALUES('223458','897991');
INSERT INTO playlist_track VALUES('226136','897991');
INSERT INTO track VALUES('897985','Fixation','http://www.jamendo.com/es/track/897985','','','140','http://mp3l.jamendo.com/?trackid=897985&format=mp31&u=0');
UPDATE track SET album_id='105656' WHERE id='897985';
UPDATE track SET text='' WHERE id='897985';
INSERT INTO playlist_track VALUES('218748','897985');
INSERT INTO playlist_track VALUES('158477','897985');
INSERT INTO playlist_track VALUES('160222','897985');
INSERT INTO playlist_track VALUES('19779','897985');
INSERT INTO playlist_track VALUES('223458','897985');
INSERT INTO playlist_track VALUES('226136','897985');
INSERT INTO track VALUES('897981','Volley Principle','http://www.jamendo.com/es/track/897981','','','146','http://mp3l.jamendo.com/?trackid=897981&format=mp31&u=0');
UPDATE track SET album_id='105656' WHERE id='897981';
UPDATE track SET text='' WHERE id='897981';
INSERT INTO playlist_track VALUES('218748','897981');
INSERT INTO playlist_track VALUES('158477','897981');
INSERT INTO playlist_track VALUES('160222','897981');
INSERT INTO playlist_track VALUES('19779','897981');
INSERT INTO playlist_track VALUES('223458','897981');
INSERT INTO playlist_track VALUES('226136','897981');
INSERT INTO playlist VALUES('227012','ITGA','http://www.jamendo.com/es/playlist/227012','3984');
INSERT INTO playlist_track VALUES('227012','897981');
INSERT INTO track VALUES('897994','Dendrites','http://www.jamendo.com/es/track/897994','','','158','http://mp3l.jamendo.com/?trackid=897994&format=mp31&u=0');
UPDATE track SET album_id='105656' WHERE id='897994';
UPDATE track SET text='' WHERE id='897994';
INSERT INTO playlist_track VALUES('218748','897994');
INSERT INTO playlist_track VALUES('158477','897994');
INSERT INTO playlist_track VALUES('160222','897994');
INSERT INTO playlist_track VALUES('19779','897994');
INSERT INTO playlist_track VALUES('223458','897994');
INSERT INTO playlist_track VALUES('226136','897994');
INSERT INTO track VALUES('897988','Divergent thought','http://www.jamendo.com/es/track/897988','','','168','http://mp3l.jamendo.com/?trackid=897988&format=mp31&u=0');
UPDATE track SET album_id='105656' WHERE id='897988';
UPDATE track SET text='' WHERE id='897988';
INSERT INTO playlist_track VALUES('218748','897988');
INSERT INTO playlist_track VALUES('158477','897988');
INSERT INTO playlist_track VALUES('160222','897988');
INSERT INTO playlist_track VALUES('19779','897988');
INSERT INTO playlist_track VALUES('223458','897988');
INSERT INTO playlist_track VALUES('226136','897988');
INSERT INTO track VALUES('897989','Stressor','http://www.jamendo.com/es/track/897989','','','197','http://mp3l.jamendo.com/?trackid=897989&format=mp31&u=0');
UPDATE track SET album_id='105656' WHERE id='897989';
UPDATE track SET text='' WHERE id='897989';
INSERT INTO playlist_track VALUES('218748','897989');
INSERT INTO playlist_track VALUES('158477','897989');
INSERT INTO playlist_track VALUES('160222','897989');
INSERT INTO playlist_track VALUES('19779','897989');
INSERT INTO playlist VALUES('223272','Ulubione','http://www.jamendo.com/es/playlist/223272','1950');
INSERT INTO playlist_track VALUES('223272','897989');
INSERT INTO playlist_track VALUES('223458','897989');
INSERT INTO playlist_track VALUES('226136','897989');
INSERT INTO juser VALUES('905943','LittleBigUser','Littlebiguser','http://www.jamendo.com/es/user/LittleBigUser','http://imgjam.com/avatars/jamendo/100/pro.png','de');
INSERT INTO juser VALUES('1287892','poorpilot','Poorpilot','http://www.jamendo.com/es/user/poorpilot','http://imgjam.com/avatars/jamendo/100/pro.png','de');
INSERT INTO juser VALUES('1200922','Evgeny Emelyanov','Evgeny emelyanov','http://www.jamendo.com/es/user/Evgeny%20Emelyanov','http://imgjam.com/avatars/922/1200922.100.jpg','en');
INSERT INTO juser VALUES('70907','Narcos','Narcos herero ','http://www.jamendo.com/es/user/Narcos','http://imgjam.com/avatars/907/70907.100.jpg','pl');
INSERT INTO album_juser VALUES('105656','905943');
INSERT INTO album_juser VALUES('105656','918733');
INSERT INTO album_juser VALUES('105656','1287892');
INSERT INTO album_juser VALUES('105656','1200922');
INSERT INTO album_juser VALUES('105656','70907');
INSERT INTO juser VALUES('1062040','errortimm','Errortimm','http://www.jamendo.com/es/user/errortimm','http://imgjam.com/avatars/jamendo/100/pro.png','de');
INSERT INTO juser VALUES('413206','mhnassif','Mhnassif','http://www.jamendo.com/es/user/mhnassif','http://imgjam.com/avatars/questionmark/avatar.100.gif','en');
INSERT INTO juser VALUES('975177','XGA','Xga','http://www.jamendo.com/es/user/XGA','http://imgjam.com/avatars/177/975177.100.jpg','es');
INSERT INTO album_juser VALUES('105656','1062040');
INSERT INTO album_juser VALUES('105656','413206');
INSERT INTO album_juser VALUES('105656','975177');
INSERT INTO album_juser VALUES('105656','621784');
INSERT INTO album_juser VALUES('105656','1235359');
INSERT INTO juser VALUES('1312646','JJ_Inc',' ','http://www.jamendo.com/es/user/JJ_Inc','http://imgjam.com/avatars/jamendo/100/sherrif.png','en');
INSERT INTO juser VALUES('1312673','jennycarden','Jennycarden','http://www.jamendo.com/es/user/jennycarden','http://imgjam.com/avatars/jamendo/100/pro.png','en');
INSERT INTO album_juser VALUES('105656','3073736');
INSERT INTO album_juser VALUES('105656','1312646');
INSERT INTO album_juser VALUES('105656','1312673');
INSERT INTO album_juser VALUES('105656','6991');
INSERT INTO album_juser VALUES('105656','97100');
INSERT INTO juser VALUES('437870','lily_mist','Lily_mist','http://www.jamendo.com/es/user/lily_mist','http://imgjam.com/avatars/jamendo/100/vador.png','en');
INSERT INTO juser VALUES('1213162','Drakkari','Drakkari','http://www.jamendo.com/es/user/Drakkari','http://imgjam.com/avatars/jamendo/100/pro.png','fr');
INSERT INTO album_juser VALUES('105656','1268821');
INSERT INTO album_juser VALUES('105656','437870');
INSERT INTO album_juser VALUES('105656','718644');
INSERT INTO album_juser VALUES('105656','845804');
INSERT INTO album_juser VALUES('105656','1213162');
INSERT INTO album VALUES('109435','Calm & Collect Vol.1','http://www.jamendo.com/es/album/109435','http://imgjam.com/albums/s109/109435/covers/1.100.jpg','2','1367','Triphop/Instrumental/HipHop/Downtempo/Jazz');
UPDATE album SET artist_id='359034' WHERE id='109435';
INSERT INTO track VALUES('925400','Vast Shutdown','http://www.jamendo.com/es/track/925400','','','152','http://mp3l.jamendo.com/?trackid=925400&format=mp31&u=0');
UPDATE track SET album_id='109435' WHERE id='925400';
UPDATE track SET text='' WHERE id='925400';
INSERT INTO playlist_track VALUES('226408','925400');
INSERT INTO playlist VALUES('194077','INSTRUMENTAL AMBIENT','http://www.jamendo.com/es/playlist/194077','14035');
INSERT INTO playlist_track VALUES('194077','925400');
INSERT INTO playlist_track VALUES('226327','925400');
INSERT INTO playlist_track VALUES('226544','925400');
INSERT INTO playlist_track VALUES('226727','925400');
INSERT INTO playlist_track VALUES('226847','925400');
INSERT INTO playlist_track VALUES('226941','925400');
INSERT INTO playlist_track VALUES('227113','925400');
INSERT INTO playlist_track VALUES('227291','925400');
INSERT INTO playlist_track VALUES('227311','925400');
INSERT INTO playlist_track VALUES('227443','925400');
INSERT INTO playlist_track VALUES('227488','925400');
INSERT INTO playlist_track VALUES('227513','925400');
INSERT INTO playlist_track VALUES('227538','925400');
INSERT INTO playlist_track VALUES('227780','925400');
INSERT INTO track VALUES('925424','Treason','http://www.jamendo.com/es/track/925424','','','160','http://mp3l.jamendo.com/?trackid=925424&format=mp31&u=0');
UPDATE track SET album_id='109435' WHERE id='925424';
UPDATE track SET text='' WHERE id='925424';
INSERT INTO playlist_track VALUES('226408','925424');
INSERT INTO playlist_track VALUES('226411','925424');
INSERT INTO playlist_track VALUES('194077','925424');
INSERT INTO playlist_track VALUES('226327','925424');
INSERT INTO playlist_track VALUES('226330','925424');
INSERT INTO playlist_track VALUES('226544','925424');
INSERT INTO playlist_track VALUES('226547','925424');
INSERT INTO playlist_track VALUES('226727','925424');
INSERT INTO playlist_track VALUES('226730','925424');
INSERT INTO playlist_track VALUES('226847','925424');
INSERT INTO playlist_track VALUES('226850','925424');
INSERT INTO playlist VALUES('226944','JamendoProRadioZip_pianobar','http://www.jamendo.com/es/playlist/226944','76485');
INSERT INTO playlist_track VALUES('226944','925424');
INSERT INTO playlist_track VALUES('226941','925424');
INSERT INTO playlist_track VALUES('227113','925424');
INSERT INTO playlist VALUES('227116','JamendoProRadioZip_pianobar','http://www.jamendo.com/es/playlist/227116','76855');
INSERT INTO playlist_track VALUES('227116','925424');
INSERT INTO playlist_track VALUES('227291','925424');
INSERT INTO playlist VALUES('227294','JamendoProRadioZip_pianobar','http://www.jamendo.com/es/playlist/227294','76855');
INSERT INTO playlist_track VALUES('227294','925424');
INSERT INTO playlist_track VALUES('227311','925424');
INSERT INTO playlist_track VALUES('227443','925424');
INSERT INTO playlist_track VALUES('227488','925424');
INSERT INTO track VALUES('925415','Access','http://www.jamendo.com/es/track/925415','','','192','http://mp3l.jamendo.com/?trackid=925415&format=mp31&u=0');
UPDATE track SET album_id='109435' WHERE id='925415';
UPDATE track SET text='' WHERE id='925415';
INSERT INTO playlist VALUES('225796','Downtempo','http://www.jamendo.com/es/playlist/225796','2763');
INSERT INTO playlist_track VALUES('225796','925415');
INSERT INTO playlist_track VALUES('226411','925415');
INSERT INTO playlist_track VALUES('226408','925415');
INSERT INTO playlist_track VALUES('194077','925415');
INSERT INTO playlist VALUES('225737','Jazz','http://www.jamendo.com/es/playlist/225737','612');
INSERT INTO playlist_track VALUES('225737','925415');
INSERT INTO playlist_track VALUES('226327','925415');
INSERT INTO playlist_track VALUES('226330','925415');
INSERT INTO playlist_track VALUES('226544','925415');
INSERT INTO playlist_track VALUES('226547','925415');
INSERT INTO playlist_track VALUES('226727','925415');
INSERT INTO playlist_track VALUES('226730','925415');
INSERT INTO playlist_track VALUES('226847','925415');
INSERT INTO playlist_track VALUES('226850','925415');
INSERT INTO playlist_track VALUES('226944','925415');
INSERT INTO playlist_track VALUES('226941','925415');
INSERT INTO playlist_track VALUES('227113','925415');
INSERT INTO playlist_track VALUES('227116','925415');
INSERT INTO playlist_track VALUES('227291','925415');
INSERT INTO playlist_track VALUES('227294','925415');
INSERT INTO playlist_track VALUES('227311','925415');
INSERT INTO track VALUES('925418','Broke Fashion','http://www.jamendo.com/es/track/925418','','','158','http://mp3l.jamendo.com/?trackid=925418&format=mp31&u=0');
UPDATE track SET album_id='109435' WHERE id='925418';
UPDATE track SET text='' WHERE id='925418';
INSERT INTO playlist_track VALUES('226419','925418');
INSERT INTO playlist_track VALUES('226408','925418');
INSERT INTO playlist_track VALUES('194077','925418');
INSERT INTO playlist_track VALUES('226327','925418');
INSERT INTO playlist_track VALUES('226338','925418');
INSERT INTO playlist_track VALUES('226544','925418');
INSERT INTO playlist_track VALUES('226555','925418');
INSERT INTO playlist_track VALUES('226727','925418');
INSERT INTO playlist_track VALUES('226738','925418');
INSERT INTO playlist_track VALUES('226847','925418');
INSERT INTO playlist_track VALUES('226858','925418');
INSERT INTO playlist_track VALUES('226952','925418');
INSERT INTO playlist_track VALUES('226941','925418');
INSERT INTO playlist_track VALUES('227113','925418');
INSERT INTO playlist VALUES('227124','JamendoProRadioZip_electronica','http://www.jamendo.com/es/playlist/227124','76912');
INSERT INTO playlist_track VALUES('227124','925418');
INSERT INTO playlist_track VALUES('227291','925418');
INSERT INTO playlist VALUES('227302','JamendoProRadioZip_electronica','http://www.jamendo.com/es/playlist/227302','75610');
INSERT INTO playlist_track VALUES('227302','925418');
INSERT INTO playlist_track VALUES('227311','925418');
INSERT INTO playlist_track VALUES('227443','925418');
INSERT INTO playlist_track VALUES('227488','925418');
INSERT INTO track VALUES('925419','Chewie','http://www.jamendo.com/es/track/925419','','','168','http://mp3l.jamendo.com/?trackid=925419&format=mp31&u=0');
UPDATE track SET album_id='109435' WHERE id='925419';
UPDATE track SET text='' WHERE id='925419';
INSERT INTO playlist_track VALUES('226411','925419');
INSERT INTO playlist_track VALUES('226408','925419');
INSERT INTO playlist_track VALUES('194077','925419');
INSERT INTO playlist_track VALUES('226327','925419');
INSERT INTO playlist_track VALUES('226330','925419');
INSERT INTO playlist_track VALUES('226544','925419');
INSERT INTO playlist_track VALUES('226547','925419');
INSERT INTO playlist_track VALUES('226727','925419');
INSERT INTO playlist_track VALUES('226730','925419');
INSERT INTO playlist_track VALUES('226847','925419');
INSERT INTO playlist_track VALUES('226850','925419');
INSERT INTO playlist_track VALUES('226944','925419');
INSERT INTO playlist_track VALUES('226941','925419');
INSERT INTO playlist_track VALUES('227113','925419');
INSERT INTO playlist_track VALUES('227116','925419');
INSERT INTO playlist_track VALUES('227291','925419');
INSERT INTO playlist_track VALUES('227294','925419');
INSERT INTO playlist_track VALUES('227311','925419');
INSERT INTO playlist_track VALUES('227443','925419');
INSERT INTO playlist_track VALUES('227488','925419');
INSERT INTO track VALUES('925420','Dirt Rich','http://www.jamendo.com/es/track/925420','','','132','http://mp3l.jamendo.com/?trackid=925420&format=mp31&u=0');
UPDATE track SET album_id='109435' WHERE id='925420';
UPDATE track SET text='' WHERE id='925420';
INSERT INTO playlist_track VALUES('226411','925420');
INSERT INTO playlist_track VALUES('226408','925420');
INSERT INTO playlist_track VALUES('194077','925420');
INSERT INTO playlist_track VALUES('226327','925420');
INSERT INTO playlist_track VALUES('226330','925420');
INSERT INTO playlist_track VALUES('226544','925420');
INSERT INTO playlist_track VALUES('226547','925420');
INSERT INTO playlist_track VALUES('226727','925420');
INSERT INTO playlist_track VALUES('226730','925420');
INSERT INTO playlist_track VALUES('226847','925420');
INSERT INTO playlist_track VALUES('226850','925420');
INSERT INTO playlist_track VALUES('226944','925420');
INSERT INTO playlist_track VALUES('226941','925420');
INSERT INTO playlist_track VALUES('227113','925420');
INSERT INTO playlist_track VALUES('227116','925420');
INSERT INTO playlist_track VALUES('227291','925420');
INSERT INTO playlist_track VALUES('227294','925420');
INSERT INTO playlist_track VALUES('227311','925420');
INSERT INTO playlist_track VALUES('227443','925420');
INSERT INTO playlist_track VALUES('227488','925420');
INSERT INTO track VALUES('925422','Mondays','http://www.jamendo.com/es/track/925422','','','146','http://mp3l.jamendo.com/?trackid=925422&format=mp31&u=0');
UPDATE track SET album_id='109435' WHERE id='925422';
UPDATE track SET text='' WHERE id='925422';
INSERT INTO playlist_track VALUES('226420','925422');
INSERT INTO playlist_track VALUES('226408','925422');
INSERT INTO playlist_track VALUES('194077','925422');
INSERT INTO playlist_track VALUES('226327','925422');
INSERT INTO playlist_track VALUES('226339','925422');
INSERT INTO playlist_track VALUES('226544','925422');
INSERT INTO playlist_track VALUES('226556','925422');
INSERT INTO playlist_track VALUES('226727','925422');
INSERT INTO playlist_track VALUES('226739','925422');
INSERT INTO playlist_track VALUES('226847','925422');
INSERT INTO playlist VALUES('226859','JamendoProRadioZip_experience','http://www.jamendo.com/es/playlist/226859','45122');
INSERT INTO playlist_track VALUES('226859','925422');
INSERT INTO playlist VALUES('226953','JamendoProRadioZip_experience','http://www.jamendo.com/es/playlist/226953','43685');
INSERT INTO playlist_track VALUES('226953','925422');
INSERT INTO playlist_track VALUES('226941','925422');
INSERT INTO playlist_track VALUES('227113','925422');
INSERT INTO playlist VALUES('227125','JamendoProRadioZip_experience','http://www.jamendo.com/es/playlist/227125','42790');
INSERT INTO playlist_track VALUES('227125','925422');
INSERT INTO playlist_track VALUES('227291','925422');
INSERT INTO playlist VALUES('227303','JamendoProRadioZip_experience','http://www.jamendo.com/es/playlist/227303','43014');
INSERT INTO playlist_track VALUES('227303','925422');
INSERT INTO playlist_track VALUES('227311','925422');
INSERT INTO playlist_track VALUES('227443','925422');
INSERT INTO playlist_track VALUES('227488','925422');
INSERT INTO track VALUES('925423','Rainy Days','http://www.jamendo.com/es/track/925423','','','103','http://mp3l.jamendo.com/?trackid=925423&format=mp31&u=0');
UPDATE track SET album_id='109435' WHERE id='925423';
UPDATE track SET text='' WHERE id='925423';
INSERT INTO playlist_track VALUES('226411','925423');
INSERT INTO playlist_track VALUES('226408','925423');
INSERT INTO playlist_track VALUES('194077','925423');
INSERT INTO playlist_track VALUES('226327','925423');
INSERT INTO playlist_track VALUES('226330','925423');
INSERT INTO playlist_track VALUES('226544','925423');
INSERT INTO playlist_track VALUES('226547','925423');
INSERT INTO playlist_track VALUES('226727','925423');
INSERT INTO playlist_track VALUES('226730','925423');
INSERT INTO playlist_track VALUES('226847','925423');
INSERT INTO playlist_track VALUES('226850','925423');
INSERT INTO playlist_track VALUES('226944','925423');
INSERT INTO playlist_track VALUES('226941','925423');
INSERT INTO playlist_track VALUES('227113','925423');
INSERT INTO playlist_track VALUES('227116','925423');
INSERT INTO playlist_track VALUES('227291','925423');
INSERT INTO playlist_track VALUES('227294','925423');
INSERT INTO playlist_track VALUES('227311','925423');
INSERT INTO playlist_track VALUES('227443','925423');
INSERT INTO playlist_track VALUES('227488','925423');
INSERT INTO track VALUES('925425','Under Twine','http://www.jamendo.com/es/track/925425','','','156','http://mp3l.jamendo.com/?trackid=925425&format=mp31&u=0');
UPDATE track SET album_id='109435' WHERE id='925425';
UPDATE track SET text='' WHERE id='925425';
INSERT INTO playlist_track VALUES('226411','925425');
INSERT INTO playlist_track VALUES('226408','925425');
INSERT INTO playlist_track VALUES('226404','925425');
INSERT INTO playlist_track VALUES('194077','925425');
INSERT INTO playlist_track VALUES('226323','925425');
INSERT INTO playlist_track VALUES('226327','925425');
INSERT INTO playlist_track VALUES('226330','925425');
INSERT INTO playlist_track VALUES('226540','925425');
INSERT INTO playlist_track VALUES('226544','925425');
INSERT INTO playlist_track VALUES('226547','925425');
INSERT INTO playlist VALUES('226723','JamendoProRadioZip_jazz','http://www.jamendo.com/es/playlist/226723','47356');
INSERT INTO playlist_track VALUES('226723','925425');
INSERT INTO playlist_track VALUES('226727','925425');
INSERT INTO playlist_track VALUES('226730','925425');
INSERT INTO playlist VALUES('226844','JamendoProRadioZip_jazz','http://www.jamendo.com/es/playlist/226844','47181');
INSERT INTO playlist_track VALUES('226844','925425');
INSERT INTO playlist_track VALUES('226847','925425');
INSERT INTO playlist_track VALUES('226850','925425');
INSERT INTO playlist_track VALUES('226944','925425');
INSERT INTO playlist_track VALUES('226941','925425');
INSERT INTO playlist_track VALUES('226937','925425');
INSERT INTO playlist_track VALUES('227109','925425');
INSERT INTO juser VALUES('1054482','MAMUSIQUEAMOI','Mamusiqueamoi','http://www.jamendo.com/es/user/MAMUSIQUEAMOI','http://imgjam.com/avatars/jamendo/100/pro.png','fr');
INSERT INTO juser VALUES('1192830','TNero',' ','http://www.jamendo.com/es/user/TNero','http://imgjam.com/avatars/jamendo/100/pro.png','es');
INSERT INTO juser VALUES('1374863','Aurinko2222','Aurinko2222','http://www.jamendo.com/es/user/Aurinko2222','http://imgjam.com/avatars/863/1374863.100.jpg','es');
INSERT INTO album_juser VALUES('109435','1054482');
INSERT INTO album_juser VALUES('109435','1192830');
INSERT INTO album_juser VALUES('109435','62532');
INSERT INTO album_juser VALUES('109435','476371');
INSERT INTO album_juser VALUES('109435','1374863');
INSERT INTO juser VALUES('24890','romi','Romi','http://www.jamendo.com/es/user/romi','http://imgjam.com/avatars/890/24890.100.png','fr');
INSERT INTO album_juser VALUES('109435','24890');
INSERT INTO album VALUES('110292','Calm & Collect Vol.2','http://www.jamendo.com/es/album/110292','http://imgjam.com/albums/s110/110292/covers/1.100.jpg','2','1257','Triphop');
UPDATE album SET artist_id='359034' WHERE id='110292';
INSERT INTO track VALUES('939253','Sound Bite','http://www.jamendo.com/es/track/939253','','','139','http://mp3l.jamendo.com/?trackid=939253&format=mp31&u=0');
UPDATE track SET album_id='110292' WHERE id='939253';
UPDATE track SET text='' WHERE id='939253';
INSERT INTO track VALUES('939254','Assumption','http://www.jamendo.com/es/track/939254','','','150','http://mp3l.jamendo.com/?trackid=939254&format=mp31&u=0');
UPDATE track SET album_id='110292' WHERE id='939254';
UPDATE track SET text='' WHERE id='939254';
INSERT INTO track VALUES('939255','First Impression','http://www.jamendo.com/es/track/939255','','','180','http://mp3l.jamendo.com/?trackid=939255&format=mp31&u=0');
UPDATE track SET album_id='110292' WHERE id='939255';
UPDATE track SET text='' WHERE id='939255';
INSERT INTO track VALUES('939256','Quote Book','http://www.jamendo.com/es/track/939256','','','198','http://mp3l.jamendo.com/?trackid=939256&format=mp31&u=0');
UPDATE track SET album_id='110292' WHERE id='939256';
UPDATE track SET text='' WHERE id='939256';
INSERT INTO track VALUES('939257','Quartz','http://www.jamendo.com/es/track/939257','','','136','http://mp3l.jamendo.com/?trackid=939257&format=mp31&u=0');
UPDATE track SET album_id='110292' WHERE id='939257';
UPDATE track SET text='' WHERE id='939257';
INSERT INTO track VALUES('939258','Cedar Tops','http://www.jamendo.com/es/track/939258','','','132','http://mp3l.jamendo.com/?trackid=939258&format=mp31&u=0');
UPDATE track SET album_id='110292' WHERE id='939258';
UPDATE track SET text='' WHERE id='939258';
INSERT INTO track VALUES('939259','Master Key','http://www.jamendo.com/es/track/939259','','','232','http://mp3l.jamendo.com/?trackid=939259&format=mp31&u=0');
UPDATE track SET album_id='110292' WHERE id='939259';
UPDATE track SET text='' WHERE id='939259';
INSERT INTO track VALUES('939260','Breakdown1','http://www.jamendo.com/es/track/939260','','','44','http://mp3l.jamendo.com/?trackid=939260&format=mp31&u=0');
UPDATE track SET album_id='110292' WHERE id='939260';
UPDATE track SET text='' WHERE id='939260';
INSERT INTO track VALUES('939261','Breakdown2','http://www.jamendo.com/es/track/939261','','','46','http://mp3l.jamendo.com/?trackid=939261&format=mp31&u=0');
UPDATE track SET album_id='110292' WHERE id='939261';
UPDATE track SET text='' WHERE id='939261';
INSERT INTO juser VALUES('3123086','mrkioku','Mrkioku','http://www.jamendo.com/es/user/mrkioku','http://imgjam.com/avatars/jamendo/100/pro.png','pl');
INSERT INTO album_juser VALUES('110292','336752');
INSERT INTO album_juser VALUES('110292','905943');
INSERT INTO album_juser VALUES('110292','3123086');
INSERT INTO album VALUES('113145','Anitek - Calm & Collect Vol.3','http://www.jamendo.com/es/album/113145','http://imgjam.com/albums/s113/113145/covers/1.100.jpg','2','1395','Triphop');
UPDATE album SET artist_id='359034' WHERE id='113145';
INSERT INTO track VALUES('962582','Moonstruck','http://www.jamendo.com/es/track/962582','','','186','http://mp3l.jamendo.com/?trackid=962582&format=mp31&u=0');
UPDATE track SET album_id='113145' WHERE id='962582';
UPDATE track SET text='' WHERE id='962582';
INSERT INTO track VALUES('962583','The Formless','http://www.jamendo.com/es/track/962583','','','179','http://mp3l.jamendo.com/?trackid=962583&format=mp31&u=0');
UPDATE track SET album_id='113145' WHERE id='962583';
UPDATE track SET text='' WHERE id='962583';
INSERT INTO track VALUES('962584','Chamomile','http://www.jamendo.com/es/track/962584','','','151','http://mp3l.jamendo.com/?trackid=962584&format=mp31&u=0');
UPDATE track SET album_id='113145' WHERE id='962584';
UPDATE track SET text='' WHERE id='962584';
INSERT INTO track VALUES('962585','Dogma','http://www.jamendo.com/es/track/962585','','','216','http://mp3l.jamendo.com/?trackid=962585&format=mp31&u=0');
UPDATE track SET album_id='113145' WHERE id='962585';
UPDATE track SET text='' WHERE id='962585';
INSERT INTO track VALUES('962586','Semantics','http://www.jamendo.com/es/track/962586','','','187','http://mp3l.jamendo.com/?trackid=962586&format=mp31&u=0');
UPDATE track SET album_id='113145' WHERE id='962586';
UPDATE track SET text='' WHERE id='962586';
INSERT INTO track VALUES('962587','Cynical Being','http://www.jamendo.com/es/track/962587','','','146','http://mp3l.jamendo.com/?trackid=962587&format=mp31&u=0');
UPDATE track SET album_id='113145' WHERE id='962587';
UPDATE track SET text='' WHERE id='962587';
INSERT INTO track VALUES('962588','Rooftop Serenade','http://www.jamendo.com/es/track/962588','','','195','http://mp3l.jamendo.com/?trackid=962588&format=mp31&u=0');
UPDATE track SET album_id='113145' WHERE id='962588';
UPDATE track SET text='' WHERE id='962588';
INSERT INTO track VALUES('962591','Learning Curve','http://www.jamendo.com/es/track/962591','','','135','http://mp3l.jamendo.com/?trackid=962591&format=mp31&u=0');
UPDATE track SET album_id='113145' WHERE id='962591';
UPDATE track SET text='' WHERE id='962591';
INSERT INTO juser VALUES('1270257','benji.potter','Benji.potter','http://www.jamendo.com/es/user/benji.potter','http://imgjam.com/avatars/jamendo/100/pro.png','fr');
INSERT INTO juser VALUES('3254070','RustyKnuckles','Rustyknuckles','http://www.jamendo.com/es/user/RustyKnuckles','http://imgjam.com/avatars/jamendo/100/pro.png','');
INSERT INTO album_juser VALUES('113145','59700');
INSERT INTO album_juser VALUES('113145','63835');
INSERT INTO album_juser VALUES('113145','905943');
INSERT INTO album_juser VALUES('113145','1270257');
INSERT INTO album_juser VALUES('113145','3254070');
INSERT INTO album VALUES('114687','ExtraLocal','http://www.jamendo.com/es/album/114687','http://imgjam.com/albums/s114/114687/covers/1.100.jpg','2','1945','Experimental Blues/ Acid Jazz');
UPDATE album SET artist_id='359034' WHERE id='114687';
INSERT INTO track VALUES('973992','In Route','http://www.jamendo.com/es/track/973992','','','117','http://mp3l.jamendo.com/?trackid=973992&format=mp31&u=0');
UPDATE track SET album_id='114687' WHERE id='973992';
UPDATE track SET text='' WHERE id='973992';
INSERT INTO track VALUES('973993','Outlandish','http://www.jamendo.com/es/track/973993','','','239','http://mp3l.jamendo.com/?trackid=973993&format=mp31&u=0');
UPDATE track SET album_id='114687' WHERE id='973993';
UPDATE track SET text='' WHERE id='973993';
INSERT INTO track VALUES('973994','Square One','http://www.jamendo.com/es/track/973994','','','230','http://mp3l.jamendo.com/?trackid=973994&format=mp31&u=0');
UPDATE track SET album_id='114687' WHERE id='973994';
UPDATE track SET text='' WHERE id='973994';
INSERT INTO track VALUES('973995','Counterpart','http://www.jamendo.com/es/track/973995','','','153','http://mp3l.jamendo.com/?trackid=973995&format=mp31&u=0');
UPDATE track SET album_id='114687' WHERE id='973995';
UPDATE track SET text='' WHERE id='973995';
INSERT INTO track VALUES('973996','Float','http://www.jamendo.com/es/track/973996','','','205','http://mp3l.jamendo.com/?trackid=973996&format=mp31&u=0');
UPDATE track SET album_id='114687' WHERE id='973996';
UPDATE track SET text='' WHERE id='973996';
INSERT INTO track VALUES('973997','Kodocha','http://www.jamendo.com/es/track/973997','','','233','http://mp3l.jamendo.com/?trackid=973997&format=mp31&u=0');
UPDATE track SET album_id='114687' WHERE id='973997';
UPDATE track SET text='' WHERE id='973997';
INSERT INTO track VALUES('973998','Paudex','http://www.jamendo.com/es/track/973998','','','184','http://mp3l.jamendo.com/?trackid=973998&format=mp31&u=0');
UPDATE track SET album_id='114687' WHERE id='973998';
UPDATE track SET text='' WHERE id='973998';
INSERT INTO track VALUES('973999','Natural Form','http://www.jamendo.com/es/track/973999','','','232','http://mp3l.jamendo.com/?trackid=973999&format=mp31&u=0');
UPDATE track SET album_id='114687' WHERE id='973999';
UPDATE track SET text='' WHERE id='973999';
INSERT INTO track VALUES('974000','Seasons','http://www.jamendo.com/es/track/974000','','','184','http://mp3l.jamendo.com/?trackid=974000&format=mp31&u=0');
UPDATE track SET album_id='114687' WHERE id='974000';
UPDATE track SET text='' WHERE id='974000';
INSERT INTO track VALUES('974001','Dobro Wax','http://www.jamendo.com/es/track/974001','','','168','http://mp3l.jamendo.com/?trackid=974001&format=mp31&u=0');
UPDATE track SET album_id='114687' WHERE id='974001';
UPDATE track SET text='' WHERE id='974001';
INSERT INTO juser VALUES('3155198','pauetgl','Pauetgl','http://www.jamendo.com/es/user/pauetgl','http://imgjam.com/avatars/jamendo/100/pro.png','');
INSERT INTO juser VALUES('3243758','Fukami','Fukami','http://www.jamendo.com/es/user/Fukami','http://imgjam.com/avatars/jamendo/100/pro.png','');
INSERT INTO album_juser VALUES('114687','59700');
INSERT INTO album_juser VALUES('114687','531685');
INSERT INTO album_juser VALUES('114687','3155198');
INSERT INTO album_juser VALUES('114687','3243758');
INSERT INTO album VALUES('120936','Lily','http://www.jamendo.com/es/album/120936','http://imgjam.com/albums/s120/120936/covers/1.100.jpg','2','3564','hip hop');
UPDATE album SET artist_id='359034' WHERE id='120936';
INSERT INTO track VALUES('1028807','One Way Ticket ft. Tab & D Spliff','http://www.jamendo.com/es/track/1028807','','','171','http://mp3l.jamendo.com/?trackid=1028807&format=mp31&u=0');
UPDATE track SET album_id='120936' WHERE id='1028807';
UPDATE track SET text='' WHERE id='1028807';
INSERT INTO track VALUES('1028805','The 3rd','http://www.jamendo.com/es/track/1028805','','','152','http://mp3l.jamendo.com/?trackid=1028805&format=mp31&u=0');
UPDATE track SET album_id='120936' WHERE id='1028805';
UPDATE track SET text='' WHERE id='1028805';
INSERT INTO track VALUES('1028816','Disconcert','http://www.jamendo.com/es/track/1028816','','','245','http://mp3l.jamendo.com/?trackid=1028816&format=mp31&u=0');
UPDATE track SET album_id='120936' WHERE id='1028816';
UPDATE track SET text='' WHERE id='1028816';
INSERT INTO track VALUES('1028811','Plethora','http://www.jamendo.com/es/track/1028811','','','213','http://mp3l.jamendo.com/?trackid=1028811&format=mp31&u=0');
UPDATE track SET album_id='120936' WHERE id='1028811';
UPDATE track SET text='' WHERE id='1028811';
INSERT INTO track VALUES('1028815','Bricolage','http://www.jamendo.com/es/track/1028815','','','226','http://mp3l.jamendo.com/?trackid=1028815&format=mp31&u=0');
UPDATE track SET album_id='120936' WHERE id='1028815';
UPDATE track SET text='' WHERE id='1028815';
INSERT INTO track VALUES('1028813','Overt','http://www.jamendo.com/es/track/1028813','','','171','http://mp3l.jamendo.com/?trackid=1028813&format=mp31&u=0');
UPDATE track SET album_id='120936' WHERE id='1028813';
UPDATE track SET text='' WHERE id='1028813';
INSERT INTO track VALUES('1028798','Lefty Loosey ft. Tab ','http://www.jamendo.com/es/track/1028798','','','110','http://mp3l.jamendo.com/?trackid=1028798&format=mp31&u=0');
UPDATE track SET album_id='120936' WHERE id='1028798';
UPDATE track SET text='' WHERE id='1028798';
INSERT INTO track VALUES('1028812','In Utero','http://www.jamendo.com/es/track/1028812','','','218','http://mp3l.jamendo.com/?trackid=1028812&format=mp31&u=0');
UPDATE track SET album_id='120936' WHERE id='1028812';
UPDATE track SET text='' WHERE id='1028812';
INSERT INTO track VALUES('1028800','Time Tellers','http://www.jamendo.com/es/track/1028800','','','206','http://mp3l.jamendo.com/?trackid=1028800&format=mp31&u=0');
UPDATE track SET album_id='120936' WHERE id='1028800';
UPDATE track SET text='' WHERE id='1028800';
INSERT INTO track VALUES('1028806','Sinister Souls','http://www.jamendo.com/es/track/1028806','','','200','http://mp3l.jamendo.com/?trackid=1028806&format=mp31&u=0');
UPDATE track SET album_id='120936' WHERE id='1028806';
UPDATE track SET text='' WHERE id='1028806';
INSERT INTO track VALUES('1028797','Fusiform','http://www.jamendo.com/es/track/1028797','','','247','http://mp3l.jamendo.com/?trackid=1028797&format=mp31&u=0');
UPDATE track SET album_id='120936' WHERE id='1028797';
UPDATE track SET text='' WHERE id='1028797';
INSERT INTO track VALUES('1028802','Hotel Rodeo ft. D Spliff','http://www.jamendo.com/es/track/1028802','','','113','http://mp3l.jamendo.com/?trackid=1028802&format=mp31&u=0');
UPDATE track SET album_id='120936' WHERE id='1028802';
UPDATE track SET text='' WHERE id='1028802';
INSERT INTO track VALUES('1028809','Mocci','http://www.jamendo.com/es/track/1028809','','','160','http://mp3l.jamendo.com/?trackid=1028809&format=mp31&u=0');
UPDATE track SET album_id='120936' WHERE id='1028809';
UPDATE track SET text='' WHERE id='1028809';
INSERT INTO track VALUES('1028804','NeedleLess To Say','http://www.jamendo.com/es/track/1028804','','','107','http://mp3l.jamendo.com/?trackid=1028804&format=mp31&u=0');
UPDATE track SET album_id='120936' WHERE id='1028804';
UPDATE track SET text='' WHERE id='1028804';
INSERT INTO track VALUES('1028814','Quisling','http://www.jamendo.com/es/track/1028814','','','208','http://mp3l.jamendo.com/?trackid=1028814&format=mp31&u=0');
UPDATE track SET album_id='120936' WHERE id='1028814';
UPDATE track SET text='' WHERE id='1028814';
INSERT INTO track VALUES('1028803','HoneyCreeper','http://www.jamendo.com/es/track/1028803','','','105','http://mp3l.jamendo.com/?trackid=1028803&format=mp31&u=0');
UPDATE track SET album_id='120936' WHERE id='1028803';
UPDATE track SET text='' WHERE id='1028803';
INSERT INTO track VALUES('1028810','Strange Sensations','http://www.jamendo.com/es/track/1028810','','','202','http://mp3l.jamendo.com/?trackid=1028810&format=mp31&u=0');
UPDATE track SET album_id='120936' WHERE id='1028810';
UPDATE track SET text='' WHERE id='1028810';
INSERT INTO track VALUES('1028799','Club Soda','http://www.jamendo.com/es/track/1028799','','','189','http://mp3l.jamendo.com/?trackid=1028799&format=mp31&u=0');
UPDATE track SET album_id='120936' WHERE id='1028799';
UPDATE track SET text='' WHERE id='1028799';
INSERT INTO track VALUES('1028801','Lazy Susans','http://www.jamendo.com/es/track/1028801','','','104','http://mp3l.jamendo.com/?trackid=1028801&format=mp31&u=0');
UPDATE track SET album_id='120936' WHERE id='1028801';
UPDATE track SET text='' WHERE id='1028801';
INSERT INTO track VALUES('1028808','Last Stop','http://www.jamendo.com/es/track/1028808','','','217','http://mp3l.jamendo.com/?trackid=1028808&format=mp31&u=0');
UPDATE track SET album_id='120936' WHERE id='1028808';
UPDATE track SET text='' WHERE id='1028808';
INSERT INTO album VALUES('128067','Tab & Anitek - Sights & Sounds','http://www.jamendo.com/es/album/128067','http://imgjam.com/albums/s128/128067/covers/1.100.jpg','2','5699','Trip-hop');
UPDATE album SET artist_id='359034' WHERE id='128067';
INSERT INTO track VALUES('1075190','Tab & Anitek - Opaque','http://www.jamendo.com/es/track/1075190','','','93','http://mp3l.jamendo.com/?trackid=1075190&format=mp31&u=0');
UPDATE track SET album_id='128067' WHERE id='1075190';
UPDATE track SET text='' WHERE id='1075190';
INSERT INTO track VALUES('1075183','Tab & Anitek - Physical Graffiti','http://www.jamendo.com/es/track/1075183','','','115','http://mp3l.jamendo.com/?trackid=1075183&format=mp31&u=0');
UPDATE track SET album_id='128067' WHERE id='1075183';
UPDATE track SET text='' WHERE id='1075183';
INSERT INTO track VALUES('1075175','Tab & Anitek - Cohen Method','http://www.jamendo.com/es/track/1075175','','','97','http://mp3l.jamendo.com/?trackid=1075175&format=mp31&u=0');
UPDATE track SET album_id='128067' WHERE id='1075175';
UPDATE track SET text='' WHERE id='1075175';
INSERT INTO track VALUES('1075166','Tab & Anitek - Placebo','http://www.jamendo.com/es/track/1075166','','','153','http://mp3l.jamendo.com/?trackid=1075166&format=mp31&u=0');
UPDATE track SET album_id='128067' WHERE id='1075166';
UPDATE track SET text='' WHERE id='1075166';
INSERT INTO track VALUES('1075210','Tab & Anitek - Disclosure','http://www.jamendo.com/es/track/1075210','','','94','http://mp3l.jamendo.com/?trackid=1075210&format=mp31&u=0');
UPDATE track SET album_id='128067' WHERE id='1075210';
UPDATE track SET text='' WHERE id='1075210';
INSERT INTO track VALUES('1075201','Tab & Anitek - Malignant Flip','http://www.jamendo.com/es/track/1075201','','','111','http://mp3l.jamendo.com/?trackid=1075201&format=mp31&u=0');
UPDATE track SET album_id='128067' WHERE id='1075201';
UPDATE track SET text='' WHERE id='1075201';
INSERT INTO track VALUES('1075209','Tab & Anitek - Baile de Claque','http://www.jamendo.com/es/track/1075209','','','112','http://mp3l.jamendo.com/?trackid=1075209&format=mp31&u=0');
UPDATE track SET album_id='128067' WHERE id='1075209';
UPDATE track SET text='' WHERE id='1075209';
INSERT INTO track VALUES('1075170','Tab & Anitek - Duppy Riddim','http://www.jamendo.com/es/track/1075170','','','97','http://mp3l.jamendo.com/?trackid=1075170&format=mp31&u=0');
UPDATE track SET album_id='128067' WHERE id='1075170';
UPDATE track SET text='' WHERE id='1075170';
INSERT INTO track VALUES('1075168','Tab & Anitek - Closely','http://www.jamendo.com/es/track/1075168','','','162','http://mp3l.jamendo.com/?trackid=1075168&format=mp31&u=0');
UPDATE track SET album_id='128067' WHERE id='1075168';
UPDATE track SET text='' WHERE id='1075168';
INSERT INTO track VALUES('1075193','Tab & Anitek - Axiom','http://www.jamendo.com/es/track/1075193','','','90','http://mp3l.jamendo.com/?trackid=1075193&format=mp31&u=0');
UPDATE track SET album_id='128067' WHERE id='1075193';
UPDATE track SET text='' WHERE id='1075193';
INSERT INTO track VALUES('1075181','Tab &amp; Anitek - Mirage','http://www.jamendo.com/es/track/1075181','','','105','http://mp3l.jamendo.com/?trackid=1075181&format=mp31&u=0');
UPDATE track SET album_id='128067' WHERE id='1075181';
UPDATE track SET text='' WHERE id='1075181';
INSERT INTO track VALUES('1075169','Tab & Anitek - MadHatter','http://www.jamendo.com/es/track/1075169','','','72','http://mp3l.jamendo.com/?trackid=1075169&format=mp31&u=0');
UPDATE track SET album_id='128067' WHERE id='1075169';
UPDATE track SET text='' WHERE id='1075169';
INSERT INTO track VALUES('1075212','Tab & Anitek - Bonswa','http://www.jamendo.com/es/track/1075212','','','99','http://mp3l.jamendo.com/?trackid=1075212&format=mp31&u=0');
UPDATE track SET album_id='128067' WHERE id='1075212';
UPDATE track SET text='' WHERE id='1075212';
INSERT INTO track VALUES('1075199','Tab & Anitek - Three Philosophers','http://www.jamendo.com/es/track/1075199','','','106','http://mp3l.jamendo.com/?trackid=1075199&format=mp31&u=0');
UPDATE track SET album_id='128067' WHERE id='1075199';
UPDATE track SET text='' WHERE id='1075199';
INSERT INTO track VALUES('1075180','Tab & Anitek - The Supreme','http://www.jamendo.com/es/track/1075180','','','63','http://mp3l.jamendo.com/?trackid=1075180&format=mp31&u=0');
UPDATE track SET album_id='128067' WHERE id='1075180';
UPDATE track SET text='' WHERE id='1075180';
INSERT INTO track VALUES('1075174','Tab & Anitek - Transmissions','http://www.jamendo.com/es/track/1075174','','','174','http://mp3l.jamendo.com/?trackid=1075174&format=mp31&u=0');
UPDATE track SET album_id='128067' WHERE id='1075174';
UPDATE track SET text='' WHERE id='1075174';
INSERT INTO track VALUES('1075200','Tab & Anitek - Rare Bird','http://www.jamendo.com/es/track/1075200','','','140','http://mp3l.jamendo.com/?trackid=1075200&format=mp31&u=0');
UPDATE track SET album_id='128067' WHERE id='1075200';
UPDATE track SET text='' WHERE id='1075200';
INSERT INTO track VALUES('1075213','Tab & Anitek - Racketeer','http://www.jamendo.com/es/track/1075213','','','106','http://mp3l.jamendo.com/?trackid=1075213&format=mp31&u=0');
UPDATE track SET album_id='128067' WHERE id='1075213';
UPDATE track SET text='' WHERE id='1075213';
INSERT INTO track VALUES('1075171','Tab & Anitek - Mannequins','http://www.jamendo.com/es/track/1075171','','','88','http://mp3l.jamendo.com/?trackid=1075171&format=mp31&u=0');
UPDATE track SET album_id='128067' WHERE id='1075171';
UPDATE track SET text='' WHERE id='1075171';
INSERT INTO track VALUES('1075188','Tab & Anitek - Three The Hard Way','http://www.jamendo.com/es/track/1075188','','','104','http://mp3l.jamendo.com/?trackid=1075188&format=mp31&u=0');
UPDATE track SET album_id='128067' WHERE id='1075188';
UPDATE track SET text='' WHERE id='1075188';
INSERT INTO track VALUES('1075196','Tab & Anitek - Jitterbugs','http://www.jamendo.com/es/track/1075196','','','117','http://mp3l.jamendo.com/?trackid=1075196&format=mp31&u=0');
UPDATE track SET album_id='128067' WHERE id='1075196';
UPDATE track SET text='' WHERE id='1075196';
INSERT INTO track VALUES('1075177','Tab & Anitek - Mayor Special','http://www.jamendo.com/es/track/1075177','','','121','http://mp3l.jamendo.com/?trackid=1075177&format=mp31&u=0');
UPDATE track SET album_id='128067' WHERE id='1075177';
UPDATE track SET text='' WHERE id='1075177';
INSERT INTO track VALUES('1075208','Tab & Anitek - Work Sounds','http://www.jamendo.com/es/track/1075208','','','140','http://mp3l.jamendo.com/?trackid=1075208&format=mp31&u=0');
UPDATE track SET album_id='128067' WHERE id='1075208';
UPDATE track SET text='' WHERE id='1075208';
INSERT INTO track VALUES('1075179','Tab & Anitek - Spaced Landing','http://www.jamendo.com/es/track/1075179','','','69','http://mp3l.jamendo.com/?trackid=1075179&format=mp31&u=0');
UPDATE track SET album_id='128067' WHERE id='1075179';
UPDATE track SET text='' WHERE id='1075179';
INSERT INTO track VALUES('1075189','Tab & Anitek - Patient Zero','http://www.jamendo.com/es/track/1075189','','','82','http://mp3l.jamendo.com/?trackid=1075189&format=mp31&u=0');
UPDATE track SET album_id='128067' WHERE id='1075189';
UPDATE track SET text='' WHERE id='1075189';
INSERT INTO track VALUES('1075184','Tab & Anitek - Peripheral','http://www.jamendo.com/es/track/1075184','','','100','http://mp3l.jamendo.com/?trackid=1075184&format=mp31&u=0');
UPDATE track SET album_id='128067' WHERE id='1075184';
UPDATE track SET text='' WHERE id='1075184';
INSERT INTO track VALUES('1075215','Tab & Anitek - TastyCake','http://www.jamendo.com/es/track/1075215','','','60','http://mp3l.jamendo.com/?trackid=1075215&format=mp31&u=0');
UPDATE track SET album_id='128067' WHERE id='1075215';
UPDATE track SET text='' WHERE id='1075215';
INSERT INTO track VALUES('1075197','Tab & Anitek - DownPressure','http://www.jamendo.com/es/track/1075197','','','127','http://mp3l.jamendo.com/?trackid=1075197&format=mp31&u=0');
UPDATE track SET album_id='128067' WHERE id='1075197';
UPDATE track SET text='' WHERE id='1075197';
INSERT INTO track VALUES('1075178','Tab & Anitek - Hertz','http://www.jamendo.com/es/track/1075178','','','138','http://mp3l.jamendo.com/?trackid=1075178&format=mp31&u=0');
UPDATE track SET album_id='128067' WHERE id='1075178';
UPDATE track SET text='' WHERE id='1075178';
INSERT INTO track VALUES('1075176','Tab & Anitek - BonesBrigade','http://www.jamendo.com/es/track/1075176','','','116','http://mp3l.jamendo.com/?trackid=1075176&format=mp31&u=0');
UPDATE track SET album_id='128067' WHERE id='1075176';
UPDATE track SET text='' WHERE id='1075176';
INSERT INTO track VALUES('1075214','Tab & Anitek - ZootSuit','http://www.jamendo.com/es/track/1075214','','','68','http://mp3l.jamendo.com/?trackid=1075214&format=mp31&u=0');
UPDATE track SET album_id='128067' WHERE id='1075214';
UPDATE track SET text='' WHERE id='1075214';
INSERT INTO track VALUES('1075192','Tab & Anitek - Equestrian','http://www.jamendo.com/es/track/1075192','','','149','http://mp3l.jamendo.com/?trackid=1075192&format=mp31&u=0');
UPDATE track SET album_id='128067' WHERE id='1075192';
UPDATE track SET text='' WHERE id='1075192';
INSERT INTO track VALUES('1075186','Tab & Anitek - Analytix','http://www.jamendo.com/es/track/1075186','','','144','http://mp3l.jamendo.com/?trackid=1075186&format=mp31&u=0');
UPDATE track SET album_id='128067' WHERE id='1075186';
UPDATE track SET text='' WHERE id='1075186';
INSERT INTO track VALUES('1075182','Tab & Anitek - Fables','http://www.jamendo.com/es/track/1075182','','','64','http://mp3l.jamendo.com/?trackid=1075182&format=mp31&u=0');
UPDATE track SET album_id='128067' WHERE id='1075182';
UPDATE track SET text='' WHERE id='1075182';
INSERT INTO track VALUES('1075207','Tab & Anitek - Highwater','http://www.jamendo.com/es/track/1075207','','','100','http://mp3l.jamendo.com/?trackid=1075207&format=mp31&u=0');
UPDATE track SET album_id='128067' WHERE id='1075207';
UPDATE track SET text='' WHERE id='1075207';
INSERT INTO track VALUES('1075204','Tab & Anitek - Harlem Sunset','http://www.jamendo.com/es/track/1075204','','','116','http://mp3l.jamendo.com/?trackid=1075204&format=mp31&u=0');
UPDATE track SET album_id='128067' WHERE id='1075204';
UPDATE track SET text='' WHERE id='1075204';
INSERT INTO track VALUES('1075206','Tab & Anitek - Orphan Paper','http://www.jamendo.com/es/track/1075206','','','73','http://mp3l.jamendo.com/?trackid=1075206&format=mp31&u=0');
UPDATE track SET album_id='128067' WHERE id='1075206';
UPDATE track SET text='' WHERE id='1075206';
INSERT INTO track VALUES('1075194','Tab & Anitek - Drifter','http://www.jamendo.com/es/track/1075194','','','154','http://mp3l.jamendo.com/?trackid=1075194&format=mp31&u=0');
UPDATE track SET album_id='128067' WHERE id='1075194';
UPDATE track SET text='' WHERE id='1075194';
INSERT INTO track VALUES('1075187','Tab & Anitek - Andelo','http://www.jamendo.com/es/track/1075187','','','105','http://mp3l.jamendo.com/?trackid=1075187&format=mp31&u=0');
UPDATE track SET album_id='128067' WHERE id='1075187';
UPDATE track SET text='' WHERE id='1075187';
INSERT INTO track VALUES('1075198','Tab & Anitek - Pillow Lust','http://www.jamendo.com/es/track/1075198','','','123','http://mp3l.jamendo.com/?trackid=1075198&format=mp31&u=0');
UPDATE track SET album_id='128067' WHERE id='1075198';
UPDATE track SET text='' WHERE id='1075198';
INSERT INTO track VALUES('1075203','Tab & Anitek - Rodan','http://www.jamendo.com/es/track/1075203','','','105','http://mp3l.jamendo.com/?trackid=1075203&format=mp31&u=0');
UPDATE track SET album_id='128067' WHERE id='1075203';
UPDATE track SET text='' WHERE id='1075203';
INSERT INTO track VALUES('1075167','Tab & Anitek - City Breeze','http://www.jamendo.com/es/track/1075167','','','192','http://mp3l.jamendo.com/?trackid=1075167&format=mp31&u=0');
UPDATE track SET album_id='128067' WHERE id='1075167';
UPDATE track SET text='' WHERE id='1075167';
INSERT INTO track VALUES('1075205','Tab & Anitek - Medium Leaker','http://www.jamendo.com/es/track/1075205','','','105','http://mp3l.jamendo.com/?trackid=1075205&format=mp31&u=0');
UPDATE track SET album_id='128067' WHERE id='1075205';
UPDATE track SET text='' WHERE id='1075205';
INSERT INTO track VALUES('1075172','Tab & Anitek - Hollistic','http://www.jamendo.com/es/track/1075172','','','133','http://mp3l.jamendo.com/?trackid=1075172&format=mp31&u=0');
UPDATE track SET album_id='128067' WHERE id='1075172';
UPDATE track SET text='' WHERE id='1075172';
INSERT INTO track VALUES('1075191','Tab & Anitek - A682','http://www.jamendo.com/es/track/1075191','','','96','http://mp3l.jamendo.com/?trackid=1075191&format=mp31&u=0');
UPDATE track SET album_id='128067' WHERE id='1075191';
UPDATE track SET text='' WHERE id='1075191';
INSERT INTO track VALUES('1075173','Tab & Anitek - Plastic','http://www.jamendo.com/es/track/1075173','','','127','http://mp3l.jamendo.com/?trackid=1075173&format=mp31&u=0');
UPDATE track SET album_id='128067' WHERE id='1075173';
UPDATE track SET text='' WHERE id='1075173';
INSERT INTO track VALUES('1075185','Tab & Anitek - LaSuisse','http://www.jamendo.com/es/track/1075185','','','102','http://mp3l.jamendo.com/?trackid=1075185&format=mp31&u=0');
UPDATE track SET album_id='128067' WHERE id='1075185';
UPDATE track SET text='' WHERE id='1075185';
INSERT INTO track VALUES('1075202','Tab & Anitek - MicSource','http://www.jamendo.com/es/track/1075202','','','134','http://mp3l.jamendo.com/?trackid=1075202&format=mp31&u=0');
UPDATE track SET album_id='128067' WHERE id='1075202';
UPDATE track SET text='' WHERE id='1075202';
INSERT INTO track VALUES('1075211','Tab & Anitek - Reconstruct','http://www.jamendo.com/es/track/1075211','','','200','http://mp3l.jamendo.com/?trackid=1075211&format=mp31&u=0');
UPDATE track SET album_id='128067' WHERE id='1075211';
UPDATE track SET text='' WHERE id='1075211';
INSERT INTO track VALUES('1075195','Tab & Anitek - Kerouac','http://www.jamendo.com/es/track/1075195','','','158','http://mp3l.jamendo.com/?trackid=1075195&format=mp31&u=0');
UPDATE track SET album_id='128067' WHERE id='1075195';
UPDATE track SET text='' WHERE id='1075195';
INSERT INTO album VALUES('137744','Instrumentals Vol. 10','http://www.jamendo.com/es/album/137744','http://imgjam.com/albums/s137/137744/covers/1.100.jpg','2','1213');
UPDATE album SET artist_id='359034' WHERE id='137744';
INSERT INTO track VALUES('1148779','CityStrum','http://www.jamendo.com/es/track/1148779','','','151','http://mp3l.jamendo.com/?trackid=1148779&format=mp31&u=0');
UPDATE track SET album_id='137744' WHERE id='1148779';
UPDATE track SET text='' WHERE id='1148779';
INSERT INTO track VALUES('1148775','GreyMatter','http://www.jamendo.com/es/track/1148775','','','129','http://mp3l.jamendo.com/?trackid=1148775&format=mp31&u=0');
UPDATE track SET album_id='137744' WHERE id='1148775';
UPDATE track SET text='' WHERE id='1148775';
INSERT INTO track VALUES('1148777','DoodleSmug','http://www.jamendo.com/es/track/1148777','','','133','http://mp3l.jamendo.com/?trackid=1148777&format=mp31&u=0');
UPDATE track SET album_id='137744' WHERE id='1148777';
UPDATE track SET text='' WHERE id='1148777';
INSERT INTO track VALUES('1148781','PIllowDreamer','http://www.jamendo.com/es/track/1148781','','','150','http://mp3l.jamendo.com/?trackid=1148781&format=mp31&u=0');
UPDATE track SET album_id='137744' WHERE id='1148781';
UPDATE track SET text='' WHERE id='1148781';
INSERT INTO track VALUES('1148782','RainyNights','http://www.jamendo.com/es/track/1148782','','','125','http://mp3l.jamendo.com/?trackid=1148782&format=mp31&u=0');
UPDATE track SET album_id='137744' WHERE id='1148782';
UPDATE track SET text='' WHERE id='1148782';
INSERT INTO track VALUES('1148774','SleepWalk','http://www.jamendo.com/es/track/1148774','','','191','http://mp3l.jamendo.com/?trackid=1148774&format=mp31&u=0');
UPDATE track SET album_id='137744' WHERE id='1148774';
UPDATE track SET text='' WHERE id='1148774';
INSERT INTO track VALUES('1148776','InfinityX','http://www.jamendo.com/es/track/1148776','','','154','http://mp3l.jamendo.com/?trackid=1148776&format=mp31&u=0');
UPDATE track SET album_id='137744' WHERE id='1148776';
UPDATE track SET text='' WHERE id='1148776';
INSERT INTO track VALUES('1148778','LoudMouth','http://www.jamendo.com/es/track/1148778','','','99','http://mp3l.jamendo.com/?trackid=1148778&format=mp31&u=0');
UPDATE track SET album_id='137744' WHERE id='1148778';
UPDATE track SET text='' WHERE id='1148778';
INSERT INTO track VALUES('1148780','TakesTheCake','http://www.jamendo.com/es/track/1148780','','','81','http://mp3l.jamendo.com/?trackid=1148780&format=mp31&u=0');
UPDATE track SET album_id='137744' WHERE id='1148780';
UPDATE track SET text='' WHERE id='1148780';
INSERT INTO juser VALUES('7360','vorzinek','Vorzinek','http://www.jamendo.com/es/user/vorzinek','http://imgjam.com/avatars/360/7360.100.jpg','fr');
INSERT INTO juser VALUES('13413','andyinabox','Andyinabox','http://www.jamendo.com/es/user/andyinabox','http://imgjam.com/avatars/413/13413.100.jpg','en');
INSERT INTO juser VALUES('23877','ulisse','Ulisse','http://www.jamendo.com/es/user/ulisse','http://imgjam.com/avatars/877/23877.100.jpg','it');
INSERT INTO juser VALUES('25040','rotor','Rotor','http://www.jamendo.com/es/user/rotor','http://imgjam.com/avatars/questionmark/avatar.100.gif','fr');
INSERT INTO artist_juser VALUES('359034','3719');
INSERT INTO artist_juser VALUES('359034','7360');
INSERT INTO artist_juser VALUES('359034','13413');
INSERT INTO artist_juser VALUES('359034','23877');
INSERT INTO artist_juser VALUES('359034','25040');
INSERT INTO juser VALUES('25861','carburboa','Carburboa','http://www.jamendo.com/es/user/carburboa','http://imgjam.com/avatars/questionmark/avatar.100.gif','es');
INSERT INTO juser VALUES('26020','schewara','Schepperhand old','http://www.jamendo.com/es/user/schewara','http://imgjam.com/avatars/20/26020.100.png','en');
INSERT INTO juser VALUES('27769','the_hp','The_hp','http://www.jamendo.com/es/user/the_hp','http://imgjam.com/avatars/jamendo/100/pro.png','de');
INSERT INTO juser VALUES('33934','Harlekingz',' ','http://www.jamendo.com/es/user/Harlekingz','http://imgjam.com/avatars/questionmark/avatar.100.gif','de');
INSERT INTO artist_juser VALUES('359034','25861');
INSERT INTO artist_juser VALUES('359034','26020');
INSERT INTO artist_juser VALUES('359034','27769');
INSERT INTO artist_juser VALUES('359034','33934');
INSERT INTO artist_juser VALUES('359034','39202');
INSERT INTO juser VALUES('40590','SBKch','Sbkch','http://www.jamendo.com/es/user/SBKch','http://imgjam.com/avatars/questionmark/avatar.100.gif','en');
INSERT INTO juser VALUES('40870','zoe timor','Zoe timor','http://www.jamendo.com/es/user/zoe%20timor','http://imgjam.com/avatars/870/40870.100.png','de');
INSERT INTO juser VALUES('56181','bpp','Bpp','http://www.jamendo.com/es/user/bpp','http://imgjam.com/avatars/181/56181.100.jpg','fr');
INSERT INTO artist_juser VALUES('359034','40590');
INSERT INTO artist_juser VALUES('359034','40870');
INSERT INTO artist_juser VALUES('359034','56181');
INSERT INTO artist_juser VALUES('359034','57982');
INSERT INTO artist_juser VALUES('359034','59700');
INSERT INTO juser VALUES('70486','jirka8','Jirka8','http://www.jamendo.com/es/user/jirka8','http://imgjam.com/avatars/jamendo/100/pirate.png','en');
INSERT INTO artist_juser VALUES('359034','62532');
INSERT INTO artist_juser VALUES('359034','63835');
INSERT INTO artist_juser VALUES('359034','66379');
INSERT INTO artist_juser VALUES('359034','68439');
INSERT INTO artist_juser VALUES('359034','70486');
